FAMILY_ID_2021,STATE_2021,OWN_RENT,HOME_VALUE,HAS_MORTGAGE,MORTGAGE_BALANCE,MORTGAGE_PAYMENT_MO,BEHIND_ON_MORTGAGE,FORECLOSURE,HEAD_EMPLOY_MENTION1,HEAD_EMPLOY_MENTION2,HEAD_EMPLOY_MENTION3,WIFE_EMPLOY_MENTION1,WIFE_EMPLOY_MENTION2,WIFE_EMPLOY_MENTION3,WIFE_HRS_HOUSEWORK,WIFE_HRS_CHILDCARE,WIFE_HRS_ADULT_CARE,WIFE_HAS_WAGES,WIFE_WAGES_SALARY_RAW,FAMILY_INCOME_2020,AGE_HEAD,AGE_WIFE,N_CHILDREN,MARITAL_STATUS,YEAR,DSV_ANNUAL,RE_BUFFER,EAD,DRMI,LTV,IS_HOMEMAKER,DEFAULT,MONTHLY_INCOME,DTI_PROXY,DSV_COMMON,DSV_FULL,DRMI_COMMON,DRMI_W,DRMI_COMMON_W,DSV_COMMON_W,DSV_FULL_W,DSV_ANNUAL_W,MORTGAGE_BALANCE_W,HOME_VALUE_W,LTV_W,DTI_PROXY_W,WIFE_HRS_HOUSEWORK_W,WIFE_HRS_CHILDCARE_W,WIFE_HRS_ADULT_CARE_W,WIFE_WAGES_SALARY_RAW_W,LOG_DRMI_COMMON,LOG_DSV_COMMON,LOG_MORTGAGE_BALANCE,LOG_HOME_VALUE,LOG_WIFE_WAGES_SALARY_RAW,BEST_INCOME,DTI_PROXY_V2
188.0,9,1,350000.0,1,240000.0,1300,5,0,1.0,0,0,1.0,0,0,7.0,0.0,0.0,1,30000.0,100105,48.0,47.0,0,1,2021,6329.96,6329.96,240000.0,0.1318741666666666,0.6857142857142857,0,0.0,8342.083333333334,0.1558363718095999,6329.96,6329.96,0.1318741666666666,0.1318741666666666,0.1318741666666666,6329.96,6329.96,6329.96,240000.0,350000.0,0.6857142857142857,0.1558363718095999,7.0,0.0,0.0,30000.0,0.1238748134137824,8.753207162406966,12.388398368982116,12.765691290604371,10.308985993422082,100105.0,0.15583637180959992
308.0,14,1,425000.0,1,146000.0,1800,5,0,4.0,0,0,4.0,0,0,40.0,0.0,0.0,5,0.0,129800,78.0,68.0,0,1,2021,36171.2,36171.2,146000.0,1.2387397260273971,0.3435294117647058,0,0.0,10816.666666666666,0.1664098613251155,36171.2,36171.2,1.2387397260273971,1.2387397260273971,1.2387397260273971,36171.2,36171.2,36171.2,146000.0,425000.0,0.3435294117647058,0.1664098613251155,40.0,0.0,0.0,0.0,0.8059130852264295,10.496046146983645,11.891368749982083,12.959846800844964,0.0,129800.0,0.16640986132511557
340.0,31,1,800000.0,1,91000.0,1775,5,0,1.0,0,0,3.0,0,0,21.0,7.0,0.0,1,10400.0,398686,61.0,61.0,0,1,2021,24788.4,24788.4,91000.0,1.362,0.11375,0,0.0,33223.833333333336,0.0534255027766212,24788.4,24788.4,1.362,1.362,1.362,24788.4,24788.4,24788.4,91000.0,800000.0,0.11375,0.0534255027766212,21.0,7.0,0.0,10400.0,0.8595087177751706,10.118171421428546,11.418625774449598,13.592368256649284,9.249657234353132,398686.0,0.0534255027766212
375.0,36,1,315000.0,1,229000.0,1250,5,0,1.0,0,0,1.0,0,0,10.0,30.0,0.0,1,50000.0,102266,36.0,39.0,1,1,2021,33893.6,33893.6,229000.0,0.7400349344978165,0.726984126984127,0,0.0,8522.166666666666,0.1466763147087008,33893.6,33893.6,0.7400349344978165,0.7400349344978165,0.7400349344978165,33893.6,33893.6,33893.6,229000.0,315000.0,0.726984126984127,0.1466763147087008,10.0,30.0,0.0,50000.0,0.5539051903224871,10.43101098864482,12.34148164933907,12.660331092405906,10.819798284210286,102266.0,0.14667631470870085
468.0,23,1,195000.0,1,133212.0,1074,5,0,3.0,0,0,1.0,0,0,,,,1,32000.0,32000,31.0,29.0,2,1,2021,0.0,0.0,133212.0,,0.6831384615384616,0,0.0,2666.6666666666665,0.40275,0.0,0.0,,,,0.0,0.0,0.0,133212.0,195000.0,0.6831384615384616,0.40275,,,,32000.0,,0.0,11.799704629923689,12.180759965737863,10.373522431293592,32000.0,0.40275
487.0,12,1,354000.0,1,210000.0,2100,5,0,1.0,0,0,1.0,0,0,10.0,20.0,0.0,1,35000.0,157006,36.0,34.0,2,1,2021,25610.0,25610.0,210000.0,0.6097619047619047,0.5932203389830508,0,0.0,13083.833333333334,0.1605034202514553,25610.0,25610.0,0.6097619047619047,0.6097619047619047,0.6097619047619047,25610.0,25610.0,25610.0,210000.0,354000.0,0.5932203389830508,0.1605034202514553,10.0,20.0,0.0,35000.0,0.4760862828192182,10.150777225678416,12.25486757159303,12.777055016970678,10.463131911491969,157006.0,0.16050342025145536
492.0,14,1,195000.0,1,175000.0,1200,5,0,1.0,0,0,1.0,0,0,,,,1,65000.0,78358,26.0,36.0,1,1,2021,0.0,0.0,175000.0,,0.8974358974358975,0,0.0,6529.833333333333,0.1837719186298782,0.0,0.0,,,,0.0,0.0,0.0,175000.0,195000.0,0.8974358974358975,0.1837719186298782,,,,65000.0,,0.0,12.07254696717504,12.180759965737863,11.082157933374816,78358.0,0.18377191862987827
498.0,24,1,225000.0,1,125600.0,837,5,0,1.0,0,0,1.0,0,0,12.0,42.0,0.0,1,51640.0,125690,40.0,40.0,2,1,2021,45642.48,45642.48,125600.0,1.8169777070063693,0.5582222222222222,0,0.0,10474.166666666666,0.0799108918768398,45642.48,45642.48,1.8169777070063693,1.8169777070063693,1.8169777070063693,45642.48,45642.48,45642.48,125600.0,225000.0,0.5582222222222222,0.0799108918768398,12.0,42.0,0.0,51640.0,1.0356645751271638,10.728616049973684,11.74086549476798,12.323860125621126,10.852071209606546,125690.0,0.07991089187683985
501.0,43,1,630000.0,1,475000.0,2163,5,0,1.0,0,0,0.0,0,0,0.0,0.0,0.0,0,0.0,155030,28.0,0.0,0,1,2021,0.0,0.0,475000.0,,0.753968253968254,0,0.0,12919.166666666666,0.1674256595497645,0.0,0.0,,,,0.0,0.0,0.0,475000.0,630000.0,0.753968253968254,0.1674256595497645,0.0,0.0,0.0,0.0,,0.0,13.07107218827772,13.353476685668044,0.0,155030.0,0.16742565954976457
514.0,10,1,362000.0,1,349000.0,1300,5,0,4.0,0,0,0.0,0,0,0.0,0.0,0.0,0,0.0,0,88.0,0.0,0,1,2021,0.0,0.0,349000.0,,0.9640883977900552,0,0.0,0.0,,0.0,0.0,,,,0.0,0.0,0.0,349000.0,362000.0,0.9640883977900552,,0.0,0.0,0.0,0.0,,0.0,12.762830066509972,12.799402253235032,0.0,,
520.0,42,1,265000.0,1,215000.0,1644,5,0,1.0,0,0,1.0,0,0,8.0,12.0,,1,15000.0,180350,40.0,40.0,1,1,2021,17174.559999999998,17174.559999999998,215000.0,0.3994083720930232,0.8113207547169812,0,0.0,15029.166666666666,0.1093873024674244,17174.559999999998,17174.559999999998,0.3994083720930232,0.3994083720930232,0.3994083720930232,17174.559999999998,17174.559999999998,17174.559999999998,215000.0,265000.0,0.8113207547169812,0.1093873024674244,8.0,12.0,,15000.0,0.336049555942193,9.751242722090296,12.278397958261774,12.487488878546143,9.61587214452889,180350.0,0.10938730246742445
528.0,32,1,173000.0,1,34000.0,450,5,0,4.0,0,0,4.0,0,0,21.0,0.0,5.0,5,0.0,22760,69.0,63.0,0,1,2021,24876.28,24876.28,34000.0,3.658276470588235,0.1965317919075144,0,0.0,1896.6666666666667,0.2372583479789103,24876.28,24876.28,3.658276470588235,3.658276470588235,3.658276470588235,24876.28,24876.28,24876.28,34000.0,173000.0,0.1965317919075144,0.2372583479789103,21.0,0.0,5.0,0.0,1.5386455236269736,10.121710216117886,10.434145214930489,12.06105265381003,0.0,22760.0,0.23725834797891035
541.0,37,1,178000.0,1,123000.0,1120,5,0,1.0,0,0,0.0,0,0,0.0,0.0,0.0,0,0.0,72075,49.0,0.0,0,1,2021,0.0,0.0,123000.0,,0.6910112359550562,0,0.0,6006.25,0.1864724245577523,0.0,0.0,,,,0.0,0.0,0.0,123000.0,178000.0,0.6910112359550562,0.1864724245577523,0.0,0.0,0.0,0.0,,0.0,11.719947764402807,12.08954444723597,0.0,72075.0,0.18647242455775234
548.0,16,1,550000.0,1,416000.0,2900,5,0,1.0,0,0,4.0,0,0,14.0,0.0,0.0,5,0.0,128200,53.0,44.0,0,1,2021,12659.92,12659.92,416000.0,0.1521625,0.7563636363636363,0,0.0,10683.333333333334,0.2714508580343213,12659.92,12659.92,0.1521625,0.1521625,0.1521625,12659.92,12659.92,12659.92,416000.0,550000.0,0.7563636363636363,0.2714508580343213,14.0,0.0,0.0,0.0,0.1416406113535881,9.446275362884068,12.938442943086663,13.21767537538882,0.0,128200.0,0.27145085803432134
552.0,29,1,350000.0,1,270000.0,2300,5,0,1.0,0,0,0.0,0,0,0.0,0.0,0.0,0,0.0,230675,28.0,0.0,0,1,2021,0.0,0.0,270000.0,,0.7714285714285715,0,0.0,19222.916666666668,0.1196488566164517,0.0,0.0,,,,0.0,0.0,0.0,270000.0,350000.0,0.7714285714285715,0.1196488566164517,0.0,0.0,0.0,0.0,,0.0,12.506180941677355,12.765691290604371,0.0,230675.0,0.11964885661645171
586.0,24,1,70000.0,1,18000.0,59,5,0,4.0,0,0,0.0,0,0,0.0,0.0,0.0,0,0.0,34664,73.0,0.0,0,1,2021,0.0,0.0,18000.0,,0.2571428571428571,0,0.0,2888.6666666666665,0.0204246480498499,0.0,0.0,,,,0.0,0.0,0.0,18000.0,70000.0,0.2571428571428571,0.0221513583572549,0.0,0.0,0.0,0.0,,0.0,9.798182590890704,11.156264806643742,0.0,34664.0,0.02042464804984999
594.0,31,1,350000.0,1,228000.0,2680,5,0,1.0,0,0,0.0,0,0,0.0,0.0,0.0,0,0.0,46878,67.0,0.0,0,1,2021,0.0,0.0,228000.0,,0.6514285714285715,0,0.0,3906.5,0.6860360936900038,0.0,0.0,,,,0.0,0.0,0.0,228000.0,350000.0,0.6514285714285715,0.6860360936900038,0.0,0.0,0.0,0.0,,0.0,12.337105293891872,12.765691290604371,0.0,46878.0,0.6860360936900038
643.0,46,1,485000.0,1,320000.0,1500,5,0,1.0,4,0,1.0,4,0,4.0,0.0,0.0,1,10000.0,59192,66.0,63.0,0,1,2021,3617.12,3617.12,320000.0,0.0565175,0.6597938144329897,0,0.0,4932.666666666667,0.304095147992972,3617.12,3617.12,0.0565175,0.0565175,0.0565175,3617.12,3617.12,3617.12,320000.0,485000.0,0.6597938144329897,0.304095147992972,4.0,0.0,0.0,10000.0,0.0549781220636245,8.193709832901066,12.676079399771028,13.091906231773164,9.210440366976515,59192.0,0.304095147992972
647.0,21,1,140000.0,1,88000.0,658,5,0,4.0,0,0,0.0,0,0,0.0,0.0,0.0,0,0.0,300,71.0,0.0,0,1,2021,0.0,0.0,88000.0,,0.6285714285714286,0,0.0,25.0,2.0,0.0,0.0,,,,0.0,0.0,0.0,88000.0,140000.0,0.6285714285714286,2.0,0.0,0.0,0.0,0.0,,0.0,11.38510345703214,11.849404844423074,0.0,,
649.0,24,1,270000.0,1,240000.0,1400,5,0,1.0,0,0,6.0,0,0,10.0,20.0,20.0,5,0.0,80483,37.0,37.0,3,1,2021,49155.6,49155.6,240000.0,1.024075,0.8888888888888888,1,0.0,6706.916666666667,0.2087397338568393,49155.6,49155.6,1.024075,1.024075,1.024075,49155.6,49155.6,49155.6,240000.0,270000.0,0.8888888888888888,0.2087397338568393,10.0,20.0,20.0,0.0,0.7051128060746555,10.802766399367917,12.388398368982116,12.506180941677355,0.0,80483.0,0.20873973385683933
650.0,34,1,84500.0,1,69000.0,687,5,0,4.0,0,0,4.0,0,0,7.0,0.0,0.0,1,42000.0,66927,67.0,65.0,0,1,2021,6329.96,6329.96,69000.0,0.4586927536231884,0.8165680473372781,0,0.0,5577.25,0.1231789860594378,6329.96,6329.96,0.4586927536231884,0.4586927536231884,0.4586927536231884,6329.96,6329.96,6329.96,69000.0,84500.0,0.8165680473372781,0.1231789860594378,7.0,0.0,0.0,42000.0,0.3775406604026125,8.753207162406966,11.141876276228,11.344518647594766,10.645448706505872,66927.0,0.12317898605943789
659.0,10,1,250000.0,1,147000.0,1153,5,0,4.0,0,0,0.0,0,0,0.0,0.0,0.0,0,0.0,31220,64.0,0.0,0,1,2021,0.0,0.0,147000.0,,0.588,0,0.0,2601.6666666666665,0.4431774503523383,0.0,0.0,,,,0.0,0.0,0.0,147000.0,250000.0,0.588,0.4431774503523383,0.0,0.0,0.0,0.0,,0.0,11.898194668458824,12.429220196836384,0.0,31220.0,0.4431774503523383
660.0,14,1,170000.0,1,159000.0,1300,5,0,1.0,0,0,1.0,0,0,4.0,5.0,0.0,1,52000.0,197000,27.0,27.0,1,1,2021,7758.92,7758.92,159000.0,0.2439911949685534,0.9352941176470588,0,0.0,16416.666666666668,0.0791878172588832,7758.92,7758.92,0.2439911949685534,0.2439911949685534,0.2439911949685534,7758.92,7758.92,7758.92,159000.0,170000.0,0.9352941176470588,0.0791878172588832,4.0,5.0,0.0,52000.0,0.2183249162923834,8.956727303845772,11.976665770490769,12.04355959836804,10.859018228147889,197000.0,0.07918781725888324
664.0,39,1,200000.0,1,150000.0,757,5,0,4.0,0,0,4.0,0,0,8.0,0.0,0.0,5,0.0,48300,70.0,68.0,0,1,2021,7234.24,7234.24,150000.0,0.2411413333333333,0.75,0,0.0,4025.0,0.1880745341614906,7234.24,7234.24,0.2411413333333333,0.2411413333333333,0.2411413333333333,7234.24,7234.24,7234.24,150000.0,200000.0,0.75,0.1880745341614906,8.0,0.0,0.0,0.0,0.2160313863884285,8.88671881059557,11.918397239722838,12.206077645517674,0.0,48300.0,0.18807453416149067
671.0,34,1,125000.0,1,70160.0,485,5,0,1.0,0,0,6.0,0,0,14.0,74.0,0.0,5,0.0,56000,30.0,23.0,2,1,2021,73958.56,73958.56,70160.0,5.270706955530216,0.56128,1,0.0,4666.666666666667,0.1039285714285714,73958.56,73958.56,5.270706955530216,5.270706955530216,5.270706955530216,73958.56,73958.56,73958.56,70160.0,125000.0,0.56128,0.1039285714285714,14.0,74.0,0.0,0.0,1.835889100366976,11.211273736321656,11.15854788008018,11.736077016252436,0.0,56000.0,0.10392857142857143
675.0,13,1,180000.0,1,138000.0,889,5,0,1.0,0,0,0.0,0,0,0.0,0.0,0.0,0,0.0,41000,43.0,0.0,0,1,2021,0.0,0.0,138000.0,,0.7666666666666667,0,0.0,3416.6666666666665,0.2601951219512195,0.0,0.0,,,,0.0,0.0,0.0,138000.0,180000.0,0.7666666666666667,0.2601951219512195,0.0,0.0,0.0,0.0,,0.0,11.8350162104899,12.100717685412471,0.0,41000.0,0.2601951219512195
679.0,2,1,200000.0,1,195000.0,1156,5,0,1.0,0,0,1.0,0,0,40.0,60.0,0.0,1,29000.0,61000,29.0,26.0,1,1,2021,85872.8,85872.8,195000.0,2.201866666666666,0.975,0,0.0,5083.333333333333,0.2274098360655737,85872.8,85872.8,2.201866666666666,2.201866666666666,2.201866666666666,85872.8,85872.8,85872.8,195000.0,200000.0,0.975,0.2274098360655737,40.0,60.0,0.0,29000.0,1.1637339730662613,11.360634055627887,12.180759965737863,12.206077645517674,10.275085591132717,61000.0,0.22740983606557377
683.0,29,1,340000.0,1,276000.0,2200,5,0,1.0,0,0,6.0,0,0,25.0,40.0,0.0,5,0.0,73060,29.0,32.0,1,1,2021,55741.4,55741.4,276000.0,1.0098079710144927,0.8117647058823529,1,0.0,6088.333333333333,0.3613468382151656,55741.4,55741.4,1.0098079710144927,1.0098079710144927,1.0098079710144927,55741.4,55741.4,55741.4,276000.0,340000.0,0.8117647058823529,0.3613468382151656,25.0,40.0,0.0,0.0,0.6980391806983427,10.928496357159602,12.52815976788113,12.73670383776449,0.0,73060.0,0.3613468382151656
684.0,14,1,460000.0,1,242000.0,2224,5,0,1.0,0,0,1.0,0,0,14.0,80.0,0.0,1,132017.0,274109,44.0,44.0,2,1,2021,78928.72,78928.72,242000.0,1.6307586776859504,0.5260869565217391,0,0.0,22842.416666666668,0.0973627279658821,78928.72,78928.72,1.6307586776859504,1.6307586776859504,1.6307586776859504,78928.72,78928.72,78928.72,242000.0,460000.0,0.5260869565217391,0.0973627279658821,14.0,80.0,0.0,132017.0,0.9672722751930518,11.276313115249051,12.396697137361691,13.03898394237596,11.790693555908195,274109.0,0.09736272796588218
696.0,2,1,468000.0,1,70000.0,1200,5,0,3.0,0,0,1.0,0,0,2.0,0.0,0.0,1,60000.0,63000,57.0,66.0,0,1,2021,1808.56,1808.56,70000.0,0.1291828571428571,0.1495726495726495,0,0.0,5250.0,0.2285714285714285,1808.56,1808.56,0.1291828571428571,0.1291828571428571,0.1291828571428571,1808.56,1808.56,1808.56,70000.0,468000.0,0.1495726495726495,0.2285714285714285,2.0,0.0,0.0,60000.0,0.1214942358640138,7.500839000785103,11.156264806643742,13.056225711649638,11.002116507732016,63000.0,0.22857142857142856
697.0,39,1,250000.0,1,220000.0,1336,5,0,4.0,0,0,3.0,0,0,6.0,0.0,0.0,1,35000.0,74600,70.0,58.0,0,1,2021,5425.68,5425.68,220000.0,0.1233109090909091,0.88,0,0.0,6216.666666666667,0.2149061662198391,5425.68,5425.68,0.1233109090909091,0.1233109090909091,0.1233109090909091,5425.68,5425.68,5425.68,220000.0,250000.0,0.88,0.2149061662198391,6.0,0.0,0.0,35000.0,0.1162804932633005,8.59908280788786,12.301387370778713,12.429220196836384,10.463131911491969,74600.0,0.21490616621983913
698.0,19,1,120000.0,1,72000.0,850,5,0,1.0,0,0,0.0,0,0,0.0,0.0,0.0,0,0.0,59000,29.0,0.0,1,1,2021,0.0,0.0,72000.0,,0.6,0,0.0,4916.666666666667,0.1728813559322033,0.0,0.0,,,,0.0,0.0,0.0,72000.0,120000.0,0.6,0.1728813559322033,0.0,0.0,0.0,0.0,,0.0,11.184435286790633,11.695255355062796,0.0,59000.0,0.17288135593220338
699.0,19,1,86000.0,1,20000.0,400,5,0,4.0,0,0,0.0,0,0,0.0,0.0,0.0,0,0.0,26400,66.0,0.0,1,1,2021,0.0,0.0,20000.0,,0.2325581395348837,0,0.0,2200.0,0.1818181818181818,0.0,0.0,,,,0.0,0.0,0.0,20000.0,86000.0,0.2325581395348837,0.1818181818181818,0.0,0.0,0.0,0.0,,0.0,9.90353755128617,11.362114203075018,0.0,26400.0,0.18181818181818182
700.0,2,1,120000.0,1,104000.0,830,9,0,1.0,0,0,0.0,0,0,0.0,0.0,0.0,0,0.0,38000,32.0,0.0,0,1,2021,0.0,0.0,104000.0,,0.8666666666666667,0,0.0,3166.6666666666665,0.2621052631578947,0.0,0.0,,,,0.0,0.0,0.0,104000.0,120000.0,0.8666666666666667,0.2621052631578947,0.0,0.0,0.0,0.0,,0.0,11.552155793461898,11.695255355062796,0.0,38000.0,0.26210526315789473
701.0,10,1,160000.0,1,101000.0,790,5,0,1.0,0,0,0.0,0,0,0.0,0.0,0.0,0,0.0,66200,48.0,0.0,0,1,2021,0.0,0.0,101000.0,,0.63125,0,0.0,5516.666666666667,0.143202416918429,0.0,0.0,,,,0.0,0.0,0.0,101000.0,160000.0,0.63125,0.143202416918429,0.0,0.0,0.0,0.0,,0.0,11.52288569676448,11.982935344196433,0.0,66200.0,0.143202416918429
702.0,12,1,100000.0,1,95000.0,1044,5,0,1.0,0,0,0.0,0,0,0.0,0.0,0.0,0,0.0,29318,51.0,0.0,0,1,2021,0.0,0.0,95000.0,,0.95,0,0.0,2443.1666666666665,0.4273142779180026,0.0,0.0,,,,0.0,0.0,0.0,95000.0,100000.0,0.95,0.4273142779180026,0.0,0.0,0.0,0.0,,0.0,11.461642696843066,11.51293546492023,0.0,29318.0,0.42731427791800264
707.0,41,1,315000.0,1,268000.0,1620,5,0,1.0,0,0,1.0,0,0,10.0,0.0,0.0,1,65000.0,114500,37.0,29.0,0,1,2021,9042.8,9042.8,268000.0,0.1687089552238806,0.8507936507936508,0,0.0,9541.666666666666,0.1697816593886463,9042.8,9042.8,0.1687089552238806,0.1687089552238806,0.1687089552238806,9042.8,9042.8,9042.8,268000.0,315000.0,0.8507936507936508,0.1697816593886463,10.0,0.0,0.0,65000.0,0.1558996824790679,9.10983471904454,12.498745990829317,12.660331092405906,11.082157933374816,114500.0,0.1697816593886463
712.0,11,1,420000.0,1,81700.0,840,5,0,4.0,0,0,0.0,0,0,0.0,0.0,0.0,0,0.0,27300,74.0,0.0,0,1,2021,0.0,0.0,81700.0,,0.1945238095238095,0,0.0,2275.0,0.3692307692307692,0.0,0.0,,,,0.0,0.0,0.0,81700.0,420000.0,0.1945238095238095,0.3692307692307692,0.0,0.0,0.0,0.0,,0.0,11.310821520675267,12.948012371209098,0.0,27300.0,0.36923076923076925
713.0,31,1,1400000.0,1,3000.0,400,5,0,1.0,0,0,1.0,0,0,14.0,0.0,0.0,1,45000.0,259000,70.0,66.0,0,1,2021,12659.92,12659.92,3000.0,21.099866666666667,0.0021428571428571,0,0.0,21583.33333333333,0.0185328185328185,12659.92,12659.92,21.099866666666667,21.099866666666667,21.099866666666667,12659.92,12659.92,12659.92,6000.0,1400000.0,0.0315099999999999,0.0221513583572549,14.0,0.0,0.0,45000.0,3.0955715753230035,9.446275362884068,8.699681400989514,14.151983508870948,10.714439990727769,259000.0,0.018532818532818535
715.0,16,1,60000.0,1,37000.0,455,5,0,1.0,0,0,0.0,0,0,0.0,0.0,0.0,0,0.0,30012,37.0,0.0,1,1,2021,0.0,0.0,37000.0,,0.6166666666666667,0,0.0,2501.0,0.1819272291083566,0.0,0.0,,,,0.0,0.0,0.0,37000.0,60000.0,0.6166666666666667,0.1819272291083566,0.0,0.0,0.0,0.0,,0.0,10.518700218288163,11.002116507732016,0.0,30012.0,0.18192722910835665
718.0,31,1,205000.0,1,148000.0,946,5,0,4.0,0,0,0.0,0,0,0.0,0.0,0.0,0,0.0,31512,75.0,0.0,0,1,2021,0.0,0.0,148000.0,,0.7219512195121951,0,0.0,2626.0,0.3602437166793602,0.0,0.0,,,,0.0,0.0,0.0,148000.0,205000.0,0.7219512195121951,0.3602437166793602,0.0,0.0,0.0,0.0,,0.0,11.904974309480185,12.230770136157428,0.0,31512.0,0.3602437166793602
720.0,5,1,500000.0,1,14000.0,1882,5,0,4.0,0,0,4.0,0,0,5.0,0.0,0.0,5,0.0,206800,74.0,69.0,0,1,2021,4521.400000000001,4521.400000000001,14000.0,1.6147857142857145,0.028,0,0.0,17233.333333333332,0.1092069632495164,4521.400000000001,4521.400000000001,1.6147857142857145,1.6147857142857145,1.6147857142857145,4521.400000000001,4521.400000000001,4521.400000000001,14000.0,500000.0,0.0315099999999999,0.1092069632495164,5.0,0.0,0.0,0.0,0.9611821493354072,8.416798105361082,9.546884034617923,13.122365377402328,0.0,206800.0,0.10920696324951645
723.0,5,1,480000.0,1,370000.0,1800,5,0,3.0,7,0,1.0,0,0,20.0,20.0,0.0,1,140000.0,200000,41.0,41.0,1,1,2021,34652.8,34652.8,370000.0,0.4682810810810811,0.7708333333333334,0,0.0,16666.666666666668,0.108,34652.8,34652.8,0.4682810810810811,0.4682810810810811,0.4682810810810811,34652.8,34652.8,34652.8,370000.0,480000.0,0.7708333333333334,0.108,20.0,20.0,0.0,140000.0,0.3840923839899529,10.45316266671461,12.821260987319455,13.081543466215235,11.849404844423074,200000.0,0.108
724.0,12,1,115000.0,1,85000.0,250,5,0,1.0,0,0,0.0,0,0,0.0,0.0,0.0,0,0.0,64800,30.0,0.0,0,1,2021,0.0,0.0,85000.0,,0.7391304347826086,0,0.0,5400.0,0.0462962962962962,0.0,0.0,,,,0.0,0.0,0.0,85000.0,115000.0,0.7391304347826086,0.0462962962962962,0.0,0.0,0.0,0.0,,0.0,11.350418300109132,11.652696102959752,0.0,64800.0,0.046296296296296294
730.0,21,1,95000.0,1,64000.0,622,5,0,1.0,0,0,4.0,0,0,40.0,0.0,0.0,1,15000.0,102868,62.0,66.0,0,1,2021,36171.2,36171.2,64000.0,2.8258750000000004,0.6736842105263158,0,0.0,8572.333333333334,0.0725590076603025,36171.2,36171.2,2.8258750000000004,2.8258750000000004,2.8258750000000004,36171.2,36171.2,36171.2,64000.0,95000.0,0.6736842105263158,0.0725590076603025,40.0,0.0,0.0,15000.0,1.3417871992872734,10.496046146983645,11.06665398721974,11.461642696843066,9.61587214452889,102868.0,0.07255900766030252
731.0,34,1,160000.0,1,107800.0,825,5,0,1.0,0,0,1.0,0,0,21.0,75.0,0.0,1,21064.0,74518,30.0,30.0,2,1,2021,81116.88,81116.88,107800.0,3.762378478664193,0.67375,0,0.0,6209.833333333333,0.1328538071338468,81116.88,81116.88,3.762378478664193,3.762378478664193,3.762378478664193,81116.88,81116.88,81116.88,107800.0,160000.0,0.67375,0.1328538071338468,21.0,75.0,0.0,21064.0,1.56074722383629,11.30365868436122,11.588042213851857,11.982935344196433,9.955368174413117,74518.0,0.13285380713384687
739.0,4,1,500000.0,1,280000.0,2000,5,0,1.0,0,0,0.0,0,0,0.0,0.0,0.0,0,0.0,80000,55.0,0.0,0,1,2021,0.0,0.0,280000.0,,0.56,0,0.0,6666.666666666667,0.3,0.0,0.0,,,,0.0,0.0,0.0,280000.0,500000.0,0.56,0.3,0.0,0.0,0.0,0.0,,0.0,12.54254845357358,13.122365377402328,0.0,80000.0,0.3
741.0,12,1,525000.0,1,300000.0,2048,5,0,4.0,0,0,4.0,0,0,0.0,0.0,0.0,5,0.0,134560,72.0,72.0,0,1,2021,0.0,0.0,300000.0,,0.5714285714285714,0,0.0,11213.333333333334,0.1826397146254459,0.0,0.0,,,,0.0,0.0,0.0,300000.0,525000.0,0.5714285714285714,0.1826397146254459,0.0,0.0,0.0,0.0,,0.0,12.611541086966117,13.171155446333852,0.0,134560.0,0.1826397146254459
742.0,18,1,405000.0,1,328000.0,1200,5,0,1.0,0,0,2.0,0,0,14.0,56.0,0.0,1,78000.0,138500,34.0,33.0,1,1,2021,59048.08,59048.08,328000.0,0.9001231707317073,0.8098765432098766,0,0.0,11541.666666666666,0.103971119133574,59048.08,59048.08,0.9001231707317073,0.9001231707317073,0.9001231707317073,59048.08,59048.08,59048.08,328000.0,405000.0,0.8098765432098766,0.103971119133574,14.0,56.0,0.0,78000.0,0.6419187107721337,10.986124241487204,12.700771936142122,12.91164481522143,11.264476926102368,138500.0,0.10397111913357401
745.0,45,1,290000.0,1,158000.0,1300,5,0,1.0,0,0,1.0,0,0,8.0,1.0,0.0,1,68000.0,143150,62.0,58.0,0,1,2021,8062.6,8062.6,158000.0,0.2551455696202532,0.5448275862068965,0,0.0,11929.166666666666,0.1089765979741529,8062.6,8062.6,0.2551455696202532,0.2551455696202532,0.2551455696202532,8062.6,8062.6,8062.6,158000.0,290000.0,0.5448275862068965,0.1089765979741529,8.0,1.0,0.0,68000.0,0.2272515575865121,8.995115385906269,11.970356641103,12.577639650232571,11.127277689932466,143150.0,0.10897659797415299
747.0,32,1,1100000.0,1,195000.0,1790,5,0,4.0,0,0,4.0,0,0,30.0,0.0,0.0,5,0.0,95320,74.0,74.0,0,1,2021,27128.4,27128.4,195000.0,0.6956,0.1772727272727272,0,0.0,7943.333333333333,0.2253462022660512,27128.4,27128.4,0.6956,0.6956,0.6956,27128.4,27128.4,27128.4,195000.0,1100000.0,0.1772727272727272,0.2253462022660512,30.0,0.0,0.0,0.0,0.528036660496345,10.208373289669389,12.180759965737863,13.910821646859096,0.0,95320.0,0.2253462022660512
748.0,34,1,187000.0,1,98500.0,530,5,0,1.0,0,0,6.0,0,0,36.0,48.0,0.0,5,0.0,112814,43.0,42.0,3,1,2021,72315.35999999999,72315.35999999999,98500.0,3.670830456852791,0.5267379679144385,1,0.0,9401.166666666666,0.0563759817043983,72315.35999999999,72315.35999999999,3.670830456852791,3.670830456852791,3.670830456852791,72315.35999999999,72315.35999999999,72315.35999999999,98500.0,187000.0,0.5267379679144385,0.0563759817043983,36.0,48.0,0.0,0.0,1.5413368838911474,11.18880566194096,11.49782197939291,12.138869243416009,0.0,112814.0,0.05637598170439839
749.0,0,1,550000.0,1,380000.0,1800,5,0,1.0,0,0,6.0,0,0,3.0,12.0,,5,0.0,99091,34.0,29.0,1,1,2021,12653.16,12653.16,380000.0,0.166488947368421,0.6909090909090909,1,0.0,8257.583333333334,0.2179814513931638,12653.16,12653.16,0.166488947368421,0.166488947368421,0.166488947368421,12653.16,12653.16,12653.16,380000.0,550000.0,0.6909090909090909,0.2179814513931638,3.0,12.0,,0.0,0.1539983373966717,9.445741293850062,12.847929163278051,13.21767537538882,0.0,99091.0,0.21798145139316386
757.0,36,1,350000.0,1,274000.0,1485,5,0,1.0,0,0,1.0,0,0,2.0,0.0,0.0,1,108000.0,204618,45.0,39.0,0,1,2021,1808.56,1808.56,274000.0,0.0330029197080291,0.7828571428571428,0,0.0,17051.5,0.0870891123948039,1808.56,1808.56,0.0330029197080291,0.0330029197080291,0.0330029197080291,1808.56,1808.56,1808.56,274000.0,350000.0,0.7828571428571428,0.0870891123948039,2.0,0.0,0.0,108000.0,0.0324700165691596,7.500839000785103,12.520887034998584,12.765691290604371,11.58989576532275,204618.0,0.08708911239480398
764.0,42,1,165000.0,1,155000.0,1700,5,0,1.0,0,0,6.0,0,0,20.0,10.0,0.0,1,55000.0,178500,41.0,44.0,2,1,2021,26369.2,26369.2,155000.0,0.8506193548387097,0.9393939393939394,1,0.0,14875.0,0.1142857142857142,26369.2,26369.2,0.8506193548387097,0.8506193548387097,0.8506193548387097,26369.2,26369.2,26369.2,155000.0,165000.0,0.9393939393939394,0.1142857142857142,20.0,10.0,0.0,55000.0,0.6155203694610741,10.179989863694756,11.951186847493476,12.013706813470414,10.915106645867503,178500.0,0.11428571428571428
766.0,20,1,900000.0,1,350000.0,1800,5,0,1.0,0,0,1.0,0,0,6.0,0.0,0.0,1,17000.0,138920,73.0,72.0,0,1,2021,5425.68,5425.68,350000.0,0.0775097142857142,0.3888888888888889,0,0.0,11576.666666666666,0.1554851713216239,5425.68,5425.68,0.0775097142857142,0.0775097142857142,0.0775097142857142,5425.68,5425.68,5425.68,350000.0,900000.0,0.3888888888888889,0.1554851713216239,6.0,0.0,0.0,17000.0,0.0746525585335147,8.59908280788786,12.765691290604371,13.71015115341694,9.741027444837728,138920.0,0.15548517132162396
769.0,27,1,350000.0,1,80000.0,680,5,0,1.0,0,0,1.0,7,0,10.0,0.0,0.0,1,30000.0,100000,38.0,28.0,0,1,2021,9042.8,9042.8,80000.0,0.5651750000000001,0.2285714285714285,0,0.0,8333.333333333334,0.0815999999999999,9042.8,9042.8,0.5651750000000001,0.5651750000000001,0.5651750000000001,9042.8,9042.8,9042.8,80000.0,350000.0,0.2285714285714285,0.0815999999999999,10.0,0.0,0.0,30000.0,0.4479976388268669,9.10983471904454,11.289794413577894,12.765691290604371,10.308985993422082,100000.0,0.08159999999999999
782.0,46,1,1000000.0,1,700000.0,3708,5,0,1.0,0,0,1.0,0,0,15.0,20.0,0.0,1,96000.0,176000,30.0,29.0,1,1,2021,30131.4,30131.4,700000.0,0.2152242857142857,0.7,0,0.0,14666.666666666666,0.2528181818181818,30131.4,30131.4,0.2152242857142857,0.2152242857142857,0.2152242857142857,30131.4,30131.4,30131.4,700000.0,1000000.0,0.7,0.2528181818181818,15.0,20.0,0.0,96000.0,0.1949286570522359,10.313356283781143,13.45883704259595,13.815511557963774,11.472113887062386,176000.0,0.25281818181818183
784.0,32,1,530000.0,1,389000.0,2024,5,0,1.0,0,0,1.0,0,0,10.0,2.0,0.0,1,34000.0,185150,41.0,44.0,1,1,2021,10699.52,10699.52,389000.0,0.1375259640102827,0.7339622641509433,0,0.0,15429.166666666666,0.1311801242236024,10699.52,10699.52,0.1375259640102827,0.1375259640102827,0.1375259640102827,10699.52,10699.52,10699.52,389000.0,530000.0,0.7339622641509433,0.1311801242236024,10.0,2.0,0.0,34000.0,0.1288556970860158,9.278047617399988,12.871337193291367,13.180634172318978,10.434145214930489,185150.0,0.13118012422360248
788.0,4,1,750000.0,1,236000.0,994,5,0,4.0,0,0,4.0,0,0,25.0,0.0,0.0,5,0.0,62600,72.0,69.0,0,1,2021,22607.0,22607.0,236000.0,0.4789618644067797,0.3146666666666666,0,0.0,5216.666666666667,0.1905431309904153,22607.0,22607.0,0.4789618644067797,0.4789618644067797,0.4789618644067797,22607.0,22607.0,22607.0,236000.0,750000.0,0.3146666666666666,0.1905431309904153,25.0,0.0,0.0,0.0,0.3913403986814102,10.02605910492431,12.371591321286903,13.527829818844936,0.0,62600.0,0.19054313099041534
792.0,23,1,150000.0,1,75000.0,500,5,0,1.0,0,0,3.0,0,0,20.0,10.0,0.0,1,6400.0,111400,45.0,43.0,0,1,2021,26369.2,26369.2,75000.0,1.7579466666666668,0.5,0,0.0,9283.333333333334,0.0538599640933572,26369.2,26369.2,1.7579466666666668,1.7579466666666668,1.7579466666666668,26369.2,26369.2,26369.2,75000.0,150000.0,0.5,0.0538599640933572,20.0,10.0,0.0,6400.0,1.0144864414998225,10.179989863694756,11.225256725762891,11.918397239722838,8.764209507142004,111400.0,0.05385996409335727
801.0,21,1,350000.0,1,200000.0,900,5,0,4.0,0,0,1.0,0,0,10.0,0.0,0.0,1,130000.0,216213,68.0,58.0,0,1,2021,9042.8,9042.8,200000.0,0.22607,0.5714285714285714,0,0.0,18017.75,0.0499507430173023,9042.8,9042.8,0.22607,0.22607,0.22607,9042.8,9042.8,9042.8,200000.0,350000.0,0.5714285714285714,0.0499507430173023,10.0,0.0,0.0,130000.0,0.2038139321320517,9.10983471904454,12.206077645517674,12.765691290604371,11.775297421715829,216213.0,0.04995074301730238
815.0,32,1,225000.0,1,70000.0,650,5,0,4.0,0,0,4.0,0,0,2.0,0.0,0.0,5,0.0,63600,68.0,71.0,0,1,2021,1808.56,1808.56,70000.0,0.1291828571428571,0.3111111111111111,0,0.0,5300.0,0.1226415094339622,1808.56,1808.56,0.1291828571428571,0.1291828571428571,0.1291828571428571,1808.56,1808.56,1808.56,70000.0,225000.0,0.3111111111111111,0.1226415094339622,2.0,0.0,0.0,0.0,0.1214942358640138,7.500839000785103,11.156264806643742,12.323860125621126,0.0,63600.0,0.12264150943396226
818.0,31,1,205000.0,1,116000.0,1600,5,0,1.0,0,0,1.0,0,0,10.0,0.0,0.0,1,66000.0,201745,57.0,46.0,1,1,2021,9042.8,9042.8,116000.0,0.3897758620689656,0.5658536585365853,0,0.0,16812.083333333332,0.0951696448486951,9042.8,9042.8,0.3897758620689656,0.3897758620689656,0.3897758620689656,9042.8,9042.8,9042.8,116000.0,205000.0,0.5658536585365853,0.0951696448486951,10.0,0.0,0.0,66000.0,0.3291424838302746,9.10983471904454,11.661354090741,12.230770136157428,11.097425172408933,201745.0,0.09516964484869514
821.0,4,1,1100000.0,1,523035.0,2319,5,0,4.0,0,0,4.0,0,0,7.0,0.0,0.0,5,0.0,171816,62.0,65.0,0,1,2021,6329.96,6329.96,523035.0,0.060511820432667,0.4754863636363636,0,0.0,14318.0,0.1619639614471295,6329.96,6329.96,0.060511820432667,0.060511820432667,0.060511820432667,6329.96,6329.96,6329.96,523035.0,1100000.0,0.4754863636363636,0.1619639614471295,7.0,0.0,0.0,0.0,0.0587516410544639,8.753207162406966,13.16740557433014,13.910821646859096,0.0,171816.0,0.1619639614471295
822.0,34,1,130000.0,1,78000.0,790,5,0,1.0,0,0,0.0,0,0,0.0,0.0,0.0,0,0.0,56157,29.0,0.0,0,1,2021,0.0,0.0,78000.0,,0.6,0,0.0,4679.75,0.1688124365617821,0.0,0.0,,,,0.0,0.0,0.0,78000.0,130000.0,0.6,0.1688124365617821,0.0,0.0,0.0,0.0,,0.0,11.264476926102368,11.775297421715829,0.0,56157.0,0.16881243656178216
825.0,24,1,200000.0,1,131000.0,650,5,0,1.0,0,0,1.0,0,0,10.0,6.0,0.0,1,7700.0,84450,59.0,58.0,0,1,2021,14012.96,14012.96,131000.0,0.5348458015267176,0.655,0,0.0,7037.5,0.0923623445825932,14012.96,14012.96,0.5348458015267176,0.5348458015267176,0.5348458015267176,14012.96,14012.96,14012.96,131000.0,200000.0,0.655,0.0923623445825932,10.0,6.0,0.0,7700.0,0.4284299209617615,9.547809254637835,11.78296023574194,12.206077645517674,8.94910546953925,84450.0,0.09236234458259325
827.0,4,1,650000.0,1,102000.0,1232,5,0,1.0,0,0,6.0,7,0,10.0,40.0,,5,0.0,101660,50.0,40.0,1,1,2021,42177.2,42177.2,102000.0,2.0675098039215687,0.1569230769230769,1,0.0,8471.666666666666,0.1454259295691521,42177.2,42177.2,2.0675098039215687,2.0675098039215687,2.0675098039215687,42177.2,42177.2,42177.2,102000.0,650000.0,0.1569230769230769,0.1454259295691521,10.0,40.0,,0.0,1.1208660936602732,10.649658778868991,11.53273789613992,13.384729180332174,0.0,101660.0,0.1454259295691521
836.0,24,1,525000.0,1,282000.0,1690,5,0,1.0,0,0,2.0,1,0,18.0,42.0,0.0,1,49875.0,137725,34.0,34.0,2,1,2021,51068.16,51068.16,282000.0,0.905463829787234,0.5371428571428571,0,0.0,11477.083333333334,0.1472499546197131,51068.16,51068.16,0.905463829787234,0.905463829787234,0.905463829787234,51068.16,51068.16,51068.16,282000.0,525000.0,0.5371428571428571,0.1472499546197131,18.0,42.0,0.0,49875.0,0.6447254591454425,10.840936071493887,12.549665896013254,13.171155446333852,10.817295204116476,137725.0,0.14724995461971319
837.0,32,1,350000.0,1,160000.0,1335,5,0,1.0,7,0,1.0,0,0,10.0,0.0,0.0,1,65972.0,150584,53.0,52.0,0,1,2021,9042.8,9042.8,160000.0,0.2825875,0.4571428571428571,0,0.0,12548.666666666666,0.1063858046007544,9042.8,9042.8,0.2825875,0.2825875,0.2825875,9042.8,9042.8,9042.8,160000.0,350000.0,0.4571428571428571,0.1063858046007544,10.0,0.0,0.0,65972.0,0.2488795218563493,9.10983471904454,11.982935344196433,12.765691290604371,11.097000846398958,150584.0,0.1063858046007544
838.0,4,1,850000.0,1,450000.0,2400,5,0,4.0,0,0,4.0,0,0,30.0,0.0,0.0,5,0.0,111830,74.0,67.0,0,1,2021,27128.4,27128.4,450000.0,0.3014266666666667,0.5294117647058824,0,0.0,9319.166666666666,0.2575337565948314,27128.4,27128.4,0.3014266666666667,0.3014266666666667,0.3014266666666667,27128.4,27128.4,27128.4,450000.0,850000.0,0.5294117647058824,0.2575337565948314,30.0,0.0,0.0,0.0,0.2634610986223615,10.208373289669389,13.017005083966255,13.652992804936396,0.0,111830.0,0.25753375659483146
844.0,42,1,491000.0,1,99445.0,1500,5,0,1.0,0,0,1.0,0,0,10.0,40.0,0.0,1,155000.0,256263,34.0,33.0,2,1,2021,42177.2,42177.2,99445.0,2.12062949368998,0.2025356415478615,0,0.0,21355.25,0.070240339026703,42177.2,42177.2,2.12062949368998,2.12062949368998,2.12062949368998,42177.2,42177.2,42177.2,99445.0,491000.0,0.2025356415478615,0.070240339026703,10.0,40.0,0.0,155000.0,1.138034742268489,10.649658778868991,11.507370062256532,13.104201443434462,11.951186847493476,256263.0,0.07024033902670304
865.0,9,1,250000.0,1,160000.0,1500,5,0,1.0,0,0,0.0,0,0,0.0,0.0,0.0,0,0.0,9716,37.0,0.0,0,1,2021,0.0,0.0,160000.0,,0.64,0,0.0,809.6666666666666,1.8526142445450804,0.0,0.0,,,,0.0,0.0,0.0,160000.0,250000.0,0.64,1.8526142445450804,0.0,0.0,0.0,0.0,,0.0,11.982935344196433,12.429220196836384,0.0,9716.0,1.8526142445450804
866.0,13,1,163000.0,1,114281.0,847,5,0,1.0,0,0,0.0,0,0,0.0,0.0,0.0,0,0.0,92335,66.0,0.0,0,1,2021,0.0,0.0,114281.0,,0.7011104294478527,0,0.0,7694.583333333333,0.1100774354253533,0.0,0.0,,,,0.0,0.0,0.0,114281.0,163000.0,0.7011104294478527,0.1100774354253533,0.0,0.0,0.0,0.0,,0.0,11.646424357066614,12.001511614739403,0.0,92335.0,0.11007743542535334
879.0,27,1,675000.0,1,234000.0,2500,5,0,1.0,0,0,1.0,0,0,10.0,0.0,0.0,1,150000.0,230200,65.0,59.0,0,1,2021,9042.8,9042.8,234000.0,0.1932222222222222,0.3466666666666667,0,0.0,19183.33333333333,0.1303214596003475,9042.8,9042.8,0.1932222222222222,0.1932222222222222,0.1932222222222222,9042.8,9042.8,9042.8,234000.0,675000.0,0.3466666666666667,0.1303214596003475,10.0,0.0,0.0,150000.0,0.17665739753986,9.10983471904454,12.36308066783498,13.42246945133505,11.918397239722838,230200.0,0.13032145960034752
881.0,41,1,312000.0,1,159000.0,912,5,0,1.0,0,0,0.0,0,0,0.0,0.0,0.0,0,0.0,67600,64.0,0.0,0,1,2021,0.0,0.0,159000.0,,0.5096153846153846,0,0.0,5633.333333333333,0.1618934911242603,0.0,0.0,,,,0.0,0.0,0.0,159000.0,312000.0,0.5096153846153846,0.1618934911242603,0.0,0.0,0.0,0.0,,0.0,11.976665770490769,12.650761671914688,0.0,67600.0,0.16189349112426035
887.0,32,1,430000.0,1,380000.0,1785,5,0,1.0,0,0,6.0,0,0,20.0,0.0,0.0,5,0.0,202380,57.0,51.0,0,1,2021,18085.6,18085.6,380000.0,0.2379684210526316,0.8837209302325582,1,0.0,16865.0,0.1058404980729321,18085.6,18085.6,0.2379684210526316,0.2379684210526316,0.2379684210526316,18085.6,18085.6,18085.6,380000.0,430000.0,0.8837209302325582,0.1058404980729321,20.0,0.0,0.0,0.0,0.2134716659020379,9.802926611581514,12.847929163278051,12.971542813248435,0.0,202380.0,0.10584049807293211
888.0,1,1,175000.0,1,130000.0,904,5,0,1.0,0,0,1.0,0,0,8.0,35.0,0.0,1,59000.0,123053,44.0,44.0,2,1,2021,36226.84,36226.84,130000.0,1.3933399999999998,0.7428571428571429,0,0.0,10254.416666666666,0.0881571355432212,36226.84,36226.84,1.3933399999999998,1.3933399999999998,1.3933399999999998,36226.84,36226.84,36226.84,130000.0,175000.0,0.7428571428571429,0.0881571355432212,8.0,35.0,0.0,59000.0,0.8726898799034638,10.49758316301164,11.775297421715829,12.07254696717504,10.985309671896765,123053.0,0.08815713554322122
889.0,21,1,225000.0,1,120000.0,630,5,0,4.0,0,0,6.0,0,0,35.0,0.0,0.0,5,0.0,123180,90.0,88.0,0,1,2021,31649.8,31649.8,120000.0,1.3187416666666667,0.5333333333333333,1,0.0,10265.0,0.0613735996103263,31649.8,31649.8,1.3187416666666667,1.3187416666666667,1.3187416666666667,31649.8,31649.8,31649.8,120000.0,225000.0,0.5333333333333333,0.0613735996103263,35.0,0.0,0.0,0.0,0.8410246534767638,10.362518703714173,11.695255355062796,12.323860125621126,0.0,123180.0,0.06137359961032635
890.0,13,1,260000.0,1,113000.0,1300,5,0,4.0,1,0,4.0,0,0,5.0,0.0,0.0,5,0.0,59400,72.0,70.0,0,1,2021,4521.400000000001,4521.400000000001,113000.0,0.2000619469026548,0.4346153846153846,0,0.0,4950.0,0.2626262626262626,4521.400000000001,4521.400000000001,0.2000619469026548,0.2000619469026548,0.2000619469026548,4521.400000000001,4521.400000000001,4521.400000000001,113000.0,260000.0,0.4346153846153846,0.2626262626262626,5.0,0.0,0.0,0.0,0.1823731778804424,8.416798105361082,11.635151947212842,12.468440756144114,0.0,59400.0,0.26262626262626265
891.0,4,1,216000.0,1,85000.0,761,1,5,1.0,0,0,1.0,0,0,14.0,0.0,0.0,1,45000.0,87000,39.0,42.0,2,1,2021,12659.92,12659.92,85000.0,0.7447011764705882,0.3935185185185185,0,1.0,7250.0,0.1049655172413793,12659.92,12659.92,0.7447011764705882,0.7447011764705882,0.7447011764705882,12659.92,12659.92,12659.92,85000.0,216000.0,0.3935185185185185,0.1049655172413793,14.0,0.0,0.0,45000.0,0.5565832954145986,9.446275362884068,11.350418300109132,12.283038316285214,10.714439990727769,87000.0,0.10496551724137931
896.0,31,1,650000.0,1,484000.0,2064,5,0,1.0,0,0,0.0,0,0,0.0,0.0,0.0,0,0.0,142500,29.0,0.0,0,1,2021,0.0,0.0,484000.0,,0.7446153846153846,0,0.0,11875.0,0.1738105263157894,0.0,0.0,,,,0.0,0.0,0.0,484000.0,650000.0,0.7446153846153846,0.1738105263157894,0.0,0.0,0.0,0.0,,0.0,13.089842251812335,13.384729180332174,0.0,142500.0,0.17381052631578947
900.0,42,1,380000.0,1,110000.0,2600,5,0,1.0,0,0,0.0,0,0,0.0,0.0,0.0,0,0.0,97000,40.0,0.0,0,1,2021,0.0,0.0,110000.0,,0.2894736842105263,0,0.0,8083.333333333333,0.3216494845360825,0.0,0.0,,,,0.0,0.0,0.0,110000.0,380000.0,0.2894736842105263,0.3216494845360825,0.0,0.0,0.0,0.0,,0.0,11.60824473564232,12.847929163278051,0.0,97000.0,0.3216494845360825
905.0,43,1,700000.0,1,300000.0,2200,5,0,1.0,0,0,1.0,0,0,10.0,50.0,0.0,1,54000.0,148550,38.0,37.0,2,1,2021,50460.8,50460.8,300000.0,0.8410133333333333,0.4285714285714285,0,0.0,12379.166666666666,0.1777179400875126,50460.8,50460.8,0.8410133333333333,0.8410133333333333,0.8410133333333333,50460.8,50460.8,50460.8,300000.0,700000.0,0.4285714285714285,0.1777179400875126,10.0,50.0,0.0,54000.0,0.610316144665417,10.828971893378087,12.611541086966117,13.45883704259595,10.896757843893464,148550.0,0.17771794008751263
908.0,11,1,600000.0,1,375000.0,1936,5,0,1.0,0,0,6.0,0,0,14.0,40.0,,5,0.0,120000,38.0,34.0,4,1,2021,45794.32000000001,45794.32000000001,375000.0,0.6105909333333335,0.625,1,0.0,10000.0,0.1936,45794.32000000001,45794.32000000001,0.6105909333333335,0.6105909333333335,0.6105909333333335,45794.32000000001,45794.32000000001,45794.32000000001,375000.0,600000.0,0.625,0.1936,14.0,40.0,,0.0,0.4766011509913859,10.731937181475082,12.83468397161566,13.304686600863562,0.0,120000.0,0.1936
914.0,45,1,1250000.0,1,907000.0,4900,5,0,1.0,0,0,0.0,0,0,0.0,0.0,0.0,0,0.0,172000,40.0,0.0,2,1,2021,0.0,0.0,907000.0,,0.7256,0,0.0,14333.333333333334,0.341860465116279,0.0,0.0,,,,0.0,0.0,0.0,701100.0000000001,1250000.0,0.7256,0.341860465116279,0.0,0.0,0.0,0.0,,0.0,13.460407235524094,14.038654909278163,0.0,172000.0,0.34186046511627904
916.0,15,1,160000.0,1,120000.0,836,5,0,1.0,0,0,6.0,0,0,7.0,70.0,0.0,5,0.0,55000,25.0,25.0,1,1,2021,64315.16,64315.16,120000.0,2.6797983333333333,0.75,1,0.0,4583.333333333333,0.1824,64315.16,64315.16,2.6797983333333333,2.6797983333333333,2.6797983333333333,64315.16,64315.16,64315.16,120000.0,160000.0,0.75,0.1824,7.0,70.0,0.0,0.0,1.3028579499545874,11.071566200578106,11.695255355062796,11.982935344196433,0.0,55000.0,0.1824
927.0,36,1,250000.0,1,130000.0,760,5,0,1.0,0,0,0.0,0,0,0.0,0.0,0.0,0,0.0,85595,68.0,0.0,0,1,2021,0.0,0.0,130000.0,,0.52,0,0.0,7132.916666666667,0.1065482796892341,0.0,0.0,,,,0.0,0.0,0.0,130000.0,250000.0,0.52,0.1065482796892341,0.0,0.0,0.0,0.0,,0.0,11.775297421715829,12.429220196836384,0.0,85595.0,0.10654827968923418
930.0,34,1,200000.0,1,80000.0,980,5,0,4.0,0,0,1.0,0,0,5.0,0.0,0.0,1,,73806,68.0,64.0,0,1,2021,4521.400000000001,4521.400000000001,80000.0,0.2825875,0.4,0,0.0,6150.5,0.159336639297618,4521.400000000001,4521.400000000001,0.2825875,0.2825875,0.2825875,4521.400000000001,4521.400000000001,4521.400000000001,80000.0,200000.0,0.4,0.159336639297618,5.0,0.0,0.0,,0.2488795218563493,8.416798105361082,11.289794413577894,12.206077645517674,,73806.0,0.15933663929761807
931.0,42,1,300000.0,1,55000.0,886,5,0,1.0,0,0,6.0,0,0,14.0,22.0,0.0,1,4000.0,105913,40.0,45.0,2,1,2021,30883.84,30883.84,55000.0,2.807621818181818,0.1833333333333333,1,0.0,8826.083333333334,0.1003842776618545,30883.84,30883.84,2.807621818181818,2.807621818181818,2.807621818181818,30883.84,30883.84,30883.84,55000.0,300000.0,0.1833333333333333,0.1003842776618545,14.0,22.0,0.0,4000.0,1.3370047995450571,10.338020727608244,10.915106645867503,12.611541086966117,8.294299608857235,105913.0,0.10038427766185454
932.0,4,1,2200000.0,1,400000.0,2000,5,0,1.0,0,0,1.0,0,0,9.0,2.0,0.0,1,60100.0,144176,58.0,58.0,1,1,2021,9795.24,9795.24,400000.0,0.1224405,0.1818181818181818,0,0.0,12014.666666666666,0.1664632116302297,9795.24,9795.24,0.1224405,0.1224405,0.1224405,9795.24,9795.24,9795.24,400000.0,1600000.0,0.1818181818181818,0.1664632116302297,9.0,2.0,0.0,60100.0,0.115505332547854,9.189753917567778,12.899222326086994,14.285514812209817,11.00378175931998,144176.0,0.16646321163022973
943.0,21,1,410000.0,1,328000.0,2131,5,0,1.0,0,0,1.0,0,0,4.0,0.0,0.0,1,50000.0,170000,36.0,35.0,0,1,2021,3617.12,3617.12,328000.0,0.0551390243902439,0.8,0,0.0,14166.666666666666,0.1504235294117647,3617.12,3617.12,0.0551390243902439,0.0551390243902439,0.0551390243902439,3617.12,3617.12,3617.12,328000.0,410000.0,0.8,0.1504235294117647,4.0,0.0,0.0,50000.0,0.0536725349194636,8.193709832901066,12.700771936142122,12.923914877701906,10.819798284210286,170000.0,0.1504235294117647
944.0,14,1,250000.0,1,142000.0,1052,5,0,1.0,0,0,1.0,0,0,10.0,,,1,26000.0,74032,29.0,26.0,0,1,2021,9042.8,9042.8,142000.0,0.3184084507042254,0.568,0,0.0,6169.333333333333,0.1705208558461206,9042.8,9042.8,0.3184084507042254,0.3184084507042254,0.3184084507042254,9042.8,9042.8,9042.8,142000.0,250000.0,0.568,0.1705208558461206,10.0,,,26000.0,0.2764252899706595,9.10983471904454,11.863589378812122,12.429220196836384,10.165890277802454,74032.0,0.17052085584612062
945.0,14,1,150000.0,1,65000.0,750,5,0,,0,0,,0,0,15.0,0.0,0.0,1,22000.0,96500,53.0,50.0,0,1,2021,13564.2,13564.2,65000.0,1.0434,0.4333333333333333,0,0.0,8041.666666666667,0.0932642487046632,13564.2,13564.2,1.0434,1.0434,1.0434,13564.2,13564.2,13564.2,65000.0,150000.0,0.4333333333333333,0.0932642487046632,15.0,0.0,0.0,22000.0,0.7146150871751863,9.515262968810363,11.082157933374816,11.918397239722838,9.99884318585288,96500.0,0.09326424870466321
947.0,13,1,200000.0,1,27000.0,525,5,0,1.0,0,0,1.0,0,0,5.0,0.0,0.0,1,46000.0,120090,51.0,51.0,0,1,2021,4521.400000000001,4521.400000000001,27000.0,0.8372962962962964,0.135,0,0.0,10007.5,0.0524606545091181,4521.400000000001,4521.400000000001,0.8372962962962964,0.8372962962962964,0.8372962962962964,4521.400000000001,4521.400000000001,4521.400000000001,27000.0,200000.0,0.135,0.0524606545091181,5.0,0.0,0.0,46000.0,0.6082950868010458,8.416798105361082,10.203629181337648,12.206077645517674,10.736418414365376,120090.0,0.05246065450911816
949.0,21,1,275000.0,1,215000.0,1350,5,0,1.0,0,0,1.0,0,0,5.0,25.0,0.0,1,45000.0,145000,43.0,41.0,2,1,2021,25230.4,25230.4,215000.0,0.586753488372093,0.7818181818181819,0,0.0,12083.333333333334,0.1117241379310344,25230.4,25230.4,0.586753488372093,0.586753488372093,0.586753488372093,25230.4,25230.4,25230.4,215000.0,275000.0,0.7818181818181819,0.1117241379310344,5.0,25.0,0.0,45000.0,0.4616900976404017,10.13584452959225,12.278397958261774,12.524530013005734,10.714439990727769,145000.0,0.11172413793103447
953.0,42,1,260000.0,1,218000.0,1600,5,0,1.0,0,0,0.0,0,0,0.0,0.0,0.0,0,0.0,95075,28.0,0.0,0,1,2021,0.0,0.0,218000.0,,0.8384615384615385,0,0.0,7922.916666666667,0.201945832237707,0.0,0.0,,,,0.0,0.0,0.0,218000.0,260000.0,0.8384615384615385,0.201945832237707,0.0,0.0,0.0,0.0,,0.0,12.292254928916668,12.468440756144114,0.0,95075.0,0.20194583223770707
958.0,4,1,950000.0,1,688906.0,2787,5,0,1.0,0,0,1.0,0,0,26.0,0.0,0.0,1,56000.0,202006,33.0,34.0,0,1,2021,23511.28,23511.28,688906.0,0.1706421485659872,0.7251642105263157,0,0.0,16833.833333333332,0.1655594388285496,23511.28,23511.28,0.1706421485659872,0.1706421485659872,0.1706421485659872,23511.28,23511.28,23511.28,688906.0,950000.0,0.7251642105263157,0.1655594388285496,26.0,0.0,0.0,56000.0,0.1575524431775683,10.065278116840366,13.442861562656097,13.76421831620775,10.933124826700707,202006.0,0.16555943882854965
959.0,9,1,275000.0,1,135000.0,1320,5,0,1.0,0,0,1.0,0,0,15.0,24.0,0.0,1,8000.0,86000,59.0,41.0,2,1,2021,33444.840000000004,33444.840000000004,135000.0,1.238697777777778,0.4909090909090909,0,0.0,7166.666666666667,0.1841860465116279,33444.840000000004,33444.840000000004,1.238697777777778,1.238697777777778,1.238697777777778,33444.840000000004,33444.840000000004,33444.840000000004,135000.0,275000.0,0.4909090909090909,0.1841860465116279,15.0,24.0,0.0,8000.0,0.8058943476116286,10.417682693098971,11.81303746480054,12.524530013005734,8.987321812850125,86000.0,0.1841860465116279
967.0,2,1,115000.0,1,110000.0,800,5,0,2.0,0,0,1.0,0,0,100.0,0.0,40.0,1,18000.0,38450,28.0,30.0,0,1,2021,137519.19999999998,137519.19999999998,110000.0,6.250872727272727,0.9565217391304348,0,0.0,3204.1666666666665,0.2496749024707412,137519.19999999998,137519.19999999998,6.250872727272727,6.250872727272727,6.250872727272727,137519.19999999998,137519.19999999998,137519.19999999998,110000.0,115000.0,0.9565217391304348,0.2496749024707412,50.0,0.0,20.0,18000.0,1.9811218377975013,11.831526094389588,11.60824473564232,11.652696102959752,9.798182590890704,38450.0,0.24967490247074123
971.0,4,1,300000.0,1,100000.0,800,1,5,3.0,0,0,1.0,0,0,4.0,24.0,0.0,1,36000.0,80600,36.0,30.0,2,1,2021,23497.76,23497.76,100000.0,1.174888,0.3333333333333333,0,1.0,6716.666666666667,0.119106699751861,23497.76,23497.76,1.174888,1.174888,1.174888,23497.76,23497.76,23497.76,100000.0,300000.0,0.3333333333333333,0.119106699751861,4.0,24.0,0.0,36000.0,0.7769771689618993,10.064702932782632,11.51293546492023,12.611541086966117,10.491301994830229,80600.0,0.11910669975186104
972.0,9,1,785000.0,1,511000.0,3117,5,0,1.0,0,0,6.0,0,0,12.0,0.0,0.0,5,0.0,100547,72.0,59.0,0,1,2021,10851.36,10851.36,511000.0,0.1061776908023483,0.6509554140127388,1,0.0,8378.916666666666,0.3720051319283519,10851.36,10851.36,0.1061776908023483,0.1061776908023483,0.1061776908023483,10851.36,10851.36,10851.36,511000.0,785000.0,0.6509554140127388,0.3720051319283519,12.0,0.0,0.0,0.0,0.1009105509572019,9.29213784683714,13.144126826131089,13.573440270649083,0.0,100547.0,0.37200513192835194
976.0,42,1,500000.0,1,300000.0,2327,5,0,1.0,0,0,1.0,0,0,10.0,0.0,0.0,1,56000.0,191000,50.0,49.0,0,1,2021,9042.8,9042.8,300000.0,0.1507133333333333,0.6,0,0.0,15916.666666666666,0.1461989528795811,9042.8,9042.8,0.1507133333333333,0.1507133333333333,0.1507133333333333,9042.8,9042.8,9042.8,300000.0,500000.0,0.6,0.1461989528795811,10.0,0.0,0.0,56000.0,0.1403820399299961,9.10983471904454,12.611541086966117,13.122365377402328,10.933124826700707,191000.0,0.14619895287958115
979.0,42,1,500000.0,1,80000.0,1600,5,0,1.0,0,0,1.0,0,0,7.0,20.0,0.0,1,152000.0,409000,43.0,42.0,2,1,2021,22897.160000000003,22897.160000000003,80000.0,1.4310725000000002,0.16,0,0.0,34083.333333333336,0.0469437652811735,22897.160000000003,22897.160000000003,1.4310725000000002,1.4310725000000002,1.4310725000000002,22897.160000000003,22897.160000000003,22897.160000000003,80000.0,500000.0,0.16,0.0469437652811735,7.0,20.0,0.0,152000.0,0.8883325180073445,10.038811836969172,11.289794413577894,13.122365377402328,11.93164237875414,409000.0,0.04694376528117359
989.0,4,1,510000.0,1,355000.0,2450,5,0,1.0,0,0,1.0,0,0,10.0,0.0,0.0,1,103000.0,359650,64.0,57.0,0,1,2021,9042.8,9042.8,355000.0,0.1273633802816901,0.696078431372549,0,0.0,29970.83333333333,0.0817461420825802,9042.8,9042.8,0.1273633802816901,0.1273633802816901,0.1273633802816901,9042.8,9042.8,9042.8,355000.0,510000.0,0.696078431372549,0.0817461420825802,10.0,0.0,0.0,103000.0,0.1198816145710891,9.10983471904454,12.779875885354992,13.1421679654829,11.542493975902508,359650.0,0.08174614208258028
990.0,37,1,450000.0,1,365000.0,3033,5,0,1.0,0,0,0.0,0,0,0.0,0.0,0.0,0,0.0,231050,60.0,0.0,0,1,2021,0.0,0.0,365000.0,,0.8111111111111111,0,0.0,19254.166666666668,0.1575243453797879,0.0,0.0,,,,0.0,0.0,0.0,365000.0,450000.0,0.8111111111111111,0.1575243453797879,0.0,0.0,0.0,0.0,,0.0,12.807655372286902,13.017005083966255,0.0,231050.0,0.1575243453797879
991.0,6,1,250000.0,1,80000.0,1275,5,0,7.0,1,0,1.0,0,0,5.0,80.0,0.0,1,,132927,39.0,38.0,2,1,2021,70790.20000000001,70790.20000000001,80000.0,4.424387500000001,0.32,0,0.0,11077.25,0.1151007695953418,70790.20000000001,70790.20000000001,4.424387500000001,4.424387500000001,4.424387500000001,70790.20000000001,70790.20000000001,70790.20000000001,80000.0,250000.0,0.32,0.1151007695953418,5.0,80.0,0.0,,1.690904989826668,11.167489978171387,11.289794413577894,12.429220196836384,,132927.0,0.11510076959534181
1005.0,32,1,300000.0,1,100000.0,859,5,0,1.0,0,0,0.0,0,0,0.0,0.0,0.0,0,0.0,24737,48.0,0.0,0,1,2021,0.0,0.0,100000.0,,0.3333333333333333,0,0.0,2061.4166666666665,0.4167037231677244,0.0,0.0,,,,0.0,0.0,0.0,100000.0,300000.0,0.3333333333333333,0.4167037231677244,0.0,0.0,0.0,0.0,,0.0,11.51293546492023,12.611541086966117,0.0,24737.0,0.41670372316772447
1009.0,37,1,150000.0,1,75000.0,500,5,0,1.0,0,0,1.0,0,0,10.0,0.0,0.0,1,,73412,30.0,30.0,0,1,2021,9042.8,9042.8,75000.0,0.6028533333333334,0.5,0,0.0,6117.666666666667,0.0817305072740151,9042.8,9042.8,0.6028533333333334,0.6028533333333334,0.6028533333333334,9042.8,9042.8,9042.8,75000.0,150000.0,0.5,0.0817305072740151,10.0,0.0,0.0,,0.4717853743281535,9.10983471904454,11.225256725762891,11.918397239722838,,73412.0,0.08173050727401514
1012.0,12,1,400000.0,1,143000.0,1500,5,0,1.0,0,0,1.0,0,0,8.0,15.0,0.0,1,110000.0,247500,47.0,43.0,1,1,2021,19659.64,19659.64,143000.0,0.6874,0.3575,0,0.0,20625.0,0.0727272727272727,19659.64,19659.64,0.6874,0.6874,0.6874,19659.64,19659.64,19659.64,143000.0,400000.0,0.3575,0.0727272727272727,8.0,15.0,0.0,110000.0,0.5231888827493894,9.886373946579242,11.870606902224589,12.899222326086994,11.60824473564232,247500.0,0.07272727272727272
1023.0,13,1,1100000.0,1,450000.0,4500,5,0,1.0,0,0,1.0,0,0,7.0,15.0,,1,200000.0,400810,43.0,41.0,3,1,2021,18755.36,18755.36,450000.0,0.2083928888888889,0.4090909090909091,0,0.0,33400.833333333336,0.1347271774656321,18755.36,18755.36,0.2083928888888889,0.2083928888888889,0.2083928888888889,18755.36,18755.36,18755.36,450000.0,1100000.0,0.4090909090909091,0.1347271774656321,7.0,15.0,,200000.0,0.1892912857802684,9.839288173883242,13.017005083966255,13.910821646859096,12.206077645517674,400810.0,0.1347271774656321
1038.0,21,1,200000.0,1,69000.0,645,5,0,1.0,0,0,1.0,0,0,10.0,10.0,0.0,1,35000.0,116313,33.0,37.0,3,1,2021,17326.4,17326.4,69000.0,1.2555362318840582,0.345,0,0.0,9692.75,0.0665445822908875,17326.4,17326.4,1.2555362318840582,1.2555362318840582,1.2555362318840582,17326.4,17326.4,17326.4,69000.0,200000.0,0.345,0.0665445822908875,10.0,10.0,0.0,35000.0,0.8133877415298253,9.760044342602496,11.141876276228,12.206077645517674,10.463131911491969,116313.0,0.06654458229088751
1039.0,9,1,120000.0,1,70000.0,500,5,0,3.0,0,0,1.0,0,0,5.0,2.0,2.0,1,45000.0,57667,37.0,37.0,2,1,2021,8532.68,8532.68,70000.0,0.6094771428571428,0.5833333333333334,0,0.0,4805.583333333333,0.1040456413546742,8532.68,8532.68,0.6094771428571428,0.6094771428571428,0.6094771428571428,8532.68,8532.68,8532.68,70000.0,120000.0,0.5833333333333334,0.1040456413546742,5.0,2.0,2.0,45000.0,0.4759093702623733,9.051775965974372,11.156264806643742,11.695255355062796,10.714439990727769,57667.0,0.10404564135467426
1040.0,26,1,150000.0,1,40000.0,670,5,0,1.0,0,0,2.0,7,6,50.0,168.0,0.0,1,20000.0,20500,35.0,30.0,2,1,2021,184378.48,184378.48,40000.0,23.04731,0.2666666666666666,0,0.0,1708.3333333333333,0.3921951219512195,184378.48,184378.48,23.04731,22.38556666666665,22.38556666666665,146952.9672,146952.9672,146952.9672,40000.0,150000.0,0.2666666666666666,0.3921951219512195,50.0,168.0,0.0,20000.0,3.152119022941844,11.897874668420387,10.59665973278358,11.918397239722838,9.90353755128617,20500.0,0.3921951219512195
1053.0,20,1,200000.0,1,12000.0,1101,5,0,1.0,0,0,0.0,0,0,0.0,0.0,0.0,0,0.0,88812,54.0,0.0,2,1,2021,0.0,0.0,12000.0,,0.06,0,0.0,7401.0,0.1487636805837049,0.0,0.0,,,,0.0,0.0,0.0,12000.0,200000.0,0.06,0.1487636805837049,0.0,0.0,0.0,0.0,,0.0,9.39274525863144,12.206077645517674,0.0,88812.0,0.1487636805837049
1056.0,1,1,185000.0,1,147000.0,788,5,0,1.0,0,0,6.0,0,0,20.0,0.0,0.0,5,0.0,90000,44.0,43.0,0,1,2021,18085.6,18085.6,147000.0,0.6151564625850341,0.7945945945945946,1,0.0,7500.0,0.1050666666666666,18085.6,18085.6,0.6151564625850341,0.6151564625850341,0.6151564625850341,18085.6,18085.6,18085.6,147000.0,185000.0,0.7945945945945946,0.1050666666666666,20.0,0.0,0.0,0.0,0.4794318328395789,9.802926611581514,11.898194668458824,12.128116509451258,0.0,90000.0,0.10506666666666667
1066.0,17,1,260000.0,1,140000.0,1700,5,0,1.0,0,0,1.0,0,0,10.0,12.0,0.0,1,133664.0,197232,48.0,47.0,2,1,2021,18983.12,18983.12,140000.0,0.6779685714285714,0.5384615384615384,0,0.0,16436.0,0.1034314918471647,18983.12,18983.12,0.6779685714285714,0.6779685714285714,0.6779685714285714,18983.12,18983.12,18983.12,140000.0,260000.0,0.5384615384615384,0.1034314918471647,10.0,12.0,0.0,133664.0,0.5175838780892591,9.851358119208138,11.849404844423074,12.468440756144114,11.803091948714927,197232.0,0.10343149184716476
1067.0,36,1,400000.0,1,197000.0,1763,5,0,4.0,0,0,0.0,0,0,0.0,0.0,0.0,0,0.0,52812,70.0,0.0,0,1,2021,0.0,0.0,197000.0,,0.4925,0,0.0,4401.0,0.4005907748239036,0.0,0.0,,,,0.0,0.0,0.0,197000.0,400000.0,0.4925,0.4005907748239036,0.0,0.0,0.0,0.0,,0.0,12.190964083849376,12.899222326086994,0.0,52812.0,0.40059077482390365
1068.0,4,1,1200000.0,1,484000.0,3690,5,0,4.0,0,0,0.0,0,0,0.0,0.0,0.0,0,0.0,120820,73.0,0.0,0,1,2021,0.0,0.0,484000.0,,0.4033333333333333,0,0.0,10068.333333333334,0.3664956133090548,0.0,0.0,,,,0.0,0.0,0.0,484000.0,1200000.0,0.4033333333333333,0.3664956133090548,0.0,0.0,0.0,0.0,,0.0,13.089842251812335,13.997832948091215,0.0,120820.0,0.3664956133090548
1073.0,37,1,200000.0,1,22000.0,1000,5,0,4.0,0,0,1.0,0,0,7.0,,,1,80915.0,122739,71.0,64.0,0,1,2021,6329.96,6329.96,22000.0,1.4386272727272726,0.11,0,0.0,10228.25,0.0977684354606115,6329.96,6329.96,1.4386272727272726,1.4386272727272726,1.4386272727272726,6329.96,6329.96,6329.96,22000.0,200000.0,0.11,0.0977684354606115,7.0,,,80915.0,0.8914352878456463,8.753207162406966,9.99884318585288,12.206077645517674,11.301166858522585,122739.0,0.09776843546061154
1074.0,9,1,150000.0,1,85000.0,554,5,0,4.0,0,0,4.0,0,0,30.0,0.0,7.0,5,0.0,41400,63.0,73.0,0,1,2021,35369.36,35369.36,85000.0,2.0805505882352944,0.5666666666666667,0,0.0,3450.0,0.1605797101449275,35369.36,35369.36,2.0805505882352944,2.0805505882352944,2.0805505882352944,35369.36,35369.36,35369.36,85000.0,150000.0,0.5666666666666667,0.1605797101449275,30.0,0.0,7.0,0.0,1.1251083434234432,10.473629460264778,11.350418300109132,11.918397239722838,0.0,41400.0,0.16057971014492753
1075.0,21,1,385000.0,1,143000.0,650,5,0,1.0,0,0,0.0,0,0,0.0,0.0,0.0,0,0.0,30000,50.0,0.0,0,1,2021,0.0,0.0,143000.0,,0.3714285714285714,0,0.0,2500.0,0.26,0.0,0.0,,,,0.0,0.0,0.0,143000.0,385000.0,0.3714285714285714,0.26,0.0,0.0,0.0,0.0,,0.0,11.870606902224589,12.861001210669146,0.0,30000.0,0.26
1080.0,37,1,300000.0,1,100000.0,850,5,0,4.0,5,0,4.0,0,0,15.0,8.0,0.0,5,0.0,98896,75.0,75.0,0,1,2021,20191.08,20191.08,100000.0,1.009554,0.3333333333333333,0,0.0,8241.333333333334,0.1031386507037696,20191.08,20191.08,1.009554,1.009554,1.009554,20191.08,20191.08,20191.08,100000.0,300000.0,0.3333333333333333,0.1031386507037696,15.0,8.0,0.0,0.0,0.697912806902371,9.913045727298226,11.51293546492023,12.611541086966117,0.0,98896.0,0.10313865070376961
1096.0,9,1,576000.0,1,79000.0,1800,5,0,1.0,0,0,0.0,0,0,0.0,0.0,0.0,0,0.0,84610,51.0,0.0,0,1,2021,0.0,0.0,79000.0,,0.1371527777777778,0,0.0,7050.833333333333,0.2552889729346413,0.0,0.0,,,,0.0,0.0,0.0,79000.0,576000.0,0.1371527777777778,0.2552889729346413,0.0,0.0,0.0,0.0,,0.0,11.277215789596893,13.263864675787632,0.0,84610.0,0.2552889729346413
1098.0,41,1,1300000.0,1,540000.0,2400,5,0,1.0,0,0,0.0,0,0,0.0,0.0,0.0,0,0.0,161500,52.0,0.0,1,1,2021,0.0,0.0,540000.0,,0.4153846153846154,0,0.0,13458.333333333334,0.1783281733746129,0.0,0.0,,,,0.0,0.0,0.0,540000.0,1300000.0,0.4153846153846154,0.1783281733746129,0.0,0.0,0.0,0.0,,0.0,13.199326270390594,14.077875591662238,0.0,161500.0,0.17832817337461299
1105.0,41,1,250000.0,1,99000.0,844,5,0,4.0,0,0,0.0,0,0,0.0,0.0,0.0,0,0.0,34000,72.0,0.0,0,1,2021,0.0,0.0,99000.0,,0.396,0,0.0,2833.333333333333,0.2978823529411764,0.0,0.0,,,,0.0,0.0,0.0,99000.0,250000.0,0.396,0.2978823529411764,0.0,0.0,0.0,0.0,,0.0,11.502885230075814,12.429220196836384,0.0,34000.0,0.29788235294117643
1109.0,32,1,185000.0,1,123000.0,850,5,0,1.0,0,0,0.0,0,0,0.0,0.0,0.0,0,0.0,43467,34.0,0.0,0,1,2021,0.0,0.0,123000.0,,0.6648648648648648,0,0.0,3622.25,0.2346607771412796,0.0,0.0,,,,0.0,0.0,0.0,123000.0,185000.0,0.6648648648648648,0.2346607771412796,0.0,0.0,0.0,0.0,,0.0,11.719947764402807,12.128116509451258,0.0,43467.0,0.2346607771412796
1110.0,4,1,420000.0,1,208000.0,1400,5,0,1.0,0,0,1.0,0,0,0.0,0.0,0.0,1,58000.0,98000,32.0,31.0,2,1,2021,0.0,0.0,208000.0,,0.4952380952380952,0,0.0,8166.666666666667,0.1714285714285714,0.0,0.0,,,,0.0,0.0,0.0,208000.0,420000.0,0.4952380952380952,0.1714285714285714,0.0,0.0,0.0,58000.0,,0.0,12.245298166364206,12.948012371209098,10.968215530759236,98000.0,0.17142857142857143
1111.0,48,1,140000.0,1,67594.0,604,5,0,5.0,0,0,0.0,0,0,0.0,0.0,0.0,0,0.0,37791,45.0,0.0,0,1,2021,0.0,0.0,67594.0,,0.4828142857142857,0,0.0,3149.25,0.1917916964356592,0.0,0.0,,,,0.0,0.0,0.0,67594.0,140000.0,0.4828142857142857,0.1917916964356592,0.0,0.0,0.0,0.0,,0.0,11.121289294798506,11.849404844423074,0.0,37791.0,0.19179169643565927
1112.0,34,1,350000.0,1,210000.0,1350,5,0,1.0,0,0,1.0,0,0,5.0,10.0,1.0,1,76000.0,204100,42.0,43.0,1,1,2021,13982.28,13982.28,210000.0,0.3329114285714285,0.6,0,0.0,17008.333333333332,0.0793728564429201,13982.28,13982.28,0.3329114285714285,0.3329114285714285,0.3329114285714285,13982.28,13982.28,13982.28,210000.0,350000.0,0.6,0.0793728564429201,5.0,10.0,1.0,76000.0,0.2873655938062683,9.545617609155606,12.25486757159303,12.765691290604371,11.23850177707664,204100.0,0.07937285644292014
1113.0,33,1,350000.0,1,270000.0,1600,5,0,1.0,0,0,1.0,0,0,6.0,20.0,0.0,1,43000.0,153000,30.0,28.0,1,1,2021,21992.880000000005,21992.880000000005,270000.0,0.4072755555555556,0.7714285714285715,0,0.0,12750.0,0.1254901960784313,21992.880000000005,21992.880000000005,0.4072755555555556,0.4072755555555556,0.4072755555555556,21992.880000000005,21992.880000000005,21992.880000000005,270000.0,350000.0,0.7714285714285715,0.1254901960784313,6.0,20.0,0.0,43000.0,0.3416556051228906,9.998519511822533,12.506180941677355,12.765691290604371,10.66897865021924,153000.0,0.12549019607843137
1114.0,24,1,180000.0,1,17000.0,962,5,0,1.0,0,0,1.0,0,0,4.0,0.0,2.0,1,62000.0,136090,56.0,50.0,0,1,2021,5971.68,5971.68,17000.0,1.7563764705882354,0.0944444444444444,0,0.0,11340.833333333334,0.0848262179440076,5971.68,5971.68,1.7563764705882354,1.7563764705882354,1.7563764705882354,5971.68,5971.68,5971.68,17000.0,180000.0,0.0944444444444444,0.0848262179440076,4.0,0.0,2.0,62000.0,1.0139169441810088,8.69495101687893,9.741027444837728,12.100717685412471,11.034905792929417,136090.0,0.08482621794400763
1121.0,4,1,300000.0,1,100000.0,1500,5,0,4.0,0,0,4.0,0,0,9.0,0.0,0.0,5,0.0,67216,70.0,70.0,2,1,2021,8138.519999999999,8138.519999999999,100000.0,0.4069259999999999,0.3333333333333333,0,0.0,5601.333333333333,0.2677933825279695,8138.519999999999,8138.519999999999,0.4069259999999999,0.4069259999999999,0.4069259999999999,8138.519999999999,8138.519999999999,8138.519999999999,100000.0,300000.0,0.3333333333333333,0.2677933825279695,9.0,0.0,0.0,0.0,0.3414071825771328,9.004486489198934,11.51293546492023,12.611541086966117,0.0,67216.0,0.2677933825279695
1128.0,23,1,65000.0,1,42063.0,555,1,1,5.0,0,0,0.0,0,0,0.0,0.0,0.0,0,0.0,39900,42.0,0.0,1,1,2021,0.0,0.0,42063.0,,0.6471230769230769,0,1.0,3325.0,0.1669172932330827,0.0,0.0,,,,0.0,0.0,0.0,42063.0,65000.0,0.6471230769230769,0.1669172932330827,0.0,0.0,0.0,0.0,,0.0,10.646947546969663,11.082157933374816,0.0,39900.0,0.16691729323308271
1129.0,48,1,290000.0,1,168000.0,950,5,0,1.0,0,0,1.0,0,0,18.0,10.0,0.0,1,58000.0,161200,69.0,64.0,0,1,2021,24560.64,24560.64,168000.0,0.7309714285714286,0.5793103448275863,0,0.0,13433.333333333334,0.0707196029776675,24560.64,24560.64,0.7309714285714286,0.7309714285714286,0.7309714285714286,24560.64,24560.64,24560.64,168000.0,290000.0,0.5793103448275863,0.0707196029776675,18.0,10.0,0.0,58000.0,0.5486827703221079,10.10894115527601,12.031725210748633,12.577639650232571,10.968215530759236,161200.0,0.0707196029776675
1133.0,4,1,600000.0,1,370000.0,2300,5,0,1.0,0,0,1.0,0,0,4.0,15.0,0.0,1,101000.0,218120,47.0,46.0,1,1,2021,16042.52,16042.52,370000.0,0.2167908108108108,0.6166666666666667,0,0.0,18176.666666666668,0.1265358518246836,16042.52,16042.52,0.2167908108108108,0.2167908108108108,0.2167908108108108,16042.52,16042.52,16042.52,370000.0,600000.0,0.6166666666666667,0.1265358518246836,4.0,15.0,0.0,101000.0,0.1962169100038012,9.683060308716149,12.821260987319455,13.304686600863562,11.52288569676448,218120.0,0.12653585182468366
1134.0,3,1,204000.0,1,144000.0,883,5,0,1.0,0,0,1.0,0,0,10.0,2.0,0.0,1,105000.0,130198,58.0,55.0,0,1,2021,10699.52,10699.52,144000.0,0.3715111111111111,0.7058823529411765,0,0.0,10849.833333333334,0.0813837386134963,10699.52,10699.52,0.3715111111111111,0.3715111111111111,0.3715111111111111,10699.52,10699.52,10699.52,144000.0,204000.0,0.7058823529411765,0.0813837386134963,10.0,2.0,0.0,105000.0,0.3159131327926068,9.278047617399988,11.87757552297847,12.225880174775122,11.561725152903833,130198.0,0.08138373861349636
1135.0,12,1,270000.0,1,165000.0,2000,5,0,1.0,0,0,0.0,0,0,0.0,0.0,0.0,0,0.0,142100,56.0,0.0,0,1,2021,0.0,0.0,165000.0,,0.6111111111111112,0,0.0,11841.666666666666,0.1688951442646024,0.0,0.0,,,,0.0,0.0,0.0,165000.0,270000.0,0.6111111111111112,0.1688951442646024,0.0,0.0,0.0,0.0,,0.0,12.013706813470414,12.506180941677355,0.0,142100.0,0.1688951442646024
1137.0,31,1,675000.0,1,363000.0,2083,5,0,1.0,0,0,1.0,0,0,14.0,0.0,0.0,1,19000.0,80500,73.0,74.0,0,1,2021,12659.92,12659.92,363000.0,0.1743790633608815,0.5377777777777778,0,0.0,6708.333333333333,0.3105093167701863,12659.92,12659.92,0.1743790633608815,0.1743790633608815,0.1743790633608815,12659.92,12659.92,12659.92,363000.0,675000.0,0.5377777777777778,0.3105093167701863,14.0,0.0,0.0,19000.0,0.1607395511995165,9.446275362884068,12.80216086806413,13.42246945133505,9.852246888342531,80500.0,0.31050931677018634
1139.0,5,1,325000.0,1,93000.0,1200,5,0,1.0,0,0,1.0,0,0,4.0,1.0,0.0,1,65000.0,190060,48.0,49.0,1,1,2021,4445.4800000000005,4445.4800000000005,93000.0,0.2390043010752688,0.2861538461538461,0,0.0,15838.333333333334,0.075765547721772,4445.4800000000005,4445.4800000000005,0.2390043010752688,0.2390043010752688,0.2390043010752688,4445.4800000000005,4445.4800000000005,4445.4800000000005,93000.0,325000.0,0.2861538461538461,0.075765547721772,4.0,1.0,0.0,65000.0,0.2143080740495908,8.399868050909866,11.440365524765756,12.691583538230216,11.082157933374816,190060.0,0.07576554772177208
1142.0,42,1,450000.0,1,250000.0,1900,5,0,1.0,0,0,6.0,0,0,15.0,0.0,0.0,5,0.0,77050,33.0,32.0,0,1,2021,13564.2,13564.2,250000.0,0.271284,0.5555555555555556,1,0.0,6420.833333333333,0.2959117456197274,13564.2,13564.2,0.271284,0.271284,0.271284,13564.2,13564.2,13564.2,250000.0,450000.0,0.5555555555555556,0.2959117456197274,15.0,0.0,0.0,0.0,0.2400274133523829,9.515262968810363,12.429220196836384,13.017005083966255,0.0,77050.0,0.29591174561972744
1144.0,32,1,200000.0,1,200000.0,1172,5,0,6.0,0,0,3.0,0,0,1.0,,,5,0.0,58000,32.0,31.0,3,1,2021,904.28,904.28,200000.0,0.022607,1.0,0,0.0,4833.333333333333,0.2424827586206896,904.28,904.28,0.022607,0.0301226161123428,0.0301226161123428,904.28,904.28,904.28,200000.0,200000.0,1.0,0.2424827586206896,1.0,,,0.0,0.029677839925543,6.808244288113202,12.206077645517674,12.206077645517674,0.0,58000.0,0.24248275862068966
1146.0,9,1,46000.0,1,22000.0,555,1,5,4.0,0,0,0.0,0,0,0.0,0.0,0.0,0,0.0,41460,72.0,0.0,0,1,2021,0.0,0.0,22000.0,,0.4782608695652174,0,1.0,3455.0,0.1606367583212735,0.0,0.0,,,,0.0,0.0,0.0,22000.0,50000.0,0.4782608695652174,0.1606367583212735,0.0,0.0,0.0,0.0,,0.0,9.99884318585288,10.819798284210286,0.0,41460.0,0.16063675832127353
1147.0,4,1,1100000.0,1,207571.0,2615,5,0,1.0,0,0,0.0,0,0,0.0,0.0,0.0,0,0.0,95296,55.0,0.0,0,1,2021,0.0,0.0,207571.0,,0.188700909090909,0,0.0,7941.333333333333,0.3292897918065816,0.0,0.0,,,,0.0,0.0,0.0,207571.0,1100000.0,0.188700909090909,0.3292897918065816,0.0,0.0,0.0,0.0,,0.0,12.2432335464183,13.910821646859096,0.0,95296.0,0.32928979180658163
1149.0,9,1,400000.0,1,132000.0,1220,5,0,1.0,0,0,1.0,0,0,3.0,,,1,29000.0,116150,59.0,54.0,0,1,2021,2712.84,2712.84,132000.0,0.1027590909090909,0.33,0,0.0,9679.166666666666,0.1260439087386999,2712.84,2712.84,0.1027590909090909,0.1027590909090909,0.1027590909090909,2712.84,2712.84,2712.84,132000.0,400000.0,0.33,0.1260439087386999,3.0,,,29000.0,0.0978153038221086,7.906119885082924,11.790564777297387,12.899222326086994,10.275085591132717,116150.0,0.12604390873869997
1155.0,48,1,120000.0,1,2500.0,629,5,0,4.0,5,0,4.0,0,0,2.0,0.0,36.0,5,0.0,32560,70.0,68.0,0,1,2021,44190.64,44190.64,2500.0,88.38128,0.0208333333333333,0,0.0,2713.333333333333,0.2318181818181818,44190.64,44190.64,88.38128,22.38556666666665,22.38556666666665,44190.64,44190.64,44190.64,6000.0,120000.0,0.0315099999999999,0.2318181818181818,2.0,0.0,20.0,0.0,3.152119022941844,10.69629090990502,8.699681400989514,11.695255355062796,0.0,32560.0,0.2318181818181818
1157.0,2,1,200000.0,1,140000.0,99999,5,0,1.0,4,0,4.0,5,0,1.0,,0.0,5,0.0,44200,66.0,52.0,1,1,2021,904.28,904.28,140000.0,0.0322957142857142,0.7,0,0.0,3683.3333333333335,2.0,904.28,904.28,0.0322957142857142,0.0322957142857142,0.0322957142857142,904.28,904.28,904.28,140000.0,200000.0,0.7,2.0,1.0,,0.0,0.0,0.0317851708637344,6.808244288113202,11.849404844423074,12.206077645517674,0.0,44200.0,2.0
1163.0,4,1,350000.0,1,16000.0,85,5,0,4.0,0,0,1.0,4,0,15.0,,,1,4685.0,159691,69.0,66.0,0,1,2021,13564.2,13564.2,16000.0,4.2388125,0.0457142857142857,0,0.0,13307.583333333334,0.006387335541765,13564.2,13564.2,4.2388125,4.2388125,4.2388125,13564.2,13564.2,13564.2,16000.0,350000.0,0.0457142857142857,0.0221513583572549,15.0,,,4685.0,1.6560948505128694,9.515262968810363,9.680406499268877,12.765691290604371,8.452334619067742,159691.0,0.006387335541765033
1269.0,5,1,225000.0,1,161000.0,900,5,0,1.0,0,0,1.0,0,0,15.0,5.0,2.0,1,45000.0,140150,42.0,40.0,1,1,2021,20060.56,20060.56,161000.0,0.6229987577639751,0.7155555555555555,0,0.0,11679.166666666666,0.0770602925437031,20060.56,20060.56,0.6229987577639751,0.6229987577639751,0.6229987577639751,20060.56,20060.56,20060.56,161000.0,225000.0,0.7155555555555555,0.0770602925437031,15.0,5.0,2.0,45000.0,0.4842755231371982,9.906560825192154,11.989165855127435,12.323860125621126,10.714439990727769,140150.0,0.07706029254370318
1271.0,41,1,359000.0,1,320000.0,2000,5,0,1.0,0,0,3.0,0,0,8.0,0.0,0.0,1,2400.0,42550,31.0,29.0,0,1,2021,7234.24,7234.24,320000.0,0.113035,0.8913649025069638,0,0.0,3545.833333333333,0.564042303172738,7234.24,7234.24,0.113035,0.113035,0.113035,7234.24,7234.24,7234.24,320000.0,359000.0,0.8913649025069638,0.564042303172738,8.0,0.0,0.0,2400.0,0.1070905183398561,8.88671881059557,12.676079399771028,12.791080452981856,7.783640596221253,42550.0,0.564042303172738
1345.0,41,1,125000.0,1,30000.0,400,5,0,1.0,0,0,1.0,0,0,20.0,5.0,0.0,1,48000.0,128000,61.0,59.0,0,1,2021,22227.4,22227.4,30000.0,3.704566666666667,0.24,0,0.0,10666.666666666666,0.0375,22227.4,22227.4,3.704566666666667,3.704566666666667,3.704566666666667,22227.4,22227.4,22227.4,30000.0,125000.0,0.24,0.0375,20.0,5.0,0.0,48000.0,1.5485336681936257,10.009126029559114,10.308985993422082,11.736077016252436,10.778977123006351,128000.0,0.037500000000000006
1354.0,9,1,210000.0,1,150000.0,1400,5,0,1.0,0,0,1.0,0,0,9.0,44.0,0.0,1,64500.0,99150,43.0,46.0,1,1,2021,44586.36,44586.36,150000.0,1.486212,0.7142857142857143,0,0.0,8262.5,0.1694402420574886,44586.36,44586.36,1.486212,1.486212,1.486212,44586.36,44586.36,44586.36,150000.0,210000.0,0.7142857142857143,0.1694402420574886,9.0,44.0,0.0,64500.0,0.9107602670068996,10.70520568976875,11.918397239722838,12.25486757159303,11.07443600653965,99150.0,0.16944024205748864
1355.0,16,1,90000.0,1,60000.0,414,5,0,1.0,0,0,1.0,0,0,8.0,50.0,0.0,1,97500.0,222500,29.0,29.0,1,1,2021,48652.24,48652.24,60000.0,4.054353333333333,0.6666666666666666,0,0.0,18541.666666666668,0.0223280898876404,48652.24,48652.24,4.054353333333333,4.054353333333333,4.054353333333333,48652.24,48652.24,48652.24,60000.0,90000.0,0.6666666666666666,0.0223280898876404,8.0,50.0,0.0,97500.0,1.620249918143457,10.792473683546644,11.002116507732016,11.407576060361786,11.487617913343598,222500.0,0.02232808988764045
1358.0,10,1,1100000.0,1,230600.0,1787,5,0,1.0,0,0,1.0,6,0,25.0,60.0,0.0,1,55300.0,395795,43.0,40.0,1,1,2021,72308.59999999999,72308.59999999999,230600.0,1.5678360797918471,0.2096363636363636,0,0.0,32982.916666666664,0.0541795626523831,72308.59999999999,72308.59999999999,1.5678360797918471,1.5678360797918471,1.5678360797918471,72308.59999999999,72308.59999999999,72308.59999999999,230600.0,1100000.0,0.2096363636363636,0.0541795626523831,25.0,60.0,0.0,55300.0,0.9430635519336176,11.188712179415347,12.348444223321136,13.910821646859096,10.920546270529568,395795.0,0.05417956265238318
1361.0,9,1,700000.0,1,6000.0,50,5,0,4.0,0,0,4.0,0,0,25.0,5.0,0.0,5,0.0,42166,80.0,73.0,0,1,2021,26748.8,26748.8,6000.0,22.290666666666667,0.0085714285714285,0,0.0,3513.833333333333,0.0142294739837783,26748.8,26748.8,22.290666666666667,22.290666666666667,22.290666666666667,26748.8,26748.8,26748.8,6000.0,700000.0,0.0315099999999999,0.0221513583572549,25.0,5.0,0.0,0.0,3.1480527080750957,10.194282275660688,8.699681400989514,13.45883704259595,0.0,42166.0,0.014229473983778398
1370.0,16,1,40000.0,1,50000.0,580,5,0,1.0,0,0,1.0,0,0,15.0,40.0,0.0,1,24000.0,45840,37.0,34.0,2,1,2021,46698.600000000006,46698.600000000006,50000.0,4.669860000000001,1.25,0,0.0,3820.0,0.1518324607329843,46698.600000000006,46698.600000000006,4.669860000000001,4.669860000000001,4.669860000000001,46698.600000000006,46698.600000000006,46698.600000000006,50000.0,50000.0,1.0,0.1518324607329843,15.0,40.0,0.0,24000.0,1.7351644260767995,10.751490878309816,10.819798284210286,10.819798284210286,10.085850775128716,45840.0,0.1518324607329843
1372.0,31,1,425000.0,1,45000.0,548,5,0,1.0,0,0,0.0,0,0,0.0,0.0,0.0,0,0.0,85500,53.0,0.0,0,1,2021,0.0,0.0,45000.0,,0.1058823529411764,0,0.0,7125.0,0.0769122807017543,0.0,0.0,,,,0.0,0.0,0.0,45000.0,425000.0,0.1058823529411764,0.0769122807017543,0.0,0.0,0.0,0.0,,0.0,10.714439990727769,12.959846800844964,0.0,85500.0,0.07691228070175439
1374.0,16,1,190000.0,1,38000.0,275,5,0,4.0,1,0,0.0,0,0,0.0,0.0,0.0,0,0.0,37196,61.0,0.0,0,1,2021,0.0,0.0,38000.0,,0.2,0,0.0,3099.6666666666665,0.0887192171201204,0.0,0.0,,,,0.0,0.0,0.0,38000.0,190000.0,0.2,0.0887192171201204,0.0,0.0,0.0,0.0,,0.0,10.545367754151744,12.154784614286667,0.0,37196.0,0.08871921712012044
1385.0,5,1,325000.0,1,40000.0,1240,5,0,4.0,0,0,5.0,0,0,18.0,0.0,0.0,5,0.0,42720,67.0,63.0,0,1,2021,16277.04,16277.04,40000.0,2.03463,0.123076923076923,0,0.0,3560.0,0.348314606741573,16277.04,16277.04,2.03463,2.03463,2.03463,16277.04,16277.04,16277.04,40000.0,325000.0,0.123076923076923,0.348314606741573,18.0,0.0,0.0,0.0,1.1100895060418157,9.697572239188304,10.59665973278358,12.691583538230216,0.0,42720.0,0.34831460674157305
1396.0,24,1,140000.0,1,90000.0,850,5,0,3.0,0,0,1.0,0,0,2.0,0.0,0.0,1,45000.0,103000,29.0,29.0,0,1,2021,1808.56,1808.56,90000.0,0.1004755555555555,0.6428571428571429,0,0.0,8583.333333333334,0.0990291262135922,1808.56,1808.56,0.1004755555555555,0.1004755555555555,0.1004755555555555,1808.56,1808.56,1808.56,90000.0,140000.0,0.6428571428571429,0.0990291262135922,2.0,0.0,0.0,45000.0,0.0957424096118849,7.500839000785103,11.407576060361786,11.849404844423074,10.714439990727769,103000.0,0.09902912621359222
1398.0,36,1,535000.0,1,351000.0,2200,5,0,1.0,0,0,1.0,0,0,10.0,0.0,0.0,1,87000.0,193920,37.0,47.0,0,1,2021,9042.8,9042.8,351000.0,0.1288148148148148,0.6560747663551402,0,0.0,16160.0,0.1361386138613861,9042.8,9042.8,0.1288148148148148,0.1288148148148148,0.1288148148148148,9042.8,9042.8,9042.8,351000.0,535000.0,0.6560747663551402,0.1361386138613861,10.0,0.0,0.0,87000.0,0.1211682458633399,9.10983471904454,12.768544351446794,13.190023895035274,11.373674891823535,193920.0,0.13613861386138615
1399.0,12,1,160000.0,1,147000.0,1250,5,0,1.0,0,0,1.0,0,0,10.0,70.0,0.0,1,11000.0,73609,30.0,30.0,3,1,2021,67028.0,67028.0,147000.0,2.2798639455782315,0.91875,0,0.0,6134.083333333333,0.2037794291458925,67028.0,67028.0,2.2798639455782315,2.2798639455782315,2.2798639455782315,67028.0,67028.0,67028.0,147000.0,160000.0,0.91875,0.2037794291458925,10.0,70.0,0.0,11000.0,1.1878019415290964,11.112880640547596,11.898194668458824,11.982935344196433,9.305741456739437,73609.0,0.2037794291458925
1401.0,12,1,600000.0,1,390000.0,2600,5,0,1.0,0,0,4.0,0,0,20.0,0.0,5.0,5,0.0,136783,67.0,67.0,0,1,2021,23972.0,23972.0,390000.0,0.3073333333333333,0.65,0,0.0,11398.583333333334,0.2280985210150384,23972.0,23972.0,0.3073333333333333,0.3073333333333333,0.3073333333333333,23972.0,23972.0,23972.0,390000.0,600000.0,0.65,0.2280985210150384,20.0,0.0,5.0,0.0,0.2679894391060448,10.084683476042573,12.873904582205109,13.304686600863562,0.0,136783.0,0.2280985210150384
1411.0,19,1,250000.0,1,120000.0,800,5,0,1.0,0,0,0.0,0,0,0.0,0.0,0.0,0,0.0,67000,36.0,0.0,1,1,2021,0.0,0.0,120000.0,,0.48,0,0.0,5583.333333333333,0.1432835820895522,0.0,0.0,,,,0.0,0.0,0.0,120000.0,250000.0,0.48,0.1432835820895522,0.0,0.0,0.0,0.0,,0.0,11.695255355062796,12.429220196836384,0.0,67000.0,0.14328358208955225
1413.0,5,1,150000.0,1,43245.0,776,5,0,1.0,0,0,0.0,0,0,0.0,0.0,0.0,0,0.0,57120,66.0,0.0,0,1,2021,0.0,0.0,43245.0,,0.2883,0,0.0,4760.0,0.1630252100840336,0.0,0.0,,,,0.0,0.0,0.0,43245.0,150000.0,0.2883,0.1630252100840336,0.0,0.0,0.0,0.0,,0.0,10.67466002253384,11.918397239722838,0.0,57120.0,0.16302521008403362
1418.0,29,1,350000.0,1,180000.0,1724,5,0,1.0,0,0,6.0,0,0,10.0,168.0,0.0,5,0.0,102820,45.0,39.0,2,1,2021,148207.28,148207.28,180000.0,4.116868888888889,0.5142857142857142,1,0.0,8568.333333333334,0.2012059910523244,148207.28,148207.28,4.116868888888889,4.116868888888889,4.116868888888889,146952.9672,146952.9672,146952.9672,180000.0,350000.0,0.5142857142857142,0.2012059910523244,10.0,168.0,0.0,0.0,1.6325427068425271,11.897874668420387,12.100717685412471,12.765691290604371,0.0,102820.0,0.20120599105232442
1423.0,1,1,250000.0,1,180000.0,1150,5,0,4.0,0,0,4.0,0,0,50.0,20.0,0.0,5,0.0,95212,72.0,73.0,2,1,2021,61781.2,61781.2,180000.0,1.7161444444444445,0.72,0,0.0,7934.333333333333,0.1449397134814939,61781.2,61781.2,1.7161444444444445,1.7161444444444445,1.7161444444444445,61781.2,61781.2,61781.2,180000.0,250000.0,0.72,0.1449397134814939,50.0,20.0,0.0,0.0,0.999213391067437,11.031370576068392,12.100717685412471,12.429220196836384,0.0,95212.0,0.14493971348149393
1438.0,34,1,168000.0,1,27200.0,625,5,0,1.0,0,0,1.0,0,0,16.0,3.0,8.0,1,22000.0,104000,56.0,54.0,0,1,2021,26371.800000000003,26371.800000000003,27200.0,4.847757352941177,0.1619047619047619,0,0.0,8666.666666666666,0.0721153846153846,26371.800000000003,26371.800000000003,4.847757352941177,4.847757352941177,4.847757352941177,26371.800000000003,26371.800000000003,26371.800000000003,27200.0,168000.0,0.1619047619047619,0.0721153846153846,16.0,3.0,8.0,22000.0,1.7660582292715272,10.180088454977092,10.211009016314168,12.031725210748633,9.99884318585288,104000.0,0.07211538461538462
1442.0,37,1,130000.0,1,75000.0,612,5,0,4.0,0,0,0.0,0,0,0.0,0.0,0.0,0,0.0,45071,75.0,0.0,0,1,2021,0.0,0.0,75000.0,,0.5769230769230769,0,0.0,3755.9166666666665,0.1629429122939362,0.0,0.0,,,,0.0,0.0,0.0,75000.0,130000.0,0.5769230769230769,0.1629429122939362,0.0,0.0,0.0,0.0,,0.0,11.225256725762891,11.775297421715829,0.0,45071.0,0.16294291229393623
1448.0,45,1,680000.0,1,550000.0,3300,5,0,1.0,0,0,1.0,0,0,8.0,0.0,0.0,1,142000.0,274950,53.0,43.0,0,1,2021,7234.24,7234.24,550000.0,0.0657658181818181,0.8088235294117647,0,0.0,22912.5,0.144026186579378,7234.24,7234.24,0.0657658181818181,0.0657658181818181,0.0657658181818181,7234.24,7234.24,7234.24,550000.0,680000.0,0.8088235294117647,0.144026186579378,8.0,0.0,0.0,142000.0,0.0636936188535933,8.88671881059557,13.21767537538882,13.429849547739444,11.863589378812122,274950.0,0.14402618657937807
1455.0,9,1,350000.0,1,250000.0,1500,5,0,1.0,0,0,4.0,6,0,10.0,1.0,0.0,1,12000.0,115983,73.0,71.0,0,1,2021,9871.16,9871.16,250000.0,0.1974232,0.7142857142857143,0,0.0,9665.25,0.1551951579110731,9871.16,9871.16,0.1974232,0.1974232,0.1974232,9871.16,9871.16,9871.16,250000.0,350000.0,0.7142857142857143,0.1551951579110731,10.0,1.0,0.0,12000.0,0.1801719146345942,9.19747395346926,12.429220196836384,12.765691290604371,9.39274525863144,115983.0,0.15519515791107316
1469.0,39,1,600000.0,1,375000.0,2200,5,0,1.0,0,0,2.0,0,0,12.0,30.0,0.0,1,84000.0,256810,33.0,30.0,2,1,2021,35702.16,35702.16,375000.0,0.4760288,0.625,0,0.0,21400.83333333333,0.1027997352128032,35702.16,35702.16,0.4760288,0.4760288,0.4760288,35702.16,35702.16,35702.16,375000.0,600000.0,0.625,0.1027997352128032,12.0,30.0,0.0,84000.0,0.3893552381830423,10.482994479256636,12.83468397161566,13.304686600863562,11.338583982516496,256810.0,0.10279973521280325
1478.0,5,1,750000.0,1,425000.0,2200,5,0,1.0,0,0,1.0,0,0,5.0,5.0,0.0,1,100000.0,118000,43.0,34.0,1,1,2021,8663.2,8663.2,425000.0,0.10192,0.5666666666666667,0,0.0,9833.333333333334,0.223728813559322,8663.2,8663.2,0.10192,0.10192,0.10192,8663.2,8663.2,8663.2,425000.0,750000.0,0.5666666666666667,0.223728813559322,5.0,5.0,0.0,100000.0,0.097054112814251,9.066954872440247,12.959846800844964,13.527829818844936,11.51293546492023,118000.0,0.22372881355932203
1479.0,32,1,435000.0,1,65000.0,850,5,0,1.0,0,0,6.0,0,0,15.0,20.0,,5,0.0,499000,51.0,52.0,1,1,2021,30131.4,30131.4,65000.0,2.3178,0.1494252873563218,1,0.0,41583.333333333336,0.020440881763527,30131.4,30131.4,2.3178,2.3178,2.3178,30131.4,30131.4,30131.4,65000.0,435000.0,0.1494252873563218,0.0221513583572549,15.0,20.0,,0.0,1.1993019126760376,10.313356283781143,11.082157933374816,12.983103608918752,0.0,499000.0,0.02044088176352705
1483.0,4,1,580000.0,1,410000.0,2070,5,0,1.0,0,0,1.0,0,0,7.0,168.0,0.0,1,180000.0,200000,28.0,27.0,1,1,2021,145494.44,145494.44,410000.0,1.7743224390243904,0.7068965517241379,0,0.0,16666.666666666668,0.1241999999999999,145494.44,145494.44,1.7743224390243904,1.7743224390243904,1.7743224390243904,145494.44,145494.44,145494.44,410000.0,580000.0,0.7068965517241379,0.1241999999999999,7.0,168.0,0.0,180000.0,1.0204065512676614,11.887900024896384,12.923914877701906,13.270785106659046,12.100717685412471,200000.0,0.12419999999999999
1486.0,5,1,515000.0,1,400000.0,2800,5,0,1.0,0,0,1.0,0,0,6.0,10.0,0.0,1,87900.0,135550,37.0,36.0,2,1,2021,13709.28,13709.28,400000.0,0.171366,0.7766990291262136,0,0.0,11295.833333333334,0.2478790114348948,13709.28,13709.28,0.171366,0.171366,0.171366,13709.28,13709.28,13709.28,400000.0,515000.0,0.7766990291262136,0.2478790114348948,6.0,10.0,0.0,87900.0,0.1581705891541354,9.52590119539668,12.899222326086994,13.15192412139156,11.383966460172834,135550.0,0.24787901143489485
1491.0,42,1,550000.0,1,350000.0,1300,5,0,1.0,0,0,1.0,0,0,10.0,30.0,0.0,1,200000.0,489000,36.0,36.0,3,1,2021,33893.6,33893.6,350000.0,0.4841942857142857,0.6363636363636364,0,0.0,40750.0,0.0319018404907975,33893.6,33893.6,0.4841942857142857,0.4841942857142857,0.4841942857142857,33893.6,33893.6,33893.6,350000.0,550000.0,0.6363636363636364,0.0319018404907975,10.0,30.0,0.0,200000.0,0.3948720564685204,10.43101098864482,12.765691290604371,13.21767537538882,12.206077645517674,489000.0,0.03190184049079755
1492.0,12,1,300000.0,1,142000.0,1330,5,0,1.0,0,0,0.0,0,0,0.0,0.0,0.0,0,0.0,133400,35.0,0.0,0,1,2021,0.0,0.0,142000.0,,0.4733333333333333,0,0.0,11116.666666666666,0.1196401799100449,0.0,0.0,,,,0.0,0.0,0.0,142000.0,300000.0,0.4733333333333333,0.1196401799100449,0.0,0.0,0.0,0.0,,0.0,11.863589378812122,12.611541086966117,0.0,133400.0,0.11964017991004498
1497.0,4,1,240000.0,1,170000.0,1100,5,0,1.0,0,0,1.0,0,0,5.0,30.0,0.0,1,60000.0,122120,31.0,34.0,1,1,2021,29372.2,29372.2,170000.0,0.8638882352941176,0.7083333333333334,0,0.0,10176.666666666666,0.1080904028824107,29372.2,29372.2,0.8638882352941176,0.8638882352941176,0.8638882352941176,29372.2,29372.2,29372.2,170000.0,240000.0,0.7083333333333334,0.1080904028824107,5.0,30.0,0.0,60000.0,0.6226647548595903,10.287837972973229,12.04355959836804,12.388398368982116,11.002116507732016,122120.0,0.10809040288241074
1498.0,42,1,689000.0,1,436000.0,2634,5,0,1.0,0,0,1.0,0,0,10.0,84.0,0.0,1,62000.0,136750,47.0,45.0,1,1,2021,78625.04,78625.04,436000.0,0.9016633027522934,0.6328011611030478,0,0.0,11395.833333333334,0.2311371115173674,78625.04,78625.04,0.9016633027522934,0.9016633027522934,0.9016633027522934,78625.04,78625.04,78625.04,436000.0,689000.0,0.6328011611030478,0.2311371115173674,10.0,84.0,0.0,62000.0,0.6427289257148082,11.272458221260251,12.985399815906522,13.442998001373551,11.034905792929417,136750.0,0.23113711151736743
1505.0,22,1,235000.0,1,125000.0,1450,1,5,1.0,0,0,1.0,0,0,5.0,100.0,0.0,1,28000.0,151180,40.0,39.0,4,1,2021,87357.40000000001,87357.40000000001,125000.0,3.4942960000000003,0.5319148936170213,0,1.0,12598.333333333334,0.1150945892313798,87357.40000000001,87357.40000000001,3.4942960000000003,3.4942960000000003,3.4942960000000003,87357.40000000001,87357.40000000001,87357.40000000001,125000.0,235000.0,0.5319148936170213,0.1150945892313798,5.0,100.0,0.0,28000.0,1.50280903719267,11.377774475792696,11.736077016252436,12.367345048436391,10.239995502805316,151180.0,0.1150945892313798
1506.0,9,1,400000.0,1,245000.0,1545,5,0,1.0,0,0,0.0,0,0,0.0,0.0,0.0,0,0.0,100000,35.0,0.0,0,1,2021,0.0,0.0,245000.0,,0.6125,0,0.0,8333.333333333334,0.1853999999999999,0.0,0.0,,,,0.0,0.0,0.0,245000.0,400000.0,0.6125,0.1853999999999999,0.0,0.0,0.0,0.0,,0.0,12.409017571151187,12.899222326086994,0.0,100000.0,0.18539999999999998
1514.0,9,1,450000.0,1,45000.0,950,5,0,4.0,0,0,1.0,0,0,3.0,5.0,0.0,1,96000.0,241042,64.0,59.0,0,1,2021,6854.639999999999,6854.639999999999,45000.0,0.7616266666666666,0.1,0,0.0,20086.83333333333,0.0472946623410028,6854.639999999999,6854.639999999999,0.7616266666666666,0.7616266666666666,0.7616266666666666,6854.639999999999,6854.639999999999,6854.639999999999,45000.0,450000.0,0.1,0.0472946623410028,3.0,5.0,0.0,96000.0,0.5662376246252612,8.832826950147524,10.714439990727769,13.017005083966255,11.472113887062386,241042.0,0.04729466234100282
1515.0,44,1,500000.0,1,280000.0,1640,5,0,1.0,0,0,1.0,0,0,6.0,0.0,0.0,1,70000.0,103000,42.0,42.0,0,1,2021,5425.68,5425.68,280000.0,0.0968871428571428,0.56,0,0.0,8583.333333333334,0.1910679611650485,5425.68,5425.68,0.0968871428571428,0.0968871428571428,0.0968871428571428,5425.68,5425.68,5425.68,280000.0,500000.0,0.56,0.1910679611650485,6.0,0.0,0.0,70000.0,0.0924762980218874,8.59908280788786,12.54254845357358,13.122365377402328,11.156264806643742,103000.0,0.19106796116504854
1526.0,45,1,154000.0,1,80000.0,889,1,5,6.0,0,0,0.0,0,0,0.0,0.0,0.0,0,0.0,47000,30.0,0.0,0,1,2021,0.0,0.0,80000.0,,0.5194805194805194,0,1.0,3916.6666666666665,0.2269787234042553,0.0,0.0,,,,0.0,0.0,0.0,80000.0,154000.0,0.5194805194805194,0.2269787234042553,0.0,0.0,0.0,0.0,,0.0,11.289794413577894,11.944714374881176,0.0,47000.0,0.22697872340425532
1532.0,4,1,1400000.0,1,440000.0,3500,5,0,1.0,0,0,1.0,0,0,5.0,0.0,0.0,1,85000.0,484940,50.0,51.0,0,1,2021,4521.400000000001,4521.400000000001,440000.0,0.0513795454545454,0.3142857142857143,0,0.0,40411.66666666666,0.0866086526168185,4521.400000000001,4521.400000000001,0.0513795454545454,0.0513795454545454,0.0513795454545454,4521.400000000001,4521.400000000001,4521.400000000001,440000.0,1400000.0,0.3142857142857143,0.0866086526168185,5.0,0.0,0.0,85000.0,0.0501031546339273,8.416798105361082,12.994532278619134,14.151983508870948,11.350418300109132,484940.0,0.08660865261681858
1533.0,4,1,215000.0,1,178000.0,1291,5,0,1.0,0,0,1.0,0,0,25.0,55.0,0.0,1,25000.0,82524,36.0,34.0,1,1,2021,68166.8,68166.8,178000.0,1.9147977528089888,0.827906976744186,0,0.0,6877.0,0.1877272066307983,68166.8,68166.8,1.9147977528089888,1.9147977528089888,1.9147977528089888,68166.8,68166.8,68166.8,178000.0,215000.0,0.827906976744186,0.1877272066307983,25.0,55.0,0.0,25000.0,1.0698004358547897,11.129727591575543,12.08954444723597,12.278397958261774,10.12667110305036,82524.0,0.1877272066307983
1536.0,2,1,400000.0,1,204000.0,1060,5,0,1.0,0,0,1.0,0,0,5.0,80.0,0.0,1,48000.0,120006,35.0,32.0,1,1,2021,70790.20000000001,70790.20000000001,204000.0,1.7350539215686278,0.51,0,0.0,10000.5,0.1059947002649867,70790.20000000001,70790.20000000001,1.7350539215686278,1.7350539215686278,1.7350539215686278,70790.20000000001,70790.20000000001,70790.20000000001,204000.0,400000.0,0.51,0.1059947002649867,5.0,80.0,0.0,48000.0,1.0061511510611814,11.167489978171387,12.225880174775122,12.899222326086994,10.778977123006351,120006.0,0.10599470026498675
1538.0,32,1,250000.0,1,165000.0,1029,5,0,1.0,0,0,1.0,0,0,14.0,0.0,0.0,1,34000.0,110000,24.0,25.0,0,1,2021,12659.92,12659.92,165000.0,0.3836339393939394,0.66,0,0.0,9166.666666666666,0.1122545454545454,12659.92,12659.92,0.3836339393939394,0.3836339393939394,0.3836339393939394,12659.92,12659.92,12659.92,165000.0,250000.0,0.66,0.1122545454545454,14.0,0.0,0.0,34000.0,0.3247133275530386,9.446275362884068,12.013706813470414,12.429220196836384,10.434145214930489,110000.0,0.11225454545454547
1543.0,37,1,275000.0,1,100000.0,950,5,0,1.0,0,0,1.0,0,0,15.0,28.0,0.0,1,87000.0,174000,47.0,45.0,3,1,2021,36758.28,36758.28,100000.0,1.837914,0.3636363636363636,0,0.0,14500.0,0.0655172413793103,36758.28,36758.28,1.837914,1.837914,1.837914,36758.28,36758.28,36758.28,100000.0,275000.0,0.3636363636363636,0.0655172413793103,15.0,28.0,0.0,87000.0,1.043069275248402,10.512145989770731,11.51293546492023,12.524530013005734,11.373674891823535,174000.0,0.06551724137931035
1545.0,31,1,335000.0,1,206000.0,1800,5,0,4.0,0,0,0.0,0,0,0.0,0.0,0.0,0,0.0,81280,57.0,0.0,0,1,2021,0.0,0.0,206000.0,,0.6149253731343284,0,0.0,6773.333333333333,0.265748031496063,0.0,0.0,,,,0.0,0.0,0.0,206000.0,335000.0,0.6149253731343284,0.265748031496063,0.0,0.0,0.0,0.0,,0.0,12.235636302128867,12.721888795877376,0.0,81280.0,0.265748031496063
1551.0,41,1,260000.0,1,250000.0,1400,5,0,1.0,0,0,1.0,0,0,5.0,0.0,0.0,1,96000.0,121500,47.0,47.0,0,1,2021,4521.400000000001,4521.400000000001,250000.0,0.090428,0.9615384615384616,0,0.0,10125.0,0.1382716049382716,4521.400000000001,4521.400000000001,0.090428,0.090428,0.090428,4521.400000000001,4521.400000000001,4521.400000000001,250000.0,260000.0,0.9615384615384616,0.1382716049382716,5.0,0.0,0.0,96000.0,0.0865702797205315,8.416798105361082,12.429220196836384,12.468440756144114,11.472113887062386,121500.0,0.1382716049382716
1556.0,4,1,1700000.0,1,315000.0,1801,5,0,3.0,0,0,0.0,0,0,0.0,0.0,0.0,0,0.0,135440,55.0,0.0,0,1,2021,0.0,0.0,315000.0,,0.1852941176470588,0,0.0,11286.666666666666,0.159568812758417,0.0,0.0,,,,0.0,0.0,0.0,315000.0,1600000.0,0.1852941176470588,0.159568812758417,0.0,0.0,0.0,0.0,,0.0,12.660331092405906,14.285514812209817,0.0,135440.0,0.15956881275841703
1559.0,22,1,649000.0,1,180000.0,1600,5,0,1.0,0,0,4.0,0,0,8.0,0.0,0.0,5,0.0,177200,61.0,52.0,0,1,2021,7234.24,7234.24,180000.0,0.2009511111111111,0.2773497688751926,0,0.0,14766.666666666666,0.1083521444695259,7234.24,7234.24,0.2009511111111111,0.2009511111111111,0.2009511111111111,7234.24,7234.24,7234.24,180000.0,649000.0,0.2773497688751926,0.1083521444695259,8.0,0.0,0.0,0.0,0.1831138354509094,8.88671881059557,12.100717685412471,13.38318953651709,0.0,177200.0,0.10835214446952596
1568.0,37,1,200000.0,1,27000.0,444,5,0,1.0,0,0,0.0,0,0,0.0,0.0,0.0,0,0.0,31340,72.0,0.0,0,1,2021,0.0,0.0,27000.0,,0.135,0,0.0,2611.6666666666665,0.1700063816209317,0.0,0.0,,,,0.0,0.0,0.0,27000.0,200000.0,0.135,0.1700063816209317,0.0,0.0,0.0,0.0,,0.0,10.203629181337648,12.206077645517674,0.0,31340.0,0.17000638162093173
1575.0,42,1,80000.0,1,72022.0,871,5,0,1.0,0,0,6.0,0,0,42.0,42.0,0.0,5,0.0,37000,40.0,37.0,2,1,2021,72770.88,72770.88,72022.0,5.05198966982311,0.900275,1,0.0,3083.333333333333,0.2824864864864865,72770.88,72770.88,5.05198966982311,5.05198966982311,5.05198966982311,72770.88,72770.88,72770.88,72022.0,80000.0,0.900275,0.2824864864864865,42.0,42.0,0.0,0.0,1.8003870890216636,11.195084895829462,11.184740791431125,11.289794413577894,0.0,37000.0,0.2824864864864865
1577.0,9,1,400000.0,1,350000.0,1775,5,0,1.0,0,0,6.0,0,0,40.0,168.0,0.0,5,0.0,72800,32.0,30.0,2,1,2021,175335.68,175335.68,350000.0,2.5047954285714287,0.875,1,0.0,6066.666666666667,0.2925824175824175,175335.68,175335.68,2.5047954285714287,2.5047954285714287,2.5047954285714287,146952.9672,146952.9672,146952.9672,350000.0,400000.0,0.875,0.2925824175824175,40.0,168.0,0.0,0.0,1.2541321531830525,11.897874668420387,12.765691290604371,12.899222326086994,0.0,72800.0,0.29258241758241754
1580.0,32,1,155000.0,1,95000.0,870,5,0,1.0,0,0,1.0,0,0,10.0,15.0,0.0,1,17500.0,52650,39.0,39.0,1,1,2021,21468.2,21468.2,95000.0,1.1299052631578947,0.6129032258064516,0,0.0,4387.5,0.1982905982905982,21468.2,21468.2,1.1299052631578947,1.1299052631578947,1.1299052631578947,21468.2,21468.2,21468.2,95000.0,155000.0,0.6129032258064516,0.1982905982905982,10.0,15.0,0.0,17500.0,0.7560775013415255,9.974374628883778,11.461642696843066,11.951186847493476,9.770013301136158,52650.0,0.19829059829059828
1581.0,0,1,650000.0,1,380000.0,1600,5,0,1.0,0,0,6.0,0,0,4.0,0.0,0.0,1,40000.0,131967,31.0,30.0,0,1,2021,3617.12,3617.12,380000.0,0.0475936842105263,0.5846153846153846,1,0.0,10997.25,0.1454909181840915,3617.12,3617.12,0.0475936842105263,0.0475936842105263,0.0475936842105263,3617.12,3617.12,3617.12,380000.0,650000.0,0.5846153846153846,0.1454909181840915,4.0,0.0,0.0,40000.0,0.0464958048154975,8.193709832901066,12.847929163278051,13.384729180332174,10.59665973278358,131967.0,0.1454909181840915
1582.0,41,1,185000.0,1,45000.0,527,5,0,1.0,0,0,1.0,0,0,5.0,85.0,0.0,1,45000.0,105000,35.0,33.0,1,1,2021,74932.0,74932.0,45000.0,8.325777777777779,0.2432432432432432,0,0.0,8750.0,0.0602285714285714,74932.0,74932.0,8.325777777777779,8.325777777777779,8.325777777777779,74932.0,74932.0,74932.0,45000.0,185000.0,0.2432432432432432,0.0602285714285714,5.0,85.0,0.0,45000.0,2.232782369856229,11.224349659925092,10.714439990727769,12.128116509451258,10.714439990727769,105000.0,0.06022857142857143
1584.0,3,1,118000.0,1,39077.0,652,5,0,1.0,0,0,0.0,0,0,0.0,0.0,0.0,0,0.0,44600,56.0,0.0,1,1,2021,0.0,0.0,39077.0,,0.3311610169491525,0,0.0,3716.6666666666665,0.1754260089686098,0.0,0.0,,,,0.0,0.0,0.0,39077.0,118000.0,0.3311610169491525,0.1754260089686098,0.0,0.0,0.0,0.0,,0.0,10.573314927774456,11.678448377988165,0.0,44600.0,0.17542600896860988
1591.0,31,1,400008.0,1,320000.0,1700,5,0,4.0,0,0,0.0,0,0,0.0,0.0,0.0,0,0.0,124050,62.0,0.0,0,1,2021,0.0,0.0,320000.0,,0.7999840003199936,0,0.0,10337.5,0.1644498186215235,0.0,0.0,,,,0.0,0.0,0.0,320000.0,400008.0,0.7999840003199936,0.1644498186215235,0.0,0.0,0.0,0.0,,0.0,12.676079399771028,12.899242325836996,0.0,124050.0,0.16444981862152358
1592.0,41,1,222000.0,1,103778.0,635,5,0,1.0,0,0,0.0,0,0,0.0,0.0,0.0,0,0.0,53075,33.0,0.0,1,1,2021,0.0,0.0,103778.0,,0.4674684684684684,0,0.0,4422.916666666667,0.1435704192180876,0.0,0.0,,,,0.0,0.0,0.0,103778.0,222000.0,0.4674684684684684,0.1435704192180876,0.0,0.0,0.0,0.0,,0.0,11.550018917107336,12.310437165348777,0.0,53075.0,0.1435704192180876
1595.0,32,1,415000.0,1,300000.0,1600,5,0,1.0,0,0,1.0,0,0,7.0,118.0,0.0,1,50000.0,136350,32.0,33.0,2,1,2021,104076.44,104076.44,300000.0,1.7346073333333334,0.7228915662650602,0,0.0,11362.5,0.1408140814081408,104076.44,104076.44,1.7346073333333334,1.7346073333333334,1.7346073333333334,104076.44,104076.44,104076.44,300000.0,415000.0,0.7228915662650602,0.1408140814081408,7.0,118.0,0.0,50000.0,1.005987854573346,11.55289051641963,12.611541086966117,12.936036208848488,10.819798284210286,136350.0,0.1408140814081408
1596.0,32,1,425000.0,1,350000.0,2150,5,0,1.0,0,0,1.0,0,0,10.0,10.0,0.0,5,0.0,91006,46.0,42.0,2,1,2021,17326.4,17326.4,350000.0,0.24752,0.8235294117647058,0,0.0,7583.833333333333,0.2834977913544162,17326.4,17326.4,0.24752,0.24752,0.24752,17326.4,17326.4,17326.4,350000.0,425000.0,0.8235294117647058,0.2834977913544162,10.0,10.0,0.0,0.0,0.2211575805791527,9.760044342602496,12.765691290604371,12.959846800844964,0.0,91006.0,0.2834977913544162
1609.0,37,1,170000.0,1,1200.0,115,5,0,4.0,0,0,4.0,6,0,30.0,0.0,0.0,5,0.0,55400,68.0,63.0,0,1,2021,27128.4,27128.4,1200.0,113.035,0.0070588235294117,0,0.0,4616.666666666667,0.0249097472924187,27128.4,27128.4,113.035,22.38556666666665,22.38556666666665,27128.4,27128.4,27128.4,6000.0,170000.0,0.0315099999999999,0.0249097472924187,30.0,0.0,0.0,0.0,3.152119022941844,10.208373289669389,8.699681400989514,12.04355959836804,0.0,55400.0,0.02490974729241877
1617.0,21,1,150000.0,1,35000.0,425,5,0,1.0,0,0,0.0,0,0,0.0,0.0,0.0,0,0.0,82010,60.0,0.0,0,1,2021,0.0,0.0,35000.0,,0.2333333333333333,0,0.0,6834.166666666667,0.0621875381051091,0.0,0.0,,,,0.0,0.0,0.0,35000.0,150000.0,0.2333333333333333,0.0621875381051091,0.0,0.0,0.0,0.0,,0.0,10.463131911491969,11.918397239722838,0.0,82010.0,0.06218753810510913
1621.0,45,1,500000.0,1,70000.0,700,5,0,1.0,0,0,0.0,0,0,0.0,0.0,0.0,0,0.0,120450,61.0,0.0,0,1,2021,0.0,0.0,70000.0,,0.14,0,0.0,10037.5,0.0697384806973848,0.0,0.0,,,,0.0,0.0,0.0,70000.0,500000.0,0.14,0.0697384806973848,0.0,0.0,0.0,0.0,,0.0,11.156264806643742,13.122365377402328,0.0,120450.0,0.06973848069738481
1629.0,21,1,350000.0,1,32000.0,890,5,0,1.0,0,0,6.0,0,0,21.0,50.0,0.0,5,0.0,155000,34.0,33.0,3,1,2021,60407.880000000005,60407.880000000005,32000.0,9.43873125,0.0914285714285714,1,0.0,12916.666666666666,0.0689032258064516,60407.880000000005,60407.880000000005,9.43873125,9.43873125,9.43873125,60407.880000000005,60407.880000000005,60407.880000000005,32000.0,350000.0,0.0914285714285714,0.0689032258064516,21.0,50.0,0.0,0.0,2.345523047291616,11.008891392984095,10.373522431293592,12.765691290604371,0.0,155000.0,0.06890322580645161
1657.0,13,1,75000.0,1,35405.0,489,5,0,4.0,6,0,0.0,0,0,0.0,0.0,0.0,0,0.0,86656,69.0,0.0,1,1,2021,0.0,0.0,35405.0,,0.4720666666666667,0,0.0,7221.333333333333,0.0677160265878877,0.0,0.0,,,,0.0,0.0,0.0,35405.0,75000.0,0.4720666666666667,0.0677160265878877,0.0,0.0,0.0,0.0,,0.0,10.474636576285224,11.225256725762891,0.0,86656.0,0.06771602658788774
1659.0,4,1,1050000.0,1,455000.0,4967,5,0,1.0,0,0,1.0,0,0,15.0,20.0,0.0,1,15000.0,168000,48.0,48.0,1,1,2021,30131.4,30131.4,455000.0,0.3311142857142857,0.4333333333333333,0,0.0,14000.0,0.3547857142857142,30131.4,30131.4,0.3311142857142857,0.3311142857142857,0.3311142857142857,30131.4,30131.4,30131.4,455000.0,1050000.0,0.4333333333333333,0.3547857142857142,15.0,20.0,0.0,15000.0,0.2860164002754997,10.313356283781143,13.02805489573287,13.864301674514206,9.61587214452889,168000.0,0.35478571428571426
1662.0,48,1,275000.0,1,70000.0,768,5,0,1.0,0,0,1.0,0,0,9.0,168.0,0.0,1,65000.0,115100,45.0,42.0,2,1,2021,147303.0,147303.0,70000.0,10.521642857142858,0.2545454545454545,0,0.0,9591.666666666666,0.0800695047784535,147303.0,147303.0,10.521642857142858,10.521642857142858,10.521642857142858,146952.9672,146952.9672,146952.9672,70000.0,275000.0,0.2545454545454545,0.0800695047784535,9.0,168.0,0.0,65000.0,2.4442272542270147,11.897874668420387,11.156264806643742,12.524530013005734,11.082157933374816,115100.0,0.08006950477845352
1670.0,46,1,550000.0,1,230000.0,1200,5,0,4.0,0,0,1.0,0,0,5.0,0.0,0.0,1,7000.0,145530,64.0,57.0,0,1,2021,4521.400000000001,4521.400000000001,230000.0,0.0982913043478261,0.4181818181818181,0,0.0,12127.5,0.0989486703772418,4521.400000000001,4521.400000000001,0.0982913043478261,0.0982913043478261,0.0982913043478261,4521.400000000001,4521.400000000001,4521.400000000001,230000.0,550000.0,0.4181818181818181,0.0989486703772418,5.0,0.0,0.0,7000.0,0.0937556124065386,8.416798105361082,12.345838935721968,13.21767537538882,8.853808274977197,145530.0,0.09894867037724181
1672.0,9,1,350000.0,1,250000.0,1400,5,0,6.0,0,0,1.0,0,0,4.0,0.0,0.0,1,37000.0,37000,50.0,47.0,2,1,2021,3617.12,3617.12,250000.0,0.0723424,0.7142857142857143,0,0.0,3083.333333333333,0.454054054054054,3617.12,3617.12,0.0723424,0.0723424,0.0723424,3617.12,3617.12,3617.12,250000.0,350000.0,0.7142857142857143,0.454054054054054,4.0,0.0,0.0,37000.0,0.0698454146354104,8.193709832901066,12.429220196836384,12.765691290604371,10.518700218288163,37000.0,0.454054054054054
1673.0,34,1,320000.0,1,223000.0,1100,5,0,1.0,0,0,1.0,0,0,12.0,70.0,0.0,5,0.0,260000,36.0,37.0,2,1,2021,68836.56,68836.56,223000.0,1.5434206278026903,0.696875,0,0.0,21666.666666666668,0.0507692307692307,68836.56,68836.56,1.5434206278026903,1.5434206278026903,1.5434206278026903,68836.56,68836.56,68836.56,223000.0,320000.0,0.696875,0.0507692307692307,12.0,70.0,0.0,0.0,0.9335098788974407,11.139504805188295,12.314931534737134,12.676079399771028,0.0,260000.0,0.05076923076923077
1677.0,4,1,1000000.0,1,210792.0,2681,5,0,4.0,0,0,,0,0,10.0,0.0,0.0,1,30614.0,80082,66.0,55.0,0,1,2021,9042.8,9042.8,210792.0,0.2144958062924589,0.210792,0,0.0,6673.5,0.4017382183262156,9042.8,9042.8,0.2144958062924589,0.2144958062924589,0.2144958062924589,9042.8,9042.8,9042.8,210792.0,1000000.0,0.210792,0.4017382183262156,10.0,0.0,0.0,30614.0,0.1943290164219825,9.10983471904454,12.258631888266866,13.815511557963774,10.329245363912056,80082.0,0.40173821832621565
1717.0,45,1,200000.0,1,70000.0,1600,5,0,1.0,0,0,0.0,0,0,0.0,0.0,0.0,0,0.0,75000,57.0,0.0,0,1,2021,0.0,0.0,70000.0,,0.35,0,0.0,6250.0,0.256,0.0,0.0,,,,0.0,0.0,0.0,70000.0,200000.0,0.35,0.256,0.0,0.0,0.0,0.0,,0.0,11.156264806643742,12.206077645517674,0.0,75000.0,0.256
1722.0,32,1,1800000.0,1,550000.0,4200,5,0,1.0,0,0,1.0,0,0,3.0,5.0,,1,325000.0,933000,49.0,52.0,2,1,2021,6854.639999999999,6854.639999999999,550000.0,0.062314909090909,0.3055555555555556,0,0.0,77750.0,0.0540192926045016,6854.639999999999,6854.639999999999,0.062314909090909,0.062314909090909,0.062314909090909,6854.639999999999,6854.639999999999,6854.639999999999,550000.0,1600000.0,0.3055555555555556,0.0540192926045016,3.0,5.0,,200000.0,0.0604504034327372,8.832826950147524,13.21767537538882,14.285514812209817,12.206077645517674,933000.0,0.054019292604501605
1731.0,10,1,500000.0,1,500000.0,2900,5,0,1.0,0,0,1.0,0,0,10.0,30.0,0.0,1,112000.0,276000,53.0,50.0,1,1,2021,33893.6,33893.6,500000.0,0.3389359999999999,1.0,0,0.0,23000.0,0.1260869565217391,33893.6,33893.6,0.3389359999999999,0.3389359999999999,0.3389359999999999,33893.6,33893.6,33893.6,500000.0,500000.0,1.0,0.1260869565217391,10.0,30.0,0.0,112000.0,0.2918752687033981,10.43101098864482,13.122365377402328,13.122365377402328,11.6262630788088,276000.0,0.12608695652173912
1735.0,13,1,145000.0,1,90000.0,540,5,0,1.0,0,0,1.0,0,0,15.0,0.0,0.0,1,101000.0,211000,52.0,43.0,0,1,2021,13564.2,13564.2,90000.0,0.7535666666666667,0.6206896551724138,0,0.0,17583.333333333332,0.0307109004739336,13564.2,13564.2,0.7535666666666667,0.7535666666666667,0.7535666666666667,13564.2,13564.2,13564.2,90000.0,145000.0,0.6206896551724138,0.0307109004739336,15.0,0.0,0.0,101000.0,0.5616518090750802,9.515262968810363,11.407576060361786,11.884495917930655,11.52288569676448,211000.0,0.030710900473933652
1736.0,29,1,650000.0,1,500000.0,3300,5,0,1.0,0,0,1.0,0,0,,,,1,135000.0,204000,32.0,33.0,1,1,2021,0.0,0.0,500000.0,,0.7692307692307693,0,0.0,17000.0,0.1941176470588235,0.0,0.0,,,,0.0,0.0,0.0,500000.0,650000.0,0.7692307692307693,0.1941176470588235,,,,135000.0,,0.0,13.122365377402328,13.384729180332174,11.81303746480054,204000.0,0.19411764705882353
1737.0,21,1,435000.0,1,253636.0,2090,5,0,1.0,0,0,1.0,0,0,14.0,1.0,40.0,1,1000.0,144613,62.0,57.0,0,1,2021,60579.48,60579.48,253636.0,1.1942208519295368,0.5830712643678161,0,0.0,12051.083333333334,0.1734283916383727,60579.48,60579.48,1.1942208519295368,1.1942208519295368,1.1942208519295368,60579.48,60579.48,60579.48,253636.0,435000.0,0.5830712643678161,0.1734283916383727,14.0,1.0,20.0,1000.0,0.7858270185597884,11.011728007956904,12.443659389956604,12.983103608918752,6.90875477931522,144613.0,0.17342839163837276
1742.0,2,1,250000.0,1,115000.0,600,5,0,1.0,0,0,0.0,0,0,0.0,0.0,0.0,0,0.0,30000,30.0,0.0,2,1,2021,0.0,0.0,115000.0,,0.46,0,0.0,2500.0,0.24,0.0,0.0,,,,0.0,0.0,0.0,115000.0,250000.0,0.46,0.24,0.0,0.0,0.0,0.0,,0.0,11.652696102959752,12.429220196836384,0.0,30000.0,0.24
1753.0,34,1,340000.0,1,48000.0,1200,5,0,1.0,0,0,1.0,0,0,5.0,0.0,0.0,1,101128.0,145428,51.0,52.0,0,1,2021,4521.400000000001,4521.400000000001,48000.0,0.4709791666666667,0.1411764705882353,0,0.0,12119.0,0.0990180707979206,4521.400000000001,4521.400000000001,0.4709791666666667,0.4709791666666667,0.4709791666666667,4521.400000000001,4521.400000000001,4521.400000000001,48000.0,340000.0,0.1411764705882353,0.0990180707979206,5.0,0.0,0.0,101128.0,0.3859282788178981,8.416798105361082,10.778977123006351,12.73670383776449,11.524152208584695,145428.0,0.09901807079792062
1762.0,22,1,515000.0,1,195000.0,1000,5,0,1.0,0,0,1.0,0,0,12.0,20.0,0.0,1,63000.0,156806,45.0,40.0,3,1,2021,27418.56,27418.56,195000.0,0.7030399999999999,0.3786407766990291,0,0.0,13067.166666666666,0.076527683889647,27418.56,27418.56,0.7030399999999999,0.7030399999999999,0.7030399999999999,27418.56,27418.56,27418.56,195000.0,515000.0,0.3786407766990291,0.076527683889647,12.0,20.0,0.0,63000.0,0.5324148893671325,10.2190119063063,12.180759965737863,13.15192412139156,11.050905878263569,156806.0,0.07652768388964708
1768.0,29,1,260000.0,1,120000.0,1500,5,0,1.0,0,0,1.0,0,0,1.0,,,1,60000.0,132602,52.0,41.0,3,1,2021,904.28,904.28,120000.0,0.0376783333333333,0.4615384615384615,0,0.0,11050.166666666666,0.1357445589055972,904.28,904.28,0.0376783333333333,0.0376783333333333,0.0376783333333333,904.28,904.28,904.28,120000.0,260000.0,0.4615384615384615,0.1357445589055972,1.0,,,60000.0,0.0369858459019447,6.808244288113202,11.695255355062796,12.468440756144114,11.002116507732016,132602.0,0.1357445589055972
1770.0,39,1,450000.0,1,96000.0,360,5,0,1.0,0,0,6.0,0,0,20.0,98.0,0.0,5,0.0,44006,39.0,45.0,4,1,2021,99264.88,99264.88,96000.0,5.170045833333333,0.2133333333333333,1,0.0,3667.1666666666665,0.0981684315775121,99264.88,99264.88,5.170045833333333,5.170045833333333,5.170045833333333,99264.88,99264.88,99264.88,96000.0,450000.0,0.2133333333333333,0.0981684315775121,20.0,98.0,0.0,0.0,1.8197062663067776,11.505557185750805,11.472113887062386,13.017005083966255,0.0,44006.0,0.09816843157751216
1790.0,9,1,600000.0,1,410000.0,2500,5,0,1.0,0,0,1.0,0,0,5.0,20.0,3.0,1,,195081,41.0,40.0,2,1,2021,24620.44,24620.44,410000.0,0.3002492682926829,0.6833333333333333,0,0.0,16256.75,0.1537822750549771,24620.44,24620.44,0.3002492682926829,0.3002492682926829,0.3002492682926829,24620.44,24620.44,24620.44,410000.0,600000.0,0.6833333333333333,0.1537822750549771,5.0,20.0,3.0,,0.2625559909273239,10.111372887061334,12.923914877701906,13.304686600863562,,195081.0,0.15378227505497716
1811.0,31,1,700000.0,1,317000.0,2229,5,0,1.0,0,0,3.0,0,0,14.0,14.0,0.0,1,6000.0,117700,56.0,55.0,1,1,2021,24256.96,24256.96,317000.0,0.3826018927444795,0.4528571428571428,0,0.0,9808.333333333334,0.2272557349192863,24256.96,24256.96,0.3826018927444795,0.3826018927444795,0.3826018927444795,24256.96,24256.96,24256.96,317000.0,700000.0,0.4528571428571428,0.2272557349192863,14.0,14.0,0.0,6000.0,0.3239671535028334,10.096500089926913,12.666660207428574,13.45883704259595,8.699681400989514,117700.0,0.2272557349192863
1817.0,4,1,280000.0,1,227916.0,1426,5,0,1.0,0,0,1.0,0,0,,,,1,32000.0,67000,37.0,36.0,1,1,2021,0.0,0.0,227916.0,,0.8139857142857143,0,0.0,5583.333333333333,0.2554029850746269,0.0,0.0,,,,0.0,0.0,0.0,227916.0,280000.0,0.8139857142857143,0.2554029850746269,,,,32000.0,,0.0,12.336736806572,12.54254845357358,10.373522431293592,67000.0,0.2554029850746269
1818.0,9,1,800000.0,1,425000.0,3000,5,0,1.0,0,0,1.0,0,0,10.0,35.0,,1,,251122,46.0,38.0,2,1,2021,38035.4,38035.4,425000.0,0.4474752941176469,0.53125,0,0.0,20926.83333333333,0.1433566155095929,38035.4,38035.4,0.4474752941176469,0.4474752941176469,0.4474752941176469,38035.4,38035.4,38035.4,425000.0,800000.0,0.53125,0.1433566155095929,10.0,35.0,,,0.3698208623522705,10.546298874956967,12.959846800844964,13.592368256649284,,251122.0,0.14335661550959294
1824.0,5,1,715000.0,1,500000.0,3600,5,0,1.0,0,0,1.0,0,0,14.0,14.0,0.0,1,86000.0,261960,42.0,39.0,2,1,2021,24256.96,24256.96,500000.0,0.2425696,0.6993006993006993,0,0.0,21830.0,0.1649106733852496,24256.96,24256.96,0.2425696,0.2425696,0.2425696,24256.96,24256.96,24256.96,500000.0,715000.0,0.6993006993006993,0.1649106733852496,14.0,14.0,0.0,86000.0,0.2171814935163832,10.096500089926913,13.122365377402328,13.480039220276565,11.362114203075018,261960.0,0.16491067338524965
1852.0,32,1,325000.0,1,233000.0,1659,5,0,1.0,0,0,1.0,0,0,5.0,30.0,0.0,1,2500.0,126740,34.0,36.0,3,1,2021,29372.2,29372.2,233000.0,0.630304721030043,0.7169230769230769,0,0.0,10561.666666666666,0.1570774814581032,29372.2,29372.2,0.630304721030043,0.630304721030043,0.630304721030043,29372.2,29372.2,29372.2,233000.0,325000.0,0.7169230769230769,0.1570774814581032,5.0,30.0,0.0,2500.0,0.4887669427637582,10.287837972973229,12.358798024384122,12.691583538230216,7.824445930877619,126740.0,0.1570774814581032
1859.0,29,1,350000.0,1,210000.0,1700,5,0,1.0,0,0,1.0,0,0,10.0,1.0,0.0,1,65000.0,169000,45.0,44.0,2,1,2021,9871.16,9871.16,210000.0,0.235027619047619,0.6,0,0.0,14083.333333333334,0.1207100591715976,9871.16,9871.16,0.235027619047619,0.235027619047619,0.235027619047619,9871.16,9871.16,9871.16,210000.0,350000.0,0.6,0.1207100591715976,10.0,1.0,0.0,65000.0,0.2110933334311898,9.19747395346926,12.25486757159303,12.765691290604371,11.082157933374816,169000.0,0.12071005917159763
1862.0,32,1,850000.0,1,261000.0,2119,5,0,1.0,0,0,6.0,0,0,28.0,0.0,7.0,5,0.0,222600,54.0,55.0,0,1,2021,33560.8,33560.8,261000.0,0.6429272030651342,0.3070588235294118,1,0.0,18550.0,0.1142318059299191,33560.8,33560.8,0.6429272030651342,0.6429272030651342,0.6429272030651342,33560.8,33560.8,33560.8,261000.0,850000.0,0.3070588235294118,0.1142318059299191,28.0,0.0,7.0,0.0,0.4964795307485989,10.421143794422916,12.472279517715116,13.652992804936396,0.0,222600.0,0.11423180592991913
1878.0,42,1,380000.0,1,168000.0,1450,5,0,1.0,0,0,6.0,0,0,20.0,,,5,0.0,135560,37.0,35.0,0,1,2021,18085.6,18085.6,168000.0,0.5382619047619048,0.4421052631578947,1,0.0,11296.666666666666,0.1283564473295957,18085.6,18085.6,0.5382619047619048,0.5382619047619048,0.5382619047619048,18085.6,18085.6,18085.6,168000.0,380000.0,0.4421052631578947,0.1283564473295957,20.0,,,0.0,0.430653145767888,9.802926611581514,12.031725210748633,12.847929163278051,0.0,135560.0,0.12835644732959575
1887.0,32,1,750000.0,1,481000.0,2308,5,0,1.0,0,0,1.0,0,0,21.0,14.0,0.0,5,0.0,258443,43.0,44.0,2,1,2021,30586.92,30586.92,481000.0,0.3179513513513514,0.6413333333333333,0,0.0,21536.916666666668,0.1071648293821074,30586.92,30586.92,0.3179513513513514,0.3179513513513514,0.3179513513513514,30586.92,30586.92,30586.92,481000.0,750000.0,0.6413333333333333,0.1071648293821074,21.0,14.0,0.0,0.0,0.2760785244365332,10.32836043875596,13.083624628087817,13.527829818844936,0.0,258443.0,0.10716482938210746
1892.0,37,1,250000.0,1,132000.0,500,5,0,3.0,0,0,6.0,0,0,20.0,20.0,0.0,5,0.0,97000,48.0,46.0,2,1,2021,34652.8,34652.8,132000.0,1.3126060606060608,0.528,1,0.0,8083.333333333333,0.0618556701030927,34652.8,34652.8,1.3126060606060608,1.3126060606060608,1.3126060606060608,34652.8,34652.8,34652.8,132000.0,250000.0,0.528,0.0618556701030927,20.0,20.0,0.0,0.0,0.8383750533985841,10.45316266671461,11.790564777297387,12.429220196836384,0.0,97000.0,0.061855670103092786
1895.0,4,1,680000.0,1,365000.0,1450,5,0,1.0,0,0,6.0,0,0,28.0,84.0,0.0,5,0.0,124350,32.0,33.0,4,1,2021,94902.08,94902.08,365000.0,1.300028493150685,0.5367647058823529,1,0.0,10362.5,0.1399276236429433,94902.08,94902.08,1.300028493150685,1.300028493150685,1.300028493150685,94902.08,94902.08,94902.08,365000.0,680000.0,0.5367647058823529,0.1399276236429433,28.0,84.0,0.0,0.0,0.8329215111847541,11.460611439287376,12.807655372286902,13.429849547739444,0.0,124350.0,0.1399276236429433
1899.0,22,1,200000.0,1,99000.0,800,5,0,1.0,7,0,6.0,0,0,16.0,0.0,0.0,1,2000.0,90150,28.0,32.0,0,1,2021,14468.48,14468.48,99000.0,0.7307313131313131,0.495,1,0.0,7512.5,0.1064891846921797,14468.48,14468.48,0.7307313131313131,0.7307313131313131,0.7307313131313131,14468.48,14468.48,14468.48,99000.0,200000.0,0.495,0.1064891846921797,16.0,0.0,0.0,2000.0,0.54854404354028,9.579796882559622,11.502885230075814,12.206077645517674,7.601402334583733,90150.0,0.1064891846921797
1904.0,24,1,90000.0,1,50000.0,434,5,0,1.0,0,0,6.0,0,0,30.0,80.0,0.0,5,0.0,54926,45.0,47.0,2,1,2021,93397.2,93397.2,50000.0,9.339720000000002,0.5555555555555556,1,0.0,4577.166666666667,0.0948184830499217,93397.2,93397.2,9.339720000000002,9.339720000000002,9.339720000000002,93397.2,93397.2,93397.2,50000.0,90000.0,0.5555555555555556,0.0948184830499217,30.0,80.0,0.0,0.0,2.335992789409957,11.44462735208262,10.819798284210286,11.407576060361786,0.0,54926.0,0.0948184830499217
1905.0,21,1,550000.0,1,357000.0,2560,5,0,1.0,0,0,1.0,0,0,20.0,10.0,0.0,1,35000.0,335960,44.0,46.0,1,1,2021,26369.2,26369.2,357000.0,0.3693165266106443,0.649090909090909,0,0.0,27996.666666666668,0.0914394570782236,26369.2,26369.2,0.3693165266106443,0.3693165266106443,0.3693165266106443,26369.2,26369.2,26369.2,357000.0,550000.0,0.649090909090909,0.0914394570782236,20.0,10.0,0.0,35000.0,0.3143117296695046,10.179989863694756,12.7854938618783,13.21767537538882,10.463131911491969,335960.0,0.0914394570782236
1906.0,42,1,291490.0,1,238000.0,1600,5,0,1.0,0,0,1.0,0,0,4.0,60.0,0.0,1,89000.0,128250,32.0,34.0,2,1,2021,53318.72,53318.72,238000.0,1.1201411764705882,0.8164945624206662,0,0.0,10687.5,0.1497076023391813,53318.72,53318.72,1.1201411764705882,1.1201411764705882,1.1201411764705882,53318.72,53318.72,53318.72,238000.0,291490.0,0.8164945624206662,0.1497076023391813,4.0,60.0,0.0,89000.0,0.7514826791415331,10.884061522966029,12.380030154325455,12.582764409510457,11.39640288460621,128250.0,0.1497076023391813
1907.0,9,1,130000.0,1,84000.0,889,5,0,1.0,0,0,1.0,0,0,2.0,0.0,0.0,1,8000.0,67356,58.0,59.0,0,1,2021,1808.56,1808.56,84000.0,0.1076523809523809,0.6461538461538462,0,0.0,5613.0,0.1583823267414929,1808.56,1808.56,0.1076523809523809,0.1076523809523809,0.1076523809523809,1808.56,1808.56,1808.56,84000.0,130000.0,0.6461538461538462,0.1583823267414929,2.0,0.0,0.0,8000.0,0.1022428034972375,7.500839000785103,11.338583982516496,11.775297421715829,8.987321812850125,67356.0,0.15838232674149297
1908.0,4,1,2200000.0,1,820000.0,1933,5,0,1.0,0,0,1.0,0,0,,,,1,,690520,37.0,32.0,0,1,2021,0.0,0.0,820000.0,,0.3727272727272727,0,0.0,57543.333333333336,0.0335920755372762,0.0,0.0,,,,0.0,0.0,0.0,701100.0000000001,1600000.0,0.3727272727272727,0.0335920755372762,,,,,,0.0,13.460407235524094,14.285514812209817,,690520.0,0.03359207553727626
1914.0,4,1,796000.0,1,134000.0,2500,5,0,1.0,0,0,1.0,0,0,10.0,5.0,0.0,1,108000.0,250760,45.0,39.0,2,1,2021,13184.6,13184.6,134000.0,0.4919626865671642,0.1683417085427135,0,0.0,20896.666666666668,0.1196363056308821,13184.6,13184.6,0.4919626865671642,0.4919626865671642,0.4919626865671642,13184.6,13184.6,13184.6,134000.0,796000.0,0.1683417085427135,0.1196363056308821,10.0,5.0,0.0,108000.0,0.4000924924655976,9.48688060400912,11.80560254159177,13.587355721107135,11.58989576532275,250760.0,0.11963630563088211
1918.0,45,1,500000.0,1,290000.0,2300,5,0,1.0,0,0,5.0,0,0,2.0,5.0,0.0,5,0.0,188037,46.0,47.0,1,1,2021,5950.360000000001,5950.360000000001,290000.0,0.1025924137931034,0.58,0,0.0,15669.75,0.1467796231592718,5950.360000000001,5950.360000000001,0.1025924137931034,0.1025924137931034,0.1025924137931034,5950.360000000001,5950.360000000001,5950.360000000001,290000.0,500000.0,0.58,0.1467796231592718,2.0,5.0,0.0,0.0,0.0976641468605544,8.691375043849778,12.577639650232571,13.122365377402328,0.0,188037.0,0.14677962315927184
1920.0,37,1,250000.0,1,90000.0,700,5,0,1.0,0,0,1.0,0,0,10.0,2.0,0.0,1,24700.0,150300,61.0,54.0,1,1,2021,10699.52,10699.52,90000.0,0.5944177777777778,0.36,0,0.0,12525.0,0.0558882235528942,10699.52,10699.52,0.5944177777777778,0.5944177777777778,0.5944177777777778,10699.52,10699.52,10699.52,90000.0,250000.0,0.36,0.0558882235528942,10.0,2.0,0.0,24700.0,0.4665086399908748,9.278047617399988,11.407576060361786,12.429220196836384,10.1145990076265,150300.0,0.05588822355289421
2471.0,37,1,165000.0,1,88195.0,915,5,0,4.0,0,0,0.0,0,0,0.0,0.0,0.0,0,0.0,50481,69.0,0.0,0,1,2021,0.0,0.0,88195.0,,0.5345151515151515,0,0.0,4206.75,0.2175075771082189,0.0,0.0,,,,0.0,0.0,0.0,88195.0,165000.0,0.5345151515151515,0.2175075771082189,0.0,0.0,0.0,0.0,,0.0,11.387316889492553,12.013706813470414,0.0,50481.0,0.21750757710821894
2982.0,10,1,405000.0,1,273334.0,2051,5,0,1.0,0,0,0.0,0,0,0.0,0.0,0.0,0,0.0,98075,29.0,0.0,0,1,2021,0.0,0.0,273334.0,,0.6748987654320988,0,0.0,8172.916666666667,0.2509508029569207,0.0,0.0,,,,0.0,0.0,0.0,273334.0,405000.0,0.6748987654320988,0.2509508029569207,0.0,0.0,0.0,0.0,,0.0,12.51845342811471,12.91164481522143,0.0,98075.0,0.25095080295692074
2998.0,10,1,280000.0,1,200000.0,1400,5,0,1.0,0,0,1.0,0,0,3.0,148.0,0.0,1,75000.0,127000,49.0,45.0,1,1,2021,125310.12,125310.12,200000.0,3.132753,0.7142857142857143,0,0.0,10583.333333333334,0.1322834645669291,125310.12,125310.12,3.132753,3.132753,3.132753,125310.12,125310.12,125310.12,200000.0,280000.0,0.7142857142857143,0.1322834645669291,3.0,148.0,0.0,75000.0,1.4189437708596195,11.73855488395356,12.206077645517674,12.54254845357358,11.225256725762891,127000.0,0.13228346456692913
3201.0,45,1,115000.0,1,110000.0,850,5,0,1.0,0,0,6.0,7,0,10.0,168.0,0.0,5,0.0,45600,27.0,27.0,2,1,2021,148207.28,148207.28,110000.0,6.7366945454545455,0.9565217391304348,1,0.0,3800.0,0.2236842105263158,148207.28,148207.28,6.7366945454545455,6.7366945454545455,6.7366945454545455,146952.9672,146952.9672,146952.9672,110000.0,115000.0,0.9565217391304348,0.2236842105263158,10.0,168.0,0.0,0.0,2.045974535074201,11.897874668420387,11.60824473564232,11.652696102959752,0.0,45600.0,0.2236842105263158
3251.0,37,1,50000.0,1,9000.0,200,5,0,5.0,4,0,4.0,0,0,20.0,5.0,2.0,5,0.0,41184,74.0,73.0,2,1,2021,24581.96,24581.96,9000.0,13.656644444444444,0.18,0,0.0,3432.0,0.0582750582750582,24581.96,24581.96,13.656644444444444,13.656644444444444,13.656644444444444,24581.96,24581.96,24581.96,9000.0,50000.0,0.18,0.0582750582750582,20.0,5.0,2.0,0.0,2.6848937783381817,10.109808798977964,9.105090961257083,10.819798284210286,0.0,41184.0,0.05827505827505827
3267.0,34,1,340000.0,1,280000.0,2055,5,0,1.0,0,0,1.0,0,0,4.0,0.0,0.0,1,22000.0,124333,44.0,48.0,0,1,2021,3617.12,3617.12,280000.0,0.0645914285714285,0.8235294117647058,0,0.0,10361.083333333334,0.1983383333467381,3617.12,3617.12,0.0645914285714285,0.0645914285714285,0.0645914285714285,3617.12,3617.12,3617.12,280000.0,340000.0,0.8235294117647058,0.1983383333467381,4.0,0.0,0.0,22000.0,0.0625910904104018,8.193709832901066,12.54254845357358,12.73670383776449,9.99884318585288,124333.0,0.19833833334673817
3272.0,39,1,240000.0,1,125000.0,1300,5,0,1.0,0,0,1.0,0,0,5.0,0.0,0.0,1,29000.0,141150,29.0,29.0,0,1,2021,4521.400000000001,4521.400000000001,125000.0,0.180856,0.5208333333333334,0,0.0,11762.5,0.1105207226354941,4521.400000000001,4521.400000000001,0.180856,0.180856,0.180856,4521.400000000001,4521.400000000001,4521.400000000001,125000.0,240000.0,0.5208333333333334,0.1105207226354941,5.0,0.0,0.0,29000.0,0.1662395992137735,8.416798105361082,11.736077016252436,12.388398368982116,10.275085591132717,141150.0,0.11052072263549416
3274.0,32,1,160000.0,1,90000.0,626,9,0,1.0,0,0,0.0,0,0,0.0,0.0,0.0,0,0.0,21172,58.0,0.0,1,1,2021,0.0,0.0,90000.0,,0.5625,0,0.0,1764.3333333333333,0.35480823729454,0.0,0.0,,,,0.0,0.0,0.0,90000.0,160000.0,0.5625,0.35480823729454,0.0,0.0,0.0,0.0,,0.0,11.407576060361786,11.982935344196433,0.0,21172.0,0.35480823729454
3329.0,19,1,275000.0,1,133000.0,1500,5,0,1.0,0,0,1.0,0,0,5.0,0.0,0.0,1,56700.0,129200,55.0,54.0,0,1,2021,4521.400000000001,4521.400000000001,133000.0,0.1699774436090226,0.4836363636363636,0,0.0,10766.666666666666,0.1393188854489164,4521.400000000001,4521.400000000001,0.1699774436090226,0.1699774436090226,0.1699774436090226,4521.400000000001,4521.400000000001,4521.400000000001,133000.0,275000.0,0.4836363636363636,0.1393188854489164,5.0,0.0,0.0,56700.0,0.1569844696571757,8.416798105361082,11.798111925972618,12.524530013005734,10.945547126244623,129200.0,0.1393188854489164
3341.0,37,1,100000.0,1,70000.0,600,5,0,1.0,0,0,1.0,0,0,14.0,30.0,0.0,1,22000.0,87000,44.0,37.0,2,1,2021,37510.72,37510.72,70000.0,2.679337142857143,0.7,0,0.0,7250.0,0.0827586206896551,37510.72,37510.72,2.679337142857143,2.679337142857143,2.679337142857143,37510.72,37510.72,37510.72,70000.0,100000.0,0.7,0.0827586206896551,14.0,30.0,0.0,22000.0,1.3027326117329208,10.532408696463468,11.156264806643742,11.51293546492023,9.99884318585288,87000.0,0.08275862068965517
3515.0,10,1,900000.0,1,397000.0,1950,5,0,1.0,0,0,1.0,0,0,4.0,0.0,0.0,1,107250.0,325350,62.0,61.0,0,1,2021,3617.12,3617.12,397000.0,0.0455556675062972,0.4411111111111111,0,0.0,27112.5,0.0719225449515905,3617.12,3617.12,0.0455556675062972,0.0455556675062972,0.0455556675062972,3617.12,3617.12,3617.12,397000.0,900000.0,0.4411111111111111,0.0719225449515905,4.0,0.0,0.0,107250.0,0.044548483334036,8.193709832901066,12.891694078557842,13.71015115341694,11.58292716075612,325350.0,0.07192254495159059
3583.0,23,1,145000.0,1,115000.0,1050,1,5,1.0,0,0,1.0,0,0,24.0,56.0,0.0,1,17000.0,94500,42.0,33.0,3,1,2021,68090.88,68090.88,115000.0,2.960473043478261,0.7931034482758621,0,1.0,7875.0,0.1333333333333333,68090.88,68090.88,2.960473043478261,2.960473043478261,2.960473043478261,68090.88,68090.88,68090.88,115000.0,145000.0,0.7931034482758621,0.1333333333333333,24.0,56.0,0.0,17000.0,1.3763634735559611,11.128613248611344,11.652696102959752,11.884495917930655,9.741027444837728,94500.0,0.13333333333333333
3735.0,13,1,150000.0,1,70000.0,650,5,0,1.0,0,0,0.0,0,0,0.0,0.0,0.0,0,0.0,81500,34.0,0.0,0,1,2021,0.0,0.0,70000.0,,0.4666666666666667,0,0.0,6791.666666666667,0.0957055214723926,0.0,0.0,,,,0.0,0.0,0.0,70000.0,150000.0,0.4666666666666667,0.0957055214723926,0.0,0.0,0.0,0.0,,0.0,11.156264806643742,11.918397239722838,0.0,81500.0,0.09570552147239264
3738.0,31,1,750000.0,1,115000.0,563,5,0,1.0,0,0,0.0,0,0,0.0,0.0,0.0,0,0.0,174400,36.0,0.0,0,1,2021,0.0,0.0,115000.0,,0.1533333333333333,0,0.0,14533.333333333334,0.0387385321100917,0.0,0.0,,,,0.0,0.0,0.0,115000.0,750000.0,0.1533333333333333,0.0387385321100917,0.0,0.0,0.0,0.0,,0.0,11.652696102959752,13.527829818844936,0.0,174400.0,0.03873853211009174
3740.0,13,1,165000.0,1,75000.0,530,5,0,1.0,7,0,1.0,7,0,2.0,0.0,0.0,1,45000.0,88033,34.0,32.0,0,1,2021,1808.56,1808.56,75000.0,0.1205706666666666,0.4545454545454545,0,0.0,7336.083333333333,0.0722456351595424,1808.56,1808.56,0.1205706666666666,0.1205706666666666,0.1205706666666666,1808.56,1808.56,1808.56,75000.0,165000.0,0.4545454545454545,0.0722456351595424,2.0,0.0,0.0,45000.0,0.1138380793533471,7.500839000785103,11.225256725762891,12.013706813470414,10.714439990727769,88033.0,0.07224563515954245
3744.0,36,1,395000.0,1,232000.0,1450,5,0,1.0,0,0,1.0,0,0,6.0,0.0,0.0,1,35000.0,123800,50.0,50.0,0,1,2021,5425.68,5425.68,232000.0,0.1169327586206896,0.5873417721518988,0,0.0,10316.666666666666,0.1405492730210016,5425.68,5425.68,0.1169327586206896,0.1169327586206896,0.1169327586206896,5425.68,5425.68,5425.68,232000.0,395000.0,0.5873417721518988,0.1405492730210016,6.0,0.0,0.0,35000.0,0.1105863200841126,8.59908280788786,12.354496960983983,12.886643575525625,10.463131911491969,123800.0,0.14054927302100162
3753.0,41,1,150000.0,1,19235.0,657,5,0,1.0,0,0,0.0,0,0,0.0,0.0,0.0,0,0.0,21020,37.0,0.0,3,1,2021,0.0,0.0,19235.0,,0.1282333333333333,0,0.0,1751.6666666666667,0.3750713606089438,0.0,0.0,,,,0.0,0.0,0.0,19235.0,150000.0,0.1282333333333333,0.3750713606089438,0.0,0.0,0.0,0.0,,0.0,9.864538802397552,11.918397239722838,0.0,21020.0,0.37507136060894386
3823.0,41,1,420000.0,1,220000.0,1400,5,0,1.0,0,0,1.0,0,0,5.0,0.0,0.0,1,42000.0,98200,30.0,26.0,0,1,2021,4521.400000000001,4521.400000000001,220000.0,0.1027590909090909,0.5238095238095238,0,0.0,8183.333333333333,0.1710794297352342,4521.400000000001,4521.400000000001,0.1027590909090909,0.1027590909090909,0.1027590909090909,4521.400000000001,4521.400000000001,4521.400000000001,220000.0,420000.0,0.5238095238095238,0.1710794297352342,5.0,0.0,0.0,42000.0,0.0978153038221086,8.416798105361082,12.301387370778713,12.948012371209098,10.645448706505872,98200.0,0.1710794297352342
3827.0,5,1,850000.0,1,450550.0,2243,5,0,1.0,0,0,2.0,0,0,2.0,30.0,0.0,1,155000.0,287500,30.0,32.0,1,1,2021,26659.36,26659.36,450550.0,0.2958535123737653,0.5300588235294118,0,0.0,23958.33333333333,0.0936208695652174,26659.36,26659.36,0.2958535123737653,0.2958535123737653,0.2958535123737653,26659.36,26659.36,26659.36,450550.0,850000.0,0.5300588235294118,0.0936208695652174,2.0,30.0,0.0,155000.0,0.2591695609658476,10.190933097017371,13.018226557170207,13.652992804936396,11.951186847493476,287500.0,0.0936208695652174
3844.0,4,1,190000.0,1,125000.0,1100,5,0,1.0,0,0,1.0,0,0,12.0,0.0,0.0,1,65000.0,170800,50.0,48.0,0,1,2021,10851.36,10851.36,125000.0,0.4340544,0.6578947368421053,0,0.0,14233.333333333334,0.0772833723653395,10851.36,10851.36,0.4340544,0.4340544,0.4340544,10851.36,10851.36,10851.36,125000.0,190000.0,0.6578947368421053,0.0772833723653395,12.0,0.0,0.0,65000.0,0.3605056773016763,9.29213784683714,11.736077016252436,12.154784614286667,11.082157933374816,170800.0,0.07728337236533958
3851.0,21,1,151000.0,1,148000.0,1018,5,0,1.0,0,0,1.0,0,0,7.0,0.0,0.0,1,52000.0,87150,22.0,22.0,0,1,2021,6329.96,6329.96,148000.0,0.21385,0.9801324503311258,0,0.0,7262.5,0.1401721170395869,6329.96,6329.96,0.21385,0.21385,0.21385,6329.96,6329.96,6329.96,148000.0,151000.0,0.9801324503311258,0.1401721170395869,7.0,0.0,0.0,52000.0,0.1937971265189789,8.753207162406966,11.904974309480185,11.92504173829169,10.859018228147889,87150.0,0.14017211703958693
3869.0,3,1,170000.0,1,112500.0,1010,5,0,1.0,0,0,6.0,0,0,20.0,40.0,0.0,5,0.0,101058,38.0,38.0,2,1,2021,51220.0,51220.0,112500.0,2.2764444444444445,0.6617647058823529,1,0.0,8421.5,0.11993112865879,51220.0,51220.0,2.2764444444444445,2.2764444444444445,2.2764444444444445,51220.0,51220.0,51220.0,112500.0,170000.0,0.6617647058823529,0.11993112865879,20.0,40.0,0.0,0.0,1.186758823591248,10.843904883186518,11.630717389475995,12.04355959836804,0.0,101058.0,0.11993112865879
3872.0,4,1,1450000.0,1,687000.0,4126,5,0,1.0,0,0,1.0,0,0,15.0,15.0,0.0,1,75000.0,477598,48.0,48.0,4,1,2021,25989.6,25989.6,687000.0,0.1891528384279476,0.4737931034482758,0,0.0,39799.833333333336,0.1036687758323946,25989.6,25989.6,0.1891528384279476,0.1891528384279476,0.1891528384279476,25989.6,25989.6,25989.6,687000.0,1450000.0,0.4737931034482758,0.1036687758323946,15.0,15.0,0.0,75000.0,0.1732411531212459,10.165490213171294,13.440091026807504,14.187074804051692,11.225256725762891,477598.0,0.1036687758323946
3875.0,24,1,119000.0,1,110000.0,796,5,0,1.0,0,0,0.0,0,0,0.0,0.0,0.0,0,0.0,40006,28.0,0.0,0,1,2021,0.0,0.0,110000.0,,0.9243697478991596,0,0.0,3333.833333333333,0.2387641853721941,0.0,0.0,,,,0.0,0.0,0.0,110000.0,119000.0,0.9243697478991596,0.2387641853721941,0.0,0.0,0.0,0.0,,0.0,11.60824473564232,11.686887175419702,0.0,40006.0,0.23876418537219415
3879.0,42,1,310000.0,1,114000.0,741,5,0,1.0,0,0,0.0,0,0,0.0,0.0,0.0,0,0.0,177000,39.0,0.0,0,1,2021,0.0,0.0,114000.0,,0.3677419354838709,0,0.0,14750.0,0.0502372881355932,0.0,0.0,,,,0.0,0.0,0.0,114000.0,310000.0,0.3677419354838709,0.0502372881355932,0.0,0.0,0.0,0.0,,0.0,11.643962499267984,12.644330802262578,0.0,177000.0,0.05023728813559322
3883.0,4,1,730000.0,1,428000.0,1800,5,0,1.0,0,0,1.0,0,0,15.0,0.0,0.0,1,59000.0,118000,31.0,28.0,0,1,2021,13564.2,13564.2,428000.0,0.1584602803738317,0.5863013698630137,0,0.0,9833.333333333334,0.1830508474576271,13564.2,13564.2,0.1584602803738317,0.1584602803738317,0.1584602803738317,13564.2,13564.2,13564.2,428000.0,730000.0,0.5863013698630137,0.1830508474576271,15.0,0.0,0.0,59000.0,0.1470917789109366,9.515262968810363,12.966880811009805,13.500801182986647,10.985309671896765,118000.0,0.18305084745762712
3890.0,5,1,850000.0,1,223000.0,1710,5,0,4.0,0,0,1.0,4,0,6.0,0.0,0.0,1,15500.0,178563,61.0,61.0,0,1,2021,5425.68,5425.68,223000.0,0.1216520179372197,0.2623529411764705,0,0.0,14880.25,0.1149174241024176,5425.68,5425.68,0.1216520179372197,0.1216520179372197,0.1216520179372197,5425.68,5425.68,5425.68,223000.0,850000.0,0.2623529411764705,0.1149174241024176,6.0,0.0,0.0,15500.0,0.1148026145547902,8.59908280788786,12.314931534737134,13.652992804936396,9.648659816955297,178563.0,0.11491742410241763
3893.0,48,1,270000.0,1,210000.0,1344,5,0,1.0,0,0,1.0,0,0,6.0,0.0,0.0,1,20000.0,89392,28.0,29.0,0,1,2021,5425.68,5425.68,210000.0,0.1291828571428571,0.7777777777777778,0,0.0,7449.333333333333,0.1804188294254519,5425.68,5425.68,0.1291828571428571,0.1291828571428571,0.1291828571428571,5425.68,5425.68,5425.68,210000.0,270000.0,0.7777777777777778,0.1804188294254519,6.0,0.0,0.0,20000.0,0.1214942358640138,8.59908280788786,12.25486757159303,12.506180941677355,9.90353755128617,89392.0,0.18041882942545195
3919.0,31,1,225000.0,1,116000.0,925,5,0,1.0,0,0,3.0,0,0,14.0,0.0,0.0,1,20000.0,161600,59.0,46.0,0,1,2021,12659.92,12659.92,116000.0,0.5456862068965517,0.5155555555555555,0,0.0,13466.666666666666,0.0686881188118812,12659.92,12659.92,0.5456862068965517,0.5456862068965517,0.5456862068965517,12659.92,12659.92,12659.92,116000.0,225000.0,0.5155555555555555,0.0686881188118812,14.0,0.0,0.0,20000.0,0.4354679586042976,9.446275362884068,11.661354090741,12.323860125621126,9.90353755128617,161600.0,0.0686881188118812
3924.0,42,1,475000.0,1,177000.0,1925,5,0,1.0,0,0,1.0,0,0,3.0,5.0,0.0,1,62000.0,155608,50.0,49.0,1,1,2021,6854.639999999999,6854.639999999999,177000.0,0.1936338983050847,0.3726315789473684,0,0.0,12967.333333333334,0.1484499511593234,6854.639999999999,6854.639999999999,0.1936338983050847,0.1936338983050847,0.1936338983050847,6854.639999999999,6854.639999999999,6854.639999999999,177000.0,475000.0,0.3726315789473684,0.1484499511593234,3.0,5.0,0.0,62000.0,0.1770023501186135,8.832826950147524,12.08391066125752,13.07107218827772,11.034905792929417,155608.0,0.1484499511593234
3932.0,39,1,130000.0,1,137360.0,1200,5,0,1.0,0,0,1.0,0,0,8.0,0.0,2.0,1,10400.0,60400,23.0,20.0,0,1,2021,9588.8,9588.8,137360.0,0.3490390215492138,1.0566153846153843,0,0.0,5033.333333333333,0.2384105960264901,9588.8,9588.8,0.3490390215492138,0.3490390215492138,0.3490390215492138,9588.8,9588.8,9588.8,137360.0,130000.0,1.0,0.2384105960264901,8.0,0.0,2.0,10400.0,0.2993925030854042,9.168455312602664,11.830367775684635,11.775297421715829,9.249657234353132,60400.0,0.2384105960264901
3938.0,42,1,200000.0,1,50000.0,900,5,0,3.0,0,0,0.0,0,0,0.0,0.0,0.0,0,0.0,70000,32.0,0.0,0,1,2021,0.0,0.0,50000.0,,0.25,0,0.0,5833.333333333333,0.1542857142857143,0.0,0.0,,,,0.0,0.0,0.0,50000.0,200000.0,0.25,0.1542857142857143,0.0,0.0,0.0,0.0,,0.0,10.819798284210286,12.206077645517674,0.0,70000.0,0.1542857142857143
3948.0,10,1,216000.0,1,163000.0,1102,5,0,3.0,0,0,0.0,0,0,0.0,0.0,0.0,0,0.0,70775,51.0,0.0,0,1,2021,0.0,0.0,163000.0,,0.7546296296296297,0,0.0,5897.916666666667,0.1868456375838926,0.0,0.0,,,,0.0,0.0,0.0,163000.0,216000.0,0.7546296296296297,0.1868456375838926,0.0,0.0,0.0,0.0,,0.0,12.001511614739403,12.283038316285214,0.0,70775.0,0.1868456375838926
3953.0,24,1,200000.0,1,100000.0,1000,5,0,1.0,0,0,1.0,0,0,8.0,20.0,0.0,1,40000.0,146500,43.0,40.0,2,1,2021,23801.44,23801.44,100000.0,1.190072,0.5,0,0.0,12208.333333333334,0.0819112627986348,23801.44,23801.44,1.190072,1.190072,1.190072,23801.44,23801.44,23801.44,100000.0,200000.0,0.5,0.0819112627986348,8.0,20.0,0.0,40000.0,0.783934420000311,10.07754337541305,11.51293546492023,12.206077645517674,10.59665973278358,146500.0,0.08191126279863481
3966.0,5,1,280000.0,1,100000.0,1000,5,0,1.0,0,0,1.0,0,0,16.0,60.0,0.0,1,47000.0,144080,37.0,36.0,3,1,2021,64170.08,64170.08,100000.0,3.208504,0.3571428571428571,0,0.0,12006.666666666666,0.0832870627429206,64170.08,64170.08,3.208504,3.208504,3.208504,64170.08,64170.08,64170.08,100000.0,280000.0,0.3571428571428571,0.0832870627429206,16.0,60.0,0.0,47000.0,1.4371072401264495,11.069307920897463,11.51293546492023,12.54254845357358,10.757924157061597,144080.0,0.08328706274292061
3968.0,37,1,150000.0,1,3000.0,225,5,0,4.0,0,0,4.0,0,0,20.0,20.0,0.0,5,0.0,61379,64.0,63.0,1,1,2021,34652.8,34652.8,3000.0,57.75466666666667,0.02,0,0.0,5114.916666666667,0.0439889864611675,34652.8,34652.8,57.75466666666667,22.38556666666665,22.38556666666665,34652.8,34652.8,34652.8,6000.0,150000.0,0.0315099999999999,0.0439889864611675,20.0,20.0,0.0,0.0,3.152119022941844,10.45316266671461,8.699681400989514,11.918397239722838,0.0,61379.0,0.0439889864611675
3979.0,35,1,220000.0,1,195000.0,1450,5,0,4.0,1,0,4.0,0,0,20.0,12.0,0.0,5,0.0,37780,56.0,53.0,3,1,2021,28025.92,28025.92,195000.0,0.7186133333333334,0.8863636363636364,0,0.0,3148.333333333333,0.4605611434621492,28025.92,28025.92,0.7186133333333334,0.7186133333333334,0.7186133333333334,28025.92,28025.92,28025.92,195000.0,220000.0,0.8863636363636364,0.4605611434621492,20.0,12.0,0.0,0.0,0.5415177641197321,10.240920755852338,12.180759965737863,12.301387370778713,0.0,37780.0,0.46056114346214927
3986.0,34,1,140000.0,1,58000.0,630,5,0,1.0,0,0,5.0,0,0,35.0,84.0,0.0,5,0.0,74624,41.0,43.0,3,1,2021,101232.04,101232.04,58000.0,8.726899999999999,0.4142857142857143,0,0.0,6218.666666666667,0.1013078902229845,101232.04,101232.04,8.726899999999999,8.726899999999999,8.726899999999999,101232.04,101232.04,101232.04,58000.0,140000.0,0.4142857142857143,0.1013078902229845,35.0,84.0,0.0,0.0,2.274895243172382,11.52518046476522,10.968215530759236,11.849404844423074,0.0,74624.0,0.10130789022298456
3992.0,15,1,240000.0,1,160000.0,700,5,0,1.0,0,0,0.0,0,0,0.0,0.0,0.0,0,0.0,560100,49.0,0.0,0,1,2021,0.0,0.0,160000.0,,0.6666666666666666,0,0.0,46675.0,0.0149973219068023,0.0,0.0,,,,0.0,0.0,0.0,160000.0,240000.0,0.6666666666666666,0.0221513583572549,0.0,0.0,0.0,0.0,,0.0,11.982935344196433,12.388398368982116,0.0,560100.0,0.014997321906802356
4003.0,22,1,280000.0,1,183000.0,1345,9,0,3.0,4,0,4.0,0,0,3.0,0.0,0.0,5,0.0,115270,68.0,67.0,0,1,2021,2712.84,2712.84,183000.0,0.0741213114754098,0.6535714285714286,0,0.0,9605.833333333334,0.1400190856250542,2712.84,2712.84,0.0741213114754098,0.0741213114754098,0.0741213114754098,2712.84,2712.84,2712.84,183000.0,280000.0,0.6535714285714286,0.1400190856250542,3.0,0.0,0.0,0.0,0.071502942664588,7.906119885082924,12.117246896289505,12.54254845357358,0.0,115270.0,0.14001908562505422
4007.0,5,1,350000.0,1,160000.0,1435,5,0,1.0,0,0,1.0,0,0,10.0,2.0,0.0,1,63000.0,257407,52.0,45.0,2,1,2021,10699.52,10699.52,160000.0,0.33436,0.4571428571428571,0,0.0,21450.58333333333,0.0668979476082624,10699.52,10699.52,0.33436,0.33436,0.33436,10699.52,10699.52,10699.52,160000.0,350000.0,0.4571428571428571,0.0668979476082624,10.0,2.0,0.0,63000.0,0.2884517761538707,9.278047617399988,11.982935344196433,12.765691290604371,11.050905878263569,257407.0,0.06689794760826241
4012.0,34,1,75000.0,1,12000.0,746,5,0,1.0,0,0,0.0,0,0,0.0,0.0,0.0,0,0.0,73180,60.0,0.0,0,1,2021,0.0,0.0,12000.0,,0.16,0,0.0,6098.333333333333,0.1223285050560262,0.0,0.0,,,,0.0,0.0,0.0,12000.0,75000.0,0.16,0.1223285050560262,0.0,0.0,0.0,0.0,,0.0,9.39274525863144,11.225256725762891,0.0,73180.0,0.12232850505602624
4031.0,28,1,250000.0,1,135000.0,1300,5,0,1.0,0,0,6.0,0,0,25.0,10.0,0.0,5,0.0,63000,46.0,39.0,3,1,2021,30890.6,30890.6,135000.0,1.1440962962962962,0.54,1,0.0,5250.0,0.2476190476190476,30890.6,30890.6,1.1440962962962962,1.1440962962962962,1.1440962962962962,30890.6,30890.6,30890.6,135000.0,250000.0,0.54,0.2476190476190476,25.0,10.0,0.0,0.0,0.7627181565172402,10.338239581269184,11.81303746480054,12.429220196836384,0.0,63000.0,0.24761904761904763
4048.0,32,1,300000.0,1,98000.0,650,5,0,4.0,0,0,0.0,0,0,0.0,0.0,0.0,0,0.0,73932,64.0,0.0,1,1,2021,0.0,0.0,98000.0,,0.3266666666666666,0,0.0,6161.0,0.1055023535140399,0.0,0.0,,,,0.0,0.0,0.0,98000.0,300000.0,0.3266666666666666,0.1055023535140399,0.0,0.0,0.0,0.0,,0.0,11.49273296168228,12.611541086966117,0.0,73932.0,0.10550235351403993
4050.0,21,1,425000.0,1,135000.0,2200,5,0,1.0,0,0,1.0,6,0,14.0,35.0,0.0,1,80000.0,181000,46.0,44.0,3,1,2021,41652.52,41652.52,135000.0,1.5426859259259258,0.3176470588235294,0,0.0,15083.333333333334,0.1458563535911602,41652.52,41652.52,1.5426859259259258,1.5426859259259258,1.5426859259259258,41652.52,41652.52,41652.52,135000.0,425000.0,0.3176470588235294,0.1458563535911602,14.0,35.0,0.0,80000.0,0.9332209734747512,10.63714115782942,11.81303746480054,12.959846800844964,11.289794413577894,181000.0,0.14585635359116023
4054.0,44,1,300000.0,1,13000.0,300,5,0,4.0,6,0,4.0,0,0,3.0,0.0,0.0,5,0.0,68900,75.0,76.0,0,1,2021,2712.84,2712.84,13000.0,1.0434,0.0433333333333333,0,0.0,5741.666666666667,0.0522496371552975,2712.84,2712.84,1.0434,1.0434,1.0434,2712.84,2712.84,2712.84,13000.0,300000.0,0.0433333333333333,0.0522496371552975,3.0,0.0,0.0,0.0,0.7146150871751863,7.906119885082924,9.472781556562168,12.611541086966117,0.0,68900.0,0.05224963715529753
4062.0,20,1,950000.0,1,130000.0,425,5,0,4.0,0,0,0.0,0,0,0.0,0.0,0.0,0,0.0,27600,85.0,0.0,0,1,2021,0.0,0.0,130000.0,,0.1368421052631579,0,0.0,2300.0,0.1847826086956521,0.0,0.0,,,,0.0,0.0,0.0,130000.0,950000.0,0.1368421052631579,0.1847826086956521,0.0,0.0,0.0,0.0,,0.0,11.775297421715829,13.76421831620775,0.0,27600.0,0.18478260869565216
4071.0,41,1,650000.0,1,170000.0,2232,5,0,1.0,0,0,1.0,0,0,10.0,20.0,0.0,1,60000.0,76000,46.0,43.0,2,1,2021,25610.0,25610.0,170000.0,0.7532352941176471,0.2615384615384615,0,0.0,6333.333333333333,0.3524210526315789,25610.0,25610.0,0.7532352941176471,0.7532352941176471,0.7532352941176471,25610.0,25610.0,25610.0,170000.0,650000.0,0.2615384615384615,0.3524210526315789,10.0,20.0,0.0,60000.0,0.5614628206156738,10.150777225678416,12.04355959836804,13.384729180332174,11.002116507732016,76000.0,0.35242105263157897
4086.0,16,1,150000.0,1,49000.0,200,5,0,1.0,0,0,1.0,0,0,12.0,8.0,0.0,1,28000.0,110504,52.0,50.0,0,1,2021,17478.24,17478.24,49000.0,1.7834938775510203,0.3266666666666666,0,0.0,9208.666666666666,0.0217186708173459,17478.24,17478.24,1.7834938775510203,1.7834938775510203,1.7834938775510203,17478.24,17478.24,17478.24,49000.0,150000.0,0.3266666666666666,0.0221513583572549,12.0,8.0,0.0,28000.0,1.0237069290884475,9.76876917000345,10.799595985047786,11.918397239722838,10.239995502805316,110504.0,0.02171867081734598
4095.0,24,1,275000.0,1,150000.0,1000,5,0,1.0,0,0,1.0,0,0,14.0,0.0,0.0,1,8400.0,36552,65.0,64.0,0,1,2021,12659.92,12659.92,150000.0,0.4219973333333333,0.5454545454545454,0,0.0,3046.0,0.3282994090610637,12659.92,12659.92,0.4219973333333333,0.4219973333333333,0.4219973333333333,12659.92,12659.92,12659.92,150000.0,275000.0,0.5454545454545454,0.3282994090610637,14.0,0.0,0.0,8400.0,0.3520624560862762,9.446275362884068,11.918397239722838,12.524530013005734,9.036106025364846,36552.0,0.3282994090610637
4113.0,19,1,270000.0,1,195995.0,1386,5,0,1.0,0,0,1.0,7,0,8.0,0.0,0.0,1,131000.0,283150,32.0,41.0,0,1,2021,7234.24,7234.24,195995.0,0.1845516467256817,0.7259074074074074,0,0.0,23595.83333333333,0.0587391841779975,7234.24,7234.24,0.1845516467256817,0.1845516467256817,0.1845516467256817,7234.24,7234.24,7234.24,195995.0,270000.0,0.7259074074074074,0.0587391841779975,8.0,0.0,0.0,131000.0,0.1693643457984344,8.88671881059557,12.18584952984114,12.506180941677355,11.78296023574194,283150.0,0.05873918417799753
4118.0,6,1,120000.0,1,36000.0,440,5,0,1.0,0,0,1.0,0,0,14.0,0.0,0.0,1,55390.0,74390,63.0,60.0,0,1,2021,12659.92,12659.92,36000.0,1.7583222222222223,0.3,0,0.0,6199.166666666667,0.0709772818927275,12659.92,12659.92,1.7583222222222223,1.7583222222222223,1.7583222222222223,12659.92,12659.92,12659.92,36000.0,120000.0,0.3,0.0709772818927275,14.0,0.0,0.0,55390.0,1.014622604389522,9.446275362884068,10.491301994830229,11.695255355062796,10.922172404664506,74390.0,0.07097728189272752
4126.0,39,1,150000.0,1,115000.0,845,5,0,1.0,0,0,0.0,0,0,0.0,0.0,0.0,0,0.0,95800,25.0,0.0,1,1,2021,0.0,0.0,115000.0,,0.7666666666666667,0,0.0,7983.333333333333,0.1058455114822547,0.0,0.0,,,,0.0,0.0,0.0,115000.0,150000.0,0.7666666666666667,0.1058455114822547,0.0,0.0,0.0,0.0,,0.0,11.652696102959752,11.918397239722838,0.0,95800.0,0.1058455114822547
4165.0,5,1,575000.0,1,340000.0,1900,5,0,1.0,0,0,1.0,0,0,10.0,20.0,0.0,1,,116141,45.0,42.0,2,1,2021,25610.0,25610.0,340000.0,0.3766176470588235,0.591304347826087,0,0.0,9678.416666666666,0.1963131021775256,25610.0,25610.0,0.3766176470588235,0.3766176470588235,0.3766176470588235,25610.0,25610.0,25610.0,340000.0,575000.0,0.591304347826087,0.1963131021775256,10.0,20.0,0.0,,0.3196295102075465,10.150777225678416,12.73670383776449,13.26212705890841,,116141.0,0.1963131021775256
4176.0,2,1,600000.0,1,299000.0,1659,5,0,1.0,0,0,6.0,0,0,100.0,105.0,0.0,1,1000.0,61000,36.0,34.0,4,1,2021,177405.8,177405.8,299000.0,2.966652173913044,0.4983333333333333,1,0.0,5083.333333333333,0.3263606557377049,177405.8,177405.8,2.966652173913044,2.966652173913044,2.966652173913044,146952.9672,146952.9672,146952.9672,299000.0,600000.0,0.4983333333333333,0.3263606557377049,50.0,105.0,0.0,1000.0,1.3779224578073324,11.897874668420387,12.608202196848836,13.304686600863562,6.90875477931522,61000.0,0.32636065573770495
4177.0,23,1,70000.0,1,19000.0,562,5,0,1.0,0,0,1.0,0,0,8.0,0.0,0.0,1,43000.0,126004,47.0,48.0,0,1,2021,7234.24,7234.24,19000.0,1.9037473684210529,0.2714285714285714,0,0.0,10500.333333333334,0.0535221104091933,7234.24,7234.24,1.9037473684210529,1.9037473684210529,1.9037473684210529,7234.24,7234.24,7234.24,19000.0,70000.0,0.2714285714285714,0.0535221104091933,8.0,0.0,0.0,43000.0,1.0660020988329546,8.88671881059557,9.852246888342531,11.156264806643742,10.66897865021924,126004.0,0.05352211040919336
4193.0,37,1,450000.0,1,298000.0,2345,5,0,1.0,0,0,1.0,0,0,30.0,45.0,0.0,1,125000.0,323030,37.0,37.0,1,1,2021,64404.600000000006,64404.600000000006,298000.0,1.0806140939597315,0.6622222222222223,0,0.0,26919.166666666668,0.0871126520756586,64404.600000000006,64404.600000000006,1.0806140939597315,1.0806140939597315,1.0806140939597315,64404.600000000006,64404.600000000006,64404.600000000006,298000.0,450000.0,0.6622222222222223,0.0871126520756586,30.0,45.0,0.0,125000.0,0.732663087619858,11.072955864833686,12.604852121186608,13.017005083966255,11.736077016252436,323030.0,0.0871126520756586
4212.0,31,1,90000.0,1,30000.0,400,5,0,2.0,0,0,1.0,0,0,5.0,0.0,0.0,1,38000.0,84800,64.0,62.0,0,1,2021,4521.400000000001,4521.400000000001,30000.0,0.7535666666666667,0.3333333333333333,0,0.0,7066.666666666667,0.0566037735849056,4521.400000000001,4521.400000000001,0.7535666666666667,0.7535666666666667,0.7535666666666667,4521.400000000001,4521.400000000001,4521.400000000001,30000.0,90000.0,0.3333333333333333,0.0566037735849056,5.0,0.0,0.0,38000.0,0.5616518090750802,8.416798105361082,10.308985993422082,11.407576060361786,10.545367754151744,84800.0,0.056603773584905655
4221.0,37,1,298000.0,1,189000.0,1100,5,0,5.0,0,0,0.0,0,0,0.0,0.0,0.0,0,0.0,94620,48.0,0.0,0,1,2021,0.0,0.0,189000.0,,0.6342281879194631,0,0.0,7885.0,0.1395053899809765,0.0,0.0,,,,0.0,0.0,0.0,189000.0,298000.0,0.6342281879194631,0.1395053899809765,0.0,0.0,0.0,0.0,,0.0,12.149507585033072,12.604852121186608,0.0,94620.0,0.13950538998097653
4227.0,15,1,450000.0,1,166000.0,845,5,0,1.0,0,0,6.0,3,0,20.0,80.0,0.0,5,0.0,169030,37.0,37.0,4,1,2021,84354.40000000001,84354.40000000001,166000.0,2.540795180722892,0.3688888888888889,1,0.0,14085.833333333334,0.0599893510027805,84354.40000000001,84354.40000000001,2.540795180722892,2.540795180722892,2.540795180722892,84354.40000000001,84354.40000000001,84354.40000000001,166000.0,450000.0,0.3688888888888889,0.0599893510027805,20.0,80.0,0.0,0.0,1.2643513292435942,11.34279410489357,12.01974909141692,13.017005083966255,0.0,169030.0,0.05998935100278057
4233.0,22,1,325000.0,1,146000.0,1363,5,0,1.0,0,0,1.0,0,0,20.0,25.0,0.0,1,120000.0,197000,43.0,40.0,4,1,2021,38794.6,38794.6,146000.0,1.3285821917808218,0.4492307692307692,0,0.0,16416.666666666668,0.0830253807106598,38794.6,38794.6,1.3285821917808218,1.3285821917808218,1.3285821917808218,38794.6,38794.6,38794.6,146000.0,325000.0,0.4492307692307692,0.0830253807106598,20.0,25.0,0.0,120000.0,0.8452595809838835,10.566062117119008,11.891368749982083,12.691583538230216,11.695255355062796,197000.0,0.08302538071065989
4236.0,46,1,300000.0,1,270000.0,1500,5,0,1.0,0,0,0.0,0,0,0.0,0.0,0.0,0,0.0,57560,48.0,0.0,0,1,2021,0.0,0.0,270000.0,,0.9,0,0.0,4796.666666666667,0.3127171646977067,0.0,0.0,,,,0.0,0.0,0.0,270000.0,300000.0,0.9,0.3127171646977067,0.0,0.0,0.0,0.0,,0.0,12.506180941677355,12.611541086966117,0.0,57560.0,0.3127171646977067
4243.0,37,1,375000.0,1,212000.0,1960,5,0,1.0,0,0,1.0,0,0,3.0,0.0,0.0,1,28000.0,406000,60.0,50.0,0,1,2021,2712.84,2712.84,212000.0,0.0639820754716981,0.5653333333333334,0,0.0,33833.333333333336,0.0579310344827586,2712.84,2712.84,0.0639820754716981,0.0639820754716981,0.0639820754716981,2712.84,2712.84,2712.84,212000.0,375000.0,0.5653333333333334,0.0579310344827586,3.0,0.0,0.0,28000.0,0.0620185444163651,7.906119885082924,12.264346270624156,12.83468397161566,10.239995502805316,406000.0,0.05793103448275862
4248.0,3,1,120000.0,1,115000.0,1000,5,0,1.0,0,0,1.0,0,0,10.0,0.0,2.0,1,50000.0,150500,30.0,30.0,0,1,2021,11397.36,11397.36,115000.0,0.4955373913043479,0.9583333333333334,0,0.0,12541.666666666666,0.079734219269103,11397.36,11397.36,0.4955373913043479,0.4955373913043479,0.4955373913043479,11397.36,11397.36,11397.36,115000.0,120000.0,0.9583333333333334,0.079734219269103,10.0,0.0,2.0,50000.0,0.4024856013191707,9.341224764384672,11.652696102959752,11.695255355062796,10.819798284210286,150500.0,0.079734219269103
4254.0,4,1,358000.0,1,190000.0,900,5,0,1.0,0,0,6.0,0,0,10.0,0.0,0.0,1,2500.0,82756,30.0,30.0,0,1,2021,9042.8,9042.8,190000.0,0.2379684210526316,0.5307262569832403,1,0.0,6896.333333333333,0.1305041326308666,9042.8,9042.8,0.2379684210526316,0.2379684210526316,0.2379684210526316,9042.8,9042.8,9042.8,190000.0,358000.0,0.5307262569832403,0.1305041326308666,10.0,0.0,0.0,2500.0,0.2134716659020379,9.10983471904454,12.154784614286667,12.788291058675023,7.824445930877619,82756.0,0.13050413263086666
4264.0,24,1,50000.0,1,26000.0,339,5,0,5.0,0,0,0.0,0,0,0.0,0.0,0.0,0,0.0,38675,55.0,0.0,0,1,2021,0.0,0.0,26000.0,,0.52,0,0.0,3222.9166666666665,0.1051842275371687,0.0,0.0,,,,0.0,0.0,0.0,26000.0,50000.0,0.52,0.1051842275371687,0.0,0.0,0.0,0.0,,0.0,10.165890277802454,10.819798284210286,0.0,38675.0,0.10518422753716872
4266.0,22,1,320000.0,1,302000.0,1931,5,0,1.0,0,0,1.0,7,0,5.0,0.0,0.0,1,49000.0,118150,25.0,25.0,0,1,2021,4521.400000000001,4521.400000000001,302000.0,0.0748576158940397,0.94375,0,0.0,9845.833333333334,0.1961235717308506,4521.400000000001,4521.400000000001,0.0748576158940397,0.0748576158940397,0.0748576158940397,4521.400000000001,4521.400000000001,4521.400000000001,302000.0,320000.0,0.94375,0.1961235717308506,5.0,0.0,0.0,49000.0,0.0721882024761805,8.416798105361082,12.618185607609805,12.676079399771028,10.799595985047786,118150.0,0.1961235717308506
4270.0,48,1,250000.0,1,160000.0,880,5,0,4.0,0,0,0.0,0,0,0.0,0.0,0.0,0,0.0,110500,66.0,0.0,0,1,2021,0.0,0.0,160000.0,,0.64,0,0.0,9208.333333333334,0.0955656108597285,0.0,0.0,,,,0.0,0.0,0.0,160000.0,250000.0,0.64,0.0955656108597285,0.0,0.0,0.0,0.0,,0.0,11.982935344196433,12.429220196836384,0.0,110500.0,0.0955656108597285
4272.0,22,1,392000.0,1,270000.0,1900,5,0,7.0,1,0,0.0,0,0,0.0,0.0,0.0,0,0.0,89000,36.0,0.0,0,1,2021,0.0,0.0,270000.0,,0.6887755102040817,0,0.0,7416.666666666667,0.2561797752808988,0.0,0.0,,,,0.0,0.0,0.0,270000.0,392000.0,0.6887755102040817,0.2561797752808988,0.0,0.0,0.0,0.0,,0.0,12.506180941677355,12.879019669789754,0.0,89000.0,0.25617977528089886
4280.0,45,1,80000.0,1,80000.0,591,5,0,1.0,0,0,6.0,0,0,20.0,80.0,0.0,5,0.0,60000,28.0,28.0,1,1,2021,84354.40000000001,84354.40000000001,80000.0,5.272150000000001,1.0,1,0.0,5000.0,0.1182,84354.40000000001,84354.40000000001,5.272150000000001,5.272150000000001,5.272150000000001,84354.40000000001,84354.40000000001,84354.40000000001,80000.0,80000.0,1.0,0.1182,20.0,80.0,0.0,0.0,1.8361191985784548,11.34279410489357,11.289794413577894,11.289794413577894,0.0,60000.0,0.1182
4283.0,29,1,500000.0,1,385000.0,2300,5,0,1.0,0,0,1.0,0,0,7.0,35.0,0.0,1,119000.0,242213,38.0,37.0,3,1,2021,35322.56,35322.56,385000.0,0.4587345454545454,0.77,0,0.0,20184.416666666668,0.1139492925648086,35322.56,35322.56,0.4587345454545454,0.4587345454545454,0.4587345454545454,35322.56,35322.56,35322.56,385000.0,500000.0,0.77,0.1139492925648086,7.0,35.0,0.0,119000.0,0.3775693101868749,10.47230544239063,12.861001210669146,13.122365377402328,11.686887175419702,242213.0,0.11394929256480865
4284.0,29,1,190000.0,1,15000.0,1541,5,0,1.0,0,0,1.0,0,0,10.0,4.0,0.0,1,38000.0,349847,59.0,60.0,0,1,2021,12356.24,12356.24,15000.0,4.118746666666667,0.0789473684210526,0,0.0,29153.916666666668,0.0528573919456219,12356.24,12356.24,4.118746666666667,4.118746666666667,4.118746666666667,12356.24,12356.24,12356.24,15000.0,190000.0,0.0789473684210526,0.0528573919456219,10.0,4.0,0.0,38000.0,1.6329096174183793,9.421997405105436,9.61587214452889,12.154784614286667,10.545367754151744,349847.0,0.05285739194562194
4285.0,28,1,500000.0,1,280000.0,2600,5,0,1.0,0,0,1.0,0,0,14.0,150.0,0.0,1,65000.0,171000,30.0,31.0,1,1,2021,136913.92,136913.92,280000.0,2.4448914285714287,0.56,0,0.0,14250.0,0.1824561403508772,136913.92,136913.92,2.4448914285714287,2.4448914285714287,2.4448914285714287,136913.92,136913.92,136913.92,280000.0,500000.0,0.56,0.1824561403508772,14.0,150.0,0.0,65000.0,1.2368923883148362,11.82711498999848,12.54254845357358,13.122365377402328,11.082157933374816,171000.0,0.1824561403508772
4286.0,13,1,100000.0,1,93000.0,805,5,0,1.0,0,0,1.0,0,0,14.0,60.0,0.0,1,45000.0,138150,25.0,27.0,1,1,2021,62361.52,62361.52,93000.0,3.352769892473118,0.93,0,0.0,11512.5,0.0699239956568946,62361.52,62361.52,3.352769892473118,3.352769892473118,3.352769892473118,62361.52,62361.52,62361.52,93000.0,100000.0,0.93,0.0699239956568946,14.0,60.0,0.0,45000.0,1.4708123993473146,11.040719732874791,11.440365524765756,11.51293546492023,10.714439990727769,138150.0,0.06992399565689468
4290.0,29,1,1400000.0,1,505000.0,2500,5,0,1.0,0,0,1.0,0,0,14.0,5.0,0.0,1,104000.0,308800,54.0,52.0,0,1,2021,16801.72,16801.72,505000.0,0.1663536633663366,0.3607142857142857,0,0.0,25733.33333333333,0.0971502590673575,16801.72,16801.72,0.1663536633663366,0.1663536633663366,0.1663536633663366,16801.72,16801.72,16801.72,505000.0,1400000.0,0.3607142857142857,0.0971502590673575,14.0,5.0,0.0,104000.0,0.1538823552883087,9.729296057048094,13.132315688453556,14.151983508870948,11.552155793461898,308800.0,0.09715025906735751
4294.0,41,1,352000.0,1,295000.0,1500,5,0,1.0,0,0,1.0,0,0,3.0,0.0,0.0,1,72250.0,142250,48.0,46.0,0,1,2021,2712.84,2712.84,295000.0,0.0459803389830508,0.8380681818181818,0,0.0,11854.166666666666,0.1265377855887522,2712.84,2712.84,0.0459803389830508,0.0459803389830508,0.0459803389830508,2712.84,2712.84,2712.84,295000.0,352000.0,0.8380681818181818,0.1265377855887522,3.0,0.0,0.0,72250.0,0.0449545690827603,7.906119885082924,12.59473402514672,12.77138929548529,11.187901446709343,142250.0,0.1265377855887522
4299.0,9,1,140000.0,1,18000.0,1519,5,0,4.0,0,0,0.0,0,0,0.0,0.0,0.0,0,0.0,40248,71.0,0.0,0,1,2021,0.0,0.0,18000.0,,0.1285714285714285,0,0.0,3354.0,0.4528920691711389,0.0,0.0,,,,0.0,0.0,0.0,18000.0,140000.0,0.1285714285714285,0.4528920691711389,0.0,0.0,0.0,0.0,,0.0,9.798182590890704,11.849404844423074,0.0,40248.0,0.45289206917113894
4300.0,21,1,105000.0,1,104000.0,756,5,0,1.0,0,0,1.0,0,0,10.0,10.0,,1,,65670,27.0,26.0,2,1,2021,17326.4,17326.4,104000.0,0.8330000000000001,0.9904761904761904,0,0.0,5472.5,0.1381452718136135,17326.4,17326.4,0.8330000000000001,0.8330000000000001,0.8330000000000001,17326.4,17326.4,17326.4,104000.0,105000.0,0.9904761904761904,0.1381452718136135,10.0,10.0,,,0.6059539688575679,9.760044342602496,11.552155793461898,11.561725152903833,,65670.0,0.13814527181361352
4307.0,34,1,120000.0,1,60000.0,750,5,0,6.0,0,0,1.0,0,0,5.0,0.0,0.0,1,78000.0,78144,46.0,42.0,0,1,2021,4521.400000000001,4521.400000000001,60000.0,0.3767833333333333,0.5,0,0.0,6512.0,0.1151719901719901,4521.400000000001,4521.400000000001,0.3767833333333333,0.3767833333333333,0.3767833333333333,4521.400000000001,4521.400000000001,4521.400000000001,60000.0,120000.0,0.5,0.1151719901719901,5.0,0.0,0.0,78000.0,0.3197498604768242,8.416798105361082,11.002116507732016,11.695255355062796,11.264476926102368,78144.0,0.11517199017199017
4315.0,42,1,330000.0,1,176000.0,858,5,0,1.0,0,0,0.0,0,0,0.0,0.0,0.0,0,0.0,-3000,59.0,0.0,0,1,2021,0.0,0.0,176000.0,,0.5333333333333333,0,0.0,-250.0,,0.0,0.0,,,,0.0,0.0,0.0,176000.0,330000.0,0.5333333333333333,,0.0,0.0,0.0,0.0,,0.0,12.07824495582233,12.706850963741102,0.0,,
4316.0,11,1,330000.0,1,295000.0,1450,5,0,1.0,0,0,6.0,3,0,10.0,43.0,0.0,5,0.0,90500,31.0,26.0,1,1,2021,44662.28,44662.28,295000.0,0.7569877966101695,0.8939393939393939,1,0.0,7541.666666666667,0.1922651933701657,44662.28,44662.28,0.7569877966101695,0.7569877966101695,0.7569877966101695,44662.28,44662.28,44662.28,295000.0,330000.0,0.8939393939393939,0.1922651933701657,10.0,43.0,0.0,0.0,0.5636008635975551,10.706906966494866,12.59473402514672,12.706850963741102,0.0,90500.0,0.19226519337016573
4318.0,13,1,75000.0,1,50000.0,450,5,0,4.0,0,0,0.0,0,0,0.0,0.0,0.0,0,0.0,18000,68.0,0.0,0,1,2021,0.0,0.0,50000.0,,0.6666666666666666,0,0.0,1500.0,0.3,0.0,0.0,,,,0.0,0.0,0.0,50000.0,75000.0,0.6666666666666666,0.3,0.0,0.0,0.0,0.0,,0.0,10.819798284210286,11.225256725762891,0.0,18000.0,0.3
4321.0,13,1,350000.0,1,65000.0,790,5,0,1.0,0,0,1.0,0,0,12.0,95.0,0.0,1,75000.0,150900,39.0,36.0,1,1,2021,89545.56,89545.56,65000.0,6.88812,0.1857142857142857,0,0.0,12575.0,0.0628230616302186,89545.56,89545.56,6.88812,6.88812,6.88812,89545.56,89545.56,89545.56,65000.0,350000.0,0.1857142857142857,0.0628230616302186,12.0,95.0,0.0,75000.0,2.0653578301663624,11.40251399245732,11.082157933374816,12.765691290604371,11.225256725762891,150900.0,0.06282306163021868
4344.0,19,1,300000.0,1,200000.0,1360,5,0,1.0,0,0,0.0,0,0,0.0,0.0,0.0,0,0.0,101834,44.0,0.0,1,1,2021,0.0,0.0,200000.0,,0.6666666666666666,0,0.0,8486.166666666666,0.1602608166231317,0.0,0.0,,,,0.0,0.0,0.0,200000.0,300000.0,0.6666666666666666,0.1602608166231317,0.0,0.0,0.0,0.0,,0.0,12.206077645517674,12.611541086966117,0.0,101834.0,0.16026081662313177
4348.0,13,1,300000.0,1,158000.0,1500,5,0,4.0,1,0,1.0,6,0,10.0,150.0,0.0,1,18600.0,73083,61.0,34.0,1,1,2021,133296.80000000002,133296.80000000002,158000.0,4.2182531645569625,0.5266666666666666,0,0.0,6090.25,0.2462953080743812,133296.80000000002,133296.80000000002,4.2182531645569625,4.2182531645569625,4.2182531645569625,133296.80000000002,133296.80000000002,133296.80000000002,158000.0,300000.0,0.5266666666666666,0.2462953080743812,10.0,150.0,0.0,18600.0,1.6521627030839694,11.800341001904574,11.970356641103,12.611541086966117,9.83097062169695,73083.0,0.2462953080743812
4351.0,48,1,275000.0,1,210000.0,950,5,0,1.0,0,0,1.0,0,0,5.0,8.0,0.0,1,50000.0,91500,52.0,49.0,2,1,2021,11148.28,11148.28,210000.0,0.265435238095238,0.7636363636363637,0,0.0,7625.0,0.1245901639344262,11148.28,11148.28,0.265435238095238,0.265435238095238,0.265435238095238,11148.28,11148.28,11148.28,210000.0,275000.0,0.7636363636363637,0.1245901639344262,5.0,8.0,0.0,50000.0,0.2354161247391837,9.319130200812245,12.25486757159303,12.524530013005734,10.819798284210286,91500.0,0.12459016393442623
4353.0,34,1,125000.0,1,78000.0,521,5,0,1.0,0,0,0.0,0,0,0.0,0.0,0.0,0,0.0,59071,41.0,0.0,2,1,2021,0.0,0.0,78000.0,,0.624,0,0.0,4922.583333333333,0.1058387364358145,0.0,0.0,,,,0.0,0.0,0.0,78000.0,125000.0,0.624,0.1058387364358145,0.0,0.0,0.0,0.0,,0.0,11.264476926102368,11.736077016252436,0.0,59071.0,0.10583873643581454
4356.0,37,1,130000.0,1,89500.0,630,5,0,1.0,0,0,6.0,0,0,25.0,24.0,0.0,1,27866.0,112866,29.0,26.0,2,1,2021,42487.64,42487.64,89500.0,2.373611173184357,0.6884615384615385,1,0.0,9405.5,0.066982084950295,42487.64,42487.64,2.373611173184357,2.373611173184357,2.373611173184357,42487.64,42487.64,42487.64,89500.0,130000.0,0.6884615384615385,0.066982084950295,25.0,24.0,0.0,27866.0,1.215983735391716,10.65699202506542,11.402005077384883,11.775297421715829,10.23519847205563,112866.0,0.06698208495029503
4363.0,3,1,345000.0,1,345800.0,2000,9,0,1.0,0,0,1.0,0,0,10.0,10.0,0.0,1,37000.0,86896,29.0,34.0,2,1,2021,17326.4,17326.4,345800.0,0.2505263157894737,1.00231884057971,0,0.0,7241.333333333333,0.2761922297919352,17326.4,17326.4,0.2505263157894737,0.2505263157894737,0.2505263157894737,17326.4,17326.4,17326.4,345800.0,345000.0,1.0,0.2761922297919352,10.0,10.0,0.0,37000.0,0.2235645153280037,9.760044342602496,12.753618744072144,12.75130259456002,10.518700218288163,86896.0,0.2761922297919352
4370.0,13,1,200000.0,1,190000.0,1016,5,0,1.0,0,0,1.0,0,0,10.0,0.0,0.0,1,75000.0,121933,36.0,30.0,0,1,2021,9042.8,9042.8,190000.0,0.2379684210526316,0.95,0,0.0,10161.083333333334,0.099989338407158,9042.8,9042.8,0.2379684210526316,0.2379684210526316,0.2379684210526316,9042.8,9042.8,9042.8,190000.0,200000.0,0.95,0.099989338407158,10.0,0.0,0.0,75000.0,0.2134716659020379,9.10983471904454,12.154784614286667,12.206077645517674,11.225256725762891,121933.0,0.09998933840715803
4373.0,13,1,130000.0,1,77000.0,576,5,0,2.0,0,0,0.0,0,0,0.0,0.0,0.0,0,0.0,42605,67.0,0.0,0,1,2021,0.0,0.0,77000.0,,0.5923076923076923,0,0.0,3550.4166666666665,0.1622344795211829,0.0,0.0,,,,0.0,0.0,0.0,77000.0,130000.0,0.5923076923076923,0.1622344795211829,0.0,0.0,0.0,0.0,,0.0,11.251573687764475,11.775297421715829,0.0,42605.0,0.16223447952118297
4378.0,46,1,400000.0,1,335000.0,1650,5,0,1.0,0,0,0.0,0,0,0.0,0.0,0.0,0,0.0,80000,30.0,0.0,0,1,2021,0.0,0.0,335000.0,,0.8375,0,0.0,6666.666666666667,0.2475,0.0,0.0,,,,0.0,0.0,0.0,335000.0,400000.0,0.8375,0.2475,0.0,0.0,0.0,0.0,,0.0,12.721888795877376,12.899222326086994,0.0,80000.0,0.2475
4389.0,11,1,332000.0,1,158000.0,1052,5,0,1.0,0,0,6.0,0,0,8.0,12.0,0.0,5,0.0,56400,34.0,35.0,2,1,2021,17174.559999999998,17174.559999999998,158000.0,0.5434987341772152,0.4759036144578313,1,0.0,4700.0,0.2238297872340425,17174.559999999998,17174.559999999998,0.5434987341772152,0.5434987341772152,0.5434987341772152,17174.559999999998,17174.559999999998,17174.559999999998,158000.0,332000.0,0.4759036144578313,0.2238297872340425,8.0,12.0,0.0,0.0,0.4340517448607546,9.751242722090296,11.970356641103,12.712893259942282,0.0,56400.0,0.22382978723404257
4393.0,21,1,245000.0,1,145000.0,700,5,0,1.0,0,0,6.0,0,0,15.0,70.0,0.0,1,6000.0,76130,28.0,28.0,1,1,2021,71549.4,71549.4,145000.0,2.4672206896551723,0.5918367346938775,1,0.0,6344.166666666667,0.1103375804544857,71549.4,71549.4,2.4672206896551723,2.4672206896551723,2.4672206896551723,71549.4,71549.4,71549.4,145000.0,245000.0,0.5918367346938775,0.1103375804544857,15.0,70.0,0.0,6000.0,1.243353319033876,11.178157375465126,11.884495917930655,12.409017571151187,8.699681400989514,76130.0,0.11033758045448575
4395.0,26,1,200000.0,1,190000.0,1200,5,0,1.0,0,0,1.0,0,0,10.0,0.0,0.0,1,25000.0,67014,23.0,23.0,0,1,2021,9042.8,9042.8,190000.0,0.2379684210526316,0.95,0,0.0,5584.5,0.21488047273704,9042.8,9042.8,0.2379684210526316,0.2379684210526316,0.2379684210526316,9042.8,9042.8,9042.8,190000.0,200000.0,0.95,0.21488047273704,10.0,0.0,0.0,25000.0,0.2134716659020379,9.10983471904454,12.154784614286667,12.206077645517674,10.12667110305036,67014.0,0.21488047273704003
4405.0,20,1,670000.0,1,42717.0,1000,5,0,4.0,0,0,4.0,0,0,21.0,0.0,0.0,5,0.0,64664,84.0,79.0,0,1,2021,18989.88,18989.88,42717.0,2.222754406910598,0.0637567164179104,0,0.0,5388.666666666667,0.1855746628726957,18989.88,18989.88,2.222754406910598,2.222754406910598,2.222754406910598,18989.88,18989.88,18989.88,42717.0,670000.0,0.0637567164179104,0.1855746628726957,21.0,0.0,0.0,0.0,1.170236399778075,9.8517141429117,10.66237565605875,13.415034483903348,0.0,64664.0,0.18557466287269578
4433.0,24,1,375000.0,1,199000.0,1300,5,0,1.0,0,0,1.0,0,0,20.0,0.0,0.0,1,33544.0,99962,58.0,59.0,0,1,2021,18085.6,18085.6,199000.0,0.4544120603015076,0.5306666666666666,0,0.0,8330.166666666666,0.1560593025349633,18085.6,18085.6,0.4544120603015076,0.4544120603015076,0.4544120603015076,18085.6,18085.6,18085.6,199000.0,375000.0,0.5306666666666666,0.1560593025349633,20.0,0.0,0.0,33544.0,0.3746017366932117,9.802926611581514,12.201065128819632,12.83468397161566,10.420643099996989,99962.0,0.1560593025349633
4435.0,9,1,250000.0,1,130000.0,1400,5,0,4.0,0,0,0.0,0,0,0.0,0.0,0.0,0,0.0,12000,73.0,0.0,0,1,2021,0.0,0.0,130000.0,,0.52,0,0.0,1000.0,1.4,0.0,0.0,,,,0.0,0.0,0.0,130000.0,250000.0,0.52,1.4,0.0,0.0,0.0,0.0,,0.0,11.775297421715829,12.429220196836384,0.0,12000.0,1.4
4442.0,37,1,180000.0,1,90000.0,900,5,0,1.0,0,0,1.0,0,0,15.0,3.0,0.0,1,185000.0,248000,44.0,39.0,1,1,2021,16049.280000000002,16049.280000000002,90000.0,0.8916266666666668,0.5,0,0.0,20666.666666666668,0.0435483870967741,16049.280000000002,16049.280000000002,0.8916266666666668,0.8916266666666668,0.8916266666666668,16049.280000000002,16049.280000000002,16049.280000000002,90000.0,180000.0,0.5,0.0435483870967741,15.0,3.0,0.0,185000.0,0.6374371291013409,9.683481573888857,11.407576060361786,12.100717685412471,12.128116509451258,248000.0,0.043548387096774194
4447.0,4,1,605000.0,1,400000.0,2300,5,0,1.0,0,0,1.0,0,0,10.0,0.0,0.0,5,0.0,60016,28.0,28.0,0,1,2021,9042.8,9042.8,400000.0,0.113035,0.6611570247933884,0,0.0,5001.333333333333,0.4598773660357238,9042.8,9042.8,0.113035,0.113035,0.113035,9042.8,9042.8,9042.8,400000.0,605000.0,0.6611570247933884,0.4598773660357238,10.0,0.0,0.0,0.0,0.1070905183398561,9.10983471904454,12.899222326086994,13.312985389904174,0.0,60016.0,0.4598773660357238
4449.0,16,1,250000.0,1,54000.0,810,5,0,1.0,0,0,1.0,0,0,20.0,84.0,0.0,1,12000.0,75060,47.0,40.0,8,1,2021,87667.84,87667.84,54000.0,8.117392592592592,0.216,0,0.0,6255.0,0.1294964028776978,87667.84,87667.84,8.117392592592592,8.117392592592592,8.117392592592592,87667.84,87667.84,87667.84,54000.0,250000.0,0.216,0.1294964028776978,20.0,84.0,0.0,12000.0,2.21018386327404,11.381321813059028,10.896757843893464,12.429220196836384,9.39274525863144,75060.0,0.12949640287769784
4459.0,23,1,107000.0,1,56000.0,650,5,0,1.0,0,0,1.0,0,0,35.0,0.0,0.0,1,71000.0,141000,57.0,58.0,0,1,2021,31649.8,31649.8,56000.0,2.825875,0.5233644859813084,0,0.0,11750.0,0.0553191489361702,31649.8,31649.8,2.825875,2.825875,2.825875,31649.8,31649.8,31649.8,56000.0,107000.0,0.5233644859813084,0.0553191489361702,35.0,0.0,0.0,71000.0,1.3417871992872732,10.362518703714173,10.933124826700707,11.580593459194764,11.170449240431308,141000.0,0.05531914893617021
4461.0,26,1,190000.0,1,152000.0,1180,5,0,1.0,0,0,0.0,0,0,0.0,0.0,0.0,0,0.0,80100,27.0,0.0,1,1,2021,0.0,0.0,152000.0,,0.8,0,0.0,6675.0,0.1767790262172284,0.0,0.0,,,,0.0,0.0,0.0,152000.0,190000.0,0.8,0.1767790262172284,0.0,0.0,0.0,0.0,,0.0,11.93164237875414,12.154784614286667,0.0,80100.0,0.17677902621722846
4463.0,3,1,300000.0,1,258000.0,1450,5,0,1.0,0,0,6.0,0,0,10.0,0.0,8.0,5,0.0,120000,55.0,54.0,0,1,2021,18461.04,18461.04,258000.0,0.3577720930232558,0.86,1,0.0,10000.0,0.145,18461.04,18461.04,0.3577720930232558,0.3577720930232558,0.3577720930232558,18461.04,18461.04,18461.04,258000.0,300000.0,0.86,0.145,10.0,0.0,8.0,0.0,0.3058451895907157,9.82347201116025,12.460718739865236,12.611541086966117,0.0,120000.0,0.145
4464.0,20,1,600000.0,1,143000.0,2050,5,0,1.0,0,0,1.0,0,0,20.0,0.0,0.0,1,,202673,53.0,56.0,0,1,2021,18085.6,18085.6,143000.0,0.6323636363636365,0.2383333333333333,0,0.0,16889.416666666668,0.1213777858915593,18085.6,18085.6,0.6323636363636365,0.6323636363636365,0.6323636363636365,18085.6,18085.6,18085.6,143000.0,600000.0,0.2383333333333333,0.1213777858915593,20.0,0.0,0.0,,0.4900290481213152,9.802926611581514,11.870606902224589,13.304686600863562,,202673.0,0.1213777858915593
4468.0,4,1,470000.0,1,160000.0,1600,5,0,1.0,0,0,1.0,0,0,10.0,15.0,0.0,1,45000.0,56920,35.0,35.0,2,1,2021,21468.2,21468.2,160000.0,0.67088125,0.3404255319148936,0,0.0,4743.333333333333,0.33731553056922,21468.2,21468.2,0.67088125,0.67088125,0.67088125,21468.2,21468.2,21468.2,160000.0,470000.0,0.3404255319148936,0.33731553056922,10.0,15.0,0.0,45000.0,0.5133511818576026,9.974374628883778,11.982935344196433,13.060490101343552,10.714439990727769,56920.0,0.33731553056922
4469.0,39,1,80000.0,1,30000.0,685,5,0,4.0,0,0,0.0,0,0,0.0,0.0,0.0,0,0.0,24000,64.0,0.0,0,1,2021,0.0,0.0,30000.0,,0.375,0,0.0,2000.0,0.3425,0.0,0.0,,,,0.0,0.0,0.0,30000.0,80000.0,0.375,0.3425,0.0,0.0,0.0,0.0,,0.0,10.308985993422082,11.289794413577894,0.0,24000.0,0.3425
4479.0,46,1,640000.0,1,300250.0,1482,5,0,4.0,0,0,0.0,0,0,0.0,0.0,0.0,0,0.0,43788,69.0,0.0,0,1,2021,0.0,0.0,300250.0,,0.469140625,0,0.0,3649.0,0.4061386681282543,0.0,0.0,,,,0.0,0.0,0.0,300250.0,640000.0,0.469140625,0.4061386681282543,0.0,0.0,0.0,0.0,,0.0,12.612374070494552,13.369225017834632,0.0,43788.0,0.40613866812825433
4480.0,45,1,180000.0,1,143000.0,830,5,0,1.0,0,0,1.0,0,0,6.0,0.0,0.0,1,48000.0,74006,27.0,25.0,0,1,2021,5425.68,5425.68,143000.0,0.1897090909090909,0.7944444444444444,0,0.0,6167.166666666667,0.1345836824041293,5425.68,5425.68,0.1897090909090909,0.1897090909090909,0.1897090909090909,5425.68,5425.68,5425.68,143000.0,180000.0,0.7944444444444444,0.1345836824041293,6.0,0.0,0.0,48000.0,0.1737088158169421,8.59908280788786,11.870606902224589,12.100717685412471,10.778977123006351,74006.0,0.13458368240412938
4488.0,16,1,259000.0,1,122000.0,859,5,0,6.0,6,0,1.0,0,0,3.0,20.0,0.0,1,135000.0,220300,30.0,30.0,2,1,2021,19280.04,19280.04,122000.0,0.7901655737704918,0.471042471042471,0,0.0,18358.33333333333,0.0467907399001361,19280.04,19280.04,0.7901655737704918,0.7901655737704918,0.7901655737704918,19280.04,19280.04,19280.04,122000.0,259000.0,0.471042471042471,0.0467907399001361,3.0,20.0,0.0,135000.0,0.5823081148879898,9.86687750861844,11.711784520403112,12.464587201678082,11.81303746480054,220300.0,0.04679073990013618
4495.0,30,1,310000.0,1,199999.0,1700,5,0,1.0,0,0,6.0,0,0,25.0,70.0,0.0,1,1200.0,85800,40.0,39.0,4,1,2021,80592.2,80592.2,199999.0,2.0148150740753703,0.645158064516129,1,0.0,7150.0,0.2377622377622377,80592.2,80592.2,2.0148150740753703,2.0148150740753703,2.0148150740753703,80592.2,80592.2,80592.2,199999.0,310000.0,0.645158064516129,0.2377622377622377,25.0,70.0,0.0,1200.0,1.103538492999678,11.297169557689946,12.206072645530174,12.644330802262578,7.090909822079984,85800.0,0.23776223776223776
4500.0,37,1,225000.0,1,160500.0,1335,5,0,1.0,0,0,1.0,7,0,7.0,28.0,0.0,1,30000.0,96900,41.0,36.0,3,1,2021,29524.04,29524.04,160500.0,0.9197520249221184,0.7133333333333334,0,0.0,8075.0,0.1653250773993808,29524.04,29524.04,0.9197520249221184,0.9197520249221184,0.9197520249221184,29524.04,29524.04,29524.04,160500.0,225000.0,0.7133333333333334,0.1653250773993808,7.0,28.0,0.0,30000.0,0.6521960240122379,10.292993995848729,11.986055452062391,12.323860125621126,10.308985993422082,96900.0,0.1653250773993808
4510.0,42,1,620000.0,1,247000.0,2500,5,0,1.0,0,0,6.0,0,0,2.0,20.0,0.0,5,0.0,376200,45.0,42.0,1,1,2021,18375.76,18375.76,247000.0,0.371978947368421,0.3983870967741935,1,0.0,31350.0,0.0797448165869218,18375.76,18375.76,0.371978947368421,0.371978947368421,0.371978947368421,18375.76,18375.76,18375.76,247000.0,620000.0,0.3983870967741935,0.0797448165869218,2.0,20.0,0.0,0.0,0.3162541847023075,9.81884210180713,12.417147664184917,13.3374763699232,0.0,376200.0,0.07974481658692185
4512.0,31,1,550000.0,1,245000.0,2300,5,0,1.0,0,0,4.0,6,0,21.0,,,5,0.0,117096,68.0,70.0,0,1,2021,18989.88,18989.88,245000.0,0.3875485714285714,0.4454545454545454,0,0.0,9758.0,0.235704037712646,18989.88,18989.88,0.3875485714285714,0.3875485714285714,0.3875485714285714,18989.88,18989.88,18989.88,245000.0,550000.0,0.4454545454545454,0.235704037712646,21.0,,,0.0,0.327538572460748,9.8517141429117,12.409017571151187,13.21767537538882,0.0,117096.0,0.23570403771264603
4531.0,37,1,210000.0,1,19000.0,653,5,0,1.0,0,0,1.0,0,0,15.0,0.0,0.0,1,45000.0,110000,47.0,48.0,0,1,2021,13564.2,13564.2,19000.0,3.569526315789474,0.0904761904761904,0,0.0,9166.666666666666,0.0712363636363636,13564.2,13564.2,3.569526315789474,3.569526315789474,3.569526315789474,13564.2,13564.2,13564.2,19000.0,210000.0,0.0904761904761904,0.0712363636363636,15.0,0.0,0.0,45000.0,1.5194095487220656,9.515262968810363,9.852246888342531,12.25486757159303,10.714439990727769,110000.0,0.07123636363636364
4538.0,24,1,100000.0,1,82900.0,523,5,0,1.0,0,0,0.0,0,0,0.0,0.0,0.0,0,0.0,35057,52.0,0.0,0,1,2021,0.0,0.0,82900.0,,0.829,0,0.0,2921.4166666666665,0.1790227344039706,0.0,0.0,,,,0.0,0.0,0.0,82900.0,100000.0,0.829,0.1790227344039706,0.0,0.0,0.0,0.0,,0.0,11.325402403776808,11.51293546492023,0.0,35057.0,0.17902273440397068
4542.0,39,1,225000.0,1,145000.0,900,5,0,1.0,0,0,1.0,0,0,3.0,4.0,3.0,1,30000.0,190000,53.0,47.0,1,1,2021,9558.12,9558.12,145000.0,0.3295903448275862,0.6444444444444445,0,0.0,15833.333333333334,0.0568421052631578,9558.12,9558.12,0.3295903448275862,0.3295903448275862,0.3295903448275862,9558.12,9558.12,9558.12,145000.0,225000.0,0.6444444444444445,0.0568421052631578,3.0,4.0,3.0,30000.0,0.2848708833805761,9.16525095159936,11.884495917930655,12.323860125621126,10.308985993422082,190000.0,0.056842105263157895
4543.0,9,1,200000.0,1,200000.0,1200,5,0,1.0,0,0,1.0,0,0,3.0,1.0,0.0,1,90000.0,227300,48.0,52.0,2,1,2021,3541.2,3541.2,200000.0,0.08853,1.0,0,0.0,18941.666666666668,0.0633523977122745,3541.2,3541.2,0.08853,0.08853,0.08853,3541.2,3541.2,3541.2,200000.0,200000.0,1.0,0.0633523977122745,3.0,1.0,0.0,90000.0,0.0848281621762451,8.172503282022532,12.206077645517674,12.206077645517674,11.407576060361786,227300.0,0.06335239771227452
4552.0,19,1,425000.0,1,276000.0,2450,5,0,1.0,0,0,1.0,6,0,12.0,0.0,0.0,1,4000.0,110750,69.0,69.0,0,1,2021,10851.36,10851.36,276000.0,0.1965826086956522,0.6494117647058824,0,0.0,9229.166666666666,0.2654627539503386,10851.36,10851.36,0.1965826086956522,0.1965826086956522,0.1965826086956522,10851.36,10851.36,10851.36,276000.0,425000.0,0.6494117647058824,0.2654627539503386,12.0,0.0,0.0,4000.0,0.1794696679350754,9.29213784683714,12.52815976788113,12.959846800844964,8.294299608857235,110750.0,0.26546275395033864
4555.0,19,1,600000.0,1,320000.0,2500,5,0,1.0,0,0,1.0,0,0,7.0,2.0,0.0,1,60000.0,186300,46.0,46.0,2,1,2021,7986.68,7986.68,320000.0,0.124791875,0.5333333333333333,0,0.0,15525.0,0.1610305958132045,7986.68,7986.68,0.124791875,0.124791875,0.124791875,7986.68,7986.68,7986.68,320000.0,600000.0,0.5333333333333333,0.1610305958132045,7.0,2.0,0.0,60000.0,0.1175980185417726,8.985655633643145,12.676079399771028,13.304686600863562,11.002116507732016,186300.0,0.1610305958132045
4560.0,17,1,60000.0,1,14000.0,350,5,0,1.0,0,0,1.0,0,0,4.0,4.0,0.0,1,,116609,48.0,39.0,1,1,2021,6930.56,6930.56,14000.0,2.4752,0.2333333333333333,0,0.0,9717.416666666666,0.0360178030855251,6930.56,6930.56,2.4752,2.4752,2.4752,6930.56,6930.56,6930.56,14000.0,60000.0,0.2333333333333333,0.0360178030855251,4.0,4.0,0.0,,1.2456520313174246,8.843840175076002,9.546884034617923,11.002116507732016,,116609.0,0.03601780308552514
4561.0,37,1,170000.0,1,148000.0,1133,5,0,1.0,0,0,1.0,0,0,5.0,20.0,0.0,1,1000.0,65732,27.0,25.0,1,1,2021,21088.6,21088.6,148000.0,0.7124527027027028,0.8705882352941177,0,0.0,5477.666666666667,0.2068398953325625,21088.6,21088.6,0.7124527027027028,0.7124527027027028,0.7124527027027028,21088.6,21088.6,21088.6,148000.0,170000.0,0.8705882352941177,0.2068398953325625,5.0,20.0,0.0,1000.0,0.5379266719131,9.956535306958202,11.904974309480185,12.04355959836804,6.90875477931522,65732.0,0.20683989533256253
4563.0,36,1,800000.0,1,199000.0,893,5,0,4.0,0,0,4.0,0,0,10.0,0.0,0.0,5,0.0,135300,70.0,65.0,0,1,2021,9042.8,9042.8,199000.0,0.2272060301507538,0.24875,0,0.0,11275.0,0.0792017738359201,9042.8,9042.8,0.2272060301507538,0.2272060301507538,0.2272060301507538,9042.8,9042.8,9042.8,199000.0,800000.0,0.24875,0.0792017738359201,10.0,0.0,0.0,0.0,0.204740065366137,9.10983471904454,12.201065128819632,13.592368256649284,0.0,135300.0,0.07920177383592018
4568.0,42,1,325000.0,1,250000.0,2000,5,0,1.0,0,0,0.0,0,0,0.0,0.0,0.0,0,0.0,130000,33.0,0.0,0,1,2021,0.0,0.0,250000.0,,0.7692307692307693,0,0.0,10833.333333333334,0.1846153846153846,0.0,0.0,,,,0.0,0.0,0.0,250000.0,325000.0,0.7692307692307693,0.1846153846153846,0.0,0.0,0.0,0.0,,0.0,12.429220196836384,12.691583538230216,0.0,130000.0,0.1846153846153846
4578.0,17,1,210000.0,1,98000.0,1177,5,0,4.0,0,0,0.0,0,0,0.0,0.0,0.0,0,0.0,40800,70.0,0.0,0,1,2021,0.0,0.0,98000.0,,0.4666666666666667,0,0.0,3400.0,0.3461764705882353,0.0,0.0,,,,0.0,0.0,0.0,98000.0,210000.0,0.4666666666666667,0.3461764705882353,0.0,0.0,0.0,0.0,,0.0,11.49273296168228,12.25486757159303,0.0,40800.0,0.3461764705882353
4581.0,42,1,238000.0,1,125000.0,1700,5,0,1.0,0,0,6.0,0,0,20.0,15.0,0.0,5,0.0,86005,36.0,34.0,3,1,2021,30511.0,30511.0,125000.0,1.22044,0.5252100840336135,1,0.0,7167.083333333333,0.2371955118888437,30511.0,30511.0,1.22044,1.22044,1.22044,30511.0,30511.0,30511.0,125000.0,238000.0,0.5252100840336135,0.2371955118888437,20.0,15.0,0.0,0.0,0.7977053744437183,10.3258753278402,11.736077016252436,12.380030154325455,0.0,86005.0,0.2371955118888437
4588.0,21,1,78000.0,1,77000.0,685,5,0,2.0,0,0,0.0,0,0,0.0,0.0,0.0,0,0.0,28956,31.0,0.0,3,1,2021,0.0,0.0,77000.0,,0.9871794871794872,0,0.0,2413.0,0.2838789888106092,0.0,0.0,,,,0.0,0.0,0.0,77000.0,78000.0,0.9871794871794872,0.2838789888106092,0.0,0.0,0.0,0.0,,0.0,11.251573687764475,11.264476926102368,0.0,28956.0,0.2838789888106092
4600.0,20,1,1400000.0,1,325000.0,3044,5,0,4.0,0,0,1.0,0,0,20.0,0.0,0.0,1,175000.0,431820,71.0,54.0,0,1,2021,18085.6,18085.6,325000.0,0.27824,0.2321428571428571,0,0.0,35985.0,0.0845908017229401,18085.6,18085.6,0.27824,0.27824,0.27824,18085.6,18085.6,18085.6,325000.0,1400000.0,0.2321428571428571,0.0845908017229401,20.0,0.0,0.0,175000.0,0.2454841317515947,9.802926611581514,12.691583538230216,14.151983508870948,12.07254696717504,431820.0,0.08459080172294012
4611.0,21,1,175000.0,1,169000.0,1150,5,0,1.0,0,0,1.0,0,0,9.0,0.0,0.0,1,19000.0,63036,29.0,24.0,0,1,2021,8138.519999999999,8138.519999999999,169000.0,0.2407846153846153,0.9657142857142856,0,0.0,5253.0,0.2189225204644964,8138.519999999999,8138.519999999999,0.2407846153846153,0.2407846153846153,0.2407846153846153,8138.519999999999,8138.519999999999,8138.519999999999,169000.0,175000.0,0.9657142857142856,0.2189225204644964,9.0,0.0,0.0,19000.0,0.2157439338547551,9.004486489198934,12.037659911047468,12.07254696717504,9.852246888342531,63036.0,0.21892252046449648
4618.0,20,1,500000.0,1,200000.0,1700,5,0,1.0,0,0,1.0,0,0,15.0,0.0,0.0,1,50000.0,115060,58.0,55.0,0,1,2021,13564.2,13564.2,200000.0,0.339105,0.4,0,0.0,9588.333333333334,0.1772988006257604,13564.2,13564.2,0.339105,0.339105,0.339105,13564.2,13564.2,13564.2,200000.0,500000.0,0.4,0.1772988006257604,15.0,0.0,0.0,50000.0,0.2920014803635066,9.515262968810363,12.206077645517674,13.122365377402328,10.819798284210286,115060.0,0.17729880062576045
4620.0,34,1,230000.0,1,125000.0,685,5,0,1.0,0,0,1.0,0,0,6.0,0.0,0.0,1,65000.0,130150,50.0,53.0,0,1,2021,5425.68,5425.68,125000.0,0.2170272,0.5434782608695652,0,0.0,10845.833333333334,0.0631578947368421,5425.68,5425.68,0.2170272,0.2170272,0.2170272,5425.68,5425.68,5425.68,125000.0,230000.0,0.5434782608695652,0.0631578947368421,6.0,0.0,0.0,65000.0,0.1964111637967163,8.59908280788786,11.736077016252436,12.345838935721968,11.082157933374816,130150.0,0.06315789473684211
4624.0,46,1,530000.0,1,75000.0,386,5,0,4.0,0,0,0.0,0,0,0.0,0.0,0.0,0,0.0,33578,72.0,0.0,0,1,2021,0.0,0.0,75000.0,,0.1415094339622641,0,0.0,2798.1666666666665,0.1379474656024778,0.0,0.0,,,,0.0,0.0,0.0,75000.0,530000.0,0.1415094339622641,0.1379474656024778,0.0,0.0,0.0,0.0,,0.0,11.225256725762891,13.180634172318978,0.0,33578.0,0.1379474656024778
4625.0,1,1,100000.0,1,81000.0,562,5,0,4.0,0,0,5.0,0,0,0.0,0.0,0.0,5,0.0,116512,47.0,45.0,0,1,2021,0.0,0.0,81000.0,,0.81,0,0.0,9709.333333333334,0.0578824498764075,0.0,0.0,,,,0.0,0.0,0.0,81000.0,100000.0,0.81,0.0578824498764075,0.0,0.0,0.0,0.0,,0.0,11.302216779257382,11.51293546492023,0.0,116512.0,0.057882449876407574
4629.0,21,1,60000.0,1,20000.0,460,5,0,5.0,0,0,0.0,0,0,0.0,0.0,0.0,0,0.0,18600,62.0,0.0,0,1,2021,0.0,0.0,20000.0,,0.3333333333333333,0,0.0,1550.0,0.2967741935483871,0.0,0.0,,,,0.0,0.0,0.0,20000.0,60000.0,0.3333333333333333,0.2967741935483871,0.0,0.0,0.0,0.0,,0.0,9.90353755128617,11.002116507732016,0.0,18600.0,0.2967741935483871
4633.0,3,1,157000.0,1,155170.0,797,5,0,1.0,0,0,0.0,0,0,0.0,0.0,0.0,0,0.0,28404,29.0,0.0,0,1,2021,0.0,0.0,155170.0,,0.988343949044586,0,0.0,2367.0,0.3367131389945078,0.0,0.0,,,,0.0,0.0,0.0,155170.0,157000.0,0.988343949044586,0.3367131389945078,0.0,0.0,0.0,0.0,,0.0,11.952283013601456,11.964007453736912,0.0,28404.0,0.33671313899450783
4635.0,42,1,700000.0,1,210000.0,1210,5,0,1.0,0,0,1.0,0,0,10.0,10.0,0.0,1,103000.0,208000,52.0,44.0,2,1,2021,17326.4,17326.4,210000.0,0.4125333333333333,0.3,0,0.0,17333.333333333332,0.0698076923076923,17326.4,17326.4,0.4125333333333333,0.4125333333333333,0.4125333333333333,17326.4,17326.4,17326.4,210000.0,700000.0,0.3,0.0698076923076923,10.0,10.0,0.0,103000.0,0.3453847825800701,9.760044342602496,12.25486757159303,13.45883704259595,11.542493975902508,208000.0,0.0698076923076923
4641.0,48,1,195000.0,1,136000.0,720,5,0,1.0,0,0,1.0,0,0,16.0,1.0,0.0,1,52500.0,135750,50.0,47.0,1,1,2021,15296.84,15296.84,136000.0,0.5623838235294117,0.6974358974358974,0,0.0,11312.5,0.063646408839779,15296.84,15296.84,0.5623838235294117,0.5623838235294117,0.5623838235294117,15296.84,15296.84,15296.84,136000.0,195000.0,0.6974358974358974,0.063646408839779,16.0,1.0,0.0,52500.0,0.446212746922926,9.635466920943603,11.820417517632333,12.180759965737863,10.86858749601736,135750.0,0.06364640883977901
4649.0,14,1,575000.0,1,315000.0,1401,5,0,1.0,0,0,1.0,0,0,6.0,30.0,0.0,1,102538.0,146980,34.0,32.0,2,1,2021,30276.48,30276.48,315000.0,0.4805790476190476,0.5478260869565217,0,0.0,12248.333333333334,0.1143829092393522,30276.48,30276.48,0.4805790476190476,0.4805790476190476,0.4805790476190476,30276.48,30276.48,30276.48,315000.0,575000.0,0.5478260869565217,0.1143829092393522,6.0,30.0,0.0,102538.0,0.3924332596495778,10.31815948083847,12.660331092405906,13.26212705890841,11.53799849299835,146980.0,0.11438290923935229
4654.0,51,1,2200000.0,1,748014.0,4778,5,0,1.0,0,0,4.0,0,0,10.0,3.0,0.0,5,0.0,716759,60.0,66.0,0,1,2021,11527.88,11527.88,748014.0,0.0770565791549355,0.3400063636363636,0,0.0,59729.91666666666,0.0799934148019069,11527.88,11527.88,0.0770565791549355,0.0770565791549355,0.0770565791549355,11527.88,11527.88,11527.88,701100.0000000001,1600000.0,0.3400063636363636,0.0799934148019069,10.0,3.0,0.0,0.0,0.0742319308286822,9.352610470643786,13.460407235524094,14.285514812209817,0.0,716759.0,0.07999341480190691
4656.0,9,1,700000.0,1,58200.0,1849,5,0,6.0,1,0,4.0,0,0,14.0,8.0,0.0,5,0.0,190050,64.0,63.0,0,1,2021,19286.8,19286.8,58200.0,1.6569415807560135,0.0831428571428571,0,0.0,15837.5,0.116748224151539,19286.8,19286.8,1.6569415807560135,1.6569415807560135,1.6569415807560135,19286.8,19286.8,19286.8,58200.0,700000.0,0.0831428571428571,0.116748224151539,14.0,8.0,0.0,0.0,0.977175679616884,9.867228050665812,10.971657815702502,13.45883704259595,0.0,190050.0,0.11674822415153907
4657.0,18,1,450000.0,1,171129.0,1425,5,0,1.0,0,0,1.0,0,0,0.0,2.0,0.0,1,100000.0,163100,41.0,42.0,1,1,2021,1656.72,1656.72,171129.0,0.0484055887663692,0.3802866666666666,0,0.0,13591.666666666666,0.1048436541998773,1656.72,1656.72,0.0484055887663692,0.0484055887663692,0.0484055887663692,1656.72,1656.72,1656.72,171129.0,450000.0,0.3802866666666666,0.1048436541998773,0.0,2.0,0.0,100000.0,0.0472705232106024,7.413198443267252,12.050178780571498,13.017005083966255,11.51293546492023,163100.0,0.10484365419987739
4677.0,36,1,423800.0,1,62000.0,1200,5,0,1.0,0,0,1.0,0,0,7.0,0.0,0.0,1,83328.0,203478,54.0,46.0,0,1,2021,6329.96,6329.96,62000.0,0.5104806451612903,0.146295422369042,0,0.0,16956.5,0.0707693214991301,6329.96,6329.96,0.5104806451612903,0.5104806451612903,0.5104806451612903,6329.96,6329.96,6329.96,62000.0,423800.0,0.146295422369042,0.0707693214991301,7.0,0.0,0.0,83328.0,0.4124279082314068,8.753207162406966,11.034905792929417,12.957019284417138,11.330551906824226,203478.0,0.07076932149913012
4710.0,37,1,300000.0,1,140000.0,1161,5,0,1.0,0,0,1.0,0,0,20.0,60.0,0.0,1,93000.0,291500,41.0,41.0,1,1,2021,67787.2,67787.2,140000.0,2.4209714285714283,0.4666666666666667,0,0.0,24291.666666666668,0.0477941680960548,67787.2,67787.2,2.4209714285714283,2.4209714285714283,2.4209714285714283,67787.2,67787.2,67787.2,140000.0,300000.0,0.4666666666666667,0.0477941680960548,20.0,60.0,0.0,93000.0,1.229924554183751,11.124143417483609,11.849404844423074,12.611541086966117,11.440365524765756,291500.0,0.047794168096054884
4715.0,2,1,337000.0,1,130000.0,800,5,0,1.0,0,0,1.0,0,0,6.0,16.0,0.0,1,30000.0,91000,30.0,29.0,3,1,2021,18679.44,18679.44,130000.0,0.7184400000000001,0.3857566765578635,0,0.0,7583.333333333333,0.1054945054945055,18679.44,18679.44,0.7184400000000001,0.7184400000000001,0.7184400000000001,18679.44,18679.44,18679.44,130000.0,337000.0,0.3857566765578635,0.1054945054945055,6.0,16.0,0.0,30000.0,0.541416902528904,9.835232266109283,11.775297421715829,12.727841176689148,10.308985993422082,91000.0,0.1054945054945055
4718.0,33,1,275000.0,1,176000.0,1100,5,0,1.0,0,0,1.0,0,0,8.0,168.0,0.0,1,25000.0,70000,36.0,34.0,2,1,2021,146398.71999999997,146398.71999999997,176000.0,4.159054545454545,0.64,0,0.0,5833.333333333333,0.1885714285714285,146398.71999999997,146398.71999999997,4.159054545454545,4.159054545454545,4.159054545454545,146398.71999999997,146398.71999999997,146398.71999999997,176000.0,275000.0,0.64,0.1885714285714285,8.0,168.0,0.0,25000.0,1.640753335080151,11.894095967939212,12.07824495582233,12.524530013005734,10.12667110305036,70000.0,0.18857142857142858
4720.0,12,1,155000.0,1,82000.0,420,5,0,1.0,0,0,1.0,0,0,5.0,0.0,0.0,1,48000.0,130500,45.0,42.0,0,1,2021,4521.400000000001,4521.400000000001,82000.0,0.2756951219512195,0.5290322580645161,0,0.0,10875.0,0.0386206896551724,4521.400000000001,4521.400000000001,0.2756951219512195,0.2756951219512195,0.2756951219512195,4521.400000000001,4521.400000000001,4521.400000000001,82000.0,155000.0,0.5290322580645161,0.0386206896551724,5.0,0.0,0.0,48000.0,0.2434912237335371,8.416798105361082,11.31448672129398,11.951186847493476,10.778977123006351,130500.0,0.038620689655172416
4725.0,32,1,345500.0,1,54547.0,1596,5,0,1.0,0,0,1.0,0,0,4.0,50.0,0.0,1,92758.0,214539,38.0,38.0,2,1,2021,45035.12,45035.12,54547.0,4.128102370432837,0.1578784370477568,0,0.0,17878.25,0.0892704822899333,45035.12,45035.12,4.128102370432837,4.128102370432837,4.128102370432837,45035.12,45035.12,45035.12,54547.0,345500.0,0.1578784370477568,0.0892704822899333,4.0,50.0,0.0,92758.0,1.6347356824520347,10.71522011345451,10.906836326977723,12.75275081654168,11.437760010802515,214539.0,0.0892704822899333
4727.0,45,1,175000.0,1,50000.0,725,5,0,4.0,0,0,4.0,0,0,15.0,0.0,0.0,5,0.0,57584,75.0,75.0,0,1,2021,13564.2,13564.2,50000.0,1.3564200000000002,0.2857142857142857,0,0.0,4798.666666666667,0.151083634342873,13564.2,13564.2,1.3564200000000002,1.3564200000000002,1.3564200000000002,13564.2,13564.2,13564.2,50000.0,175000.0,0.2857142857142857,0.151083634342873,15.0,0.0,0.0,0.0,0.8571435181527172,9.515262968810363,10.819798284210286,12.07254696717504,0.0,57584.0,0.151083634342873
4730.0,14,1,70000.0,1,50000.0,667,5,0,1.0,0,0,0.0,0,0,0.0,0.0,0.0,0,0.0,29185,33.0,0.0,2,1,2021,0.0,0.0,50000.0,,0.7142857142857143,0,0.0,2432.083333333333,0.274250471132431,0.0,0.0,,,,0.0,0.0,0.0,50000.0,70000.0,0.7142857142857143,0.274250471132431,0.0,0.0,0.0,0.0,,0.0,10.819798284210286,11.156264806643742,0.0,29185.0,0.274250471132431
4732.0,17,1,60000.0,1,40000.0,305,5,0,1.0,0,0,0.0,0,0,0.0,0.0,0.0,0,0.0,43075,40.0,0.0,0,1,2021,0.0,0.0,40000.0,,0.6666666666666666,0,0.0,3589.583333333333,0.0849680789320951,0.0,0.0,,,,0.0,0.0,0.0,40000.0,60000.0,0.6666666666666666,0.0849680789320951,0.0,0.0,0.0,0.0,,0.0,10.59665973278358,11.002116507732016,0.0,43075.0,0.08496807893209518
4733.0,36,1,725000.0,1,430000.0,3839,5,0,1.0,0,0,1.0,0,0,15.0,49.0,0.0,1,90000.0,225180,36.0,36.0,2,1,2021,54153.84,54153.84,430000.0,0.6296958139534884,0.593103448275862,0,0.0,18765.0,0.2045830002664535,54153.84,54153.84,0.6296958139534884,0.6296958139534884,0.6296958139534884,54153.84,54153.84,54153.84,430000.0,725000.0,0.593103448275862,0.2045830002664535,15.0,49.0,0.0,90000.0,0.4883933801970646,10.899602629782969,12.971542813248435,13.493928313146206,11.407576060361786,225180.0,0.2045830002664535
4751.0,42,1,250000.0,1,150000.0,1700,5,0,1.0,0,0,1.0,0,0,40.0,40.0,0.0,1,80000.0,140000,40.0,37.0,2,1,2021,69305.6,69305.6,150000.0,2.310186666666667,0.6,0,0.0,11666.666666666666,0.1457142857142857,69305.6,69305.6,2.310186666666667,2.310186666666667,2.310186666666667,69305.6,69305.6,69305.6,150000.0,250000.0,0.6,0.1457142857142857,40.0,40.0,0.0,80000.0,1.1970045825621902,11.146295418738374,11.918397239722838,12.429220196836384,11.289794413577894,140000.0,0.1457142857142857
4756.0,5,1,350000.0,1,270000.0,1500,5,0,1.0,0,0,6.0,0,0,25.0,0.0,0.0,5,0.0,76150,73.0,61.0,0,1,2021,22607.0,22607.0,270000.0,0.4186481481481481,0.7714285714285715,1,0.0,6345.833333333333,0.2363755745239658,22607.0,22607.0,0.4186481481481481,0.4186481481481481,0.4186481481481481,22607.0,22607.0,22607.0,270000.0,350000.0,0.7714285714285715,0.2363755745239658,25.0,0.0,0.0,0.0,0.3497044098190354,10.02605910492431,12.506180941677355,12.765691290604371,0.0,76150.0,0.23637557452396588
4759.0,10,1,600000.0,1,412000.0,2400,5,0,1.0,0,0,1.0,0,0,21.0,0.0,0.0,1,60000.0,135150,32.0,30.0,0,1,2021,18989.88,18989.88,412000.0,0.2304597087378641,0.6866666666666666,0,0.0,11262.5,0.2130965593784683,18989.88,18989.88,0.2304597087378641,0.2304597087378641,0.2304597087378641,18989.88,18989.88,18989.88,412000.0,600000.0,0.6866666666666666,0.2130965593784683,21.0,0.0,0.0,60000.0,0.2073878464996885,9.8517141429117,12.928781055513184,13.304686600863562,11.002116507732016,135150.0,0.21309655937846836
4766.0,32,1,345000.0,1,330000.0,1800,5,0,1.0,0,0,0.0,0,0,0.0,0.0,0.0,0,0.0,56000,36.0,0.0,3,1,2021,0.0,0.0,330000.0,,0.9565217391304348,0,0.0,4666.666666666667,0.3857142857142857,0.0,0.0,,,,0.0,0.0,0.0,330000.0,345000.0,0.9565217391304348,0.3857142857142857,0.0,0.0,0.0,0.0,,0.0,12.706850963741102,12.75130259456002,0.0,56000.0,0.3857142857142857
4783.0,32,1,200000.0,1,20000.0,982,5,0,1.0,0,0,0.0,0,0,0.0,0.0,0.0,0,0.0,65000,49.0,0.0,0,1,2021,0.0,0.0,20000.0,,0.1,0,0.0,5416.666666666667,0.1812923076923076,0.0,0.0,,,,0.0,0.0,0.0,20000.0,200000.0,0.1,0.1812923076923076,0.0,0.0,0.0,0.0,,0.0,9.90353755128617,12.206077645517674,0.0,65000.0,0.18129230769230767
4788.0,5,1,402000.0,1,138000.0,1300,5,0,1.0,0,0,1.0,0,0,3.0,0.0,0.0,1,24000.0,165026,29.0,26.0,0,1,2021,2712.84,2712.84,138000.0,0.0982913043478261,0.3432835820895522,0,0.0,13752.166666666666,0.0945305588210342,2712.84,2712.84,0.0982913043478261,0.0982913043478261,0.0982913043478261,2712.84,2712.84,2712.84,138000.0,402000.0,0.3432835820895522,0.0945305588210342,3.0,0.0,0.0,24000.0,0.0937556124065386,7.906119885082924,11.8350162104899,12.904209855160254,10.085850775128716,165026.0,0.09453055882103427
4789.0,24,1,140000.0,1,76700.0,641,5,0,1.0,0,0,0.0,0,0,0.0,0.0,0.0,0,0.0,42575,44.0,0.0,2,1,2021,0.0,0.0,76700.0,,0.5478571428571428,0,0.0,3547.9166666666665,0.1806694069289489,0.0,0.0,,,,0.0,0.0,0.0,76700.0,140000.0,0.5478571428571428,0.1806694069289489,0.0,0.0,0.0,0.0,,0.0,11.247670025080003,11.849404844423074,0.0,42575.0,0.18066940692894892
4791.0,45,1,400000.0,1,240000.0,1538,5,0,1.0,0,0,1.0,6,0,18.0,24.0,0.0,1,100.0,134172,45.0,40.0,1,1,2021,36157.67999999999,36157.67999999999,240000.0,0.7532849999999999,0.6,0,0.0,11181.0,0.1375547804310884,36157.67999999999,36157.67999999999,0.7532849999999999,0.7532849999999999,0.7532849999999999,36157.67999999999,36157.67999999999,36157.67999999999,240000.0,400000.0,0.6,0.1375547804310884,18.0,24.0,0.0,100.0,0.5614911711616207,10.495672309415031,12.388398368982116,12.899222326086994,4.61512051684126,134172.0,0.13755478043108846
4792.0,39,1,200000.0,1,156000.0,1096,5,0,4.0,0,0,0.0,0,0,0.0,0.0,0.0,0,0.0,45012,67.0,0.0,0,1,2021,0.0,0.0,156000.0,,0.78,0,0.0,3751.0,0.2921887496667555,0.0,0.0,,,,0.0,0.0,0.0,156000.0,200000.0,0.78,0.2921887496667555,0.0,0.0,0.0,0.0,,0.0,11.95761769646754,12.206077645517674,0.0,45012.0,0.2921887496667555
4795.0,39,1,195000.0,1,136000.0,1027,5,0,1.0,0,0,1.0,0,0,4.0,0.0,0.0,1,33000.0,91000,36.0,35.0,0,1,2021,3617.12,3617.12,136000.0,0.1329823529411764,0.6974358974358974,0,0.0,7583.333333333333,0.1354285714285714,3617.12,3617.12,0.1329823529411764,0.1329823529411764,0.1329823529411764,3617.12,3617.12,3617.12,136000.0,195000.0,0.6974358974358974,0.1354285714285714,4.0,0.0,0.0,33000.0,0.1248534064092796,8.193709832901066,11.820417517632333,12.180759965737863,10.404293143019792,91000.0,0.13542857142857143
4797.0,14,1,240000.0,1,120000.0,1200,5,0,1.0,0,0,1.0,0,0,20.0,30.0,5.0,1,20000.0,161500,45.0,42.0,4,1,2021,48822.8,48822.8,120000.0,2.0342833333333337,0.5,0,0.0,13458.333333333334,0.0891640866873064,48822.8,48822.8,2.0342833333333337,2.0342833333333337,2.0342833333333337,48822.8,48822.8,48822.8,120000.0,240000.0,0.5,0.0891640866873064,20.0,30.0,5.0,20000.0,1.109975262635129,10.795973177869882,11.695255355062796,12.388398368982116,9.90353755128617,161500.0,0.08916408668730649
4798.0,19,1,149000.0,1,99000.0,860,5,0,1.0,0,0,0.0,0,0,0.0,0.0,0.0,0,0.0,60000,32.0,0.0,0,1,2021,0.0,0.0,99000.0,,0.6644295302013423,0,0.0,5000.0,0.172,0.0,0.0,,,,0.0,0.0,0.0,99000.0,149000.0,0.6644295302013423,0.172,0.0,0.0,0.0,0.0,,0.0,11.502885230075814,11.91170829631447,0.0,60000.0,0.172
4801.0,12,1,200000.0,1,132000.0,1292,1,5,1.0,0,0,0.0,0,0,0.0,0.0,0.0,0,0.0,84425,38.0,0.0,0,1,2021,0.0,0.0,132000.0,,0.66,0,1.0,7035.416666666667,0.1836422860527095,0.0,0.0,,,,0.0,0.0,0.0,132000.0,200000.0,0.66,0.1836422860527095,0.0,0.0,0.0,0.0,,0.0,11.790564777297387,12.206077645517674,0.0,84425.0,0.1836422860527095
4813.0,31,1,108000.0,1,98000.0,930,5,0,1.0,0,0,1.0,0,0,8.0,0.0,0.0,1,33500.0,81000,27.0,26.0,0,1,2021,7234.24,7234.24,98000.0,0.3690938775510204,0.9074074074074074,0,0.0,6750.0,0.1377777777777777,7234.24,7234.24,0.3690938775510204,0.3690938775510204,0.3690938775510204,7234.24,7234.24,7234.24,98000.0,108000.0,0.9074074074074074,0.1377777777777777,8.0,0.0,0.0,33500.0,0.3141491177689829,8.88671881059557,11.49273296168228,11.58989576532275,10.4193305681139,81000.0,0.13777777777777778
4828.0,3,1,90000.0,1,67000.0,867,5,0,1.0,0,0,0.0,0,0,0.0,0.0,0.0,0,0.0,55000,52.0,0.0,0,1,2021,0.0,0.0,67000.0,,0.7444444444444445,0,0.0,4583.333333333333,0.1891636363636363,0.0,0.0,,,,0.0,0.0,0.0,67000.0,90000.0,0.7444444444444445,0.1891636363636363,0.0,0.0,0.0,0.0,,0.0,11.112462823634855,11.407576060361786,0.0,55000.0,0.18916363636363637
4830.0,10,1,325000.0,1,100000.0,1200,5,0,1.0,0,0,6.0,0,0,7.0,7.0,0.0,5,0.0,150000,49.0,48.0,1,1,2021,12128.48,12128.48,100000.0,0.606424,0.3076923076923077,1,0.0,12500.0,0.096,12128.48,12128.48,0.606424,0.606424,0.606424,12128.48,12128.48,12128.48,100000.0,325000.0,0.3076923076923077,0.096,7.0,7.0,0.0,0.0,0.4740105906427125,9.403394132099164,11.51293546492023,12.691583538230216,0.0,150000.0,0.096
4834.0,4,1,700000.0,1,160000.0,2400,5,0,1.0,0,0,1.0,0,0,7.0,3.0,0.0,1,125000.0,260000,54.0,52.0,2,1,2021,8815.04,8815.04,160000.0,0.27547,0.2285714285714285,0,0.0,21666.666666666668,0.1107692307692307,8815.04,8815.04,0.27547,0.27547,0.27547,8815.04,8815.04,8815.04,160000.0,700000.0,0.2285714285714285,0.1107692307692307,7.0,3.0,0.0,125000.0,0.2433147381349635,9.084328068587483,11.982935344196433,13.45883704259595,11.736077016252436,260000.0,0.11076923076923076
4837.0,4,1,205000.0,1,150000.0,1080,5,0,1.0,0,0,0.0,0,0,0.0,0.0,0.0,0,0.0,122113,42.0,0.0,0,1,2021,0.0,0.0,150000.0,,0.7317073170731707,0,0.0,10176.083333333334,0.1061312063416671,0.0,0.0,,,,0.0,0.0,0.0,150000.0,205000.0,0.7317073170731707,0.1061312063416671,0.0,0.0,0.0,0.0,,0.0,11.918397239722838,12.230770136157428,0.0,122113.0,0.10613120634166714
4838.0,50,1,300000.0,1,140339.0,1293,5,0,4.0,0,0,1.0,0,0,3.0,0.0,0.0,1,42017.0,106657,64.0,47.0,0,1,2021,2712.84,2712.84,140339.0,0.0966531042689487,0.4677966666666667,0,0.0,8888.083333333334,0.1454756837338383,2712.84,2712.84,0.0966531042689487,0.0966531042689487,0.0966531042689487,2712.84,2712.84,2712.84,140339.0,300000.0,0.4677966666666667,0.1454756837338383,3.0,0.0,0.0,42017.0,0.0922629091046894,7.906119885082924,11.85182332880628,12.611541086966117,10.645853376883572,106657.0,0.14547568373383837
4841.0,15,1,80000.0,1,26173.0,579,5,0,1.0,0,0,1.0,0,0,5.0,0.0,0.0,1,26000.0,69099,65.0,61.0,0,1,2021,4521.400000000001,4521.400000000001,26173.0,0.8637527222710427,0.3271625,0,0.0,5758.25,0.1005513827985933,4521.400000000001,4521.400000000001,0.8637527222710427,0.8637527222710427,0.8637527222710427,4521.400000000001,4521.400000000001,4521.400000000001,26173.0,80000.0,0.3271625,0.1005513827985933,5.0,0.0,0.0,26000.0,0.6225920477374842,8.416798105361082,10.172521830615429,11.289794413577894,10.165890277802454,69099.0,0.10055138279859333
4842.0,19,1,550000.0,1,167000.0,1550,5,0,1.0,0,0,,0,0,,,,9,0.0,133000,33.0,,0,1,2021,0.0,0.0,167000.0,,0.3036363636363636,0,0.0,11083.333333333334,0.1398496240601503,0.0,0.0,,,,0.0,0.0,0.0,167000.0,550000.0,0.3036363636363636,0.1398496240601503,,,,0.0,,0.0,12.025755079404917,13.21767537538882,0.0,133000.0,0.13984962406015036
4843.0,39,1,750000.0,1,308000.0,1425,5,0,4.0,0,0,4.0,0,0,30.0,0.0,0.0,5,0.0,148605,73.0,68.0,0,1,2021,27128.4,27128.4,308000.0,0.4403961038961039,0.4106666666666667,0,0.0,12383.75,0.1150701524174825,27128.4,27128.4,0.4403961038961039,0.4403961038961039,0.4403961038961039,27128.4,27128.4,27128.4,308000.0,750000.0,0.4106666666666667,0.1150701524174825,30.0,0.0,0.0,0.0,0.3649181479125738,10.208373289669389,12.637858308703688,13.527829818844936,0.0,148605.0,0.11507015241748259
4849.0,37,1,750000.0,1,114000.0,2423,5,0,1.0,0,0,1.0,0,0,8.0,30.0,0.0,1,30000.0,221826,45.0,43.0,2,1,2021,32085.04,32085.04,114000.0,1.4072385964912282,0.152,0,0.0,18485.5,0.1310757079873414,32085.04,32085.04,1.4072385964912282,1.4072385964912282,1.4072385964912282,32085.04,32085.04,32085.04,114000.0,750000.0,0.152,0.1310757079873414,8.0,30.0,0.0,30000.0,0.8784802799751938,10.376176323559871,11.643962499267984,13.527829818844936,10.308985993422082,221826.0,0.13107570798734142
4853.0,9,1,400000.0,1,200000.0,1650,5,0,4.0,0,0,1.0,0,0,10.0,0.0,0.0,1,85000.0,250000,70.0,64.0,0,1,2021,9042.8,9042.8,200000.0,0.22607,0.5,0,0.0,20833.33333333333,0.0792,9042.8,9042.8,0.22607,0.22607,0.22607,9042.8,9042.8,9042.8,200000.0,400000.0,0.5,0.0792,10.0,0.0,0.0,85000.0,0.2038139321320517,9.10983471904454,12.206077645517674,12.899222326086994,11.350418300109132,250000.0,0.0792
4854.0,39,1,350000.0,1,275000.0,1700,5,0,1.0,0,0,1.0,0,0,,0.0,0.0,1,41000.0,54400,48.0,41.0,1,1,2021,0.0,0.0,275000.0,,0.7857142857142857,0,0.0,4533.333333333333,0.375,0.0,0.0,,,,0.0,0.0,0.0,275000.0,350000.0,0.7857142857142857,0.375,,0.0,0.0,41000.0,,0.0,12.524530013005734,12.765691290604371,10.62135173563291,54400.0,0.375
4861.0,43,1,550000.0,1,430000.0,1700,5,0,1.0,0,0,1.0,0,0,5.0,40.0,0.0,1,45000.0,95500,31.0,31.0,1,1,2021,37655.8,37655.8,430000.0,0.4378581395348837,0.7818181818181819,0,0.0,7958.333333333333,0.2136125654450262,37655.8,37655.8,0.4378581395348837,0.4378581395348837,0.4378581395348837,37655.8,37655.8,37655.8,430000.0,550000.0,0.7818181818181819,0.2136125654450262,5.0,40.0,0.0,45000.0,0.3631546032050224,10.53626882780963,12.971542813248435,13.21767537538882,10.714439990727769,95500.0,0.2136125654450262
4866.0,40,1,85000.0,1,82000.0,630,5,0,1.0,0,0,0.0,0,0,0.0,0.0,0.0,0,0.0,89000,60.0,0.0,0,1,2021,0.0,0.0,82000.0,,0.9647058823529412,0,0.0,7416.666666666667,0.0849438202247191,0.0,0.0,,,,0.0,0.0,0.0,82000.0,85000.0,0.9647058823529412,0.0849438202247191,0.0,0.0,0.0,0.0,,0.0,11.31448672129398,11.350418300109132,0.0,89000.0,0.0849438202247191
4877.0,36,1,330000.0,1,309000.0,1714,5,0,1.0,0,0,6.0,1,0,30.0,56.0,0.0,1,5297.0,77743,27.0,28.0,1,1,2021,73516.56,73516.56,309000.0,1.1895883495145632,0.9363636363636364,1,0.0,6478.583333333333,0.2645640121940239,73516.56,73516.56,1.1895883495145632,1.1895883495145632,1.1895883495145632,73516.56,73516.56,73516.56,309000.0,330000.0,0.9363636363636364,0.2645640121940239,30.0,56.0,0.0,5297.0,0.783713557901972,11.205279568230733,12.6410997921206,12.706850963741102,8.575084669832014,77743.0,0.2645640121940239
4878.0,3,1,260000.0,1,151000.0,840,5,0,1.0,0,0,1.0,0,0,15.0,20.0,0.0,1,21000.0,81020,35.0,34.0,3,1,2021,30131.4,30131.4,151000.0,0.997728476821192,0.5807692307692308,0,0.0,6751.666666666667,0.1244137250061713,30131.4,30131.4,0.997728476821192,0.997728476821192,0.997728476821192,30131.4,30131.4,30131.4,151000.0,260000.0,0.5807692307692308,0.1244137250061713,15.0,20.0,0.0,21000.0,0.6920107735045707,10.313356283781143,11.92504173829169,12.468440756144114,9.952325334619427,81020.0,0.12441372500617132
4894.0,19,1,210000.0,1,164400.0,1492,5,0,1.0,0,0,1.0,0,0,20.0,0.0,0.0,1,80000.0,153800,30.0,30.0,0,1,2021,18085.6,18085.6,164400.0,0.5500486618004867,0.7828571428571428,0,0.0,12816.666666666666,0.1164109232769831,18085.6,18085.6,0.5500486618004867,0.5500486618004867,0.5500486618004867,18085.6,18085.6,18085.6,164400.0,210000.0,0.7828571428571428,0.1164109232769831,20.0,0.0,0.0,80000.0,0.4382863251483431,9.802926611581514,12.010063844310778,12.25486757159303,11.289794413577894,153800.0,0.1164109232769831
4899.0,42,1,750000.0,1,424000.0,1780,5,0,4.0,0,0,4.0,0,0,21.0,0.0,0.0,5,0.0,126420,66.0,68.0,0,1,2021,18989.88,18989.88,424000.0,0.2239372641509434,0.5653333333333334,0,0.0,10535.0,0.1689606074988134,18989.88,18989.88,0.2239372641509434,0.2239372641509434,0.2239372641509434,18989.88,18989.88,18989.88,424000.0,750000.0,0.5653333333333334,0.1689606074988134,21.0,0.0,0.0,0.0,0.2020729279979222,9.8517141429117,12.95749109270188,13.527829818844936,0.0,126420.0,0.16896060749881348
4915.0,42,1,150000.0,1,167000.0,1400,1,5,1.0,0,0,1.0,0,0,4.0,48.0,0.0,1,20000.0,62120,44.0,41.0,3,1,2021,43378.4,43378.4,167000.0,1.298754491017964,1.1133333333333333,0,1.0,5176.666666666667,0.2704443013522215,43378.4,43378.4,1.298754491017964,1.298754491017964,1.298754491017964,43378.4,43378.4,43378.4,167000.0,150000.0,1.0,0.2704443013522215,4.0,48.0,0.0,20000.0,0.8323674506127732,10.677739953026569,12.025755079404917,11.918397239722838,9.90353755128617,62120.0,0.2704443013522215
4916.0,13,1,145000.0,1,135000.0,910,5,0,1.0,7,0,1.0,7,0,10.0,0.0,0.0,5,0.0,56950,33.0,27.0,0,1,2021,9042.8,9042.8,135000.0,0.3349185185185185,0.9310344827586208,0,0.0,4745.833333333333,0.191747146619842,9042.8,9042.8,0.3349185185185185,0.3349185185185185,0.3349185185185185,9042.8,9042.8,9042.8,135000.0,145000.0,0.9310344827586208,0.191747146619842,10.0,0.0,0.0,0.0,0.2888702551719234,9.10983471904454,11.81303746480054,11.884495917930655,0.0,56950.0,0.191747146619842
4919.0,19,1,179000.0,1,150000.0,1100,1,5,4.0,5,0,0.0,0,0,0.0,0.0,0.0,0,0.0,7200,43.0,0.0,0,1,2021,0.0,0.0,150000.0,,0.8379888268156425,0,1.0,600.0,1.8333333333333333,0.0,0.0,,,,0.0,0.0,0.0,150000.0,179000.0,0.8379888268156425,1.8333333333333333,0.0,0.0,0.0,0.0,,0.0,11.918397239722838,12.095146671399466,0.0,7200.0,1.8333333333333333
4920.0,20,1,600000.0,1,95000.0,1200,5,0,1.0,0,0,1.0,0,0,7.0,0.0,0.0,1,95000.0,265200,63.0,62.0,0,1,2021,6329.96,6329.96,95000.0,0.3331557894736842,0.1583333333333333,0,0.0,22100.0,0.0542986425339366,6329.96,6329.96,0.3331557894736842,0.3331557894736842,0.3331557894736842,6329.96,6329.96,6329.96,95000.0,600000.0,0.1583333333333333,0.0542986425339366,7.0,0.0,0.0,95000.0,0.2875489056907445,8.753207162406966,11.461642696843066,13.304686600863562,11.461642696843066,265200.0,0.05429864253393665
4929.0,41,1,70000.0,1,25000.0,347,5,0,1.0,0,0,0.0,0,0,0.0,0.0,0.0,0,0.0,31160,27.0,0.0,2,1,2021,0.0,0.0,25000.0,,0.3571428571428571,0,0.0,2596.6666666666665,0.1336328626444159,0.0,0.0,,,,0.0,0.0,0.0,25000.0,70000.0,0.3571428571428571,0.1336328626444159,0.0,0.0,0.0,0.0,,0.0,10.12667110305036,11.156264806643742,0.0,31160.0,0.13363286264441593
4936.0,39,1,187000.0,1,21000.0,350,5,0,4.0,0,0,4.0,0,0,10.0,40.0,0.0,1,,88830,63.0,64.0,0,1,2021,42177.2,42177.2,21000.0,10.042190476190475,0.1122994652406417,0,0.0,7402.5,0.0472813238770685,42177.2,42177.2,10.042190476190475,10.042190476190475,10.042190476190475,42177.2,42177.2,42177.2,21000.0,187000.0,0.1122994652406417,0.0472813238770685,10.0,40.0,0.0,,2.4017234338661657,10.649658778868991,9.952325334619427,12.138869243416009,,88830.0,0.04728132387706856
4938.0,2,1,304000.0,1,255600.0,1795,5,0,1.0,0,0,1.0,0,0,6.0,168.0,0.0,1,36000.0,143463,26.0,32.0,2,1,2021,144590.16,144590.16,255600.0,2.828446009389672,0.8407894736842105,0,0.0,11955.25,0.1501432425085213,144590.16,144590.16,2.828446009389672,2.828446009389672,2.828446009389672,144590.16,144590.16,144590.16,255600.0,304000.0,0.8407894736842105,0.1501432425085213,6.0,168.0,0.0,36000.0,1.3424589791834147,11.881665452674824,12.451372913840933,12.624786269856632,10.491301994830229,143463.0,0.15014324250852137
4940.0,5,1,600000.0,1,52000.0,1335,5,0,1.0,0,0,0.0,0,0,0.0,0.0,0.0,0,0.0,100000,38.0,0.0,0,1,2021,0.0,0.0,52000.0,,0.0866666666666666,0,0.0,8333.333333333334,0.1601999999999999,0.0,0.0,,,,0.0,0.0,0.0,52000.0,600000.0,0.0866666666666666,0.1601999999999999,0.0,0.0,0.0,0.0,,0.0,10.859018228147889,13.304686600863562,0.0,100000.0,0.16019999999999998
4958.0,14,1,220000.0,1,67000.0,1000,5,0,1.0,0,0,1.0,0,0,20.0,7.0,0.0,1,57048.0,140433,47.0,44.0,1,1,2021,23884.12,23884.12,67000.0,1.7823970149253732,0.3045454545454545,0,0.0,11702.75,0.085450001068125,23884.12,23884.12,1.7823970149253732,1.7823970149253732,1.7823970149253732,23884.12,23884.12,23884.12,67000.0,220000.0,0.3045454545454545,0.085450001068125,20.0,7.0,0.0,57048.0,1.023312791775649,10.081010949885128,11.112462823634855,12.301387370778713,10.95166582665281,140433.0,0.08545000106812502
4966.0,42,1,150000.0,1,88478.0,1143,5,0,1.0,0,0,0.0,0,0,0.0,0.0,0.0,0,0.0,101400,39.0,0.0,2,1,2021,0.0,0.0,88478.0,,0.5898533333333333,0,0.0,8450.0,0.1352662721893491,0.0,0.0,,,,0.0,0.0,0.0,88478.0,150000.0,0.5898533333333333,0.1352662721893491,0.0,0.0,0.0,0.0,,0.0,11.390520514703145,11.918397239722838,0.0,101400.0,0.1352662721893491
4967.0,46,1,650000.0,1,300000.0,2600,5,0,1.0,0,0,1.0,0,0,15.0,20.0,0.0,1,17000.0,160670,40.0,42.0,3,1,2021,30131.4,30131.4,300000.0,0.50219,0.4615384615384615,0,0.0,13389.166666666666,0.1941868425966266,30131.4,30131.4,0.50219,0.50219,0.50219,30131.4,30131.4,30131.4,300000.0,650000.0,0.4615384615384615,0.1941868425966266,15.0,20.0,0.0,17000.0,0.4069240433444084,10.313356283781143,12.611541086966117,13.384729180332174,9.741027444837728,160670.0,0.19418684259662664
4968.0,33,1,190000.0,1,85000.0,800,5,0,1.0,0,0,0.0,0,0,0.0,0.0,0.0,0,0.0,43000,32.0,0.0,0,1,2021,0.0,0.0,85000.0,,0.4473684210526316,0,0.0,3583.333333333333,0.2232558139534883,0.0,0.0,,,,0.0,0.0,0.0,85000.0,190000.0,0.4473684210526316,0.2232558139534883,0.0,0.0,0.0,0.0,,0.0,11.350418300109132,12.154784614286667,0.0,43000.0,0.22325581395348837
4969.0,16,1,900000.0,1,325000.0,2200,5,0,1.0,0,0,1.0,0,0,20.0,40.0,0.0,1,30000.0,338400,40.0,46.0,1,1,2021,51220.0,51220.0,325000.0,0.788,0.3611111111111111,0,0.0,28200.0,0.0780141843971631,51220.0,51220.0,0.788,0.788,0.788,51220.0,51220.0,51220.0,325000.0,900000.0,0.3611111111111111,0.0780141843971631,20.0,40.0,0.0,30000.0,0.5810976767513224,10.843904883186518,12.691583538230216,13.71015115341694,10.308985993422082,338400.0,0.07801418439716312
4970.0,46,1,715000.0,1,556000.0,2983,5,0,1.0,0,0,1.0,0,0,7.0,30.0,0.0,1,75000.0,245600,33.0,33.0,1,1,2021,31180.76,31180.76,556000.0,0.2804025179856115,0.7776223776223776,0,0.0,20466.666666666668,0.1457491856677524,31180.76,31180.76,0.2804025179856115,0.2804025179856115,0.2804025179856115,31180.76,31180.76,31180.76,556000.0,715000.0,0.7776223776223776,0.1457491856677524,7.0,30.0,0.0,75000.0,0.2471744956733457,10.347588587458754,13.228525371792252,13.480039220276565,11.225256725762891,245600.0,0.14574918566775244
4975.0,31,1,180000.0,1,103000.0,99999,5,0,1.0,0,0,6.0,0,0,,0.0,0.0,5,0.0,54106,34.0,34.0,4,1,2021,0.0,0.0,103000.0,,0.5722222222222222,1,0.0,4508.833333333333,2.0,0.0,0.0,,,,0.0,0.0,0.0,103000.0,180000.0,0.5722222222222222,2.0,,0.0,0.0,0.0,,0.0,11.542493975902508,12.100717685412471,0.0,54106.0,2.0
4976.0,29,1,600000.0,1,29000.0,300,5,0,1.0,0,0,1.0,0,0,10.0,0.0,0.0,1,82000.0,214150,65.0,62.0,0,1,2021,9042.8,9042.8,29000.0,1.5591034482758623,0.0483333333333333,0,0.0,17845.833333333332,0.0168106467429371,9042.8,9042.8,1.5591034482758623,1.5591034482758623,1.5591034482758623,9042.8,9042.8,9042.8,29000.0,600000.0,0.0483333333333333,0.0221513583572549,10.0,0.0,0.0,82000.0,0.9396569816344538,9.10983471904454,10.275085591132717,13.304686600863562,11.31448672129398,214150.0,0.016810646742937196
4978.0,12,1,320000.0,1,223000.0,1751,5,0,1.0,0,0,1.0,0,0,20.0,4.0,6.0,1,35892.0,129942,63.0,60.0,0,1,2021,28462.72,28462.72,223000.0,0.6381775784753364,0.696875,0,0.0,10828.5,0.1617029136076095,28462.72,28462.72,0.6381775784753364,0.6381775784753364,0.6381775784753364,28462.72,28462.72,28462.72,223000.0,320000.0,0.696875,0.1617029136076095,20.0,4.0,6.0,35892.0,0.4935843913223513,10.256385572870162,12.314931534737134,12.676079399771028,10.48829756939169,129942.0,0.16170291360760955
4983.0,42,1,425000.0,1,340000.0,2348,5,0,1.0,0,0,1.0,0,0,2.0,0.0,0.0,1,120000.0,250000,27.0,28.0,0,1,2021,1808.56,1808.56,340000.0,0.0265964705882352,0.8,0,0.0,20833.33333333333,0.112704,1808.56,1808.56,0.0265964705882352,0.0301226161123428,0.0301226161123428,1808.56,1808.56,1808.56,340000.0,425000.0,0.8,0.112704,2.0,0.0,0.0,120000.0,0.029677839925543,7.500839000785103,12.73670383776449,12.959846800844964,11.695255355062796,250000.0,0.11270400000000001
4987.0,25,1,160000.0,1,88000.0,989,5,0,1.0,0,0,0.0,0,0,0.0,0.0,0.0,0,0.0,73881,60.0,0.0,1,1,2021,0.0,0.0,88000.0,,0.55,0,0.0,6156.75,0.1606366995573963,0.0,0.0,,,,0.0,0.0,0.0,88000.0,160000.0,0.55,0.1606366995573963,0.0,0.0,0.0,0.0,,0.0,11.38510345703214,11.982935344196433,0.0,73881.0,0.16063669955739635
5003.0,39,1,80000.0,1,70000.0,701,5,0,5.0,0,0,1.0,0,0,5.0,0.0,0.0,1,23000.0,42200,65.0,65.0,0,1,2021,4521.400000000001,4521.400000000001,70000.0,0.3229571428571429,0.875,0,0.0,3516.6666666666665,0.1993364928909952,4521.400000000001,4521.400000000001,0.3229571428571429,0.3229571428571429,0.3229571428571429,4521.400000000001,4521.400000000001,4521.400000000001,70000.0,80000.0,0.875,0.1993364928909952,5.0,0.0,0.0,23000.0,0.2798694906981797,8.416798105361082,11.156264806643742,11.289794413577894,10.043292972227004,42200.0,0.19933649289099528
5010.0,46,1,900000.0,1,550000.0,2900,5,0,1.0,0,0,1.0,0,0,20.0,40.0,0.0,1,46000.0,300500,42.0,42.0,4,1,2021,51220.0,51220.0,550000.0,0.4656363636363636,0.6111111111111112,0,0.0,25041.666666666668,0.1158069883527454,51220.0,51220.0,0.4656363636363636,0.4656363636363636,0.4656363636363636,51220.0,51220.0,51220.0,550000.0,900000.0,0.6111111111111112,0.1158069883527454,20.0,40.0,0.0,46000.0,0.3822895260630386,10.843904883186518,13.21767537538882,13.71015115341694,10.736418414365376,300500.0,0.11580698835274542
5011.0,45,1,250000.0,1,150655.0,1124,5,0,1.0,0,0,1.0,0,0,5.0,0.0,0.0,1,38688.0,80539,32.0,31.0,0,1,2021,4521.400000000001,4521.400000000001,150655.0,0.1500580797185623,0.60262,0,0.0,6711.583333333333,0.1674716596928196,4521.400000000001,4521.400000000001,0.1500580797185623,0.1500580797185623,0.1500580797185623,4521.400000000001,4521.400000000001,4521.400000000001,150655.0,250000.0,0.60262,0.1674716596928196,5.0,0.0,0.0,38688.0,0.1398124452029671,8.416798105361082,11.922754371179892,12.429220196836384,10.563310600888576,80539.0,0.16747165969281963
5017.0,5,1,450000.0,1,100000.0,1050,5,0,1.0,6,0,1.0,0,0,3.0,0.0,0.0,1,225000.0,255200,38.0,44.0,0,1,2021,2712.84,2712.84,100000.0,0.135642,0.2222222222222222,0,0.0,21266.666666666668,0.049373040752351,2712.84,2712.84,0.135642,0.135642,0.135642,2712.84,2712.84,2712.84,100000.0,450000.0,0.2222222222222222,0.049373040752351,3.0,0.0,0.0,200000.0,0.127198129786578,7.906119885082924,11.51293546492023,13.017005083966255,12.206077645517674,255200.0,0.04937304075235109
5021.0,28,1,229000.0,1,128000.0,1250,5,0,1.0,0,0,6.0,0,0,20.0,70.0,0.0,1,8600.0,70802,36.0,38.0,4,1,2021,76070.79999999999,76070.79999999999,128000.0,2.9715156249999994,0.5589519650655022,1,0.0,5900.166666666667,0.2118584220784723,76070.79999999999,76070.79999999999,2.9715156249999994,2.9715156249999994,2.9715156249999994,76070.79999999999,76070.79999999999,76070.79999999999,128000.0,229000.0,0.5589519650655022,0.2118584220784723,20.0,70.0,0.0,8600.0,1.3791477913650678,11.239432910127592,11.759793355371237,12.34148164933907,9.05963375455148,70802.0,0.21185842207847236
5024.0,29,1,500000.0,1,210000.0,1900,5,0,1.0,0,0,4.0,6,0,35.0,8.0,0.0,5,0.0,172990,65.0,64.0,0,1,2021,38276.67999999999,38276.67999999999,210000.0,0.9113495238095236,0.42,0,0.0,14415.833333333334,0.1317995259841609,38276.67999999999,38276.67999999999,0.9113495238095236,0.9113495238095236,0.9113495238095236,38276.67999999999,38276.67999999999,38276.67999999999,210000.0,500000.0,0.42,0.1317995259841609,35.0,8.0,0.0,0.0,0.6478095495330148,10.552622237669665,12.25486757159303,13.122365377402328,0.0,172990.0,0.13179952598416092
5026.0,9,1,800000.0,1,450000.0,1750,5,0,4.0,0,0,6.0,4,0,20.0,0.0,20.0,5,0.0,56935,64.0,62.0,0,1,2021,41631.2,41631.2,450000.0,0.4625688888888889,0.5625,1,0.0,4744.583333333333,0.3688416615438658,41631.2,41631.2,0.4625688888888889,0.4625688888888889,0.4625688888888889,41631.2,41631.2,41631.2,450000.0,800000.0,0.5625,0.3688416615438658,20.0,0.0,20.0,0.0,0.380194402528309,10.636629185297618,13.017005083966255,13.592368256649284,0.0,56935.0,0.36884166154386583
5029.0,21,1,240000.0,1,196000.0,1360,5,0,1.0,0,0,1.0,0,0,0.0,0.0,0.0,1,65000.0,95500,29.0,33.0,0,1,2021,0.0,0.0,196000.0,,0.8166666666666667,0,0.0,7958.333333333333,0.1708900523560209,0.0,0.0,,,,0.0,0.0,0.0,196000.0,240000.0,0.8166666666666667,0.1708900523560209,0.0,0.0,0.0,65000.0,,0.0,12.185875040240456,12.388398368982116,11.082157933374816,95500.0,0.17089005235602095
5030.0,5,1,425000.0,1,152000.0,1212,5,0,1.0,0,0,1.0,7,0,7.0,0.0,1.0,1,76000.0,148006,46.0,47.0,0,1,2021,7507.24,7507.24,152000.0,0.2469486842105263,0.3576470588235294,0,0.0,12333.833333333334,0.0982662865018985,7507.24,7507.24,0.2469486842105263,0.2469486842105263,0.2469486842105263,7507.24,7507.24,7507.24,152000.0,425000.0,0.3576470588235294,0.0982662865018985,7.0,0.0,1.0,76000.0,0.2206995144562307,8.923756363098537,11.93164237875414,12.959846800844964,11.23850177707664,148006.0,0.09826628650189857
5031.0,3,1,185000.0,1,141000.0,950,5,0,1.0,0,0,1.0,0,0,12.0,0.0,0.0,1,41000.0,93000,29.0,30.0,0,1,2021,10851.36,10851.36,141000.0,0.3848,0.7621621621621621,0,0.0,7750.0,0.1225806451612903,10851.36,10851.36,0.3848,0.3848,0.3848,10851.36,10851.36,10851.36,141000.0,185000.0,0.7621621621621621,0.1225806451612903,12.0,0.0,0.0,41000.0,0.3255557248798624,9.29213784683714,11.856522261533735,12.128116509451258,10.62135173563291,93000.0,0.12258064516129032
5035.0,14,1,215000.0,1,98000.0,1300,5,0,1.0,0,0,1.0,0,0,15.0,55.0,0.0,1,60000.0,155050,32.0,32.0,2,1,2021,59124.0,59124.0,98000.0,3.016530612244898,0.4558139534883721,0,0.0,12920.833333333334,0.1006127055788455,59124.0,59124.0,3.016530612244898,3.016530612244898,3.016530612244898,59124.0,59124.0,59124.0,98000.0,215000.0,0.4558139534883721,0.1006127055788455,15.0,55.0,0.0,60000.0,1.3904184982247194,10.987409125794231,11.49273296168228,12.278397958261774,11.002116507732016,155050.0,0.10061270557884552
5040.0,51,1,825000.0,1,700000.0,3700,5,0,1.0,0,0,0.0,0,0,0.0,0.0,0.0,0,0.0,130075,35.0,0.0,0,1,2021,0.0,0.0,700000.0,,0.8484848484848485,0,0.0,10839.583333333334,0.34134153373054,0.0,0.0,,,,0.0,0.0,0.0,700000.0,825000.0,0.8484848484848485,0.34134153373054,0.0,0.0,0.0,0.0,,0.0,13.45883704259595,13.623139877437296,0.0,130075.0,0.34134153373054005
5044.0,37,1,32000.0,1,13500.0,445,5,0,1.0,0,0,0.0,0,0,0.0,0.0,0.0,0,0.0,71000,55.0,0.0,0,1,2021,0.0,0.0,13500.0,,0.421875,0,0.0,5916.666666666667,0.0752112676056338,0.0,0.0,,,,0.0,0.0,0.0,13500.0,50000.0,0.421875,0.0752112676056338,0.0,0.0,0.0,0.0,,0.0,9.510519035757246,10.819798284210286,0.0,71000.0,0.0752112676056338
5056.0,19,1,515000.0,1,377000.0,2200,5,0,1.0,0,0,6.0,0,0,15.0,40.0,0.0,5,0.0,242150,40.0,41.0,2,1,2021,46698.600000000006,46698.600000000006,377000.0,0.619344827586207,0.7320388349514563,1,0.0,20179.166666666668,0.1090233326450547,46698.600000000006,46698.600000000006,0.619344827586207,0.619344827586207,0.619344827586207,46698.600000000006,46698.600000000006,46698.600000000006,377000.0,515000.0,0.7320388349514563,0.1090233326450547,15.0,40.0,0.0,0.0,0.4820216400255475,10.751490878309816,12.840003118946523,13.15192412139156,0.0,242150.0,0.1090233326450547
5059.0,1,1,675000.0,1,460192.0,2931,5,0,1.0,0,0,1.0,0,0,6.0,5.0,0.0,1,275000.0,395000,45.0,43.0,1,1,2021,9567.48,9567.48,460192.0,0.1039509595994715,0.6817659259259259,0,0.0,32916.666666666664,0.0890430379746835,9567.48,9567.48,0.1039509595994715,0.1039509595994715,0.1039509595994715,9567.48,9567.48,9567.48,460192.0,675000.0,0.6817659259259259,0.0890430379746835,6.0,5.0,0.0,200000.0,0.0988955262156245,9.16622964215616,13.039401245689795,13.42246945133505,12.206077645517674,395000.0,0.08904303797468355
5061.0,24,1,350000.0,1,220000.0,2200,5,0,1.0,0,0,0.0,0,0,0.0,0.0,0.0,0,0.0,225075,43.0,0.0,3,1,2021,0.0,0.0,220000.0,,0.6285714285714286,0,0.0,18756.25,0.117294235254915,0.0,0.0,,,,0.0,0.0,0.0,220000.0,350000.0,0.6285714285714286,0.117294235254915,0.0,0.0,0.0,0.0,,0.0,12.301387370778713,12.765691290604371,0.0,225075.0,0.11729423525491503
5062.0,46,1,1500000.0,1,180000.0,1800,5,0,1.0,0,0,1.0,0,0,2.0,14.0,0.0,1,26000.0,133950,55.0,55.0,0,1,2021,13405.6,13405.6,180000.0,0.3723777777777777,0.12,0,0.0,11162.5,0.1612541993281075,13405.6,13405.6,0.3723777777777777,0.3723777777777777,0.3723777777777777,13405.6,13405.6,13405.6,180000.0,1500000.0,0.12,0.1612541993281075,2.0,14.0,0.0,26000.0,0.3165448396368574,9.503502401995748,12.100717685412471,14.220976332738882,10.165890277802454,133950.0,0.1612541993281075
5063.0,19,1,500000.0,1,180000.0,1480,5,0,4.0,0,0,4.0,0,0,10.0,6.0,0.0,5,0.0,165900,68.0,67.0,0,1,2021,14012.96,14012.96,180000.0,0.3892488888888889,0.36,0,0.0,13825.0,0.1070524412296564,14012.96,14012.96,0.3892488888888889,0.3892488888888889,0.3892488888888889,14012.96,14012.96,14012.96,180000.0,500000.0,0.36,0.1070524412296564,10.0,6.0,0.0,0.0,0.3287632333855197,9.547809254637835,12.100717685412471,13.122365377402328,0.0,165900.0,0.10705244122965642
5072.0,3,1,180000.0,1,176000.0,1100,5,0,1.0,0,0,0.0,0,0,0.0,0.0,0.0,0,0.0,50000,45.0,0.0,0,1,2021,0.0,0.0,176000.0,,0.9777777777777776,0,0.0,4166.666666666667,0.2639999999999999,0.0,0.0,,,,0.0,0.0,0.0,176000.0,180000.0,0.9777777777777776,0.2639999999999999,0.0,0.0,0.0,0.0,,0.0,12.07824495582233,12.100717685412471,0.0,50000.0,0.26399999999999996
5081.0,5,1,500000.0,1,290000.0,2600,5,0,1.0,0,0,1.0,0,0,20.0,48.0,0.0,1,40000.0,202150,39.0,39.0,3,1,2021,57846.880000000005,57846.880000000005,290000.0,0.99736,0.58,0,0.0,16845.833333333332,0.1543408360128617,57846.880000000005,57846.880000000005,0.99736,0.99736,0.99736,57846.880000000005,57846.880000000005,57846.880000000005,290000.0,500000.0,0.58,0.1543408360128617,20.0,48.0,0.0,40000.0,0.6918263085925296,10.965572085450756,12.577639650232571,13.122365377402328,10.59665973278358,202150.0,0.15434083601286175
5084.0,42,1,500000.0,1,430000.0,2900,5,0,1.0,0,0,1.0,0,0,10.0,10.0,0.0,1,94200.0,160413,41.0,37.0,2,1,2021,17326.4,17326.4,430000.0,0.2014697674418605,0.86,0,0.0,13367.75,0.2169400235641749,17326.4,17326.4,0.2014697674418605,0.2014697674418605,0.2014697674418605,17326.4,17326.4,17326.4,430000.0,500000.0,0.86,0.2169400235641749,10.0,10.0,0.0,94200.0,0.1835456135322917,9.760044342602496,12.971542813248435,13.122365377402328,11.45318607621936,160413.0,0.21694002356417497
5089.0,45,1,485000.0,1,214502.0,1695,5,0,4.0,0,0,4.0,0,0,10.0,0.0,0.0,1,62878.0,125626,63.0,63.0,0,1,2021,9042.8,9042.8,214502.0,0.2107859134180567,0.4422721649484536,0,0.0,10468.833333333334,0.1619091589320682,9042.8,9042.8,0.2107859134180567,0.2107859134180567,0.2107859134180567,9042.8,9042.8,9042.8,214502.0,485000.0,0.4422721649484536,0.1619091589320682,10.0,0.0,0.0,62878.0,0.1912696639864652,9.10983471904454,12.276079003266393,13.091906231773164,11.04896752366874,125626.0,0.1619091589320682
5100.0,21,1,340000.0,1,40000.0,225,5,0,1.0,0,0,4.0,0,0,7.0,3.0,0.0,1,24836.0,161099,63.0,60.0,0,1,2021,8815.04,8815.04,40000.0,1.1018800000000002,0.1176470588235294,0,0.0,13424.916666666666,0.0167598805703325,8815.04,8815.04,1.1018800000000002,1.1018800000000002,1.1018800000000002,8815.04,8815.04,8815.04,40000.0,340000.0,0.1176470588235294,0.0221513583572549,7.0,3.0,0.0,24836.0,0.7428321823379946,9.084328068587483,10.59665973278358,12.73670383776449,10.120089755806916,161099.0,0.01675988057033253
5108.0,32,1,100000.0,1,70000.0,800,5,0,5.0,0,0,1.0,2,0,80.0,0.0,10.0,1,65000.0,72800,38.0,46.0,2,1,2021,84115.20000000001,84115.20000000001,70000.0,6.008228571428572,0.7,0,0.0,6066.666666666667,0.1318681318681318,84115.20000000001,84115.20000000001,6.008228571428572,6.008228571428572,6.008228571428572,84115.20000000001,84115.20000000001,84115.20000000001,70000.0,100000.0,0.7,0.1318681318681318,50.0,0.0,10.0,65000.0,1.947084968888248,11.339954455234702,11.156264806643742,11.51293546492023,11.082157933374816,72800.0,0.13186813186813187
5109.0,24,1,250000.0,1,76000.0,1250,5,0,1.0,0,0,1.0,0,0,24.0,10.0,0.0,1,55000.0,103220,44.0,44.0,1,1,2021,29986.320000000003,29986.320000000003,76000.0,1.972784210526316,0.304,0,0.0,8601.666666666666,0.1453206742879287,29986.320000000003,29986.320000000003,1.972784210526316,1.972784210526316,1.972784210526316,29986.320000000003,29986.320000000003,29986.320000000003,76000.0,250000.0,0.304,0.1453206742879287,24.0,10.0,0.0,55000.0,1.0894989583094707,10.308529904628893,11.23850177707664,12.429220196836384,10.915106645867503,103220.0,0.14532067428792872
5112.0,23,1,220000.0,1,150000.0,1350,5,0,1.0,0,0,0.0,0,0,0.0,0.0,0.0,0,0.0,102400,41.0,0.0,0,1,2021,0.0,0.0,150000.0,,0.6818181818181818,0,0.0,8533.333333333334,0.158203125,0.0,0.0,,,,0.0,0.0,0.0,150000.0,220000.0,0.6818181818181818,0.158203125,0.0,0.0,0.0,0.0,,0.0,11.918397239722838,12.301387370778713,0.0,102400.0,0.158203125
5116.0,6,1,240000.0,1,90000.0,1000,5,0,1.0,0,0,6.0,0,0,30.0,40.0,0.0,5,0.0,50313,45.0,44.0,2,1,2021,60262.8,60262.8,90000.0,3.3479333333333336,0.375,1,0.0,4192.75,0.2385069465148172,60262.8,60262.8,3.3479333333333336,3.3479333333333336,3.3479333333333336,60262.8,60262.8,60262.8,90000.0,240000.0,0.375,0.2385069465148172,30.0,40.0,0.0,0.0,1.4697006364213911,11.006486870769107,11.407576060361786,12.388398368982116,0.0,50313.0,0.23850694651481724
5119.0,41,1,135000.0,1,95000.0,465,5,0,1.0,0,0,1.0,0,0,10.0,0.0,0.0,1,60000.0,141151,44.0,39.0,0,1,2021,9042.8,9042.8,95000.0,0.4759368421052632,0.7037037037037037,0,0.0,11762.583333333334,0.0395321322555277,9042.8,9042.8,0.4759368421052632,0.4759368421052632,0.4759368421052632,9042.8,9042.8,9042.8,95000.0,135000.0,0.7037037037037037,0.0395321322555277,10.0,0.0,0.0,60000.0,0.3892929353611836,9.10983471904454,11.461642696843066,11.81303746480054,11.002116507732016,141151.0,0.03953213225552776
5120.0,3,1,545000.0,1,424000.0,1700,5,0,1.0,0,0,1.0,0,0,10.0,2.0,0.0,1,162000.0,316150,52.0,53.0,0,1,2021,10699.52,10699.52,424000.0,0.1261735849056603,0.7779816513761468,0,0.0,26345.83333333333,0.0645263324371342,10699.52,10699.52,0.1261735849056603,0.1261735849056603,0.1261735849056603,10699.52,10699.52,10699.52,424000.0,545000.0,0.7779816513761468,0.0645263324371342,10.0,2.0,0.0,162000.0,0.1188256784981853,9.278047617399988,12.95749109270188,13.208542908506082,11.995357787034976,316150.0,0.06452633243713428
5138.0,12,1,736000.0,1,550000.0,2400,5,0,1.0,0,0,1.0,0,0,14.0,0.0,0.0,1,115000.0,310500,29.0,30.0,0,1,2021,12659.92,12659.92,550000.0,0.1150901818181818,0.7472826086956522,0,0.0,25875.0,0.0927536231884058,12659.92,12659.92,0.1150901818181818,0.1150901818181818,0.1150901818181818,12659.92,12659.92,12659.92,550000.0,736000.0,0.7472826086956522,0.0927536231884058,14.0,0.0,0.0,115000.0,0.1089352821958495,9.446275362884068,13.21767537538882,13.508986756405742,11.652696102959752,310500.0,0.0927536231884058
5143.0,34,1,145000.0,1,111000.0,800,5,0,1.0,0,0,1.0,7,0,15.0,0.0,0.0,5,0.0,52500,27.0,26.0,0,1,2021,13564.2,13564.2,111000.0,0.611,0.7655172413793103,0,0.0,4375.0,0.1828571428571428,13564.2,13564.2,0.611,0.611,0.611,13564.2,13564.2,13564.2,111000.0,145000.0,0.7655172413793103,0.1828571428571428,15.0,0.0,0.0,0.0,0.4768551041948373,9.515262968810363,11.6172944892629,11.884495917930655,0.0,52500.0,0.18285714285714286
5150.0,10,1,212000.0,1,170000.0,1200,5,0,1.0,0,0,0.0,0,0,0.0,0.0,0.0,0,0.0,42075,34.0,0.0,0,1,2021,0.0,0.0,170000.0,,0.8018867924528302,0,0.0,3506.25,0.3422459893048128,0.0,0.0,,,,0.0,0.0,0.0,170000.0,212000.0,0.8018867924528302,0.3422459893048128,0.0,0.0,0.0,0.0,,0.0,12.04355959836804,12.264346270624156,0.0,42075.0,0.3422459893048128
5153.0,29,1,320000.0,1,260000.0,2300,5,0,1.0,0,0,1.0,0,0,5.0,20.0,3.0,1,55000.0,92490,28.0,31.0,0,1,2021,24620.44,24620.44,260000.0,0.47347,0.8125,0,0.0,7707.5,0.2984106389879987,24620.44,24620.44,0.47347,0.47347,0.47347,24620.44,24620.44,24620.44,260000.0,320000.0,0.8125,0.2984106389879987,5.0,20.0,3.0,55000.0,0.3876201633005329,10.111372887061334,12.468440756144114,12.676079399771028,10.915106645867503,92490.0,0.2984106389879987
5154.0,10,1,430000.0,1,260000.0,1300,5,0,1.0,0,0,1.0,0,0,10.0,50.0,0.0,1,150000.0,280800,40.0,35.0,2,1,2021,50460.8,50460.8,260000.0,0.9704,0.6046511627906976,0,0.0,23400.0,0.0555555555555555,50460.8,50460.8,0.9704,0.9704,0.9704,50460.8,50460.8,50460.8,260000.0,430000.0,0.6046511627906976,0.0555555555555555,10.0,50.0,0.0,150000.0,0.6782365678241911,10.828971893378087,12.468440756144114,12.971542813248435,11.918397239722838,280800.0,0.05555555555555555
5155.0,2,1,415000.0,1,285000.0,1500,5,0,1.0,0,0,1.0,0,0,5.0,40.0,0.0,1,58000.0,116150,30.0,30.0,1,1,2021,37655.8,37655.8,285000.0,0.6606280701754387,0.6867469879518072,0,0.0,9679.166666666666,0.1549720189410245,37655.8,37655.8,0.6606280701754387,0.6606280701754387,0.6606280701754387,37655.8,37655.8,37655.8,285000.0,415000.0,0.6867469879518072,0.1549720189410245,5.0,40.0,0.0,58000.0,0.5071958863374211,10.53626882780963,12.560247968016562,12.936036208848488,10.968215530759236,116150.0,0.15497201894102455
5158.0,41,1,150000.0,1,94000.0,750,5,0,1.0,0,0,1.0,0,0,7.0,0.0,0.0,1,,70475,67.0,61.0,0,1,2021,6329.96,6329.96,94000.0,0.3367,0.6266666666666667,0,0.0,5872.916666666667,0.1277048598793898,6329.96,6329.96,0.3367,0.3367,0.3367,6329.96,6329.96,6329.96,94000.0,150000.0,0.6266666666666667,0.1277048598793898,7.0,0.0,0.0,,0.2902038899952903,8.753207162406966,11.451060699493429,11.918397239722838,,70475.0,0.12770485987938984
5166.0,37,1,400000.0,1,125000.0,1800,5,0,1.0,0,0,4.0,0,0,24.0,0.0,0.0,5,0.0,61800,74.0,73.0,0,1,2021,21702.72,21702.72,125000.0,0.8681088,0.3125,0,0.0,5150.0,0.3495145631067961,21702.72,21702.72,0.8681088,0.8681088,0.8681088,21702.72,21702.72,21702.72,125000.0,400000.0,0.3125,0.3495145631067961,24.0,0.0,0.0,0.0,0.6249265822218776,9.985238953407782,11.736077016252436,12.899222326086994,0.0,61800.0,0.34951456310679613
5167.0,14,1,80000.0,1,63000.0,650,5,0,1.0,0,0,1.0,0,0,10.0,15.0,0.0,1,55000.0,125026,40.0,36.0,2,1,2021,21468.2,21468.2,63000.0,1.703825396825397,0.7875,0,0.0,10418.833333333334,0.0623870234991121,21468.2,21468.2,1.703825396825397,1.703825396825397,1.703825396825397,21468.2,21468.2,21468.2,63000.0,80000.0,0.7875,0.0623870234991121,10.0,15.0,0.0,55000.0,0.994667583915888,9.974374628883778,11.050905878263569,11.289794413577894,10.915106645867503,125026.0,0.06238702349911218
5171.0,29,1,120000.0,1,50000.0,700,5,0,1.0,0,0,0.0,0,0,0.0,0.0,0.0,0,0.0,42500,64.0,0.0,0,1,2021,0.0,0.0,50000.0,,0.4166666666666667,0,0.0,3541.6666666666665,0.1976470588235294,0.0,0.0,,,,0.0,0.0,0.0,50000.0,120000.0,0.4166666666666667,0.1976470588235294,0.0,0.0,0.0,0.0,,0.0,10.819798284210286,11.695255355062796,0.0,42500.0,0.19764705882352943
5174.0,22,1,400000.0,1,13000.0,853,5,0,4.0,0,0,6.0,0,0,10.0,0.0,0.0,5,0.0,90650,61.0,58.0,0,1,2021,9042.8,9042.8,13000.0,3.478,0.0325,1,0.0,7554.166666666667,0.1129178157749586,9042.8,9042.8,3.478,3.478,3.478,9042.8,9042.8,9042.8,13000.0,400000.0,0.0325,0.1129178157749586,10.0,0.0,0.0,0.0,1.499176518176563,9.10983471904454,9.472781556562168,12.899222326086994,0.0,90650.0,0.11291781577495863
5176.0,20,1,450000.0,1,185000.0,1550,5,0,1.0,0,0,1.0,0,0,6.0,0.0,0.0,1,21500.0,154263,53.0,55.0,0,1,2021,5425.68,5425.68,185000.0,0.14664,0.4111111111111111,0,0.0,12855.25,0.1205733066256976,5425.68,5425.68,0.14664,0.14664,0.14664,5425.68,5425.68,5425.68,185000.0,450000.0,0.4111111111111111,0.1205733066256976,6.0,0.0,0.0,21500.0,0.1368359266328231,8.59908280788786,12.128116509451258,13.017005083966255,9.975854724662028,154263.0,0.12057330662569767
5179.0,29,1,800000.0,1,167000.0,1598,5,0,1.0,0,0,1.0,0,0,6.0,7.0,0.0,1,80500.0,316600,54.0,52.0,2,1,2021,11224.2,11224.2,167000.0,0.3360538922155688,0.20875,0,0.0,26383.33333333333,0.06056854074542,11224.2,11224.2,0.3360538922155688,0.3360538922155688,0.3360538922155688,11224.2,11224.2,11224.2,167000.0,800000.0,0.20875,0.06056854074542,6.0,7.0,0.0,80500.0,0.2897204127855863,9.325916529823663,12.025755079404917,13.592368256649284,11.296024885689746,316600.0,0.06056854074542009
5188.0,10,1,215000.0,1,175000.0,1420,5,0,1.0,0,0,1.0,0,0,12.0,40.0,0.0,1,72000.0,117050,33.0,38.0,3,1,2021,43985.76000000001,43985.76000000001,175000.0,1.2567360000000003,0.813953488372093,0,0.0,9754.166666666666,0.145578812473302,43985.76000000001,43985.76000000001,1.2567360000000003,1.2567360000000003,1.2567360000000003,43985.76000000001,43985.76000000001,43985.76000000001,175000.0,215000.0,0.813953488372093,0.145578812473302,12.0,40.0,0.0,72000.0,0.8139195215654969,10.691643958527266,12.07254696717504,12.278397958261774,11.184435286790633,117050.0,0.145578812473302
5189.0,41,1,253000.0,1,160000.0,956,5,0,1.0,7,0,1.0,0,0,7.0,0.0,0.0,1,60000.0,97260,37.0,27.0,0,1,2021,6329.96,6329.96,160000.0,0.19781125,0.6324110671936759,0,0.0,8105.0,0.1179518815545959,6329.96,6329.96,0.19781125,0.19781125,0.19781125,6329.96,6329.96,6329.96,160000.0,253000.0,0.6324110671936759,0.1179518815545959,7.0,0.0,0.0,60000.0,0.1804959330231866,8.753207162406966,11.982935344196433,12.441148720271016,11.002116507732016,97260.0,0.11795188155459593
5191.0,45,1,300000.0,1,50000.0,1500,5,0,1.0,0,0,6.0,6,0,12.0,84.0,0.0,1,56000.0,136650,35.0,35.0,2,1,2021,80433.59999999999,80433.59999999999,50000.0,8.04336,0.1666666666666666,1,0.0,11387.5,0.1317233809001097,80433.59999999999,80433.59999999999,8.04336,8.04336,8.04336,80433.59999999999,80433.59999999999,80433.59999999999,50000.0,300000.0,0.1666666666666666,0.1317233809001097,12.0,84.0,0.0,56000.0,2.202030786763588,11.295199710852511,10.819798284210286,12.611541086966117,10.933124826700707,136650.0,0.13172338090010977
5208.0,32,1,280000.0,1,117500.0,1099,5,0,1.0,0,0,0.0,0,0,0.0,0.0,0.0,0,0.0,60500,44.0,0.0,0,1,2021,0.0,0.0,117500.0,,0.4196428571428571,0,0.0,5041.666666666667,0.2179834710743801,0.0,0.0,,,,0.0,0.0,0.0,117500.0,280000.0,0.4196428571428571,0.2179834710743801,0.0,0.0,0.0,0.0,,0.0,11.674202123168431,12.54254845357358,0.0,60500.0,0.21798347107438015
5211.0,4,1,550000.0,1,150000.0,1450,5,0,1.0,7,0,0.0,0,0,0.0,0.0,0.0,0,0.0,68075,28.0,0.0,0,1,2021,0.0,0.0,150000.0,,0.2727272727272727,0,0.0,5672.916666666667,0.255600440690415,0.0,0.0,,,,0.0,0.0,0.0,150000.0,550000.0,0.2727272727272727,0.255600440690415,0.0,0.0,0.0,0.0,,0.0,11.918397239722838,13.21767537538882,0.0,68075.0,0.255600440690415
5214.0,32,1,600000.0,1,581000.0,2897,5,0,1.0,0,0,1.0,0,0,11.0,44.0,,1,105000.0,181440,41.0,41.0,1,1,2021,46394.92,46394.92,581000.0,0.3992678141135972,0.9683333333333334,0,0.0,15120.0,0.1916005291005291,46394.92,46394.92,0.3992678141135972,0.3992678141135972,0.3992678141135972,46394.92,46394.92,46394.92,581000.0,600000.0,0.9683333333333334,0.1916005291005291,11.0,44.0,,105000.0,0.335949109895425,10.744966803313703,13.272507757002964,13.304686600863562,11.561725152903833,181440.0,0.1916005291005291
5227.0,6,1,350000.0,1,29000.0,500,5,0,1.0,0,0,1.0,0,0,15.0,45.0,0.0,1,56000.0,105932,42.0,36.0,3,1,2021,50840.4,50840.4,29000.0,8.765586206896552,0.0828571428571428,0,0.0,8827.666666666666,0.0566401087490088,50840.4,50840.4,8.765586206896552,8.765586206896552,8.765586206896552,50840.4,50840.4,50840.4,29000.0,350000.0,0.0828571428571428,0.0566401087490088,15.0,45.0,0.0,56000.0,2.2788645939550465,10.836466262296392,10.275085591132717,12.765691290604371,10.933124826700707,105932.0,0.0566401087490088
5229.0,24,1,120000.0,1,98000.0,830,5,0,1.0,0,0,1.0,0,0,5.0,0.0,0.0,1,30000.0,82000,26.0,26.0,0,1,2021,4521.400000000001,4521.400000000001,98000.0,0.2306836734693877,0.8166666666666667,0,0.0,6833.333333333333,0.1214634146341463,4521.400000000001,4521.400000000001,0.2306836734693877,0.2306836734693877,0.2306836734693877,4521.400000000001,4521.400000000001,4521.400000000001,98000.0,120000.0,0.8166666666666667,0.1214634146341463,5.0,0.0,0.0,30000.0,0.2075698470558211,8.416798105361082,11.49273296168228,11.695255355062796,10.308985993422082,82000.0,0.12146341463414635
5234.0,4,1,650000.0,1,165000.0,902,5,0,4.0,0,0,4.0,0,0,28.0,0.0,5.0,5,0.0,77096,78.0,78.0,0,1,2021,31206.24,31206.24,165000.0,0.9456436363636364,0.2538461538461538,0,0.0,6424.666666666667,0.1403963889177129,31206.24,31206.24,0.9456436363636364,0.9456436363636364,0.9456436363636364,31206.24,31206.24,31206.24,165000.0,650000.0,0.2538461538461538,0.1403963889177129,28.0,0.0,5.0,0.0,0.6655928407678668,10.34840539815989,12.013706813470414,13.384729180332174,0.0,77096.0,0.14039638891771297
5237.0,45,1,550000.0,1,300000.0,2200,5,0,2.0,0,0,1.0,0,0,10.0,0.0,0.0,1,132999.0,152999,67.0,62.0,0,1,2021,9042.8,9042.8,300000.0,0.1507133333333333,0.5454545454545454,0,0.0,12749.916666666666,0.1725501473865842,9042.8,9042.8,0.1507133333333333,0.1507133333333333,0.1507133333333333,9042.8,9042.8,9042.8,300000.0,550000.0,0.5454545454545454,0.1725501473865842,10.0,0.0,0.0,132999.0,0.1403820399299961,9.10983471904454,12.611541086966117,13.21767537538882,11.79810440720389,152999.0,0.17255014738658422
5239.0,46,1,1450000.0,1,70000.0,1054,5,0,1.0,0,0,1.0,0,0,15.0,15.0,0.0,1,4000.0,562869,60.0,54.0,1,1,2021,25989.6,25989.6,70000.0,1.8564,0.0482758620689655,0,0.0,46905.75,0.0224705926245716,25989.6,25989.6,1.8564,1.8564,1.8564,25989.6,25989.6,25989.6,70000.0,1450000.0,0.0482758620689655,0.0224705926245716,15.0,15.0,0.0,4000.0,1.0495620906928178,10.165490213171294,11.156264806643742,14.187074804051692,8.294299608857235,562869.0,0.022470592624571614
5242.0,22,1,315000.0,1,215000.0,1525,5,0,1.0,0,0,4.0,6,0,25.0,20.0,0.0,5,0.0,88635,69.0,70.0,0,1,2021,39174.2,39174.2,215000.0,0.9110279069767444,0.6825396825396826,0,0.0,7386.25,0.2064647148417668,39174.2,39174.2,0.9110279069767444,0.9110279069767444,0.9110279069767444,39174.2,39174.2,39174.2,215000.0,315000.0,0.6825396825396826,0.2064647148417668,25.0,20.0,0.0,0.0,0.6476412684883709,10.575799172507937,12.278397958261774,12.660331092405906,0.0,88635.0,0.2064647148417668
5244.0,31,1,700000.0,1,397000.0,3200,5,0,1.0,0,0,1.0,0,0,7.0,0.0,0.0,1,74672.0,165170,35.0,28.0,0,1,2021,6329.96,6329.96,397000.0,0.0797224181360201,0.5671428571428572,0,0.0,13764.166666666666,0.232487739904341,6329.96,6329.96,0.0797224181360201,0.0797224181360201,0.0797224181360201,6329.96,6329.96,6329.96,397000.0,700000.0,0.5671428571428572,0.232487739904341,7.0,0.0,0.0,74672.0,0.0767039878563388,8.753207162406966,12.891694078557842,13.45883704259595,11.220873860000504,165170.0,0.232487739904341
5250.0,3,1,300000.0,1,50000.0,690,5,0,1.0,0,0,1.0,0,0,10.0,0.0,0.0,1,56000.0,160300,45.0,43.0,2,1,2021,9042.8,9042.8,50000.0,0.90428,0.1666666666666666,0,0.0,13358.333333333334,0.0516531503431066,9042.8,9042.8,0.90428,0.90428,0.90428,9042.8,9042.8,9042.8,50000.0,300000.0,0.1666666666666666,0.0516531503431066,10.0,0.0,0.0,56000.0,0.6441039843806142,9.10983471904454,10.819798284210286,12.611541086966117,10.933124826700707,160300.0,0.05165315034310667
5258.0,37,1,360700.0,1,245475.0,1814,5,0,1.0,0,0,1.0,0,0,30.0,0.0,0.0,1,93000.0,228020,44.0,37.0,1,1,2021,27128.4,27128.4,245475.0,0.5525695080965476,0.6805517050180205,0,0.0,19001.666666666668,0.095465310060521,27128.4,27128.4,0.5525695080965476,0.5525695080965476,0.5525695080965476,27128.4,27128.4,27128.4,245475.0,360700.0,0.6805517050180205,0.095465310060521,30.0,0.0,0.0,93000.0,0.4399113055440768,10.208373289669389,12.41095446176379,12.795804639274811,11.440365524765756,228020.0,0.095465310060521
5262.0,24,1,400000.0,1,298000.0,2115,5,0,1.0,0,0,1.0,0,0,13.0,15.0,0.0,1,85000.0,185120,43.0,40.0,1,1,2021,24181.04,24181.04,298000.0,0.4057221476510067,0.745,0,0.0,15426.666666666666,0.1371002592912705,24181.04,24181.04,0.4057221476510067,0.4057221476510067,0.4057221476510067,24181.04,24181.04,24181.04,298000.0,400000.0,0.745,0.1371002592912705,13.0,15.0,0.0,85000.0,0.3405511548343722,10.093365487855726,12.604852121186608,12.899222326086994,11.350418300109132,185120.0,0.13710025929127054
5263.0,34,1,70000.0,1,63719.0,515,5,0,1.0,0,0,0.0,0,0,0.0,0.0,0.0,0,0.0,33589,26.0,0.0,0,1,2021,0.0,0.0,63719.0,,0.9102714285714286,0,0.0,2799.083333333333,0.183988805859061,0.0,0.0,,,,0.0,0.0,0.0,63719.0,70000.0,0.9102714285714286,0.183988805859061,0.0,0.0,0.0,0.0,,0.0,11.062253764023986,11.156264806643742,0.0,33589.0,0.183988805859061
5264.0,22,1,520000.0,1,94041.0,1331,5,0,1.0,0,0,1.0,0,0,7.0,48.0,0.0,1,68758.0,147986,35.0,35.0,1,1,2021,46091.24,46091.24,94041.0,2.450592826533108,0.1808480769230769,0,0.0,12332.166666666666,0.1079291284310678,46091.24,46091.24,2.450592826533108,2.450592826533108,2.450592826533108,46091.24,46091.24,46091.24,94041.0,520000.0,0.1808480769230769,0.1079291284310678,7.0,48.0,0.0,68758.0,1.2385460500592482,10.738399885097698,11.45149676997358,13.161586013632684,11.13836291605188,147986.0,0.1079291284310678
5266.0,5,1,400000.0,1,200000.0,1050,5,0,1.0,0,0,1.0,0,0,20.0,30.0,0.0,1,70000.0,112000,41.0,35.0,4,1,2021,42936.4,42936.4,200000.0,1.07341,0.5,0,0.0,9333.333333333334,0.1124999999999999,42936.4,42936.4,1.07341,1.07341,1.07341,42936.4,42936.4,42936.4,200000.0,400000.0,0.5,0.1124999999999999,20.0,30.0,0.0,70000.0,0.7291945948912892,10.667498519995473,12.206077645517674,12.899222326086994,11.156264806643742,112000.0,0.11249999999999999
5268.0,34,1,210000.0,1,93000.0,844,5,0,1.0,0,0,1.0,0,0,3.0,0.0,0.0,1,39912.0,96562,38.0,35.0,0,1,2021,2712.84,2712.84,93000.0,0.1458516129032258,0.4428571428571428,0,0.0,8046.833333333333,0.1048859799921294,2712.84,2712.84,0.1458516129032258,0.1458516129032258,0.1458516129032258,2712.84,2712.84,2712.84,93000.0,210000.0,0.4428571428571428,0.1048859799921294,3.0,0.0,0.0,39912.0,0.1361481272765098,7.906119885082924,11.440365524765756,12.25486757159303,10.594457364348266,96562.0,0.10488597999212941
5269.0,27,1,1100000.0,1,235000.0,1550,5,0,4.0,0,0,1.0,0,0,2.0,,,1,71000.0,265076,66.0,60.0,0,1,2021,1808.56,1808.56,235000.0,0.03848,0.2136363636363636,0,0.0,22089.666666666668,0.0701685554331588,1808.56,1808.56,0.03848,0.03848,0.03848,1808.56,1808.56,1808.56,235000.0,1100000.0,0.2136363636363636,0.0701685554331588,2.0,,,71000.0,0.0377581056026019,7.500839000785103,12.367345048436391,13.910821646859096,11.170449240431308,265076.0,0.0701685554331588
5270.0,42,1,226000.0,1,147000.0,650,5,0,1.0,0,0,6.0,0,0,12.0,8.0,0.0,1,5000.0,85126,61.0,61.0,0,1,2021,17478.24,17478.24,147000.0,0.5944979591836735,0.6504424778761062,1,0.0,7093.833333333333,0.0916288795432652,17478.24,17478.24,0.5944979591836735,0.5944979591836735,0.5944979591836735,17478.24,17478.24,17478.24,147000.0,226000.0,0.6504424778761062,0.0916288795432652,12.0,8.0,0.0,5000.0,0.4665589275572618,9.76876917000345,11.898194668458824,12.328294703023394,8.517393171418904,85126.0,0.09162887954326528
5278.0,50,1,570000.0,1,375000.0,2200,5,0,1.0,0,0,1.0,0,0,20.0,0.0,0.0,1,60000.0,268698,41.0,43.0,2,1,2021,18085.6,18085.6,375000.0,0.2411413333333333,0.6578947368421053,0,0.0,22391.5,0.0982515686756135,18085.6,18085.6,0.2411413333333333,0.2411413333333333,0.2411413333333333,18085.6,18085.6,18085.6,375000.0,570000.0,0.6578947368421053,0.0982515686756135,20.0,0.0,0.0,60000.0,0.2160313863884285,9.802926611581514,12.83468397161566,13.25339339419516,11.002116507732016,268698.0,0.09825156867561352
5279.0,21,1,200000.0,1,138000.0,833,5,0,1.0,0,0,1.0,0,0,5.0,40.0,0.0,1,78000.0,219125,33.0,32.0,3,1,2021,37655.8,37655.8,138000.0,1.364340579710145,0.69,0,0.0,18260.416666666668,0.0456177980604677,37655.8,37655.8,1.364340579710145,1.364340579710145,1.364340579710145,37655.8,37655.8,37655.8,138000.0,200000.0,0.69,0.0456177980604677,5.0,40.0,0.0,78000.0,0.8604991584182042,10.53626882780963,11.8350162104899,12.206077645517674,11.264476926102368,219125.0,0.045617798060467764
5280.0,26,1,200000.0,1,121000.0,745,5,0,1.0,0,0,0.0,0,0,0.0,0.0,0.0,0,0.0,40000,38.0,0.0,0,1,2021,0.0,0.0,121000.0,,0.605,0,0.0,3333.333333333333,0.2234999999999999,0.0,0.0,,,,0.0,0.0,0.0,121000.0,200000.0,0.605,0.2234999999999999,0.0,0.0,0.0,0.0,,0.0,11.703554089007538,12.206077645517674,0.0,40000.0,0.22349999999999998
5283.0,22,1,700000.0,1,455000.0,3200,5,0,1.0,0,0,1.0,0,0,2.0,0.0,0.0,1,22000.0,228956,56.0,58.0,0,1,2021,1808.56,1808.56,455000.0,0.0198742857142857,0.65,0,0.0,19079.666666666668,0.1677178147766383,1808.56,1808.56,0.0198742857142857,0.0301226161123428,0.0301226161123428,1808.56,1808.56,1808.56,455000.0,700000.0,0.65,0.1677178147766383,2.0,0.0,0.0,22000.0,0.029677839925543,7.500839000785103,13.02805489573287,13.45883704259595,9.99884318585288,228956.0,0.1677178147766383
5284.0,16,1,440000.0,1,134659.0,1100,5,0,1.0,0,0,6.0,0,0,14.0,0.0,18.0,5,0.0,430180,62.0,61.0,0,1,2021,33850.96,33850.96,134659.0,1.2569141312500465,0.3060431818181818,1,0.0,35848.333333333336,0.0306848296062113,33850.96,33850.96,1.2569141312500465,1.2569141312500465,1.2569141312500465,33850.96,33850.96,33850.96,134659.0,440000.0,0.3060431818181818,0.0306848296062113,14.0,0.0,18.0,0.0,0.8139984515866366,10.429752179175214,11.810508362099272,12.994532278619134,0.0,430180.0,0.030684829606211352
5296.0,46,1,900000.0,1,380000.0,2945,5,0,1.0,0,0,1.0,0,0,5.0,0.0,0.0,1,104000.0,228000,58.0,58.0,0,1,2021,4521.400000000001,4521.400000000001,380000.0,0.0594921052631579,0.4222222222222222,0,0.0,19000.0,0.155,4521.400000000001,4521.400000000001,0.0594921052631579,0.0594921052631579,0.0594921052631579,4521.400000000001,4521.400000000001,4521.400000000001,380000.0,900000.0,0.4222222222222222,0.155,5.0,0.0,0.0,104000.0,0.0577896473187079,8.416798105361082,12.847929163278051,13.71015115341694,11.552155793461898,228000.0,0.155
5319.0,13,1,55000.0,1,40000.0,440,5,0,1.0,0,0,6.0,6,0,28.0,0.0,0.0,5,0.0,50000,41.0,38.0,5,1,2021,25319.84,25319.84,40000.0,3.16498,0.7272727272727273,1,0.0,4166.666666666667,0.1055999999999999,25319.84,25319.84,3.16498,3.16498,3.16498,25319.84,25319.84,25319.84,40000.0,55000.0,0.7272727272727273,0.1055999999999999,28.0,0.0,0.0,0.0,1.4267114736865083,10.139383051063271,10.59665973278358,10.915106645867503,0.0,50000.0,0.10559999999999999
5321.0,4,1,650000.0,1,280000.0,1600,5,0,4.0,0,0,4.0,0,0,12.0,0.0,0.0,5,0.0,98750,78.0,76.0,0,1,2021,10851.36,10851.36,280000.0,0.1937742857142857,0.4307692307692308,0,0.0,8229.166666666666,0.1944303797468354,10851.36,10851.36,0.1937742857142857,0.1937742857142857,0.1937742857142857,10851.36,10851.36,10851.36,280000.0,650000.0,0.4307692307692308,0.1944303797468354,12.0,0.0,0.0,0.0,0.1771199566597174,9.29213784683714,12.54254845357358,13.384729180332174,0.0,98750.0,0.19443037974683547
5324.0,22,1,300000.0,1,65000.0,1900,5,0,1.0,0,0,0.0,0,0,0.0,0.0,0.0,0,0.0,166566,35.0,0.0,0,1,2021,0.0,0.0,65000.0,,0.2166666666666666,0,0.0,13880.5,0.1368826771369907,0.0,0.0,,,,0.0,0.0,0.0,65000.0,300000.0,0.2166666666666666,0.1368826771369907,0.0,0.0,0.0,0.0,,0.0,11.082157933374816,12.611541086966117,0.0,166566.0,0.13688267713699073
5338.0,1,1,300000.0,1,250000.0,1400,5,0,1.0,0,0,1.0,0,0,1.0,5.0,0.0,1,25000.0,150000,35.0,25.0,1,1,2021,5046.08,5046.08,250000.0,0.1009216,0.8333333333333334,0,0.0,12500.0,0.112,5046.08,5046.08,0.1009216,0.1009216,0.1009216,5046.08,5046.08,5046.08,250000.0,300000.0,0.8333333333333334,0.112,1.0,5.0,0.0,25000.0,0.0961476472123995,8.526565137215231,12.429220196836384,12.611541086966117,10.12667110305036,150000.0,0.112
5340.0,39,1,250000.0,1,130000.0,1100,5,0,3.0,0,0,0.0,0,0,0.0,0.0,0.0,0,0.0,82322,40.0,0.0,0,1,2021,0.0,0.0,130000.0,,0.52,0,0.0,6860.166666666667,0.1603459585529991,0.0,0.0,,,,0.0,0.0,0.0,130000.0,250000.0,0.52,0.1603459585529991,0.0,0.0,0.0,0.0,,0.0,11.775297421715829,12.429220196836384,0.0,82322.0,0.16034595855299918
5344.0,20,1,380000.0,1,370000.0,2150,5,0,1.0,0,0,0.0,0,0,0.0,0.0,0.0,0,0.0,134800,25.0,0.0,0,1,2021,0.0,0.0,370000.0,,0.9736842105263158,0,0.0,11233.333333333334,0.1913946587537092,0.0,0.0,,,,0.0,0.0,0.0,370000.0,380000.0,0.9736842105263158,0.1913946587537092,0.0,0.0,0.0,0.0,,0.0,12.821260987319455,12.847929163278051,0.0,134800.0,0.1913946587537092
5346.0,13,1,150000.0,1,70000.0,660,5,0,1.0,0,0,1.0,0,0,4.0,0.0,0.0,1,,86911,35.0,31.0,0,1,2021,3617.12,3617.12,70000.0,0.2583657142857142,0.4666666666666667,0,0.0,7242.583333333333,0.0911277053537527,3617.12,3617.12,0.2583657142857142,0.2583657142857142,0.2583657142857142,3617.12,3617.12,3617.12,70000.0,150000.0,0.4666666666666667,0.0911277053537527,4.0,0.0,0.0,,0.2298138269089751,8.193709832901066,11.156264806643742,11.918397239722838,,86911.0,0.0911277053537527
5348.0,13,1,253000.0,1,127000.0,670,5,0,1.0,0,0,6.0,6,0,30.0,20.0,0.0,5,0.0,33020,38.0,33.0,3,1,2021,43695.600000000006,43695.600000000006,127000.0,1.720299212598425,0.5019762845849802,1,0.0,2751.6666666666665,0.243488794669897,43695.600000000006,43695.600000000006,1.720299212598425,1.720299212598425,1.720299212598425,43695.600000000006,43695.600000000006,43695.600000000006,127000.0,253000.0,0.5019762845849802,0.243488794669897,30.0,20.0,0.0,0.0,1.000741878889614,10.685025574853194,11.751950239425476,12.441148720271016,0.0,33020.0,0.24348879466989704
5350.0,34,1,600000.0,1,220000.0,2000,5,0,1.0,0,0,1.0,0,0,2.0,0.0,0.0,1,85000.0,205000,57.0,56.0,0,1,2021,1808.56,1808.56,220000.0,0.0411036363636363,0.3666666666666666,0,0.0,17083.333333333332,0.1170731707317073,1808.56,1808.56,0.0411036363636363,0.0411036363636363,0.0411036363636363,1808.56,1808.56,1808.56,220000.0,600000.0,0.3666666666666666,0.1170731707317073,2.0,0.0,0.0,85000.0,0.0402813393016493,7.500839000785103,12.301387370778713,13.304686600863562,11.350418300109132,205000.0,0.11707317073170732
5351.0,10,1,200000.0,1,77000.0,845,5,0,1.0,0,0,0.0,0,0,0.0,0.0,0.0,0,0.0,60000,42.0,0.0,1,1,2021,0.0,0.0,77000.0,,0.385,0,0.0,5000.0,0.169,0.0,0.0,,,,0.0,0.0,0.0,77000.0,200000.0,0.385,0.169,0.0,0.0,0.0,0.0,,0.0,11.251573687764475,12.206077645517674,0.0,60000.0,0.169
5354.0,46,1,500000.0,1,263000.0,1400,5,0,1.0,0,0,1.0,0,0,5.0,0.0,0.0,1,41600.0,122810,51.0,51.0,0,1,2021,4521.400000000001,4521.400000000001,263000.0,0.0859581749049429,0.526,0,0.0,10234.166666666666,0.1367966777949678,4521.400000000001,4521.400000000001,0.0859581749049429,0.0859581749049429,0.0859581749049429,4521.400000000001,4521.400000000001,4521.400000000001,263000.0,500000.0,0.526,0.1367966777949678,5.0,0.0,0.0,41600.0,0.0824627077912259,8.416798105361082,12.479913113434042,13.122365377402328,10.635879484421974,122810.0,0.13679667779496785
5357.0,39,1,185000.0,1,177000.0,970,5,0,1.0,0,0,0.0,0,0,0.0,0.0,0.0,0,0.0,44075,25.0,0.0,1,1,2021,0.0,0.0,177000.0,,0.9567567567567568,0,0.0,3672.9166666666665,0.2640952921157118,0.0,0.0,,,,0.0,0.0,0.0,177000.0,185000.0,0.9567567567567568,0.2640952921157118,0.0,0.0,0.0,0.0,,0.0,12.08391066125752,12.128116509451258,0.0,44075.0,0.26409529211571187
5360.0,22,1,480000.0,1,91000.0,1500,5,0,1.0,0,0,1.0,0,0,4.0,0.0,0.0,1,186000.0,232812,63.0,60.0,0,1,2021,3617.12,3617.12,91000.0,0.1987428571428571,0.1895833333333333,0,0.0,19401.0,0.0773156022885418,3617.12,3617.12,0.1987428571428571,0.1987428571428571,0.1987428571428571,3617.12,3617.12,3617.12,91000.0,480000.0,0.1895833333333333,0.0773156022885418,4.0,0.0,0.0,186000.0,0.1812733886099437,8.193709832901066,11.418625774449598,13.081543466215235,12.133507329024972,232812.0,0.07731560228854183
5361.0,9,1,260000.0,1,45000.0,400,5,0,1.0,0,0,6.0,0,0,3.0,0.0,0.0,5,0.0,60008,52.0,49.0,0,1,2021,2712.84,2712.84,45000.0,0.3014266666666667,0.173076923076923,1,0.0,5000.666666666667,0.0799893347553659,2712.84,2712.84,0.3014266666666667,0.3014266666666667,0.3014266666666667,2712.84,2712.84,2712.84,45000.0,260000.0,0.173076923076923,0.0799893347553659,3.0,0.0,0.0,0.0,0.2634610986223615,7.906119885082924,10.714439990727769,12.468440756144114,0.0,60008.0,0.07998933475536595
5365.0,29,1,295000.0,1,220000.0,1780,5,0,1.0,0,0,1.0,0,0,11.0,0.0,0.0,1,8000.0,101150,32.0,30.0,0,1,2021,9947.080000000002,9947.080000000002,220000.0,0.22607,0.7457627118644068,0,0.0,8429.166666666666,0.2111715274345032,9947.080000000002,9947.080000000002,0.22607,0.22607,0.22607,9947.080000000002,9947.080000000002,9947.080000000002,220000.0,295000.0,0.7457627118644068,0.2111715274345032,11.0,0.0,0.0,8000.0,0.2038139321320517,9.205134846708413,12.301387370778713,12.59473402514672,8.987321812850125,101150.0,0.21117152743450324
5368.0,29,1,433000.0,1,275000.0,2300,5,0,1.0,0,0,1.0,0,0,1.0,1.0,1.0,1,110000.0,220000,56.0,51.0,1,1,2021,2909.92,2909.92,275000.0,0.0529076363636363,0.6351039260969977,0,0.0,18333.33333333333,0.1254545454545454,2909.92,2909.92,0.0529076363636363,0.0529076363636363,0.0529076363636363,2909.92,2909.92,2909.92,275000.0,433000.0,0.6351039260969977,0.1254545454545454,1.0,1.0,1.0,110000.0,0.0515555145502929,7.976224461403026,12.524530013005734,12.978495316450784,11.60824473564232,220000.0,0.12545454545454546
5372.0,14,1,200000.0,1,55000.0,412,5,0,1.0,0,0,1.0,0,0,10.0,3.0,0.0,1,55000.0,155200,30.0,26.0,0,1,2021,11527.88,11527.88,55000.0,1.0479890909090908,0.275,0,0.0,12933.333333333334,0.0318556701030927,11527.88,11527.88,1.0479890909090908,1.0479890909090908,1.0479890909090908,11527.88,11527.88,11527.88,55000.0,200000.0,0.275,0.0318556701030927,10.0,3.0,0.0,55000.0,0.7168583804585289,9.352610470643786,10.915106645867503,12.206077645517674,10.915106645867503,155200.0,0.03185567010309278
5373.0,5,1,75000.0,1,68000.0,701,5,0,1.0,0,0,0.0,0,0,0.0,0.0,0.0,0,0.0,56928,71.0,0.0,0,1,2021,0.0,0.0,68000.0,,0.9066666666666666,0,0.0,4744.0,0.1477655986509274,0.0,0.0,,,,0.0,0.0,0.0,68000.0,75000.0,0.9066666666666666,0.1477655986509274,0.0,0.0,0.0,0.0,,0.0,11.127277689932466,11.225256725762891,0.0,56928.0,0.14776559865092748
5377.0,4,1,500000.0,1,340000.0,2400,5,0,1.0,0,0,6.0,0,0,14.0,40.0,0.0,1,30000.0,127100,37.0,32.0,2,1,2021,45794.32000000001,45794.32000000001,340000.0,0.6734458823529412,0.68,1,0.0,10591.666666666666,0.2265932336742722,45794.32000000001,45794.32000000001,0.6734458823529412,0.6734458823529412,0.6734458823529412,45794.32000000001,45794.32000000001,45794.32000000001,340000.0,500000.0,0.68,0.2265932336742722,14.0,40.0,0.0,30000.0,0.5148849031439344,10.731937181475082,12.73670383776449,13.122365377402328,10.308985993422082,127100.0,0.22659323367427223
5385.0,37,1,70000.0,1,61000.0,500,5,0,1.0,0,0,0.0,0,0,0.0,0.0,0.0,0,0.0,46500,47.0,0.0,0,1,2021,0.0,0.0,61000.0,,0.8714285714285714,0,0.0,3875.0,0.1290322580645161,0.0,0.0,,,,0.0,0.0,0.0,61000.0,70000.0,0.8714285714285714,0.1290322580645161,0.0,0.0,0.0,0.0,,0.0,11.0186455364637,11.156264806643742,0.0,46500.0,0.12903225806451613
5396.0,35,1,225000.0,1,181128.0,1361,5,0,1.0,0,0,1.0,0,0,15.0,21.0,0.0,1,75000.0,128972,36.0,32.0,1,1,2021,30959.76,30959.76,181128.0,0.8546376043460978,0.8050133333333334,0,0.0,10747.666666666666,0.1266321372080761,30959.76,30959.76,0.8546376043460978,0.8546376043460978,0.8546376043460978,30959.76,30959.76,30959.76,181128.0,225000.0,0.8050133333333334,0.1266321372080761,15.0,21.0,0.0,75000.0,0.6176893154353555,10.340475875205987,12.106964763575128,12.323860125621126,11.225256725762891,128972.0,0.12663213720807617
5401.0,34,1,250000.0,1,58000.0,872,5,0,3.0,0,0,1.0,0,0,7.0,0.0,0.0,1,45000.0,144900,66.0,65.0,0,1,2021,6329.96,6329.96,58000.0,0.5456862068965517,0.232,0,0.0,12075.0,0.072215320910973,6329.96,6329.96,0.5456862068965517,0.5456862068965517,0.5456862068965517,6329.96,6329.96,6329.96,58000.0,250000.0,0.232,0.072215320910973,7.0,0.0,0.0,45000.0,0.4354679586042976,8.753207162406966,10.968215530759236,12.429220196836384,10.714439990727769,144900.0,0.07221532091097309
5403.0,4,1,415000.0,1,271449.0,1522,5,0,1.0,7,0,1.0,6,0,80.0,84.0,0.0,1,85000.0,100150,32.0,32.0,1,1,2021,141924.63999999998,141924.63999999998,271449.0,2.614204509871098,0.6540939759036145,0,0.0,8345.833333333334,0.1823664503245132,141924.63999999998,141924.63999999998,2.614204509871098,2.614204509871098,2.614204509871098,141924.63999999998,141924.63999999998,141924.63999999998,271449.0,415000.0,0.6540939759036145,0.1823664503245132,50.0,84.0,0.0,85000.0,1.284871778801163,11.863058537452751,12.511533239333597,12.936036208848488,11.350418300109132,100150.0,0.1823664503245132
5406.0,27,1,500000.0,1,120000.0,1200,5,0,1.0,0,0,2.0,0,0,14.0,56.0,0.0,1,70000.0,205000,38.0,36.0,1,1,2021,59048.08,59048.08,120000.0,2.4603366666666666,0.24,0,0.0,17083.333333333332,0.0702439024390244,59048.08,59048.08,2.4603366666666666,2.4603366666666666,2.4603366666666666,59048.08,59048.08,59048.08,120000.0,500000.0,0.24,0.0702439024390244,14.0,56.0,0.0,70000.0,1.241365886840868,10.986124241487204,11.695255355062796,13.122365377402328,11.156264806643742,205000.0,0.0702439024390244
5407.0,46,1,825000.0,1,495000.0,2600,5,0,1.0,0,0,1.0,0,0,14.0,0.0,0.0,1,75000.0,219156,49.0,53.0,1,1,2021,12659.92,12659.92,495000.0,0.1278779797979798,0.6,0,0.0,18263.0,0.1423643432075781,12659.92,12659.92,0.1278779797979798,0.1278779797979798,0.1278779797979798,12659.92,12659.92,12659.92,495000.0,825000.0,0.6,0.1423643432075781,14.0,0.0,0.0,75000.0,0.1203379732866836,9.446275362884068,13.112315061750808,13.623139877437296,11.225256725762891,219156.0,0.14236434320757815
5408.0,16,1,1200000.0,1,500000.0,8600,5,0,1.0,0,0,1.0,0,0,1.0,0.0,30.0,1,500000.0,1301660,56.0,56.0,1,1,2021,36222.68,36222.68,500000.0,0.3622268,0.4166666666666667,0,0.0,108471.66666666669,0.0792833766114039,36222.68,36222.68,0.3622268,0.3622268,0.3622268,36222.68,36222.68,36222.68,500000.0,1200000.0,0.4166666666666667,0.0792833766114039,1.0,0.0,20.0,200000.0,0.3091207136882223,10.497468327601574,13.122365377402328,13.997832948091215,12.206077645517674,1301660.0,0.0792833766114039
5409.0,20,1,300000.0,1,250000.0,1600,5,0,1.0,0,0,1.0,0,0,10.0,0.0,0.0,1,76000.0,241000,27.0,26.0,0,1,2021,9042.8,9042.8,250000.0,0.180856,0.8333333333333334,0,0.0,20083.33333333333,0.0796680497925311,9042.8,9042.8,0.180856,0.180856,0.180856,9042.8,9042.8,9042.8,250000.0,300000.0,0.8333333333333334,0.0796680497925311,10.0,0.0,0.0,76000.0,0.1662395992137735,9.10983471904454,12.429220196836384,12.611541086966117,11.23850177707664,241000.0,0.07966804979253113
5414.0,29,1,275500.0,1,185000.0,1606,5,0,1.0,0,0,4.0,0,0,80.0,0.0,0.0,5,0.0,80154,67.0,69.0,0,1,2021,72342.40000000001,72342.40000000001,185000.0,1.9552000000000005,0.6715063520871143,0,0.0,6679.5,0.2404371584699453,72342.40000000001,72342.40000000001,1.9552000000000005,1.9552000000000005,1.9552000000000005,72342.40000000001,72342.40000000001,72342.40000000001,185000.0,275500.0,0.6715063520871143,0.2404371584699453,50.0,0.0,0.0,0.0,1.083566330462839,11.189179504678084,12.128116509451258,12.526346537332584,0.0,80154.0,0.24043715846994534
5420.0,31,1,340000.0,1,100000.0,579,5,0,4.0,0,0,1.0,0,0,25.0,20.0,0.0,1,250000.0,255010,63.0,64.0,0,1,2021,39174.2,39174.2,100000.0,1.95871,0.2941176470588235,0,0.0,21250.83333333333,0.0272459903533194,39174.2,39174.2,1.95871,1.95871,1.95871,39174.2,39174.2,39174.2,100000.0,340000.0,0.2941176470588235,0.0272459903533194,25.0,20.0,0.0,200000.0,1.0847533625320265,10.575799172507937,11.51293546492023,12.73670383776449,12.206077645517674,255010.0,0.02724599035331948
5423.0,13,1,380000.0,1,95000.0,883,5,0,1.0,0,0,6.0,2,0,15.0,5.0,0.0,1,9300.0,98648,41.0,40.0,2,1,2021,17706.0,17706.0,95000.0,0.9318947368421052,0.25,1,0.0,8220.666666666666,0.1074122131214013,17706.0,17706.0,0.9318947368421052,0.9318947368421052,0.9318947368421052,17706.0,17706.0,17706.0,95000.0,380000.0,0.25,0.1074122131214013,15.0,5.0,0.0,9300.0,0.6585012502698397,9.781715320606216,11.461642696843066,12.847929163278051,9.137877200242468,98648.0,0.10741221312140135
5427.0,19,1,475000.0,1,161000.0,1900,5,0,1.0,0,0,6.0,0,0,28.0,90.0,0.0,5,0.0,325138,39.0,37.0,4,1,2021,99872.24,99872.24,161000.0,3.1016223602484474,0.3389473684210526,1,0.0,27094.83333333333,0.0701240703947247,99872.24,99872.24,3.1016223602484474,3.1016223602484474,3.1016223602484474,99872.24,99872.24,99872.24,161000.0,475000.0,0.3389473684210526,0.0701240703947247,28.0,90.0,0.0,0.0,1.4113825930641768,11.511657060885772,11.989165855127435,13.07107218827772,0.0,325138.0,0.07012407039472471
5428.0,29,1,124000.0,1,113000.0,1395,5,0,5.0,0,0,0.0,0,0,0.0,0.0,0.0,0,0.0,3200,43.0,0.0,0,1,2021,0.0,0.0,113000.0,,0.9112903225806452,0,0.0,266.6666666666667,2.0,0.0,0.0,,,,0.0,0.0,0.0,113000.0,124000.0,0.9112903225806452,2.0,0.0,0.0,0.0,0.0,,0.0,11.635151947212842,11.728044909070784,0.0,3200.0,2.0
5446.0,46,1,550000.0,1,230000.0,1480,5,0,1.0,0,0,6.0,0,0,21.0,80.0,0.0,5,0.0,65150,30.0,28.0,2,1,2021,85258.68000000001,85258.68000000001,230000.0,1.853449565217392,0.4181818181818181,1,0.0,5429.166666666667,0.2726016884113584,85258.68000000001,85258.68000000001,1.853449565217392,1.853449565217392,1.853449565217392,85258.68000000001,85258.68000000001,85258.68000000001,230000.0,550000.0,0.4181818181818181,0.2726016884113584,21.0,80.0,0.0,0.0,1.048528636129259,11.35345693708673,12.345838935721968,13.21767537538882,0.0,65150.0,0.2726016884113584
5447.0,21,1,200000.0,1,78000.0,715,5,0,1.0,0,0,1.0,0,0,4.0,0.0,0.0,1,76000.0,166180,42.0,44.0,1,1,2021,3617.12,3617.12,78000.0,0.2318666666666666,0.39,0,0.0,13848.333333333334,0.0516307618245276,3617.12,3617.12,0.2318666666666666,0.2318666666666666,0.2318666666666666,3617.12,3617.12,3617.12,78000.0,200000.0,0.39,0.0516307618245276,4.0,0.0,0.0,76000.0,0.2085306341463432,8.193709832901066,11.264476926102368,12.206077645517674,11.23850177707664,166180.0,0.05163076182452762
5453.0,3,1,265000.0,1,190000.0,1450,5,0,1.0,0,0,1.0,0,0,3.0,20.0,0.0,1,90000.0,150000,40.0,40.0,3,1,2021,19280.04,19280.04,190000.0,0.5073694736842106,0.7169811320754716,0,0.0,12500.0,0.116,19280.04,19280.04,0.5073694736842106,0.5073694736842106,0.5073694736842106,19280.04,19280.04,19280.04,190000.0,265000.0,0.7169811320754716,0.116,3.0,20.0,0.0,90000.0,0.410366061249783,9.86687750861844,12.154784614286667,12.487488878546143,11.407576060361786,150000.0,0.116
5454.0,14,1,725000.0,1,435000.0,1900,5,0,1.0,0,0,6.0,0,0,,0.0,0.0,5,0.0,240629,44.0,40.0,2,1,2021,0.0,0.0,435000.0,,0.6,1,0.0,20052.416666666668,0.094751671660523,0.0,0.0,,,,0.0,0.0,0.0,435000.0,725000.0,0.6,0.094751671660523,,0.0,0.0,0.0,,0.0,12.983103608918752,13.493928313146206,0.0,240629.0,0.09475167166052303
5458.0,17,1,260000.0,1,82000.0,1360,5,0,1.0,0,0,1.0,0,0,15.0,0.0,0.0,1,48000.0,287674,51.0,52.0,0,1,2021,13564.2,13564.2,82000.0,0.8270853658536585,0.3153846153846154,0,0.0,23972.83333333333,0.0567308828743647,13564.2,13564.2,0.8270853658536585,0.8270853658536585,0.8270853658536585,13564.2,13564.2,13564.2,82000.0,260000.0,0.3153846153846154,0.0567308828743647,15.0,0.0,0.0,48000.0,0.6027220009094864,9.515262968810363,11.31448672129398,12.468440756144114,10.778977123006351,287674.0,0.05673088287436474
5472.0,3,1,200000.0,1,59000.0,1200,5,0,4.0,0,0,6.0,0,0,5.0,1.0,1.0,5,0.0,34000,69.0,68.0,0,1,2021,6527.04,6527.04,59000.0,0.5531389830508474,0.295,1,0.0,2833.333333333333,0.4235294117647059,6527.04,6527.04,0.5531389830508474,0.5531389830508474,0.5531389830508474,6527.04,6527.04,6527.04,59000.0,200000.0,0.295,0.4235294117647059,5.0,1.0,1.0,0.0,0.4402780334339,8.78386202407615,10.985309671896765,12.206077645517674,0.0,34000.0,0.4235294117647059
5476.0,35,1,115000.0,1,90000.0,802,5,0,1.0,0,0,0.0,0,0,0.0,0.0,0.0,0,0.0,62501,40.0,0.0,0,1,2021,0.0,0.0,90000.0,,0.782608695652174,0,0.0,5208.416666666667,0.1539815362954192,0.0,0.0,,,,0.0,0.0,0.0,90000.0,115000.0,0.782608695652174,0.1539815362954192,0.0,0.0,0.0,0.0,,0.0,11.407576060361786,11.652696102959752,0.0,62501.0,0.15398153629541927
5477.0,17,1,195000.0,1,135000.0,1300,5,0,1.0,0,0,0.0,0,0,0.0,0.0,0.0,0,0.0,100000,40.0,0.0,0,1,2021,0.0,0.0,135000.0,,0.6923076923076923,0,0.0,8333.333333333334,0.156,0.0,0.0,,,,0.0,0.0,0.0,135000.0,195000.0,0.6923076923076923,0.156,0.0,0.0,0.0,0.0,,0.0,11.81303746480054,12.180759965737863,0.0,100000.0,0.156
5483.0,10,1,218000.0,1,100000.0,772,5,0,4.0,0,0,3.0,0,0,12.0,7.0,0.0,1,29037.0,53697,73.0,61.0,0,1,2021,16649.88,16649.88,100000.0,0.8324940000000001,0.4587155963302752,0,0.0,4474.75,0.172523604670652,16649.88,16649.88,0.8324940000000001,0.8324940000000001,0.8324940000000001,16649.88,16649.88,16649.88,100000.0,218000.0,0.4587155963302752,0.172523604670652,12.0,7.0,0.0,29037.0,0.6056778805577567,9.72021834686478,11.51293546492023,12.292254928916668,10.276360596043633,53697.0,0.172523604670652
5492.0,34,1,175000.0,1,110000.0,650,5,0,1.0,0,0,0.0,0,0,0.0,0.0,0.0,0,0.0,125000,54.0,0.0,0,1,2021,0.0,0.0,110000.0,,0.6285714285714286,0,0.0,10416.666666666666,0.0624,0.0,0.0,,,,0.0,0.0,0.0,110000.0,175000.0,0.6285714285714286,0.0624,0.0,0.0,0.0,0.0,,0.0,11.60824473564232,12.07254696717504,0.0,125000.0,0.062400000000000004
5494.0,13,1,423000.0,1,312000.0,1955,5,0,1.0,0,0,6.0,6,0,15.0,100.0,0.0,5,0.0,220200,40.0,37.0,3,1,2021,96400.2,96400.2,312000.0,1.544875,0.7375886524822695,1,0.0,18350.0,0.1065395095367847,96400.2,96400.2,1.544875,1.544875,1.544875,96400.2,96400.2,96400.2,312000.0,423000.0,0.7375886524822695,0.1065395095367847,15.0,100.0,0.0,0.0,0.934081532882704,11.47627392865394,12.650761671914688,12.955129822091816,0.0,220200.0,0.10653950953678475
5495.0,37,1,150000.0,1,77000.0,700,5,0,1.0,0,0,1.0,0,0,10.0,30.0,0.0,1,42000.0,105000,39.0,39.0,2,1,2021,33893.6,33893.6,77000.0,2.2008831168831167,0.5133333333333333,0,0.0,8750.0,0.08,33893.6,33893.6,2.2008831168831167,2.2008831168831167,2.2008831168831167,33893.6,33893.6,33893.6,77000.0,150000.0,0.5133333333333333,0.08,10.0,30.0,0.0,42000.0,1.163426745757828,10.43101098864482,11.251573687764475,11.918397239722838,10.645448706505872,105000.0,0.08
5506.0,42,1,562220.0,1,300000.0,3170,5,0,1.0,0,0,1.0,0,0,4.0,4.0,0.0,1,30000.0,119000,34.0,36.0,1,1,2021,6930.56,6930.56,300000.0,0.1155093333333333,0.5335989470314112,0,0.0,9916.666666666666,0.3196638655462185,6930.56,6930.56,0.1155093333333333,0.1155093333333333,0.1155093333333333,6930.56,6930.56,6930.56,300000.0,562220.0,0.5335989470314112,0.3196638655462185,4.0,4.0,0.0,30000.0,0.1093111018059927,8.843840175076002,12.611541086966117,13.239650290012024,10.308985993422082,119000.0,0.3196638655462185
5509.0,5,1,650000.0,1,321000.0,1809,5,0,1.0,0,0,1.0,0,0,1.0,4.0,0.0,1,60000.0,126000,42.0,41.0,1,1,2021,4217.72,4217.72,321000.0,0.0656965732087227,0.4938461538461538,0,0.0,10500.0,0.1722857142857143,4217.72,4217.72,0.0656965732087227,0.0656965732087227,0.0656965732087227,4217.72,4217.72,4217.72,321000.0,650000.0,0.4938461538461538,0.1722857142857143,1.0,4.0,0.0,60000.0,0.0636286447087062,8.347287043484444,12.679199517372098,13.384729180332174,11.002116507732016,126000.0,0.1722857142857143
5512.0,20,1,575000.0,1,342000.0,1500,5,0,1.0,0,0,1.0,0,0,50.0,60.0,0.0,1,65000.0,245000,43.0,41.0,3,1,2021,94915.6,94915.6,342000.0,1.3876549707602337,0.5947826086956521,0,0.0,20416.666666666668,0.073469387755102,94915.6,94915.6,1.3876549707602337,1.3876549707602337,1.3876549707602337,94915.6,94915.6,94915.6,342000.0,575000.0,0.5947826086956521,0.073469387755102,50.0,60.0,0.0,65000.0,0.8703117004851821,11.460753890270572,12.742568940017076,13.26212705890841,11.082157933374816,245000.0,0.07346938775510203
5522.0,45,1,900000.0,1,260000.0,2350,5,0,1.0,0,0,1.0,0,0,10.0,2.0,0.0,1,75000.0,95000,43.0,41.0,2,1,2021,10699.52,10699.52,260000.0,0.20576,0.2888888888888888,0,0.0,7916.666666666667,0.2968421052631579,10699.52,10699.52,0.20576,0.20576,0.20576,10699.52,10699.52,10699.52,260000.0,900000.0,0.2888888888888888,0.2968421052631579,10.0,2.0,0.0,75000.0,0.1871100735257518,9.278047617399988,12.468440756144114,13.71015115341694,11.225256725762891,95000.0,0.2968421052631579
5527.0,9,1,591000.0,1,365000.0,2100,5,0,1.0,0,0,1.0,0,0,10.0,0.0,0.0,1,147000.0,331000,50.0,45.0,0,1,2021,9042.8,9042.8,365000.0,0.1238739726027397,0.6175972927241963,0,0.0,27583.33333333333,0.0761329305135951,9042.8,9042.8,0.1238739726027397,0.1238739726027397,0.1238739726027397,9042.8,9042.8,9042.8,365000.0,591000.0,0.6175972927241963,0.0761329305135951,10.0,0.0,0.0,147000.0,0.1167816211662167,9.10983471904454,12.807655372286902,13.28957298843418,11.898194668458824,331000.0,0.07613293051359517
5529.0,12,1,300000.0,1,26000.0,1200,5,0,1.0,0,0,1.0,0,0,2.0,0.0,0.0,1,,86900,60.0,53.0,0,1,2021,1808.56,1808.56,26000.0,0.3478,0.0866666666666666,0,0.0,7241.666666666667,0.1657077100115074,1808.56,1808.56,0.3478,0.3478,0.3478,1808.56,1808.56,1808.56,26000.0,300000.0,0.0866666666666666,0.1657077100115074,2.0,0.0,0.0,,0.2984736335299795,7.500839000785103,10.165890277802454,12.611541086966117,,86900.0,0.16570771001150747
5532.0,32,1,70000.0,1,38000.0,400,5,0,1.0,0,0,1.0,0,0,3.0,5.0,1.0,1,33202.0,55822,39.0,36.0,2,1,2021,8031.919999999999,8031.919999999999,38000.0,1.0568315789473683,0.5428571428571428,0,0.0,4651.833333333333,0.0859876034538354,8031.919999999999,8031.919999999999,1.0568315789473683,1.0568315789473683,1.0568315789473683,8031.919999999999,8031.919999999999,8031.919999999999,38000.0,70000.0,0.5428571428571428,0.0859876034538354,3.0,5.0,1.0,33202.0,0.7211667302877789,8.991303377204765,10.545367754151744,11.156264806643742,10.410395512268014,55822.0,0.08598760345383541
5535.0,45,1,85000.0,1,84000.0,679,5,0,1.0,0,0,0.0,0,0,0.0,0.0,0.0,0,0.0,28000,25.0,0.0,0,1,2021,0.0,0.0,84000.0,,0.9882352941176472,0,0.0,2333.333333333333,0.291,0.0,0.0,,,,0.0,0.0,0.0,84000.0,85000.0,0.9882352941176472,0.291,0.0,0.0,0.0,0.0,,0.0,11.338583982516496,11.350418300109132,0.0,28000.0,0.291
5540.0,21,1,75000.0,1,65000.0,586,1,5,1.0,0,0,6.0,0,0,70.0,168.0,0.0,5,0.0,30200,30.0,29.0,2,1,2021,202464.08,202464.08,65000.0,15.57416,0.8666666666666667,1,1.0,2516.6666666666665,0.2328476821192053,202464.08,202464.08,15.57416,15.57416,15.57416,146952.9672,146952.9672,146952.9672,65000.0,75000.0,0.8666666666666667,0.2328476821192053,50.0,168.0,0.0,0.0,2.8078448560546843,11.897874668420387,11.082157933374816,11.225256725762891,0.0,30200.0,0.2328476821192053
5543.0,13,1,75000.0,1,5000.0,500,5,0,1.0,0,0,0.0,0,0,0.0,0.0,0.0,0,0.0,35875,52.0,0.0,0,1,2021,0.0,0.0,5000.0,,0.0666666666666666,0,0.0,2989.583333333333,0.1672473867595818,0.0,0.0,,,,0.0,0.0,0.0,6000.0,75000.0,0.0666666666666666,0.1672473867595818,0.0,0.0,0.0,0.0,,0.0,8.699681400989514,11.225256725762891,0.0,35875.0,0.16724738675958187
5544.0,39,1,300000.0,1,159407.0,676,1,5,1.0,0,0,5.0,0,0,1.0,0.0,0.0,5,0.0,109904,54.0,53.0,0,1,2021,904.28,904.28,159407.0,0.0283638736065542,0.5313566666666667,0,1.0,9158.666666666666,0.0738098704323773,904.28,904.28,0.0283638736065542,0.0301226161123428,0.0301226161123428,904.28,904.28,904.28,159407.0,300000.0,0.5313566666666667,0.0738098704323773,1.0,0.0,0.0,0.0,0.029677839925543,6.808244288113202,11.979222232284638,12.611541086966117,0.0,109904.0,0.07380987043237736
5546.0,16,1,150000.0,1,118000.0,840,5,0,1.0,0,0,1.0,0,0,10.0,0.0,0.0,1,30000.0,49232,32.0,23.0,1,1,2021,9042.8,9042.8,118000.0,0.3831694915254238,0.7866666666666666,0,0.0,4102.666666666667,0.2047448813779655,9042.8,9042.8,0.3831694915254238,0.3831694915254238,0.3831694915254238,9042.8,9042.8,9042.8,118000.0,150000.0,0.7866666666666666,0.2047448813779655,10.0,0.0,0.0,30000.0,0.3243775986988035,9.10983471904454,11.678448377988165,11.918397239722838,10.308985993422082,49232.0,0.20474488137796554
5548.0,10,1,500000.0,1,240000.0,2180,5,0,1.0,0,0,6.0,0,0,40.0,0.0,7.0,5,0.0,170352,67.0,66.0,0,1,2021,44412.16,44412.16,240000.0,0.9252533333333334,0.48,1,0.0,14196.0,0.1535643843336151,44412.16,44412.16,0.9252533333333334,0.9252533333333334,0.9252533333333334,44412.16,44412.16,44412.16,240000.0,500000.0,0.48,0.1535643843336151,40.0,0.0,7.0,0.0,0.655057560812601,10.701291100899978,12.388398368982116,13.122365377402328,0.0,170352.0,0.1535643843336151
5549.0,31,1,350000.0,1,278000.0,2450,5,0,1.0,0,0,1.0,0,0,5.0,30.0,0.0,1,70000.0,69350,41.0,41.0,2,1,2021,29372.2,29372.2,278000.0,0.5282769784172662,0.7942857142857143,0,0.0,5779.166666666667,0.4239365537130497,29372.2,29372.2,0.5282769784172662,0.5282769784172662,0.5282769784172662,29372.2,29372.2,29372.2,278000.0,350000.0,0.7942857142857143,0.4239365537130497,5.0,30.0,0.0,70000.0,0.4241409429148489,10.287837972973229,12.535379989788607,12.765691290604371,11.156264806643742,69350.0,0.4239365537130497
5550.0,4,1,260000.0,1,156000.0,1188,5,0,1.0,0,0,5.0,0,0,40.0,10.0,0.0,1,63000.0,98266,37.0,40.0,3,1,2021,44454.8,44454.8,156000.0,1.4248333333333334,0.6,0,0.0,8188.833333333333,0.1450756110964118,44454.8,44454.8,1.4248333333333334,1.4248333333333334,1.4248333333333334,44454.8,44454.8,44454.8,156000.0,260000.0,0.6,0.1450756110964118,40.0,10.0,0.0,63000.0,0.8857627935051967,10.702250716119334,11.95761769646754,12.468440756144114,11.050905878263569,98266.0,0.1450756110964118
5553.0,12,1,200000.0,1,50000.0,875,5,0,1.0,0,0,1.0,0,0,6.0,0.0,0.0,1,55000.0,170000,50.0,46.0,1,1,2021,5425.68,5425.68,50000.0,0.542568,0.25,0,0.0,14166.666666666666,0.0617647058823529,5425.68,5425.68,0.542568,0.542568,0.542568,5425.68,5425.68,5425.68,50000.0,200000.0,0.25,0.0617647058823529,6.0,0.0,0.0,55000.0,0.4334485601044908,8.59908280788786,10.819798284210286,12.206077645517674,10.915106645867503,170000.0,0.061764705882352944
5556.0,34,1,150000.0,1,44500.0,555,5,0,1.0,0,0,1.0,0,0,10.0,60.0,0.0,1,35000.0,152065,35.0,34.0,3,1,2021,58744.4,58744.4,44500.0,6.600494382022472,0.2966666666666667,0,0.0,12672.083333333334,0.0437970604675632,58744.4,58744.4,6.600494382022472,6.600494382022472,6.600494382022472,58744.4,58744.4,58744.4,44500.0,150000.0,0.2966666666666667,0.0437970604675632,10.0,60.0,0.0,35000.0,2.028213295442723,10.980968131068629,10.703266939811954,11.918397239722838,10.463131911491969,152065.0,0.04379706046756321
5557.0,9,1,250000.0,1,28000.0,500,5,0,1.0,0,0,0.0,0,0,0.0,0.0,0.0,0,0.0,41602,64.0,0.0,0,1,2021,0.0,0.0,28000.0,,0.112,0,0.0,3466.833333333333,0.1442238353925292,0.0,0.0,,,,0.0,0.0,0.0,28000.0,250000.0,0.112,0.1442238353925292,0.0,0.0,0.0,0.0,,0.0,10.239995502805316,12.429220196836384,0.0,41602.0,0.1442238353925292
5562.0,24,1,170000.0,1,136000.0,800,5,0,7.0,0,0,1.0,0,0,10.0,30.0,0.0,1,12000.0,60000,36.0,35.0,2,1,2021,33893.6,33893.6,136000.0,1.2460882352941176,0.8,0,0.0,5000.0,0.16,33893.6,33893.6,1.2460882352941176,1.2460882352941176,1.2460882352941176,33893.6,33893.6,33893.6,136000.0,170000.0,0.8,0.16,10.0,30.0,0.0,12000.0,0.8091901410718071,10.43101098864482,11.820417517632333,12.04355959836804,9.39274525863144,60000.0,0.16
5570.0,9,1,180000.0,1,49000.0,445,5,0,1.0,0,0,1.0,0,0,,0.0,0.0,1,60000.0,110150,30.0,35.0,0,1,2021,0.0,0.0,49000.0,,0.2722222222222222,0,0.0,9179.166666666666,0.0484793463458919,0.0,0.0,,,,0.0,0.0,0.0,49000.0,180000.0,0.2722222222222222,0.0484793463458919,,0.0,0.0,60000.0,,0.0,10.799595985047786,12.100717685412471,11.002116507732016,110150.0,0.04847934634589197
5590.0,32,1,395000.0,1,382000.0,2133,5,0,1.0,0,0,0.0,0,0,0.0,0.0,0.0,0,0.0,152000,33.0,0.0,0,1,2021,0.0,0.0,382000.0,,0.9670886075949368,0,0.0,12666.666666666666,0.1683947368421052,0.0,0.0,,,,0.0,0.0,0.0,382000.0,395000.0,0.9670886075949368,0.1683947368421052,0.0,0.0,0.0,0.0,,0.0,12.853178505386332,12.886643575525625,0.0,152000.0,0.16839473684210526
5598.0,1,1,260000.0,1,179000.0,1033,5,0,1.0,0,0,0.0,0,0,0.0,0.0,0.0,0,0.0,118075,63.0,0.0,0,1,2021,0.0,0.0,179000.0,,0.6884615384615385,0,0.0,9839.583333333334,0.1049841202625449,0.0,0.0,,,,0.0,0.0,0.0,179000.0,260000.0,0.6884615384615385,0.1049841202625449,0.0,0.0,0.0,0.0,,0.0,12.095146671399466,12.468440756144114,0.0,118075.0,0.10498412026254499
5609.0,1,1,245000.0,1,235000.0,1200,5,0,1.0,0,0,0.0,0,0,0.0,0.0,0.0,0,0.0,90000,29.0,0.0,0,1,2021,0.0,0.0,235000.0,,0.9591836734693876,0,0.0,7500.0,0.16,0.0,0.0,,,,0.0,0.0,0.0,235000.0,245000.0,0.9591836734693876,0.16,0.0,0.0,0.0,0.0,,0.0,12.367345048436391,12.409017571151187,0.0,90000.0,0.16
5615.0,12,1,70000.0,1,40000.0,600,5,0,1.0,0,0,0.0,0,0,0.0,0.0,0.0,0,0.0,46600,35.0,0.0,2,1,2021,0.0,0.0,40000.0,,0.5714285714285714,0,0.0,3883.3333333333335,0.1545064377682403,0.0,0.0,,,,0.0,0.0,0.0,40000.0,70000.0,0.5714285714285714,0.1545064377682403,0.0,0.0,0.0,0.0,,0.0,10.59665973278358,11.156264806643742,0.0,46600.0,0.15450643776824033
5630.0,32,1,260000.0,1,194000.0,1218,5,0,1.0,0,0,1.0,0,0,8.0,0.0,0.0,1,42000.0,83500,28.0,25.0,0,1,2021,7234.24,7234.24,194000.0,0.1864494845360824,0.7461538461538462,0,0.0,6958.333333333333,0.1750419161676646,7234.24,7234.24,0.1864494845360824,0.1864494845360824,0.1864494845360824,7234.24,7234.24,7234.24,194000.0,260000.0,0.7461538461538462,0.1750419161676646,8.0,0.0,0.0,42000.0,0.1709652207965039,8.88671881059557,12.175618592671356,12.468440756144114,10.645448706505872,83500.0,0.17504191616766468
5633.0,24,1,196400.0,1,9200.0,942,5,0,4.0,0,0,1.0,0,0,12.0,0.0,0.0,1,83533.0,126505,63.0,58.0,0,1,2021,10851.36,10851.36,9200.0,5.8974782608695655,0.0468431771894093,0,0.0,10542.083333333334,0.0893561519307537,10851.36,10851.36,5.8974782608695655,5.8974782608695655,5.8974782608695655,10851.36,10851.36,10851.36,9200.0,196400.0,0.0468431771894093,0.0893561519307537,12.0,0.0,0.0,83533.0,1.9311558753637887,9.29213784683714,9.12706745278236,12.187913766539234,11.333009013590118,126505.0,0.08935615193075372
5637.0,24,1,140000.0,1,114000.0,945,5,0,4.0,0,0,4.0,0,0,20.0,0.0,0.0,5,0.0,99564,71.0,68.0,0,1,2021,18085.6,18085.6,114000.0,0.7932280701754387,0.8142857142857143,0,0.0,8297.0,0.1138965891286007,18085.6,18085.6,0.7932280701754387,0.7932280701754387,0.7932280701754387,18085.6,18085.6,18085.6,114000.0,140000.0,0.8142857142857143,0.1138965891286007,20.0,0.0,0.0,0.0,0.5840173868546572,9.802926611581514,11.643962499267984,11.849404844423074,0.0,99564.0,0.1138965891286007
5641.0,44,1,300000.0,1,240008.0,1756,5,0,1.0,0,0,3.0,0,0,12.0,6.0,0.0,5,0.0,38000,42.0,37.0,2,1,2021,15821.52,15821.52,240008.0,0.32960401319956,0.8000266666666667,0,0.0,3166.6666666666665,0.5545263157894738,15821.52,15821.52,0.32960401319956,0.32960401319956,0.32960401319956,15821.52,15821.52,15821.52,240008.0,300000.0,0.8000266666666667,0.5545263157894738,12.0,6.0,0.0,0.0,0.2848811634655445,9.669189520671416,12.38843170162102,12.611541086966117,0.0,38000.0,0.5545263157894738
5648.0,35,1,220000.0,1,152000.0,1361,5,0,1.0,0,0,1.0,7,0,7.0,58.0,0.0,1,38000.0,163000,33.0,31.0,2,1,2021,54374.83999999999,54374.83999999999,152000.0,1.7886460526315786,0.6909090909090909,0,0.0,13583.333333333334,0.1001963190184049,54374.83999999999,54374.83999999999,1.7886460526315786,1.7886460526315786,1.7886460526315786,54374.83999999999,54374.83999999999,54374.83999999999,152000.0,220000.0,0.6909090909090909,0.1001963190184049,7.0,58.0,0.0,38000.0,1.0255561922488805,10.903675216547525,11.93164237875414,12.301387370778713,10.545367754151744,163000.0,0.10019631901840491
5650.0,10,1,200000.0,1,114000.0,838,5,0,4.0,0,0,0.0,0,0,0.0,0.0,0.0,0,0.0,0,67.0,0.0,0,1,2021,0.0,0.0,114000.0,,0.57,0,0.0,0.0,,0.0,0.0,,,,0.0,0.0,0.0,114000.0,200000.0,0.57,,0.0,0.0,0.0,0.0,,0.0,11.643962499267984,12.206077645517674,0.0,,
5653.0,19,1,600000.0,1,262500.0,1753,5,0,1.0,0,0,1.0,0,0,10.0,0.0,0.0,1,85000.0,149050,29.0,30.0,0,1,2021,9042.8,9042.8,262500.0,0.1722438095238095,0.4375,0,0.0,12420.833333333334,0.1411338477021133,9042.8,9042.8,0.1722438095238095,0.1722438095238095,0.1722438095238095,9042.8,9042.8,9042.8,262500.0,600000.0,0.4375,0.1411338477021133,10.0,0.0,0.0,85000.0,0.1589196981238042,9.10983471904454,12.47801017053037,13.304686600863562,11.350418300109132,149050.0,0.14113384770211337
5660.0,41,1,285000.0,1,164000.0,1100,5,0,1.0,0,0,1.0,0,0,8.0,70.0,10.0,5,0.0,77136,41.0,44.0,2,1,2021,76992.23999999999,76992.23999999999,164000.0,2.347324390243902,0.5754385964912281,0,0.0,6428.0,0.1711263223397635,76992.23999999999,76992.23999999999,2.347324390243902,2.347324390243902,2.347324390243902,76992.23999999999,76992.23999999999,76992.23999999999,164000.0,285000.0,0.5754385964912281,0.1711263223397635,8.0,70.0,10.0,0.0,1.2081613372351694,11.251472904774069,12.00762780434872,12.560247968016562,0.0,77136.0,0.17112632233976355
5664.0,36,1,600000.0,1,130000.0,1100,5,0,1.0,0,0,1.0,0,0,10.0,0.0,0.0,1,71000.0,164150,62.0,63.0,0,1,2021,9042.8,9042.8,130000.0,0.3478,0.2166666666666666,0,0.0,13679.166666666666,0.0804142552543405,9042.8,9042.8,0.3478,0.3478,0.3478,9042.8,9042.8,9042.8,130000.0,600000.0,0.2166666666666666,0.0804142552543405,10.0,0.0,0.0,71000.0,0.2984736335299795,9.10983471904454,11.775297421715829,13.304686600863562,11.170449240431308,164150.0,0.08041425525434055
5666.0,20,1,475000.0,1,175000.0,1800,5,0,4.0,0,0,1.0,0,0,14.0,0.0,0.0,1,45000.0,195000,58.0,57.0,0,1,2021,12659.92,12659.92,175000.0,0.361712,0.3684210526315789,0,0.0,16250.0,0.1107692307692307,12659.92,12659.92,0.361712,0.361712,0.361712,12659.92,12659.92,12659.92,175000.0,475000.0,0.3684210526315789,0.1107692307692307,14.0,0.0,0.0,45000.0,0.3087427316233321,9.446275362884068,12.07254696717504,13.07107218827772,10.714439990727769,195000.0,0.11076923076923077
5667.0,32,1,180000.0,1,90000.0,620,5,0,1.0,0,0,0.0,0,0,0.0,0.0,0.0,0,0.0,53640,44.0,0.0,0,1,2021,0.0,0.0,90000.0,,0.5,0,0.0,4470.0,0.1387024608501118,0.0,0.0,,,,0.0,0.0,0.0,90000.0,180000.0,0.5,0.1387024608501118,0.0,0.0,0.0,0.0,,0.0,11.407576060361786,12.100717685412471,0.0,53640.0,0.13870246085011187
5669.0,34,1,270000.0,1,106000.0,953,5,0,1.0,0,0,1.0,0,0,10.0,0.0,0.0,1,36000.0,116000,49.0,50.0,0,1,2021,9042.8,9042.8,106000.0,0.4265471698113208,0.3925925925925926,0,0.0,9666.666666666666,0.0985862068965517,9042.8,9042.8,0.4265471698113208,0.4265471698113208,0.4265471698113208,9042.8,9042.8,9042.8,106000.0,270000.0,0.3925925925925926,0.0985862068965517,10.0,0.0,0.0,36000.0,0.3552569579395286,9.10983471904454,11.571203807011967,12.506180941677355,10.491301994830229,116000.0,0.09858620689655173
5670.0,41,1,375000.0,1,178000.0,1600,5,0,1.0,0,0,1.0,0,0,30.0,75.0,0.0,1,56000.0,113600,45.0,38.0,2,1,2021,89255.40000000001,89255.40000000001,178000.0,2.5071741573033712,0.4746666666666667,0,0.0,9466.666666666666,0.1690140845070422,89255.40000000001,89255.40000000001,2.5071741573033712,2.5071741573033712,2.5071741573033712,89255.40000000001,89255.40000000001,89255.40000000001,178000.0,375000.0,0.4746666666666667,0.1690140845070422,30.0,75.0,0.0,56000.0,1.2548106298347437,11.399268405754414,12.08954444723597,12.83468397161566,10.933124826700707,113600.0,0.16901408450704228
5683.0,34,1,152000.0,1,72000.0,368,5,0,1.0,0,0,1.0,0,0,5.0,0.0,0.0,1,45228.0,110582,46.0,44.0,0,1,2021,4521.400000000001,4521.400000000001,72000.0,0.3139861111111111,0.4736842105263157,0,0.0,9215.166666666666,0.0399341665008771,4521.400000000001,4521.400000000001,0.3139861111111111,0.3139861111111111,0.3139861111111111,4521.400000000001,4521.400000000001,4521.400000000001,72000.0,152000.0,0.4736842105263157,0.0399341665008771,5.0,0.0,0.0,45228.0,0.2730653500758954,8.416798105361082,11.184435286790633,11.93164237875414,10.719493753007932,110582.0,0.03993416650087718
5708.0,19,1,95000.0,1,65000.0,1300,5,0,4.0,0,0,0.0,0,0,0.0,0.0,0.0,0,0.0,55200,57.0,0.0,0,1,2021,0.0,0.0,65000.0,,0.6842105263157895,0,0.0,4600.0,0.2826086956521739,0.0,0.0,,,,0.0,0.0,0.0,65000.0,95000.0,0.6842105263157895,0.2826086956521739,0.0,0.0,0.0,0.0,,0.0,11.082157933374816,11.461642696843066,0.0,55200.0,0.2826086956521739
5713.0,23,1,500000.0,1,450000.0,2500,5,0,1.0,0,0,6.0,0,0,6.0,0.0,0.0,1,10000.0,310000,58.0,56.0,0,1,2021,5425.68,5425.68,450000.0,0.0602853333333333,0.9,1,0.0,25833.33333333333,0.0967741935483871,5425.68,5425.68,0.0602853333333333,0.0602853333333333,0.0602853333333333,5425.68,5425.68,5425.68,450000.0,500000.0,0.9,0.0967741935483871,6.0,0.0,0.0,10000.0,0.0585380542908335,8.59908280788786,13.017005083966255,13.122365377402328,9.210440366976515,310000.0,0.09677419354838711
5714.0,4,1,900000.0,1,289000.0,2660,5,0,1.0,0,0,0.0,0,0,0.0,0.0,0.0,0,0.0,356800,60.0,0.0,1,1,2021,0.0,0.0,289000.0,,0.3211111111111111,0,0.0,29733.33333333333,0.0894618834080717,0.0,0.0,,,,0.0,0.0,0.0,289000.0,900000.0,0.3211111111111111,0.0894618834080717,0.0,0.0,0.0,0.0,,0.0,12.574185427296197,13.71015115341694,0.0,356800.0,0.08946188340807175
5715.0,48,1,175000.0,1,68000.0,900,5,0,1.0,0,0,6.0,0,0,5.0,0.0,0.0,5,0.0,40000,53.0,55.0,3,1,2021,4521.400000000001,4521.400000000001,68000.0,0.3324558823529412,0.3885714285714285,1,0.0,3333.333333333333,0.2699999999999999,4521.400000000001,4521.400000000001,0.3324558823529412,0.3324558823529412,0.3324558823529412,4521.400000000001,4521.400000000001,4521.400000000001,68000.0,175000.0,0.3885714285714285,0.2699999999999999,5.0,0.0,0.0,0.0,0.2870237675813755,8.416798105361082,11.127277689932466,12.07254696717504,0.0,40000.0,0.26999999999999996
5720.0,30,1,315000.0,1,170000.0,1520,5,0,1.0,0,0,1.0,0,0,16.0,120.0,0.0,1,5600.0,110700,36.0,30.0,2,1,2021,113871.68,113871.68,170000.0,3.3491670588235296,0.5396825396825397,0,0.0,9225.0,0.1647696476964769,113871.68,113871.68,3.3491670588235296,3.3491670588235296,3.3491670588235296,113871.68,113871.68,113871.68,170000.0,315000.0,0.5396825396825397,0.1647696476964769,16.0,120.0,0.0,5600.0,1.469984346035594,11.642836261138475,12.04355959836804,12.660331092405906,8.630700432209832,110700.0,0.16476964769647698
5721.0,4,1,210000.0,1,197000.0,1345,5,0,1.0,0,0,3.0,0,0,8.0,40.0,0.0,5,0.0,48300,29.0,25.0,1,1,2021,40368.64,40368.64,197000.0,1.024584771573604,0.938095238095238,0,0.0,4025.0,0.3341614906832298,40368.64,40368.64,1.024584771573604,1.024584771573604,1.024584771573604,40368.64,40368.64,40368.64,197000.0,210000.0,0.938095238095238,0.3341614906832298,8.0,40.0,0.0,0.0,0.7053646284578932,10.60583329629422,12.190964083849376,12.25486757159303,0.0,48300.0,0.3341614906832298
5727.0,41,1,249000.0,1,147000.0,955,5,0,1.0,0,0,1.0,0,0,15.0,20.0,0.0,5,0.0,55150,30.0,27.0,2,1,2021,30131.4,30131.4,147000.0,1.0248775510204082,0.5903614457831325,0,0.0,4595.833333333333,0.2077969174977334,30131.4,30131.4,1.0248775510204082,1.0248775510204082,1.0248775510204082,30131.4,30131.4,30131.4,147000.0,249000.0,0.5903614457831325,0.2077969174977334,15.0,20.0,0.0,0.0,0.7055092300983039,10.313356283781143,11.898194668458824,12.425212191503038,0.0,55150.0,0.20779691749773346
5734.0,19,1,230000.0,1,200000.0,1100,5,0,1.0,0,0,6.0,0,0,2.0,5.0,0.0,5,0.0,100150,39.0,46.0,1,1,2021,5950.360000000001,5950.360000000001,200000.0,0.148759,0.8695652173913043,1,0.0,8345.833333333334,0.1318022965551672,5950.360000000001,5950.360000000001,0.148759,0.148759,0.148759,5950.360000000001,5950.360000000001,5950.360000000001,200000.0,230000.0,0.8695652173913043,0.1318022965551672,2.0,5.0,0.0,0.0,0.1386822292598985,8.691375043849778,12.206077645517674,12.345838935721968,0.0,100150.0,0.13180229655516723
5740.0,43,1,295000.0,1,69000.0,528,5,0,4.0,0,0,0.0,0,0,0.0,0.0,0.0,0,0.0,142852,69.0,0.0,0,1,2021,0.0,0.0,69000.0,,0.2338983050847457,0,0.0,11904.333333333334,0.0443535967294822,0.0,0.0,,,,0.0,0.0,0.0,69000.0,295000.0,0.2338983050847457,0.0443535967294822,0.0,0.0,0.0,0.0,,0.0,11.141876276228,12.59473402514672,0.0,142852.0,0.04435359672948226
5744.0,46,1,500000.0,1,295000.0,1750,5,0,1.0,0,0,2.0,0,0,14.0,14.0,0.0,1,5000.0,95767,36.0,35.0,2,1,2021,24256.96,24256.96,295000.0,0.4111349152542373,0.59,0,0.0,7980.583333333333,0.2192822162122652,24256.96,24256.96,0.4111349152542373,0.4111349152542373,0.4111349152542373,24256.96,24256.96,24256.96,295000.0,500000.0,0.59,0.2192822162122652,14.0,14.0,0.0,5000.0,0.3443942850638509,10.096500089926913,12.59473402514672,13.122365377402328,8.517393171418904,95767.0,0.2192822162122652
5747.0,34,1,250000.0,1,75000.0,1500,5,0,1.0,0,0,1.0,0,0,10.0,15.0,0.0,1,50000.0,235250,50.0,50.0,2,1,2021,21468.2,21468.2,75000.0,1.4312133333333334,0.3,0,0.0,19604.166666666668,0.0765143464399574,21468.2,21468.2,1.4312133333333334,1.4312133333333334,1.4312133333333334,21468.2,21468.2,21468.2,75000.0,250000.0,0.3,0.0765143464399574,10.0,15.0,0.0,50000.0,0.8883904468655811,9.974374628883778,11.225256725762891,12.429220196836384,10.819798284210286,235250.0,0.07651434643995748
5764.0,10,1,250000.0,1,166000.0,1150,5,0,1.0,7,0,3.0,0,0,,24.0,0.0,5,0.0,64272,30.0,29.0,3,1,2021,19880.64,19880.64,166000.0,0.5988144578313253,0.664,0,0.0,5356.0,0.2147124719940254,19880.64,19880.64,0.5988144578313253,0.5988144578313253,0.5988144578313253,19880.64,19880.64,19880.64,166000.0,250000.0,0.664,0.2147124719940254,,24.0,0.0,0.0,0.4692623907409177,9.897551971777862,12.01974909141692,12.429220196836384,0.0,64272.0,0.2147124719940254
5774.0,6,1,150000.0,1,86000.0,788,5,0,1.0,0,0,0.0,0,0,0.0,0.0,0.0,0,0.0,105000,56.0,0.0,0,1,2021,0.0,0.0,86000.0,,0.5733333333333334,0,0.0,8750.0,0.0900571428571428,0.0,0.0,,,,0.0,0.0,0.0,86000.0,150000.0,0.5733333333333334,0.0900571428571428,0.0,0.0,0.0,0.0,,0.0,11.362114203075018,11.918397239722838,0.0,105000.0,0.09005714285714286
5776.0,37,1,120000.0,1,79000.0,684,5,0,1.0,0,0,0.0,0,0,0.0,0.0,0.0,0,0.0,29000,35.0,0.0,2,1,2021,0.0,0.0,79000.0,,0.6583333333333333,0,0.0,2416.6666666666665,0.2830344827586207,0.0,0.0,,,,0.0,0.0,0.0,79000.0,120000.0,0.6583333333333333,0.2830344827586207,0.0,0.0,0.0,0.0,,0.0,11.277215789596893,11.695255355062796,0.0,29000.0,0.2830344827586207
5787.0,19,1,620000.0,1,560000.0,2900,5,0,1.0,0,0,1.0,0,0,5.0,80.0,0.0,1,140000.0,285000,36.0,40.0,3,1,2021,70790.20000000001,70790.20000000001,560000.0,0.6320553571428572,0.9032258064516128,0,0.0,23750.0,0.1221052631578947,70790.20000000001,70790.20000000001,0.6320553571428572,0.6320553571428572,0.6320553571428572,70790.20000000001,70790.20000000001,70790.20000000001,560000.0,620000.0,0.9032258064516128,0.1221052631578947,5.0,80.0,0.0,140000.0,0.4898401757845785,11.167489978171387,13.235693848424024,13.3374763699232,11.849404844423074,285000.0,0.12210526315789473
5791.0,12,1,379586.0,1,315000.0,2000,5,0,1.0,0,0,1.0,0,0,14.0,40.0,0.0,1,79087.0,140606,31.0,37.0,1,1,2021,45794.32000000001,45794.32000000001,315000.0,0.7268939682539683,0.8298514697591587,0,0.0,11717.166666666666,0.1706897287455727,45794.32000000001,45794.32000000001,0.7268939682539683,0.7268939682539683,0.7268939682539683,45794.32000000001,45794.32000000001,45794.32000000001,315000.0,379586.0,0.8298514697591587,0.1706897287455727,14.0,40.0,0.0,79087.0,0.5463244007851822,10.731937181475082,12.660331092405906,12.84683909855614,11.27831643554674,140606.0,0.17068972874557276
5792.0,10,1,180000.0,1,131000.0,1000,5,0,1.0,0,0,1.0,0,0,20.0,40.0,0.0,1,63000.0,143000,41.0,44.0,2,1,2021,51220.0,51220.0,131000.0,1.9549618320610689,0.7277777777777777,0,0.0,11916.666666666666,0.0839160839160839,51220.0,51220.0,1.9549618320610689,1.9549618320610689,1.9549618320610689,51220.0,51220.0,51220.0,131000.0,180000.0,0.7277777777777777,0.0839160839160839,20.0,40.0,0.0,63000.0,1.0834857343824509,10.843904883186518,11.78296023574194,12.100717685412471,11.050905878263569,143000.0,0.08391608391608392
5794.0,10,1,350000.0,1,288000.0,1440,5,0,6.0,4,0,1.0,0,0,20.0,40.0,0.0,1,50000.0,80500,68.0,64.0,0,1,2021,51220.0,51220.0,288000.0,0.8892361111111111,0.8228571428571428,0,0.0,6708.333333333333,0.2146583850931677,51220.0,51220.0,0.8892361111111111,0.8892361111111111,0.8892361111111111,51220.0,51220.0,51220.0,288000.0,350000.0,0.8228571428571428,0.2146583850931677,20.0,40.0,0.0,50000.0,0.6361725733559337,10.843904883186518,12.570719231334277,12.765691290604371,10.819798284210286,80500.0,0.2146583850931677
5795.0,36,1,650000.0,1,190000.0,1600,5,0,1.0,0,0,1.0,0,0,20.0,0.0,0.0,1,50000.0,55000,26.0,26.0,0,1,2021,18085.6,18085.6,190000.0,0.4759368421052632,0.2923076923076923,0,0.0,4583.333333333333,0.3490909090909091,18085.6,18085.6,0.4759368421052632,0.4759368421052632,0.4759368421052632,18085.6,18085.6,18085.6,190000.0,650000.0,0.2923076923076923,0.3490909090909091,20.0,0.0,0.0,50000.0,0.3892929353611836,9.802926611581514,12.154784614286667,13.384729180332174,10.819798284210286,55000.0,0.3490909090909091
5802.0,45,1,129999.0,1,69000.0,748,5,0,1.0,0,0,0.0,0,0,0.0,0.0,0.0,0,0.0,50020,46.0,0.0,0,1,2021,0.0,0.0,69000.0,,0.5307733136408742,0,0.0,4168.333333333333,0.1794482207117153,0.0,0.0,,,,0.0,0.0,0.0,69000.0,129999.0,0.5307733136408742,0.1794482207117153,0.0,0.0,0.0,0.0,,0.0,11.141876276228,11.77528972943772,0.0,50020.0,0.17944822071171532
5806.0,35,1,360000.0,1,190000.0,1388,5,0,1.0,0,0,6.0,0,0,11.0,0.0,0.0,1,10000.0,147010,58.0,60.0,0,1,2021,9947.080000000002,9947.080000000002,190000.0,0.2617652631578948,0.5277777777777778,1,0.0,12250.833333333334,0.1132984150738045,9947.080000000002,9947.080000000002,0.2617652631578948,0.2617652631578948,0.2617652631578948,9947.080000000002,9947.080000000002,9947.080000000002,190000.0,360000.0,0.5277777777777778,0.1132984150738045,11.0,0.0,0.0,10000.0,0.2325117429813119,9.205134846708413,12.154784614286667,12.793862088206213,9.210440366976515,147010.0,0.1132984150738045
5811.0,12,1,200000.0,1,79000.0,1586,5,0,1.0,0,0,1.0,0,0,7.0,77.0,,1,28000.0,133100,46.0,40.0,1,1,2021,70113.68,70113.68,79000.0,4.437574683544304,0.395,0,0.0,11091.666666666666,0.1429902329075882,70113.68,70113.68,4.437574683544304,4.437574683544304,4.437574683544304,70113.68,70113.68,70113.68,79000.0,200000.0,0.395,0.1429902329075882,7.0,77.0,,28000.0,1.6933331312251791,11.157887466219652,11.277215789596893,12.206077645517674,10.239995502805316,133100.0,0.14299023290758828
5816.0,19,1,185000.0,1,67000.0,1200,1,5,1.0,0,0,0.0,0,0,0.0,0.0,0.0,0,0.0,26375,57.0,0.0,0,1,2021,0.0,0.0,67000.0,,0.3621621621621622,0,1.0,2197.9166666666665,0.5459715639810427,0.0,0.0,,,,0.0,0.0,0.0,67000.0,185000.0,0.3621621621621622,0.5459715639810427,0.0,0.0,0.0,0.0,,0.0,11.112462823634855,12.128116509451258,0.0,26375.0,0.5459715639810427
5820.0,32,1,800000.0,1,350000.0,2000,5,0,1.0,4,0,4.0,0,0,14.0,0.0,0.0,5,0.0,123500,72.0,72.0,0,1,2021,12659.92,12659.92,350000.0,0.180856,0.4375,0,0.0,10291.666666666666,0.194331983805668,12659.92,12659.92,0.180856,0.180856,0.180856,12659.92,12659.92,12659.92,350000.0,800000.0,0.4375,0.194331983805668,14.0,0.0,0.0,0.0,0.1662395992137735,9.446275362884068,12.765691290604371,13.592368256649284,0.0,123500.0,0.19433198380566802
5826.0,45,1,200000.0,1,148000.0,925,5,0,4.0,0,0,0.0,0,0,0.0,0.0,0.0,0,0.0,24000,68.0,0.0,0,1,2021,0.0,0.0,148000.0,,0.74,0,0.0,2000.0,0.4625,0.0,0.0,,,,0.0,0.0,0.0,148000.0,200000.0,0.74,0.4625,0.0,0.0,0.0,0.0,,0.0,11.904974309480185,12.206077645517674,0.0,24000.0,0.4625
5828.0,10,1,700000.0,1,193000.0,1366,5,0,4.0,0,0,1.0,0,0,20.0,0.0,0.0,1,50000.0,157474,70.0,68.0,0,1,2021,18085.6,18085.6,193000.0,0.468538860103627,0.2757142857142857,0,0.0,13122.833333333334,0.1040933741443031,18085.6,18085.6,0.468538860103627,0.468538860103627,0.468538860103627,18085.6,18085.6,18085.6,193000.0,700000.0,0.2757142857142857,0.1040933741443031,20.0,0.0,0.0,50000.0,0.3842679337535546,9.802926611581514,12.170450649220747,13.45883704259595,10.819798284210286,157474.0,0.10409337414430318
5832.0,48,1,100000.0,1,75000.0,400,1,5,1.0,0,0,6.0,1,0,28.0,24.0,24.0,1,7436.0,62979,32.0,29.0,3,1,2021,73455.2,73455.2,75000.0,4.897013333333333,0.75,1,1.0,5248.25,0.0762158814843042,73455.2,73455.2,4.897013333333333,4.897013333333333,4.897013333333333,73455.2,73455.2,73455.2,75000.0,100000.0,0.75,0.0762158814843042,28.0,24.0,20.0,7436.0,1.7744460080524962,11.20444458920366,11.225256725762891,11.51293546492023,8.9142228207033,62979.0,0.07621588148430429
5834.0,23,1,180000.0,1,120000.0,950,5,0,1.0,0,0,1.0,0,0,3.0,3.0,0.0,1,47000.0,102150,32.0,28.0,2,1,2021,5197.92,5197.92,120000.0,0.21658,0.6666666666666666,0,0.0,8512.5,0.1116005873715124,5197.92,5197.92,0.21658,0.21658,0.21658,5197.92,5197.92,5197.92,120000.0,180000.0,0.6666666666666666,0.1116005873715124,3.0,3.0,0.0,47000.0,0.1960436435123962,8.556206190690792,11.695255355062796,12.100717685412471,10.757924157061597,102150.0,0.11160058737151249
5838.0,22,1,285000.0,1,92000.0,726,5,0,1.0,0,0,1.0,0,0,10.0,0.0,0.0,1,60000.0,159200,32.0,33.0,0,1,2021,9042.8,9042.8,92000.0,0.4914565217391305,0.3228070175438596,0,0.0,13266.666666666666,0.0547236180904522,9042.8,9042.8,0.4914565217391305,0.4914565217391305,0.4914565217391305,9042.8,9042.8,9042.8,92000.0,285000.0,0.3228070175438596,0.0547236180904522,10.0,0.0,0.0,60000.0,0.3997531738532612,9.10983471904454,11.429554725537322,12.560247968016562,11.002116507732016,159200.0,0.054723618090452265
5839.0,37,1,295000.0,1,49000.0,1126,5,0,4.0,0,0,4.0,0,0,10.0,0.0,0.0,5,0.0,87090,71.0,66.0,0,1,2021,9042.8,9042.8,49000.0,0.9227346938775512,0.1661016949152542,0,0.0,7257.5,0.1551498449879435,9042.8,9042.8,0.9227346938775512,0.9227346938775512,0.9227346938775512,9042.8,9042.8,9042.8,49000.0,295000.0,0.1661016949152542,0.1551498449879435,10.0,0.0,0.0,0.0,0.6537484923863763,9.10983471904454,10.799595985047786,12.59473402514672,0.0,87090.0,0.1551498449879435
5846.0,39,1,265000.0,1,121833.0,1181,5,0,1.0,0,0,1.0,0,0,8.0,0.0,0.0,1,62097.0,169266,58.0,55.0,0,1,2021,7234.24,7234.24,121833.0,0.2968916467623714,0.4597471698113207,0,0.0,14105.5,0.0837262060898231,7234.24,7234.24,0.2968916467623714,0.2968916467623714,0.2968916467623714,7234.24,7234.24,7234.24,121833.0,265000.0,0.4597471698113207,0.0837262060898231,8.0,0.0,0.0,62097.0,0.2599703604122767,8.88671881059557,11.710414741445112,12.487488878546143,11.03646906128378,169266.0,0.08372620608982312
5860.0,14,1,265000.0,1,145000.0,99999,5,0,4.0,0,0,4.0,0,0,25.0,0.0,0.0,5,0.0,62421,67.0,67.0,0,1,2021,22607.0,22607.0,145000.0,0.7795517241379311,0.5471698113207547,0,0.0,5201.75,2.0,22607.0,22607.0,0.7795517241379311,0.7795517241379311,0.7795517241379311,22607.0,22607.0,22607.0,145000.0,265000.0,0.5471698113207547,2.0,25.0,0.0,0.0,0.0,0.5763614922149333,10.02605910492431,11.884495917930655,12.487488878546143,0.0,62421.0,2.0
5865.0,24,1,350000.0,1,260000.0,1689,5,0,1.0,0,0,0.0,0,0,0.0,0.0,0.0,0,0.0,70000,31.0,0.0,0,1,2021,0.0,0.0,260000.0,,0.7428571428571429,0,0.0,5833.333333333333,0.2895428571428571,0.0,0.0,,,,0.0,0.0,0.0,260000.0,350000.0,0.7428571428571429,0.2895428571428571,0.0,0.0,0.0,0.0,,0.0,12.468440756144114,12.765691290604371,0.0,70000.0,0.28954285714285716
5869.0,16,1,50000.0,1,3000.0,99999,5,0,4.0,0,0,5.0,0,0,8.0,0.0,10.0,5,0.0,18996,66.0,62.0,0,1,2021,19007.04,19007.04,3000.0,31.6784,0.06,0,0.0,1583.0,2.0,19007.04,19007.04,31.6784,22.38556666666665,22.38556666666665,19007.04,19007.04,19007.04,6000.0,50000.0,0.06,2.0,8.0,0.0,10.0,0.0,3.152119022941844,9.852617326537262,8.699681400989514,10.819798284210286,0.0,18996.0,2.0
5876.0,4,1,562500.0,1,115941.0,2081,5,0,4.0,0,0,1.0,0,0,6.0,0.0,0.0,1,112000.0,131294,67.0,57.0,0,1,2021,5425.68,5425.68,115941.0,0.2339845266126737,0.2061173333333333,0,0.0,10941.166666666666,0.1901990951604795,5425.68,5425.68,0.2339845266126737,0.2339845266126737,0.2339845266126737,5425.68,5425.68,5425.68,115941.0,562500.0,0.2061173333333333,0.1901990951604795,6.0,0.0,0.0,112000.0,0.2102483861928077,8.59908280788786,11.66084534504682,13.24014819083691,11.6262630788088,131294.0,0.19019909516047956
5877.0,29,1,555000.0,1,60294.0,2200,5,0,1.0,0,0,1.0,0,0,7.0,0.0,0.0,1,43680.0,289010,56.0,56.0,0,1,2021,6329.96,6329.96,60294.0,0.5249245364381199,0.1086378378378378,0,0.0,24084.166666666668,0.0913463201965329,6329.96,6329.96,0.5249245364381199,0.5249245364381199,0.5249245364381199,6329.96,6329.96,6329.96,60294.0,555000.0,0.1086378378378378,0.0913463201965329,7.0,0.0,0.0,43680.0,0.4219449245321142,8.753207162406966,11.007004460537694,13.22672519452875,10.684668503929622,289010.0,0.09134632019653299
5880.0,21,1,95000.0,1,79800.0,666,5,0,1.0,0,0,1.0,0,0,28.0,2.0,0.0,1,11000.0,86095,53.0,53.0,0,1,2021,26976.56,26976.56,79800.0,1.6902606516290726,0.84,0,0.0,7174.583333333333,0.092827690342064,26976.56,26976.56,1.6902606516290726,1.6902606516290726,1.6902606516290726,26976.56,26976.56,26976.56,79800.0,95000.0,0.84,0.092827690342064,28.0,2.0,0.0,11000.0,0.9896380854359672,10.202760688311034,11.287291314687703,11.461642696843066,9.305741456739437,86095.0,0.092827690342064
5883.0,42,1,230000.0,1,140000.0,1250,5,0,1.0,0,0,0.0,0,0,0.0,0.0,0.0,0,0.0,49730,28.0,0.0,0,1,2021,0.0,0.0,140000.0,,0.6086956521739131,0,0.0,4144.166666666667,0.3016287954956766,0.0,0.0,,,,0.0,0.0,0.0,140000.0,230000.0,0.6086956521739131,0.3016287954956766,0.0,0.0,0.0,0.0,,0.0,11.849404844423074,12.345838935721968,0.0,49730.0,0.3016287954956766
5897.0,42,1,325000.0,1,185000.0,1900,5,0,1.0,0,0,4.0,0,0,10.0,0.0,0.0,5,0.0,85000,62.0,60.0,0,1,2021,9042.8,9042.8,185000.0,0.2444,0.5692307692307692,0,0.0,7083.333333333333,0.268235294117647,9042.8,9042.8,0.2444,0.2444,0.2444,9042.8,9042.8,9042.8,185000.0,325000.0,0.5692307692307692,0.268235294117647,10.0,0.0,0.0,0.0,0.2186534860413449,9.10983471904454,12.128116509451258,12.691583538230216,0.0,85000.0,0.26823529411764707
5903.0,21,1,140000.0,1,100000.0,1200,5,0,1.0,0,0,1.0,0,0,14.0,140.0,0.0,1,11440.0,57720,41.0,38.0,3,1,2021,128630.32,128630.32,100000.0,6.431515999999999,0.7142857142857143,0,0.0,4810.0,0.2494802494802495,128630.32,128630.32,6.431515999999999,6.431515999999999,6.431515999999999,128630.32,128630.32,128630.32,100000.0,140000.0,0.7142857142857143,0.2494802494802495,14.0,140.0,0.0,11440.0,2.0057298756018707,11.764705607011866,11.51293546492023,11.849404844423074,9.344958673700944,57720.0,0.2494802494802495
5904.0,13,1,160000.0,1,118000.0,834,5,0,1.0,0,0,1.0,0,0,7.0,40.0,0.0,1,20000.0,98567,41.0,48.0,1,1,2021,39464.36,39464.36,118000.0,1.6722186440677966,0.7375,0,0.0,8213.916666666666,0.1015349964998427,39464.36,39464.36,1.6722186440677966,1.6722186440677966,1.6722186440677966,39464.36,39464.36,39464.36,118000.0,160000.0,0.7375,0.1015349964998427,7.0,40.0,0.0,20000.0,0.982909080196366,10.583178604107738,11.678448377988165,11.982935344196433,9.90353755128617,98567.0,0.10153499649984275
5925.0,31,1,325000.0,1,215000.0,2200,5,0,1.0,0,0,6.0,0,0,21.0,70.0,0.0,5,0.0,104120,39.0,37.0,3,1,2021,76975.08,76975.08,215000.0,1.7901181395348835,0.6615384615384615,1,0.0,8676.666666666666,0.2535535920092202,76975.08,76975.08,1.7901181395348835,1.7901181395348835,1.7901181395348835,76975.08,76975.08,76975.08,215000.0,325000.0,0.6615384615384615,0.2535535920092202,21.0,70.0,0.0,0.0,1.026083938856109,11.251250003223667,12.278397958261774,12.691583538230216,0.0,104120.0,0.2535535920092202
5927.0,32,1,380000.0,1,56000.0,850,5,0,4.0,0,0,1.0,0,0,9.0,8.0,1.0,1,88000.0,123604,60.0,60.0,0,1,2021,15942.679999999998,15942.679999999998,56000.0,1.4234535714285712,0.1473684210526315,0,0.0,10300.333333333334,0.0825216012426782,15942.679999999998,15942.679999999998,1.4234535714285712,1.4234535714285712,1.4234535714285712,15942.679999999998,15942.679999999998,15942.679999999998,56000.0,380000.0,0.1473684210526315,0.0825216012426782,9.0,8.0,1.0,88000.0,0.8851936184670379,9.67681779144536,10.933124826700707,12.847929163278051,11.38510345703214,123604.0,0.08252160124267822
5929.0,45,1,138000.0,1,44000.0,1400,5,0,4.0,0,0,4.0,0,0,40.0,0.0,0.0,5,0.0,31212,69.0,68.0,0,1,2021,36171.2,36171.2,44000.0,4.110363636363637,0.3188405797101449,0,0.0,2601.0,0.5382545174932718,36171.2,36171.2,4.110363636363637,4.110363636363637,4.110363636363637,36171.2,36171.2,36171.2,44000.0,138000.0,0.3188405797101449,0.5382545174932718,40.0,0.0,0.0,0.0,1.6312705633987357,10.496046146983645,10.691967639914864,11.8350162104899,0.0,31212.0,0.5382545174932718
5951.0,22,1,380000.0,1,157000.0,1560,5,0,4.0,1,0,1.0,0,0,7.0,0.0,0.0,1,72000.0,153942,68.0,65.0,0,1,2021,6329.96,6329.96,157000.0,0.2015910828025477,0.4131578947368421,0,0.0,12828.5,0.1216042405581322,6329.96,6329.96,0.2015910828025477,0.2015910828025477,0.2015910828025477,6329.96,6329.96,6329.96,157000.0,380000.0,0.4131578947368421,0.1216042405581322,7.0,0.0,0.0,72000.0,0.1836465808971239,8.753207162406966,11.964007453736912,12.847929163278051,11.184435286790633,153942.0,0.12160424055813228
5955.0,24,1,425000.0,1,253000.0,1558,5,0,1.0,0,0,1.0,0,0,10.0,10.0,0.0,1,120000.0,222767,38.0,38.0,2,1,2021,17326.4,17326.4,253000.0,0.3424189723320158,0.5952941176470589,0,0.0,18563.916666666668,0.0839262547863911,17326.4,17326.4,0.3424189723320158,0.3424189723320158,0.3424189723320158,17326.4,17326.4,17326.4,253000.0,425000.0,0.5952941176470589,0.0839262547863911,10.0,10.0,0.0,120000.0,0.2944731897745678,9.760044342602496,12.441148720271016,12.959846800844964,11.695255355062796,222767.0,0.08392625478639115
5961.0,41,1,225000.0,1,112000.0,1026,5,0,1.0,0,0,1.0,0,0,14.0,28.0,0.0,1,34000.0,81050,40.0,39.0,2,1,2021,35854.0,35854.0,112000.0,1.600625,0.4977777777777777,0,0.0,6754.166666666667,0.1519062307217766,35854.0,35854.0,1.600625,1.600625,1.600625,35854.0,35854.0,35854.0,112000.0,225000.0,0.4977777777777777,0.1519062307217766,14.0,28.0,0.0,34000.0,0.9557518007550688,10.487238306316677,11.6262630788088,12.323860125621126,10.434145214930489,81050.0,0.15190623072177667
5962.0,26,1,380000.0,1,283000.0,1980,5,0,1.0,0,0,1.0,0,0,10.0,0.0,0.0,1,45000.0,150000,53.0,37.0,0,1,2021,9042.8,9042.8,283000.0,0.1597667844522968,0.7447368421052631,0,0.0,12500.0,0.1584,9042.8,9042.8,0.1597667844522968,0.1597667844522968,0.1597667844522968,9042.8,9042.8,9042.8,283000.0,380000.0,0.7447368421052631,0.1584,10.0,0.0,0.0,45000.0,0.1482189370194868,9.10983471904454,12.553205710188037,12.847929163278051,10.714439990727769,150000.0,0.1584
5967.0,35,1,91000.0,1,50000.0,566,5,0,1.0,0,0,1.0,0,0,2.0,20.0,0.0,1,36972.0,91272,33.0,27.0,1,1,2021,18375.76,18375.76,50000.0,1.837576,0.5494505494505495,0,0.0,7606.0,0.0744149355771759,18375.76,18375.76,1.837576,1.837576,1.837576,18375.76,18375.76,18375.76,50000.0,91000.0,0.5494505494505495,0.0744149355771759,2.0,20.0,0.0,36972.0,1.0429501665898016,9.81884210180713,10.819798284210286,11.418625774449598,10.517943195514292,91272.0,0.07441493557717592
5973.0,9,1,350000.0,1,112000.0,1228,5,0,4.0,0,0,5.0,0,0,10.0,0.0,0.0,5,0.0,39935,71.0,62.0,0,1,2021,9042.8,9042.8,112000.0,0.4036964285714286,0.32,0,0.0,3327.9166666666665,0.3689996243896332,9042.8,9042.8,0.4036964285714286,0.4036964285714286,0.4036964285714286,9042.8,9042.8,9042.8,112000.0,350000.0,0.32,0.3689996243896332,10.0,0.0,0.0,0.0,0.3391090632587097,9.10983471904454,11.6262630788088,12.765691290604371,0.0,39935.0,0.3689996243896332
5975.0,42,1,120000.0,1,74000.0,800,5,0,1.0,0,0,0.0,0,0,0.0,0.0,0.0,0,0.0,40000,38.0,0.0,0,1,2021,0.0,0.0,74000.0,,0.6166666666666667,0,0.0,3333.333333333333,0.24,0.0,0.0,,,,0.0,0.0,0.0,74000.0,120000.0,0.6166666666666667,0.24,0.0,0.0,0.0,0.0,,0.0,11.211833885608511,11.695255355062796,0.0,40000.0,0.24
5978.0,34,1,150000.0,1,90000.0,896,5,0,1.0,0,0,6.0,0,0,1.0,24.0,1.0,5,0.0,84000,33.0,32.0,4,1,2021,21962.2,21962.2,90000.0,1.220122222222222,0.6,1,0.0,7000.0,0.128,21962.2,21962.2,1.220122222222222,1.220122222222222,1.220122222222222,21962.2,21962.2,21962.2,90000.0,150000.0,0.6,0.128,1.0,24.0,1.0,0.0,0.7975622494237692,9.997123604497396,11.407576060361786,11.918397239722838,0.0,84000.0,0.128
5979.0,3,1,100000.0,1,36000.0,498,5,0,1.0,0,0,6.0,0,0,50.0,168.0,0.0,5,0.0,60000,27.0,23.0,2,1,2021,184378.48,184378.48,36000.0,25.60812222222222,0.36,1,0.0,5000.0,0.0996,184378.48,184378.48,25.60812222222222,22.38556666666665,22.38556666666665,146952.9672,146952.9672,146952.9672,36000.0,100000.0,0.36,0.0996,50.0,168.0,0.0,0.0,3.152119022941844,11.897874668420387,10.491301994830229,11.51293546492023,0.0,60000.0,0.0996
5981.0,39,1,250000.0,1,147000.0,1380,5,0,1.0,0,0,0.0,0,0,0.0,0.0,0.0,0,0.0,44635,56.0,0.0,0,1,2021,0.0,0.0,147000.0,,0.588,0,0.0,3719.5833333333335,0.3710092976363839,0.0,0.0,,,,0.0,0.0,0.0,147000.0,250000.0,0.588,0.3710092976363839,0.0,0.0,0.0,0.0,,0.0,11.898194668458824,12.429220196836384,0.0,44635.0,0.37100929763638396
5982.0,50,1,365000.0,1,364000.0,1800,5,0,1.0,0,0,1.0,0,0,5.0,0.0,0.0,1,42000.0,186400,29.0,30.0,0,1,2021,4521.400000000001,4521.400000000001,364000.0,0.0621071428571428,0.9972602739726028,0,0.0,15533.333333333334,0.1158798283261802,4521.400000000001,4521.400000000001,0.0621071428571428,0.0621071428571428,0.0621071428571428,4521.400000000001,4521.400000000001,4521.400000000001,364000.0,365000.0,0.9972602739726028,0.1158798283261802,5.0,0.0,0.0,42000.0,0.0602548055436661,8.416798105361082,12.804911893867851,12.807655372286902,10.645448706505872,186400.0,0.11587982832618025
5983.0,19,1,360000.0,1,250000.0,1700,5,0,2.0,0,0,1.0,0,0,2.0,1.0,1.0,1,20000.0,22800,60.0,60.0,0,1,2021,3814.2,3814.2,250000.0,0.0762839999999999,0.6944444444444444,0,0.0,1900.0,0.8947368421052632,3814.2,3814.2,0.0762839999999999,0.0762839999999999,0.0762839999999999,3814.2,3814.2,3814.2,250000.0,360000.0,0.6944444444444444,0.8947368421052632,2.0,1.0,1.0,20000.0,0.0735143674338674,8.246748366984015,12.429220196836384,12.793862088206213,9.90353755128617,22800.0,0.8947368421052632
5987.0,1,1,220000.0,1,72000.0,1200,5,0,1.0,0,0,1.0,0,0,3.0,3.0,1.0,1,80000.0,160500,44.0,43.0,2,1,2021,6375.200000000001,6375.200000000001,72000.0,0.4427222222222223,0.3272727272727272,0,0.0,13375.0,0.0897196261682242,6375.200000000001,6375.200000000001,0.4427222222222223,0.4427222222222223,0.4427222222222223,6375.200000000001,6375.200000000001,6375.200000000001,72000.0,220000.0,0.3272727272727272,0.0897196261682242,3.0,3.0,1.0,80000.0,0.3665317610686935,8.760327587606705,11.184435286790633,12.301387370778713,11.289794413577894,160500.0,0.08971962616822429
5991.0,14,1,250000.0,1,182228.0,844,5,0,1.0,0,0,1.0,0,0,12.0,0.0,0.0,1,160000.0,338309,34.0,32.0,0,1,2021,10851.36,10851.36,182228.0,0.2977412911297935,0.728912,0,0.0,28192.416666666668,0.0299371284831322,10851.36,10851.36,0.2977412911297935,0.2977412911297935,0.2977412911297935,10851.36,10851.36,10851.36,182228.0,250000.0,0.728912,0.0299371284831322,12.0,0.0,0.0,160000.0,0.260625284957004,9.29213784683714,12.113019416894392,12.429220196836384,11.982935344196433,338309.0,0.029937128483132285
5992.0,1,1,106000.0,1,35000.0,780,5,0,1.0,0,0,1.0,0,0,25.0,30.0,0.0,1,40000.0,142800,41.0,46.0,2,1,2021,47457.8,47457.8,35000.0,6.779685714285714,0.330188679245283,0,0.0,11900.0,0.0655462184873949,47457.8,47457.8,6.779685714285714,6.779685714285714,6.779685714285714,47457.8,47457.8,47457.8,35000.0,106000.0,0.330188679245283,0.0655462184873949,25.0,30.0,0.0,40000.0,2.051515940752961,10.767617245220034,10.463131911491969,11.571203807011967,10.59665973278358,142800.0,0.06554621848739496
5997.0,32,1,210000.0,1,142701.0,1416,5,0,1.0,0,0,1.0,0,0,10.0,10.0,0.0,1,80000.0,132000,44.0,47.0,2,1,2021,17326.4,17326.4,142701.0,0.6070875466885306,0.6795285714285715,0,0.0,11000.0,0.1287272727272727,17326.4,17326.4,0.6070875466885306,0.6070875466885306,0.6070875466885306,17326.4,17326.4,17326.4,142701.0,210000.0,0.6795285714285715,0.1287272727272727,10.0,10.0,0.0,80000.0,0.4744235636090894,9.760044342602496,11.868513818783672,12.25486757159303,11.289794413577894,132000.0,0.12872727272727272
5999.0,19,1,397000.0,1,257000.0,1134,5,0,1.0,0,0,1.0,0,0,2.0,0.0,0.0,1,54000.0,150150,55.0,58.0,0,1,2021,1808.56,1808.56,257000.0,0.0351859922178988,0.6473551637279596,0,0.0,12512.5,0.0906293706293706,1808.56,1808.56,0.0351859922178988,0.0351859922178988,0.0351859922178988,1808.56,1808.56,1808.56,257000.0,397000.0,0.6473551637279596,0.0906293706293706,2.0,0.0,0.0,54000.0,0.0345811131987388,7.500839000785103,12.456835254920373,12.891694078557842,10.896757843893464,150150.0,0.09062937062937063
6004.0,14,1,179000.0,1,75500.0,1025,5,0,1.0,0,0,1.0,0,0,14.0,25.0,0.0,1,91000.0,221980,44.0,44.0,3,1,2021,33368.92,33368.92,75500.0,2.209862251655629,0.4217877094972067,0,0.0,18498.33333333333,0.055410397333093,33368.92,33368.92,2.209862251655629,2.209862251655629,2.209862251655629,33368.92,33368.92,33368.92,75500.0,179000.0,0.4217877094972067,0.055410397333093,14.0,25.0,0.0,91000.0,1.166228023964354,10.415410174379645,11.231901180182517,12.095146671399466,11.418625774449598,221980.0,0.055410397333093074
6007.0,5,1,550000.0,1,283000.0,1700,5,0,1.0,0,0,1.0,0,0,20.0,0.0,0.0,1,64000.0,180734,48.0,46.0,1,1,2021,18085.6,18085.6,283000.0,0.3195335689045936,0.5145454545454545,0,0.0,15061.166666666666,0.1128730620691181,18085.6,18085.6,0.3195335689045936,0.3195335689045936,0.3195335689045936,18085.6,18085.6,18085.6,283000.0,550000.0,0.5145454545454545,0.1128730620691181,20.0,0.0,0.0,64000.0,0.2772783172625633,9.802926611581514,12.553205710188037,13.21767537538882,11.06665398721974,180734.0,0.11287306206911815
6008.0,21,1,200000.0,1,170000.0,1250,5,0,1.0,0,0,0.0,0,0,0.0,0.0,0.0,0,0.0,100000,35.0,0.0,0,1,2021,0.0,0.0,170000.0,,0.85,0,0.0,8333.333333333334,0.15,0.0,0.0,,,,0.0,0.0,0.0,170000.0,200000.0,0.85,0.15,0.0,0.0,0.0,0.0,,0.0,12.04355959836804,12.206077645517674,0.0,100000.0,0.15
6012.0,13,1,192000.0,1,138000.0,875,5,0,1.0,0,0,0.0,0,0,0.0,0.0,0.0,0,0.0,52025,41.0,0.0,1,1,2021,0.0,0.0,138000.0,,0.71875,0,0.0,4335.416666666667,0.201826045170591,0.0,0.0,,,,0.0,0.0,0.0,138000.0,192000.0,0.71875,0.201826045170591,0.0,0.0,0.0,0.0,,0.0,11.8350162104899,12.165255859329688,0.0,52025.0,0.20182604517059105
6014.0,2,1,847000.0,1,256000.0,2046,5,0,1.0,0,0,4.0,0,0,12.0,0.0,0.0,5,0.0,208913,72.0,72.0,0,1,2021,10851.36,10851.36,256000.0,0.211940625,0.3022432113341204,0,0.0,17409.416666666668,0.1175226051035598,10851.36,10851.36,0.211940625,0.211940625,0.211940625,10851.36,10851.36,10851.36,256000.0,847000.0,0.3022432113341204,0.1175226051035598,12.0,0.0,0.0,0.0,0.1922228971731816,9.29213784683714,12.45293662970407,13.64945715427104,0.0,208913.0,0.11752260510355984
6019.0,32,1,250000.0,1,120000.0,950,5,0,1.0,0,0,4.0,0,0,10.0,0.0,0.0,5,0.0,62400,48.0,50.0,0,1,2021,9042.8,9042.8,120000.0,0.3767833333333333,0.48,0,0.0,5200.0,0.1826923076923076,9042.8,9042.8,0.3767833333333333,0.3767833333333333,0.3767833333333333,9042.8,9042.8,9042.8,120000.0,250000.0,0.48,0.1826923076923076,10.0,0.0,0.0,0.0,0.3197498604768242,9.10983471904454,11.695255355062796,12.429220196836384,0.0,62400.0,0.18269230769230768
6020.0,46,1,699000.0,1,565000.0,3250,5,0,1.0,7,0,1.0,0,0,10.0,20.0,,1,163500.0,161469,37.0,32.0,1,1,2021,25610.0,25610.0,565000.0,0.2266371681415929,0.8082975679542204,0,0.0,13455.75,0.2415324303736321,25610.0,25610.0,0.2266371681415929,0.2266371681415929,0.2266371681415929,25610.0,25610.0,25610.0,565000.0,699000.0,0.8082975679542204,0.2415324303736321,10.0,20.0,,163500.0,0.204276415512921,10.150777225678416,13.244582780038517,13.457407451830088,12.004574385508691,161469.0,0.2415324303736321
6034.0,20,1,580000.0,1,350000.0,2248,5,0,1.0,0,0,7.0,0,0,10.0,,,1,130000.0,220150,38.0,38.0,0,1,2021,9042.8,9042.8,350000.0,0.1291828571428571,0.603448275862069,0,0.0,18345.83333333333,0.1225346354758119,9042.8,9042.8,0.1291828571428571,0.1291828571428571,0.1291828571428571,9042.8,9042.8,9042.8,350000.0,580000.0,0.603448275862069,0.1225346354758119,10.0,,,130000.0,0.1214942358640138,9.10983471904454,12.765691290604371,13.270785106659046,11.775297421715829,220150.0,0.12253463547581195
6047.0,3,1,290000.0,1,225000.0,1400,5,0,1.0,0,0,1.0,0,0,3.0,40.0,0.0,1,75000.0,132000,27.0,28.0,1,1,2021,35847.24,35847.24,225000.0,0.7966053333333333,0.7758620689655172,0,0.0,11000.0,0.1272727272727272,35847.24,35847.24,0.7966053333333333,0.7966053333333333,0.7966053333333333,35847.24,35847.24,35847.24,225000.0,290000.0,0.7758620689655172,0.1272727272727272,3.0,40.0,0.0,75000.0,0.5858989583788253,10.487049751377734,12.323860125621126,12.577639650232571,11.225256725762891,132000.0,0.12727272727272726
6048.0,5,1,420000.0,1,343000.0,1855,5,0,1.0,0,0,1.0,0,0,20.0,35.0,,1,67000.0,111510,43.0,43.0,2,1,2021,47078.2,47078.2,343000.0,0.686271137026239,0.8166666666666667,0,0.0,9292.5,0.199623352165725,47078.2,47078.2,0.686271137026239,0.686271137026239,0.686271137026239,47078.2,47078.2,47078.2,343000.0,420000.0,0.8166666666666667,0.199623352165725,20.0,35.0,,67000.0,0.5225196633915793,10.7595865688764,12.745488641595722,12.948012371209098,11.112462823634855,111510.0,0.19962335216572505
6051.0,43,1,900000.0,1,480000.0,2700,5,0,1.0,0,0,1.0,0,0,7.0,25.0,0.0,1,130000.0,245000,41.0,38.0,2,1,2021,27038.96,27038.96,480000.0,0.2816558333333333,0.5333333333333333,0,0.0,20416.666666666668,0.1322448979591836,27038.96,27038.96,0.2816558333333333,0.2816558333333333,0.2816558333333333,27038.96,27038.96,27038.96,480000.0,900000.0,0.5333333333333333,0.1322448979591836,7.0,25.0,0.0,130000.0,0.2481528617180139,10.205071050865865,13.081543466215235,13.71015115341694,11.775297421715829,245000.0,0.13224489795918368
6052.0,13,1,100000.0,1,50000.0,430,5,0,1.0,0,0,6.0,0,0,35.0,0.0,0.0,5,0.0,76664,32.0,32.0,0,1,2021,31649.8,31649.8,50000.0,3.16498,0.5,1,0.0,6388.666666666667,0.0673066889283105,31649.8,31649.8,3.16498,3.16498,3.16498,31649.8,31649.8,31649.8,50000.0,100000.0,0.5,0.0673066889283105,35.0,0.0,0.0,0.0,1.4267114736865083,10.362518703714173,10.819798284210286,11.51293546492023,0.0,76664.0,0.06730668892831054
6057.0,13,1,775000.0,1,295000.0,1185,5,0,1.0,0,0,1.0,0,0,10.0,0.0,4.0,1,76820.0,224383,58.0,57.0,0,1,2021,13751.920000000002,13751.920000000002,295000.0,0.2330833898305085,0.3806451612903225,0,0.0,18698.58333333333,0.0633737850015375,13751.920000000002,13751.920000000002,0.2330833898305085,0.2330833898305085,0.2330833898305085,13751.920000000002,13751.920000000002,13751.920000000002,295000.0,775000.0,0.3806451612903225,0.0633737850015375,10.0,0.0,4.0,76820.0,0.2095178535502036,9.529006444185116,12.59473402514672,13.560619598657231,11.249233319258543,224383.0,0.06337378500153755
6058.0,14,1,40000.0,1,16000.0,800,5,0,1.0,0,0,0.0,0,0,0.0,0.0,0.0,0,0.0,79696,31.0,0.0,0,1,2021,0.0,0.0,16000.0,,0.4,0,0.0,6641.333333333333,0.120457739409757,0.0,0.0,,,,0.0,0.0,0.0,16000.0,50000.0,0.4,0.120457739409757,0.0,0.0,0.0,0.0,,0.0,9.680406499268877,10.819798284210286,0.0,79696.0,0.12045773940975708
6059.0,21,1,45000.0,1,54000.0,675,5,0,1.0,4,0,2.0,0,0,4.0,2.0,0.0,1,6430.0,136021,67.0,67.0,0,1,2021,5273.84,5273.84,54000.0,0.4883185185185185,1.2,0,0.0,11335.083333333334,0.0595496283662081,5273.84,5273.84,0.4883185185185185,0.4883185185185185,0.4883185185185185,5273.84,5273.84,5273.84,54000.0,50000.0,1.0,0.0595496283662081,4.0,2.0,0.0,6430.0,0.3976469716478901,8.570703626130696,10.896757843893464,10.819798284210286,8.768885326134862,136021.0,0.059549628366208154
6062.0,45,1,85000.0,1,55000.0,477,5,0,1.0,0,0,0.0,0,0,0.0,0.0,0.0,0,0.0,67716,39.0,0.0,0,1,2021,0.0,0.0,55000.0,,0.6470588235294118,0,0.0,5643.0,0.0845295055821371,0.0,0.0,,,,0.0,0.0,0.0,55000.0,85000.0,0.6470588235294118,0.0845295055821371,0.0,0.0,0.0,0.0,,0.0,10.915106645867503,11.350418300109132,0.0,67716.0,0.08452950558213716
6065.0,41,1,165000.0,1,104000.0,1030,5,0,1.0,0,0,0.0,0,0,0.0,0.0,0.0,0,0.0,103532,59.0,0.0,1,1,2021,0.0,0.0,104000.0,,0.6303030303030303,0,0.0,8627.666666666666,0.1193833790518873,0.0,0.0,,,,0.0,0.0,0.0,104000.0,165000.0,0.6303030303030303,0.1193833790518873,0.0,0.0,0.0,0.0,,0.0,11.552155793461898,12.013706813470414,0.0,103532.0,0.11938337905188735
6067.0,45,1,175000.0,1,143000.0,1075,5,0,1.0,0,0,1.0,6,0,10.0,0.0,0.0,1,39000.0,93800,33.0,31.0,0,1,2021,9042.8,9042.8,143000.0,0.3161818181818182,0.8171428571428572,0,0.0,7816.666666666667,0.1375266524520255,9042.8,9042.8,0.3161818181818182,0.3161818181818182,0.3161818181818182,9042.8,9042.8,9042.8,143000.0,175000.0,0.8171428571428572,0.1375266524520255,10.0,0.0,0.0,39000.0,0.2747349830725791,9.10983471904454,11.870606902224589,12.07254696717504,10.5713425658087,93800.0,0.13752665245202558
6068.0,32,1,400000.0,1,185000.0,1450,5,0,1.0,0,0,0.0,0,0,0.0,0.0,0.0,0,0.0,50000,30.0,0.0,0,1,2021,0.0,0.0,185000.0,,0.4625,0,0.0,4166.666666666667,0.348,0.0,0.0,,,,0.0,0.0,0.0,185000.0,400000.0,0.4625,0.348,0.0,0.0,0.0,0.0,,0.0,12.128116509451258,12.899222326086994,0.0,50000.0,0.348
6070.0,36,1,275000.0,1,100000.0,1000,1,5,1.0,0,0,1.0,0,0,12.0,15.0,0.0,1,6000.0,79000,49.0,50.0,2,1,2021,23276.76,23276.76,100000.0,1.163838,0.3636363636363636,0,1.0,6583.333333333333,0.1518987341772152,23276.76,23276.76,1.163838,1.163838,1.163838,23276.76,23276.76,23276.76,100000.0,275000.0,0.3636363636363636,0.1518987341772152,12.0,15.0,0.0,6000.0,0.7718834968141457,10.055253677284668,11.51293546492023,12.524530013005734,8.699681400989514,79000.0,0.1518987341772152
6073.0,13,1,450000.0,1,335000.0,1963,5,0,1.0,0,0,1.0,0,0,10.0,50.0,0.0,1,70000.0,146000,33.0,34.0,3,1,2021,50460.8,50460.8,335000.0,0.7531462686567163,0.7444444444444445,0,0.0,12166.666666666666,0.1613424657534246,50460.8,50460.8,0.7531462686567163,0.7531462686567163,0.7531462686567163,50460.8,50460.8,50460.8,335000.0,450000.0,0.7444444444444445,0.1613424657534246,10.0,50.0,0.0,70000.0,0.5614120415094321,10.828971893378087,12.721888795877376,13.017005083966255,11.156264806643742,146000.0,0.16134246575342467
6075.0,9,1,725000.0,1,110000.0,3000,5,0,1.0,0,0,4.0,6,0,20.0,0.0,0.0,1,4800.0,157510,70.0,71.0,0,1,2021,18085.6,18085.6,110000.0,0.8220727272727274,0.1517241379310344,0,0.0,13125.833333333334,0.2285569170211415,18085.6,18085.6,0.8220727272727274,0.8220727272727274,0.8220727272727274,18085.6,18085.6,18085.6,110000.0,725000.0,0.1517241379310344,0.2285569170211415,20.0,0.0,0.0,4800.0,0.5999747142171676,9.802926611581514,11.60824473564232,13.493928313146206,8.476579508530941,157510.0,0.2285569170211415
6081.0,34,1,90000.0,1,57000.0,566,1,5,1.0,0,0,5.0,0,0,12.0,0.0,6.0,1,600.0,68887,52.0,50.0,0,1,2021,17915.04,17915.04,57000.0,1.5714947368421053,0.6333333333333333,0,1.0,5740.583333333333,0.0985962518327115,17915.04,17915.04,1.5714947368421053,1.5714947368421053,1.5714947368421053,17915.04,17915.04,17915.04,57000.0,90000.0,0.6333333333333333,0.0985962518327115,12.0,0.0,6.0,600.0,0.9444873395039672,9.793451679965912,10.950824090522444,11.407576060361786,6.398594934535208,68887.0,0.09859625183271155
6082.0,37,1,200000.0,1,100000.0,900,5,0,1.0,0,0,6.0,0,0,35.0,0.0,0.0,5,0.0,81846,59.0,54.0,0,1,2021,31649.8,31649.8,100000.0,1.58249,0.5,1,0.0,6820.5,0.1319551352540136,31649.8,31649.8,1.58249,1.58249,1.58249,31649.8,31649.8,31649.8,100000.0,200000.0,0.5,0.1319551352540136,35.0,0.0,0.0,0.0,0.9487540497873154,10.362518703714173,11.51293546492023,12.206077645517674,0.0,81846.0,0.13195513525401364
6084.0,9,1,320000.0,1,285314.0,2000,5,0,1.0,0,0,1.0,0,0,10.0,0.0,0.0,1,30160.0,158466,33.0,33.0,0,1,2021,9042.8,9042.8,285314.0,0.1584710178960724,0.89160625,0,0.0,13205.5,0.1514520464957783,9042.8,9042.8,0.1584710178960724,0.1584710178960724,0.1584710178960724,9042.8,9042.8,9042.8,285314.0,320000.0,0.89160625,0.1514520464957783,10.0,0.0,0.0,30160.0,0.1471010476555461,9.10983471904454,12.561349112055051,12.676079399771028,10.314304978070902,158466.0,0.1514520464957783
6085.0,35,1,225000.0,1,27000.0,924,5,0,1.0,0,0,1.0,0,0,7.0,10.0,2.0,1,39000.0,94000,49.0,46.0,2,1,2021,16968.120000000003,16968.120000000003,27000.0,3.142244444444445,0.12,0,0.0,7833.333333333333,0.1179574468085106,16968.120000000003,16968.120000000003,3.142244444444445,3.142244444444445,3.142244444444445,16968.120000000003,16968.120000000003,16968.120000000003,27000.0,225000.0,0.12,0.1179574468085106,7.0,10.0,2.0,39000.0,1.4212377772736478,9.739150500666838,10.203629181337648,12.323860125621126,10.5713425658087,94000.0,0.11795744680851064
6086.0,12,1,180000.0,1,25000.0,875,5,0,4.0,0,0,1.0,0,0,14.0,0.0,0.0,5,0.0,107900,65.0,66.0,0,1,2021,12659.92,12659.92,25000.0,2.531984,0.1388888888888889,0,0.0,8991.666666666666,0.0973123262279888,12659.92,12659.92,2.531984,2.531984,2.531984,12659.92,12659.92,12659.92,25000.0,180000.0,0.1388888888888889,0.0973123262279888,14.0,0.0,0.0,0.0,1.261859752720128,9.446275362884068,10.12667110305036,12.100717685412471,0.0,107900.0,0.09731232622798888
6090.0,13,1,220000.0,1,80000.0,795,5,0,1.0,0,0,6.0,6,0,20.0,95.0,0.0,1,2620.0,59372,35.0,36.0,3,1,2021,96779.8,96779.8,80000.0,6.0487375,0.3636363636363636,1,0.0,4947.666666666667,0.1606818028700397,96779.8,96779.8,6.0487375,6.0487375,6.0487375,96779.8,96779.8,96779.8,80000.0,220000.0,0.3636363636363636,0.1606818028700397,20.0,95.0,0.0,2620.0,1.9528485227736108,11.480203906483842,11.289794413577894,12.301387370778713,7.8713112033234065,59372.0,0.16068180287003975
6091.0,24,1,250000.0,1,147787.0,807,5,0,1.0,0,0,1.0,0,0,18.0,80.0,0.0,1,56651.0,90059,33.0,30.0,2,1,2021,82545.84,82545.84,147787.0,2.792730077747028,0.591148,0,0.0,7504.916666666667,0.1075295084333603,82545.84,82545.84,2.792730077747028,2.792730077747028,2.792730077747028,82545.84,82545.84,82545.84,147787.0,250000.0,0.591148,0.1075295084333603,18.0,80.0,0.0,56651.0,1.3330860969124825,11.321121168785178,11.903534093401712,12.429220196836384,10.944682570334288,90059.0,0.10752950843336034
6092.0,4,1,775000.0,1,397886.0,2604,5,0,1.0,0,0,1.0,0,0,10.0,0.0,0.0,1,12000.0,140700,50.0,50.0,2,1,2021,9042.8,9042.8,397886.0,0.1136355639555048,0.5134012903225806,0,0.0,11725.0,0.2220895522388059,9042.8,9042.8,0.1136355639555048,0.1136355639555048,0.1136355639555048,9042.8,9042.8,9042.8,397886.0,775000.0,0.5134012903225806,0.2220895522388059,10.0,0.0,0.0,12000.0,0.1076299461113364,9.10983471904454,12.893923324355786,13.560619598657231,9.39274525863144,140700.0,0.22208955223880597
6097.0,13,1,260000.0,1,180000.0,1200,5,0,1.0,0,0,1.0,0,0,15.0,35.0,0.0,1,83000.0,145740,43.0,38.0,3,1,2021,42556.8,42556.8,180000.0,1.1821333333333333,0.6923076923076923,0,0.0,12145.0,0.0988060930424042,42556.8,42556.8,1.1821333333333333,1.1821333333333333,1.1821333333333333,42556.8,42556.8,42556.8,180000.0,260000.0,0.6923076923076923,0.0988060930424042,15.0,35.0,0.0,83000.0,0.7803029915629252,10.658618430950138,12.100717685412471,12.468440756144114,11.326607934898927,145740.0,0.09880609304240429
6101.0,4,1,300000.0,1,268000.0,1700,5,0,1.0,0,0,0.0,0,0,0.0,0.0,0.0,0,0.0,73904,35.0,0.0,0,1,2021,0.0,0.0,268000.0,,0.8933333333333333,0,0.0,6158.666666666667,0.2760337735440571,0.0,0.0,,,,0.0,0.0,0.0,268000.0,300000.0,0.8933333333333333,0.2760337735440571,0.0,0.0,0.0,0.0,,0.0,12.498745990829317,12.611541086966117,0.0,73904.0,0.2760337735440571
6102.0,39,1,425000.0,1,384000.0,2134,5,0,1.0,0,0,1.0,0,0,14.0,21.0,0.0,1,7200.0,72484,47.0,43.0,2,1,2021,30055.48,30055.48,384000.0,0.3913473958333333,0.903529411764706,0,0.0,6040.333333333333,0.3532917609403455,30055.48,30055.48,0.3913473958333333,0.3913473958333333,0.3913473958333333,30055.48,30055.48,30055.48,384000.0,425000.0,0.903529411764706,0.3532917609403455,14.0,21.0,0.0,7200.0,0.3302726271471298,10.310833557315265,12.85840043573314,12.959846800844964,8.881975184248867,72484.0,0.3532917609403455
6108.0,32,1,350000.0,1,150000.0,1100,5,0,1.0,0,0,1.0,0,0,8.0,,0.0,1,10000.0,89285,41.0,39.0,2,1,2021,7234.24,7234.24,150000.0,0.2411413333333333,0.4285714285714285,0,0.0,7440.416666666667,0.1478411827294618,7234.24,7234.24,0.2411413333333333,0.2411413333333333,0.2411413333333333,7234.24,7234.24,7234.24,150000.0,350000.0,0.4285714285714285,0.1478411827294618,8.0,,0.0,10000.0,0.2160313863884285,8.88671881059557,11.918397239722838,12.765691290604371,9.210440366976515,89285.0,0.14784118272946184
6113.0,4,1,800000.0,1,301000.0,2692,5,0,4.0,0,0,4.0,0,0,3.0,3.0,1.0,5,0.0,127782,73.0,71.0,0,1,2021,6375.200000000001,6375.200000000001,301000.0,0.1059003322259136,0.37625,0,0.0,10648.5,0.2528055594684697,6375.200000000001,6375.200000000001,0.1059003322259136,0.1059003322259136,0.1059003322259136,6375.200000000001,6375.200000000001,6375.200000000001,301000.0,800000.0,0.37625,0.2528055594684697,3.0,3.0,1.0,0.0,0.1006597835113878,8.760327587606705,12.614868865984633,13.592368256649284,0.0,127782.0,0.2528055594684697
6116.0,45,1,900000.0,1,595000.0,4000,5,0,1.0,0,0,6.0,0,0,35.0,55.0,0.0,5,0.0,220000,34.0,34.0,3,1,2021,77209.59999999999,77209.59999999999,595000.0,0.6488201680672269,0.6611111111111111,1,0.0,18333.33333333333,0.2181818181818182,77209.59999999999,77209.59999999999,0.6488201680672269,0.6488201680672269,0.6488201680672269,77209.59999999999,77209.59999999999,77209.59999999999,595000.0,900000.0,0.6611111111111111,0.2181818181818182,35.0,55.0,0.0,0.0,0.5000599824863249,11.254292032286784,13.296318365198625,13.71015115341694,0.0,220000.0,0.2181818181818182
6125.0,36,1,700000.0,1,120000.0,1800,5,0,1.0,0,0,4.0,6,0,20.0,20.0,0.0,5,0.0,442600,62.0,56.0,0,1,2021,34652.8,34652.8,120000.0,1.4438666666666669,0.1714285714285714,0,0.0,36883.333333333336,0.0488025305015815,34652.8,34652.8,1.4438666666666669,1.4438666666666669,1.4438666666666669,34652.8,34652.8,34652.8,120000.0,700000.0,0.1714285714285714,0.0488025305015815,20.0,20.0,0.0,0.0,0.8935814844474461,10.45316266671461,11.695255355062796,13.45883704259595,0.0,442600.0,0.04880253050158156
6126.0,19,1,598000.0,1,450000.0,2700,5,0,1.0,0,0,1.0,0,0,12.0,1.0,0.0,1,120000.0,190000,45.0,43.0,3,1,2021,11679.72,11679.72,450000.0,0.1297746666666666,0.7525083612040134,0,0.0,15833.333333333334,0.1705263157894736,11679.72,11679.72,0.1297746666666666,0.1297746666666666,0.1297746666666666,11679.72,11679.72,11679.72,450000.0,598000.0,0.7525083612040134,0.1705263157894736,12.0,1.0,0.0,120000.0,0.1220182028099271,9.365694898317932,13.017005083966255,13.301347705172171,11.695255355062796,190000.0,0.17052631578947366
6132.0,34,1,150000.0,1,65000.0,440,5,0,1.0,0,0,1.0,0,0,2.0,22.0,0.0,1,15600.0,66106,47.0,44.0,2,1,2021,20032.48,20032.48,65000.0,1.54096,0.4333333333333333,0,0.0,5508.833333333333,0.0798717211750824,20032.48,20032.48,1.54096,1.54096,1.54096,20032.48,20032.48,20032.48,65000.0,150000.0,0.4333333333333333,0.0798717211750824,2.0,22.0,0.0,15600.0,0.9325419623801996,9.905160152959835,11.082157933374816,11.918397239722838,9.65509029374725,66106.0,0.07987172117508244
6133.0,16,1,500000.0,1,218250.0,2249,5,0,1.0,0,0,1.0,4,6,7.0,0.0,0.0,1,2800.0,214612,60.0,65.0,0,1,2021,6329.96,6329.96,218250.0,0.1450162657502863,0.4365,0,0.0,17884.333333333332,0.1257525208282854,6329.96,6329.96,0.1450162657502863,0.1450162657502863,0.1450162657502863,6329.96,6329.96,6329.96,218250.0,500000.0,0.4365,0.1257525208282854,7.0,0.0,0.0,2800.0,0.1354188428007467,8.753207162406966,12.293401055592842,13.122365377402328,7.937731775260109,214612.0,0.12575252082828547
6134.0,31,1,140000.0,1,91000.0,1014,5,0,1.0,0,0,0.0,0,0,0.0,0.0,0.0,0,0.0,69493,38.0,0.0,2,1,2021,0.0,0.0,91000.0,,0.65,0,0.0,5791.083333333333,0.1750967723367821,0.0,0.0,,,,0.0,0.0,0.0,91000.0,140000.0,0.65,0.1750967723367821,0.0,0.0,0.0,0.0,,0.0,11.418625774449598,11.849404844423074,0.0,69493.0,0.17509677233678214
6136.0,21,1,350000.0,1,295000.0,1800,5,0,1.0,7,0,1.0,0,0,60.0,0.0,0.0,1,62000.0,365026,25.0,26.0,0,1,2021,54256.8,54256.8,295000.0,0.919606779661017,0.8428571428571429,0,0.0,30418.83333333333,0.0591738670670034,54256.8,54256.8,0.919606779661017,0.919606779661017,0.919606779661017,54256.8,54256.8,54256.8,295000.0,350000.0,0.8428571428571429,0.0591738670670034,50.0,0.0,0.0,62000.0,0.6521203628049566,10.901502039869367,12.59473402514672,12.765691290604371,11.034905792929417,365026.0,0.05917386706700345
6143.0,34,1,50000.0,1,38000.0,350,5,0,1.0,0,0,1.0,0,0,10.0,15.0,0.0,1,33000.0,104036,61.0,44.0,2,1,2021,21468.2,21468.2,38000.0,2.8247631578947368,0.76,0,0.0,8669.666666666666,0.040370640931985,21468.2,21468.2,2.8247631578947368,2.8247631578947368,2.8247631578947368,21468.2,21468.2,21468.2,38000.0,50000.0,0.76,0.040370640931985,10.0,15.0,0.0,33000.0,1.3414965458567636,9.974374628883778,10.545367754151744,10.819798284210286,10.404293143019792,104036.0,0.040370640931985086
6155.0,4,1,130000.0,1,55000.0,850,5,0,3.0,0,0,0.0,0,0,0.0,0.0,0.0,0,0.0,80854,62.0,0.0,0,1,2021,0.0,0.0,55000.0,,0.4230769230769231,0,0.0,6737.833333333333,0.126153313379672,0.0,0.0,,,,0.0,0.0,0.0,55000.0,130000.0,0.4230769230769231,0.126153313379672,0.0,0.0,0.0,0.0,,0.0,10.915106645867503,11.775297421715829,0.0,80854.0,0.126153313379672
6158.0,39,1,300000.0,1,191000.0,1123,5,0,1.0,0,0,1.0,0,0,4.0,10.0,0.0,1,48000.0,180066,46.0,41.0,1,1,2021,11900.72,11900.72,191000.0,0.3115371727748691,0.6366666666666667,0,0.0,15005.5,0.0748392256172736,11900.72,11900.72,0.3115371727748691,0.3115371727748691,0.3115371727748691,11900.72,11900.72,11900.72,191000.0,300000.0,0.6366666666666667,0.0748392256172736,4.0,10.0,0.0,48000.0,0.2711998636325091,9.384438206470165,12.160033942617156,12.611541086966117,10.778977123006351,180066.0,0.07483922561727367
6160.0,13,1,250000.0,1,60000.0,1100,5,0,3.0,0,0,0.0,0,0,0.0,0.0,0.0,0,0.0,7000,36.0,0.0,0,1,2021,0.0,0.0,60000.0,,0.24,0,0.0,583.3333333333334,1.8857142857142857,0.0,0.0,,,,0.0,0.0,0.0,60000.0,250000.0,0.24,1.8857142857142857,0.0,0.0,0.0,0.0,,0.0,11.002116507732016,12.429220196836384,0.0,7000.0,1.8857142857142857
6163.0,42,1,120000.0,1,82000.0,1000,5,0,1.0,0,0,0.0,0,0,0.0,0.0,0.0,0,0.0,53000,46.0,0.0,0,1,2021,0.0,0.0,82000.0,,0.6833333333333333,0,0.0,4416.666666666667,0.2264150943396226,0.0,0.0,,,,0.0,0.0,0.0,82000.0,120000.0,0.6833333333333333,0.2264150943396226,0.0,0.0,0.0,0.0,,0.0,11.31448672129398,11.695255355062796,0.0,53000.0,0.22641509433962262
6170.0,45,1,600000.0,1,445000.0,2600,5,0,1.0,0,0,1.0,0,0,,,,1,67000.0,140100,46.0,46.0,2,1,2021,0.0,0.0,445000.0,,0.7416666666666667,0,0.0,11675.0,0.2226980728051391,0.0,0.0,,,,0.0,0.0,0.0,445000.0,600000.0,0.7416666666666667,0.2226980728051391,,,,67000.0,,0.0,13.005831808336865,13.304686600863562,11.112462823634855,140100.0,0.22269807280513917
6173.0,9,1,265000.0,1,205427.0,1489,5,0,1.0,0,0,0.0,0,0,0.0,0.0,0.0,0,0.0,151024,35.0,0.0,1,1,2021,0.0,0.0,205427.0,,0.7751962264150943,0,0.0,12585.333333333334,0.1183123212204682,0.0,0.0,,,,0.0,0.0,0.0,205427.0,265000.0,0.7751962264150943,0.1183123212204682,0.0,0.0,0.0,0.0,,0.0,12.232850886562778,12.487488878546143,0.0,151024.0,0.11831232122046827
6176.0,48,1,165000.0,1,105000.0,800,5,0,1.0,0,0,1.0,0,0,6.0,40.0,0.0,1,75000.0,221250,38.0,41.0,2,1,2021,38560.08,38560.08,105000.0,1.836194285714286,0.6363636363636364,0,0.0,18437.5,0.0433898305084745,38560.08,38560.08,1.836194285714286,1.836194285714286,1.836194285714286,38560.08,38560.08,38560.08,105000.0,165000.0,0.6363636363636364,0.0433898305084745,6.0,40.0,0.0,75000.0,1.0424631132748277,10.559998756631012,11.561725152903833,12.013706813470414,11.225256725762891,221250.0,0.04338983050847458
6178.0,34,1,350000.0,1,260000.0,2000,5,0,1.0,0,0,1.0,0,0,30.0,40.0,0.0,1,45000.0,135000,31.0,30.0,2,1,2021,60262.8,60262.8,260000.0,1.1589,0.7428571428571429,0,0.0,11250.0,0.1777777777777777,60262.8,60262.8,1.1589,1.1589,1.1589,60262.8,60262.8,60262.8,260000.0,350000.0,0.7428571428571429,0.1777777777777777,30.0,40.0,0.0,45000.0,0.7695988327202764,11.006486870769107,12.468440756144114,12.765691290604371,10.714439990727769,135000.0,0.17777777777777778
6182.0,12,1,315000.0,1,170000.0,1715,5,0,1.0,4,0,1.0,0,0,8.0,0.0,0.0,1,30000.0,137880,67.0,66.0,0,1,2021,7234.24,7234.24,170000.0,0.2127717647058823,0.5396825396825397,0,0.0,11490.0,0.1492602262837249,7234.24,7234.24,0.2127717647058823,0.2127717647058823,0.2127717647058823,7234.24,7234.24,7234.24,170000.0,315000.0,0.5396825396825397,0.1492602262837249,8.0,0.0,0.0,30000.0,0.1929084545547194,8.88671881059557,12.04355959836804,12.660331092405906,10.308985993422082,137880.0,0.14926022628372498
6183.0,37,1,360000.0,1,285000.0,1200,5,0,1.0,0,0,1.0,0,0,4.0,0.0,0.0,1,60000.0,133000,33.0,30.0,0,1,2021,3617.12,3617.12,285000.0,0.063458245614035,0.7916666666666666,0,0.0,11083.333333333334,0.1082706766917293,3617.12,3617.12,0.063458245614035,0.063458245614035,0.063458245614035,3617.12,3617.12,3617.12,285000.0,360000.0,0.7916666666666666,0.1082706766917293,4.0,0.0,0.0,60000.0,0.0615260935936018,8.193709832901066,12.560247968016562,12.793862088206213,11.002116507732016,133000.0,0.10827067669172932
6184.0,42,1,461000.0,1,255000.0,2200,5,0,1.0,0,0,1.0,0,0,5.0,40.0,0.0,1,82000.0,164150,37.0,38.0,3,1,2021,37655.8,37655.8,255000.0,0.7383490196078432,0.5531453362255966,0,0.0,13679.166666666666,0.1608285105086811,37655.8,37655.8,0.7383490196078432,0.7383490196078432,0.7383490196078432,37655.8,37655.8,37655.8,255000.0,461000.0,0.5531453362255966,0.1608285105086811,5.0,40.0,0.0,82000.0,0.552935823487638,10.53626882780963,12.449022745701502,13.04115549117383,11.31448672129398,164150.0,0.1608285105086811
6188.0,12,1,175000.0,1,95000.0,1100,5,0,1.0,0,0,1.0,0,0,15.0,12.0,0.0,1,47000.0,145230,41.0,38.0,3,1,2021,23504.52,23504.52,95000.0,1.23708,0.5428571428571428,0,0.0,12102.5,0.090890311919025,23504.52,23504.52,1.23708,1.23708,1.23708,23504.52,23504.52,23504.52,95000.0,175000.0,0.5428571428571428,0.090890311919025,15.0,12.0,0.0,47000.0,0.805171444050034,10.064990566166085,11.461642696843066,12.07254696717504,10.757924157061597,145230.0,0.090890311919025
6189.0,42,1,750000.0,1,163000.0,971,5,0,1.0,0,0,0.0,0,0,0.0,0.0,0.0,0,0.0,170442,49.0,0.0,3,1,2021,0.0,0.0,163000.0,,0.2173333333333333,0,0.0,14203.5,0.0683634315485619,0.0,0.0,,,,0.0,0.0,0.0,163000.0,750000.0,0.2173333333333333,0.0683634315485619,0.0,0.0,0.0,0.0,,0.0,12.001511614739403,13.527829818844936,0.0,170442.0,0.06836343154856198
6190.0,24,1,200000.0,1,30000.0,1100,5,0,4.0,0,0,5.0,0,0,20.0,0.0,0.0,5,0.0,63810,62.0,55.0,0,1,2021,18085.6,18085.6,30000.0,3.014266666666667,0.15,0,0.0,5317.5,0.2068641278796427,18085.6,18085.6,3.014266666666667,3.014266666666667,3.014266666666667,18085.6,18085.6,18085.6,30000.0,200000.0,0.15,0.2068641278796427,20.0,0.0,0.0,0.0,1.3898546823146478,9.802926611581514,10.308985993422082,12.206077645517674,0.0,63810.0,0.2068641278796427
6191.0,4,1,641000.0,1,157000.0,1240,5,0,1.0,0,0,1.0,0,0,3.0,3.0,0.0,1,37000.0,125150,54.0,50.0,1,1,2021,5197.92,5197.92,157000.0,0.1655388535031847,0.2449297971918876,0,0.0,10429.166666666666,0.1188973232121454,5197.92,5197.92,0.1655388535031847,0.1655388535031847,0.1655388535031847,5197.92,5197.92,5197.92,157000.0,641000.0,0.2449297971918876,0.1188973232121454,3.0,3.0,0.0,37000.0,0.1531835152771001,8.556206190690792,11.964007453736912,13.370786295963992,10.518700218288163,125150.0,0.11889732321214544
6195.0,42,1,187000.0,1,125000.0,1200,5,0,1.0,0,0,1.0,0,0,3.0,0.0,0.0,1,15000.0,65000,50.0,47.0,0,1,2021,2712.84,2712.84,125000.0,0.1085136,0.6684491978609626,0,0.0,5416.666666666667,0.2215384615384615,2712.84,2712.84,0.1085136,0.1085136,0.1085136,2712.84,2712.84,2712.84,125000.0,187000.0,0.6684491978609626,0.2215384615384615,3.0,0.0,0.0,15000.0,0.1030200188307222,7.906119885082924,11.736077016252436,12.138869243416009,9.61587214452889,65000.0,0.22153846153846152
6198.0,29,1,400000.0,1,125000.0,1400,5,0,1.0,0,0,0.0,0,0,0.0,0.0,0.0,0,0.0,162803,56.0,0.0,0,1,2021,0.0,0.0,125000.0,,0.3125,0,0.0,13566.916666666666,0.1031922016179063,0.0,0.0,,,,0.0,0.0,0.0,125000.0,400000.0,0.3125,0.1031922016179063,0.0,0.0,0.0,0.0,,0.0,11.736077016252436,12.899222326086994,0.0,162803.0,0.1031922016179063
6201.0,10,1,270000.0,1,155000.0,1200,5,0,1.0,7,0,0.0,0,0,0.0,0.0,0.0,0,0.0,90000,37.0,0.0,0,1,2021,0.0,0.0,155000.0,,0.5740740740740741,0,0.0,7500.0,0.16,0.0,0.0,,,,0.0,0.0,0.0,155000.0,270000.0,0.5740740740740741,0.16,0.0,0.0,0.0,0.0,,0.0,11.951186847493476,12.506180941677355,0.0,90000.0,0.16
6205.0,48,1,400000.0,1,297000.0,1978,5,0,1.0,0,0,1.0,0,0,20.0,0.0,0.0,1,90000.0,220150,56.0,57.0,0,1,2021,18085.6,18085.6,297000.0,0.3044713804713805,0.7425,0,0.0,18345.83333333333,0.1078173972291619,18085.6,18085.6,0.3044713804713805,0.3044713804713805,0.3044713804713805,18085.6,18085.6,18085.6,297000.0,400000.0,0.7425,0.1078173972291619,20.0,0.0,0.0,90000.0,0.2657978862749319,9.802926611581514,12.601490784782536,12.899222326086994,11.407576060361786,220150.0,0.10781739722916195
6214.0,14,1,150000.0,1,135000.0,1700,5,0,1.0,0,0,0.0,0,0,0.0,0.0,0.0,0,0.0,68000,37.0,0.0,2,1,2021,0.0,0.0,135000.0,,0.9,0,0.0,5666.666666666667,0.3,0.0,0.0,,,,0.0,0.0,0.0,135000.0,150000.0,0.9,0.3,0.0,0.0,0.0,0.0,,0.0,11.81303746480054,11.918397239722838,0.0,68000.0,0.3
6222.0,19,1,400000.0,1,167000.0,1560,5,0,4.0,0,0,1.0,0,0,20.0,5.0,6.0,1,66414.0,142014,67.0,63.0,0,1,2021,29291.080000000005,29291.080000000005,167000.0,0.8769784431137726,0.4175,0,0.0,11834.5,0.1318179897756559,29291.080000000005,29291.080000000005,0.8769784431137726,0.8769784431137726,0.8769784431137726,29291.080000000005,29291.080000000005,29291.080000000005,167000.0,400000.0,0.4175,0.1318179897756559,20.0,5.0,6.0,66414.0,0.6296632727828395,10.285072451298356,12.025755079404917,12.899222326086994,11.103678213566605,142014.0,0.13181798977565592
6224.0,45,1,250000.0,1,120000.0,753,5,0,1.0,0,0,0.0,0,0,0.0,0.0,0.0,0,0.0,36400,53.0,0.0,0,1,2021,0.0,0.0,120000.0,,0.48,0,0.0,3033.333333333333,0.2482417582417582,0.0,0.0,,,,0.0,0.0,0.0,120000.0,250000.0,0.48,0.2482417582417582,0.0,0.0,0.0,0.0,,0.0,11.695255355062796,12.429220196836384,0.0,36400.0,0.24824175824175823
6231.0,37,1,70000.0,1,48000.0,500,5,0,1.0,0,0,0.0,0,0,0.0,0.0,0.0,0,0.0,54010,43.0,0.0,0,1,2021,0.0,0.0,48000.0,,0.6857142857142857,0,0.0,4500.833333333333,0.1110905387891131,0.0,0.0,,,,0.0,0.0,0.0,48000.0,70000.0,0.6857142857142857,0.1110905387891131,0.0,0.0,0.0,0.0,,0.0,10.778977123006351,11.156264806643742,0.0,54010.0,0.11109053878911314
6248.0,22,1,309000.0,1,309000.0,1600,5,0,1.0,0,0,1.0,0,0,10.0,10.0,2.0,1,45000.0,128000,39.0,42.0,2,1,2021,19680.96,19680.96,309000.0,0.3184621359223301,1.0,0,0.0,10666.666666666666,0.15,19680.96,19680.96,0.3184621359223301,0.3184621359223301,0.3184621359223301,19680.96,19680.96,19680.96,309000.0,309000.0,1.0,0.15,10.0,10.0,2.0,45000.0,0.2764660088579529,9.887457759143077,12.6410997921206,12.6410997921206,10.714439990727769,128000.0,0.15000000000000002
6251.0,21,1,61000.0,1,40865.0,445,5,0,1.0,0,0,1.0,0,0,24.0,0.0,0.0,1,13000.0,55800,41.0,39.0,0,1,2021,21702.72,21702.72,40865.0,2.655416615685795,0.6699180327868852,0,0.0,4650.0,0.0956989247311828,21702.72,21702.72,2.655416615685795,2.655416615685795,2.655416615685795,21702.72,21702.72,21702.72,40865.0,61000.0,0.6699180327868852,0.0956989247311828,24.0,0.0,0.0,13000.0,1.2962100718456817,9.985238953407782,10.618053700469371,11.0186455364637,9.472781556562168,55800.0,0.0956989247311828
6253.0,24,1,150000.0,1,135000.0,900,5,0,7.0,0,0,1.0,0,0,10.0,16.0,0.0,1,52000.0,52050,34.0,28.0,0,1,2021,22296.56,22296.56,135000.0,0.8257985185185185,0.9,0,0.0,4337.5,0.207492795389049,22296.56,22296.56,0.8257985185185185,0.8257985185185185,0.8257985185185185,22296.56,22296.56,22296.56,135000.0,150000.0,0.9,0.207492795389049,10.0,16.0,0.0,52000.0,0.6020174357335281,10.01223253442137,11.81303746480054,11.918397239722838,10.859018228147889,52050.0,0.207492795389049
6263.0,41,1,111000.0,1,75000.0,692,5,0,1.0,0,0,0.0,0,0,0.0,0.0,0.0,0,0.0,70500,36.0,0.0,0,1,2021,0.0,0.0,75000.0,,0.6756756756756757,0,0.0,5875.0,0.1177872340425531,0.0,0.0,,,,0.0,0.0,0.0,75000.0,111000.0,0.6756756756756757,0.1177872340425531,0.0,0.0,0.0,0.0,,0.0,11.225256725762891,11.6172944892629,0.0,70500.0,0.11778723404255319
6268.0,10,1,100000.0,1,40000.0,450,5,0,1.0,0,0,0.0,0,0,0.0,0.0,0.0,0,0.0,48000,53.0,0.0,0,1,2021,0.0,0.0,40000.0,,0.4,0,0.0,4000.0,0.1125,0.0,0.0,,,,0.0,0.0,0.0,40000.0,100000.0,0.4,0.1125,0.0,0.0,0.0,0.0,,0.0,10.59665973278358,11.51293546492023,0.0,48000.0,0.1125
6271.0,13,1,190000.0,1,90000.0,840,5,0,1.0,0,0,1.0,0,0,20.0,0.0,60.0,1,40000.0,90150,53.0,49.0,1,1,2021,88722.40000000001,88722.40000000001,90000.0,4.929022222222223,0.4736842105263157,0,0.0,7512.5,0.1118136439267886,88722.40000000001,88722.40000000001,4.929022222222223,4.929022222222223,4.929022222222223,88722.40000000001,88722.40000000001,88722.40000000001,90000.0,190000.0,0.4736842105263157,0.1118136439267886,20.0,0.0,20.0,40000.0,1.7798593127739029,11.393278944103294,11.407576060361786,12.154784614286667,10.59665973278358,90150.0,0.11181364392678869
6272.0,13,1,220000.0,1,215000.0,1337,5,0,1.0,0,0,0.0,0,0,0.0,0.0,0.0,0,0.0,37075,41.0,0.0,2,1,2021,0.0,0.0,215000.0,,0.9772727272727272,0,0.0,3089.583333333333,0.432744436952124,0.0,0.0,,,,0.0,0.0,0.0,215000.0,220000.0,0.9772727272727272,0.432744436952124,0.0,0.0,0.0,0.0,,0.0,12.278397958261774,12.301387370778713,0.0,37075.0,0.43274443695212406
6279.0,31,1,200000.0,1,50000.0,1150,5,0,5.0,0,0,6.0,0,0,25.0,20.0,20.0,5,0.0,34420,44.0,41.0,1,1,2021,62719.8,62719.8,50000.0,6.27198,0.25,1,0.0,2868.333333333333,0.4009296920395119,62719.8,62719.8,6.27198,6.27198,6.27198,62719.8,62719.8,62719.8,50000.0,200000.0,0.25,0.4009296920395119,25.0,20.0,20.0,0.0,1.984028606596368,11.046448410044984,10.819798284210286,12.206077645517674,0.0,34420.0,0.4009296920395119
6283.0,34,1,99000.0,1,85000.0,600,5,9,1.0,0,0,1.0,0,0,2.0,0.0,0.0,1,49000.0,89150,50.0,51.0,0,1,2021,1808.56,1808.56,85000.0,0.1063858823529411,0.8585858585858586,0,0.0,7429.166666666667,0.0807627593942793,1808.56,1808.56,0.1063858823529411,0.1063858823529411,0.1063858823529411,1808.56,1808.56,1808.56,85000.0,99000.0,0.8585858585858586,0.0807627593942793,2.0,0.0,0.0,49000.0,0.101098741302314,7.500839000785103,11.350418300109132,11.502885230075814,10.799595985047786,89150.0,0.08076275939427931
6300.0,21,1,450000.0,1,265000.0,2100,5,0,1.0,0,0,1.0,0,0,14.0,60.0,0.0,1,60000.0,210010,39.0,38.0,2,1,2021,62361.52,62361.52,265000.0,1.1766324528301886,0.5888888888888889,0,0.0,17500.833333333332,0.1199942859863816,62361.52,62361.52,1.1766324528301886,1.1766324528301886,1.1766324528301886,62361.52,62361.52,62361.52,265000.0,450000.0,0.5888888888888889,0.1199942859863816,14.0,60.0,0.0,60000.0,0.7777789360419566,11.040719732874791,12.487488878546143,13.017005083966255,11.002116507732016,210010.0,0.11999428598638161
6302.0,45,1,135000.0,1,75000.0,749,5,0,1.0,0,0,5.0,0,0,4.0,0.0,0.0,5,0.0,69132,44.0,48.0,0,1,2021,3617.12,3617.12,75000.0,0.2411413333333333,0.5555555555555556,0,0.0,5761.0,0.1300121506682867,3617.12,3617.12,0.2411413333333333,0.2411413333333333,0.2411413333333333,3617.12,3617.12,3617.12,75000.0,135000.0,0.5555555555555556,0.1300121506682867,4.0,0.0,0.0,0.0,0.2160313863884285,8.193709832901066,11.225256725762891,11.81303746480054,0.0,69132.0,0.13001215066828675
6311.0,21,1,260000.0,1,150000.0,1000,5,0,1.0,0,0,1.0,0,0,4.0,0.0,0.0,1,55000.0,177683,57.0,53.0,0,1,2021,3617.12,3617.12,150000.0,0.1205706666666666,0.5769230769230769,0,0.0,14806.916666666666,0.0675360051327363,3617.12,3617.12,0.1205706666666666,0.1205706666666666,0.1205706666666666,3617.12,3617.12,3617.12,150000.0,260000.0,0.5769230769230769,0.0675360051327363,4.0,0.0,0.0,55000.0,0.1138380793533471,8.193709832901066,11.918397239722838,12.468440756144114,10.915106645867503,177683.0,0.06753600513273639
6314.0,31,1,350000.0,1,203000.0,1750,5,0,1.0,0,0,1.0,0,0,15.0,60.0,0.0,1,50000.0,116263,33.0,30.0,1,1,2021,63265.8,63265.8,203000.0,1.5582709359605913,0.58,0,0.0,9688.583333333334,0.1806249623697995,63265.8,63265.8,1.5582709359605913,1.5582709359605913,1.5582709359605913,63265.8,63265.8,63265.8,203000.0,350000.0,0.58,0.1806249623697995,15.0,60.0,0.0,50000.0,0.9393316146551765,11.055115983969191,12.220966184120163,12.765691290604371,10.819798284210286,116263.0,0.1806249623697995
6322.0,12,1,167000.0,1,145000.0,1100,5,0,1.0,0,0,1.0,0,0,6.0,0.0,0.0,1,80000.0,269950,28.0,39.0,0,1,2021,5425.68,5425.68,145000.0,0.1870924137931034,0.8682634730538922,0,0.0,22495.83333333333,0.0488979440637155,5425.68,5425.68,0.1870924137931034,0.1870924137931034,0.1870924137931034,5425.68,5425.68,5425.68,145000.0,167000.0,0.8682634730538922,0.0488979440637155,6.0,0.0,0.0,80000.0,0.1715069675195746,8.59908280788786,11.884495917930655,12.025755079404917,11.289794413577894,269950.0,0.048897944063715504
6324.0,10,1,45000.0,1,38000.0,1856,5,0,1.0,0,0,0.0,0,0,0.0,0.0,0.0,0,0.0,56000,34.0,0.0,6,1,2021,0.0,0.0,38000.0,,0.8444444444444444,0,0.0,4666.666666666667,0.3977142857142857,0.0,0.0,,,,0.0,0.0,0.0,38000.0,50000.0,0.8444444444444444,0.3977142857142857,0.0,0.0,0.0,0.0,,0.0,10.545367754151744,10.819798284210286,0.0,56000.0,0.3977142857142857
6328.0,42,1,275000.0,1,70000.0,975,1,5,1.0,0,0,1.0,0,0,3.0,0.0,0.0,1,,195694,55.0,50.0,0,1,2021,2712.84,2712.84,70000.0,0.1937742857142857,0.2545454545454545,0,1.0,16307.833333333334,0.0597872188212208,2712.84,2712.84,0.1937742857142857,0.1937742857142857,0.1937742857142857,2712.84,2712.84,2712.84,70000.0,275000.0,0.2545454545454545,0.0597872188212208,3.0,0.0,0.0,,0.1771199566597174,7.906119885082924,11.156264806643742,12.524530013005734,,195694.0,0.059787218821220886
6341.0,36,1,750000.0,1,350000.0,1800,5,0,1.0,0,0,1.0,0,0,5.0,8.0,0.0,1,40000.0,216800,45.0,45.0,2,1,2021,11148.28,11148.28,350000.0,0.1592611428571428,0.4666666666666667,0,0.0,18066.666666666668,0.0996309963099631,11148.28,11148.28,0.1592611428571428,0.1592611428571428,0.1592611428571428,11148.28,11148.28,11148.28,350000.0,750000.0,0.4666666666666667,0.0996309963099631,5.0,8.0,0.0,40000.0,0.1477828563693036,9.319130200812245,12.765691290604371,13.527829818844936,10.59665973278358,216800.0,0.0996309963099631
6354.0,14,1,80000.0,1,60000.0,525,5,0,1.0,0,0,1.0,0,0,14.0,60.0,0.0,1,30000.0,65467,29.0,31.0,2,1,2021,62361.52,62361.52,60000.0,5.196793333333333,0.75,0,0.0,5455.583333333333,0.096231689248018,62361.52,62361.52,5.196793333333333,5.196793333333333,5.196793333333333,62361.52,62361.52,62361.52,60000.0,80000.0,0.75,0.096231689248018,14.0,60.0,0.0,30000.0,1.8240319539536909,11.040719732874791,11.002116507732016,11.289794413577894,10.308985993422082,65467.0,0.09623168924801809
6360.0,43,1,225000.0,1,260000.0,1500,5,0,1.0,0,0,1.0,0,0,,0.0,0.0,1,,106860,39.0,34.0,4,1,2021,0.0,0.0,260000.0,,1.1555555555555554,0,0.0,8905.0,0.1684446939921392,0.0,0.0,,,,0.0,0.0,0.0,260000.0,225000.0,1.0,0.1684446939921392,,0.0,0.0,,,0.0,12.468440756144114,12.323860125621126,,106860.0,0.16844469399213924
6368.0,46,1,800000.0,1,456831.0,2565,5,0,1.0,0,0,1.0,6,0,30.0,14.0,0.0,1,4040.0,153527,48.0,47.0,2,1,2021,38725.44,38725.44,456831.0,0.4238486442469972,0.57103875,0,0.0,12793.916666666666,0.2004859080161795,38725.44,38725.44,0.4238486442469972,0.4238486442469972,0.4238486442469972,38725.44,38725.44,38725.44,456831.0,800000.0,0.57103875,0.2004859080161795,30.0,14.0,0.0,4040.0,0.3533635181883021,10.56427784987454,13.032070987409778,13.592368256649284,8.304247465078474,153527.0,0.20048590801617958
6376.0,39,1,250000.0,1,180000.0,1400,5,0,1.0,0,0,0.0,0,0,0.0,0.0,0.0,0,0.0,32000,40.0,0.0,0,1,2021,0.0,0.0,180000.0,,0.72,0,0.0,2666.6666666666665,0.525,0.0,0.0,,,,0.0,0.0,0.0,180000.0,250000.0,0.72,0.525,0.0,0.0,0.0,0.0,,0.0,12.100717685412471,12.429220196836384,0.0,32000.0,0.525
6380.0,4,1,700000.0,1,30000.0,2000,5,0,1.0,0,0,0.0,0,0,0.0,0.0,0.0,0,0.0,71100,27.0,0.0,0,1,2021,0.0,0.0,30000.0,,0.0428571428571428,0,0.0,5925.0,0.3375527426160337,0.0,0.0,,,,0.0,0.0,0.0,30000.0,700000.0,0.0428571428571428,0.3375527426160337,0.0,0.0,0.0,0.0,,0.0,10.308985993422082,13.45883704259595,0.0,71100.0,0.33755274261603374
6383.0,34,1,160000.0,1,112805.0,1093,5,0,6.0,0,0,5.0,0,0,7.0,10.0,0.0,5,0.0,34656,58.0,59.0,1,1,2021,14613.56,14613.56,112805.0,0.6477354727184079,0.70503125,0,0.0,2888.0,0.3784626038781163,14613.56,14613.56,0.6477354727184079,0.6477354727184079,0.6477354727184079,14613.56,14613.56,14613.56,112805.0,160000.0,0.70503125,0.3784626038781163,7.0,10.0,0.0,0.0,0.4994019044763291,9.589773571036728,11.63342480812084,11.982935344196433,0.0,34656.0,0.37846260387811637
6391.0,4,1,1600000.0,1,1280000.0,5480,5,0,1.0,0,0,1.0,0,0,6.0,0.0,0.0,1,200000.0,552000,33.0,32.0,0,1,2021,5425.68,5425.68,1280000.0,0.0211940625,0.8,0,0.0,46000.0,0.1191304347826087,5425.68,5425.68,0.0211940625,0.0301226161123428,0.0301226161123428,5425.68,5425.68,5425.68,701100.0000000001,1600000.0,0.8,0.1191304347826087,6.0,0.0,0.0,200000.0,0.029677839925543,8.59908280788786,13.460407235524094,14.285514812209817,12.206077645517674,552000.0,0.1191304347826087
6394.0,46,1,1400000.0,1,450000.0,2700,5,0,1.0,0,0,1.0,0,0,6.0,0.0,0.0,1,20000.0,211113,35.0,35.0,0,1,2021,5425.68,5425.68,450000.0,0.0602853333333333,0.3214285714285714,0,0.0,17592.75,0.153472311037217,5425.68,5425.68,0.0602853333333333,0.0602853333333333,0.0602853333333333,5425.68,5425.68,5425.68,450000.0,1400000.0,0.3214285714285714,0.153472311037217,6.0,0.0,0.0,20000.0,0.0585380542908335,8.59908280788786,13.017005083966255,14.151983508870948,9.90353755128617,211113.0,0.15347231103721704
6396.0,19,1,900000.0,1,500000.0,3200,5,0,1.0,0,0,1.0,0,0,10.0,0.0,0.0,1,60000.0,371263,51.0,50.0,0,1,2021,9042.8,9042.8,500000.0,0.090428,0.5555555555555556,0,0.0,30938.58333333333,0.1034307216178288,9042.8,9042.8,0.090428,0.090428,0.090428,9042.8,9042.8,9042.8,500000.0,900000.0,0.5555555555555556,0.1034307216178288,10.0,0.0,0.0,60000.0,0.0865702797205315,9.10983471904454,13.122365377402328,13.71015115341694,11.002116507732016,371263.0,0.10343072161782887
6403.0,12,1,200000.0,1,65000.0,625,5,0,1.0,0,0,1.0,0,0,6.0,0.0,0.0,1,90000.0,113500,39.0,39.0,0,1,2021,5425.68,5425.68,65000.0,0.41736,0.325,0,0.0,9458.333333333334,0.066079295154185,5425.68,5425.68,0.41736,0.41736,0.41736,5425.68,5425.68,5425.68,65000.0,200000.0,0.325,0.066079295154185,6.0,0.0,0.0,90000.0,0.3487959863100449,8.59908280788786,11.082157933374816,12.206077645517674,11.407576060361786,113500.0,0.06607929515418502
6411.0,2,1,430000.0,1,207152.0,1151,5,0,4.0,0,0,6.0,0,0,20.0,0.0,,5,0.0,128690,72.0,69.0,0,1,2021,18085.6,18085.6,207152.0,0.4365296979995366,0.4817488372093023,1,0.0,10724.166666666666,0.1073276866889424,18085.6,18085.6,0.4365296979995366,0.4365296979995366,0.4365296979995366,18085.6,18085.6,18085.6,207152.0,430000.0,0.4817488372093023,0.1073276866889424,20.0,0.0,,0.0,0.3622302730832599,9.802926611581514,12.241212929659913,12.971542813248435,0.0,128690.0,0.10732768668894242
6412.0,14,1,405000.0,1,89000.0,2622,5,0,1.0,0,0,1.0,0,0,7.0,21.0,0.0,1,130000.0,255733,52.0,49.0,3,1,2021,23725.52,23725.52,89000.0,1.332894382022472,0.219753086419753,0,0.0,21311.08333333333,0.1230345712129447,23725.52,23725.52,1.332894382022472,1.332894382022472,1.332894382022472,23725.52,23725.52,23725.52,89000.0,405000.0,0.219753086419753,0.1230345712129447,7.0,21.0,0.0,130000.0,0.8471097206996733,10.074348688865308,11.39640288460621,12.91164481522143,11.775297421715829,255733.0,0.12303457121294475
6413.0,4,1,488500.0,1,186000.0,1616,5,0,1.0,0,0,1.0,0,0,5.0,0.0,2.0,1,27690.0,199177,63.0,62.0,0,1,2021,6875.960000000001,6875.960000000001,186000.0,0.1848376344086021,0.3807574206755373,0,0.0,16598.083333333332,0.0973606390296068,6875.960000000001,6875.960000000001,0.1848376344086021,0.1848376344086021,0.1848376344086021,6875.960000000001,6875.960000000001,6875.960000000001,186000.0,488500.0,0.3807574206755373,0.0973606390296068,5.0,0.0,2.0,27690.0,0.1696057478226491,8.835931972813173,12.133507329024972,13.099096797545783,10.22886272963353,199177.0,0.09736063902960684
6459.0,43,1,495000.0,1,243000.0,1653,5,0,1.0,0,0,1.0,0,0,8.0,30.0,0.0,1,2850.0,59900,39.0,39.0,3,1,2021,32085.04,32085.04,243000.0,0.6601860082304527,0.4909090909090909,0,0.0,4991.666666666667,0.331151919866444,32085.04,32085.04,0.6601860082304527,0.6601860082304527,0.6601860082304527,32085.04,32085.04,32085.04,243000.0,495000.0,0.4909090909090909,0.331151919866444,8.0,30.0,0.0,2850.0,0.5069296492418416,10.376176323559871,12.400820837540556,13.112315061750808,7.955425088912672,59900.0,0.33115191986644404
6471.0,37,1,350000.0,1,306000.0,1500,5,0,1.0,0,0,1.0,0,0,10.0,10.0,0.0,1,64000.0,139150,35.0,33.0,2,1,2021,17326.4,17326.4,306000.0,0.2831111111111111,0.8742857142857143,0,0.0,11595.833333333334,0.1293568091987064,17326.4,17326.4,0.2831111111111111,0.2831111111111111,0.2831111111111111,17326.4,17326.4,17326.4,306000.0,350000.0,0.8742857142857143,0.1293568091987064,10.0,10.0,0.0,64000.0,0.2492876844644692,9.760044342602496,12.631343648903034,12.765691290604371,11.06665398721974,139150.0,0.12935680919870643
6475.0,5,1,185000.0,1,66000.0,805,5,0,1.0,0,0,0.0,0,0,0.0,0.0,0.0,0,0.0,52100,64.0,0.0,0,1,2021,0.0,0.0,66000.0,,0.3567567567567568,0,0.0,4341.666666666667,0.1854126679462572,0.0,0.0,,,,0.0,0.0,0.0,66000.0,185000.0,0.3567567567567568,0.1854126679462572,0.0,0.0,0.0,0.0,,0.0,11.097425172408933,12.128116509451258,0.0,52100.0,0.1854126679462572
6476.0,39,1,200000.0,1,145000.0,999,5,0,1.0,0,0,1.0,0,0,14.0,35.0,0.0,1,,112600,45.0,44.0,2,1,2021,41652.52,41652.52,145000.0,1.436293793103448,0.725,0,0.0,9383.333333333334,0.1064653641207815,41652.52,41652.52,1.436293793103448,1.436293793103448,1.436293793103448,41652.52,41652.52,41652.52,145000.0,200000.0,0.725,0.1064653641207815,14.0,35.0,0.0,,0.8904779472977551,10.63714115782942,11.884495917930655,12.206077645517674,,112600.0,0.10646536412078152
6488.0,9,1,250000.0,1,121000.0,1325,5,0,1.0,0,0,1.0,0,0,30.0,25.0,0.0,1,31000.0,72000,55.0,49.0,1,1,2021,47837.4,47837.4,121000.0,1.9767520661157023,0.484,0,0.0,6000.0,0.2208333333333333,47837.4,47837.4,1.9767520661157023,1.9767520661157023,1.9767520661157023,47837.4,47837.4,47837.4,121000.0,250000.0,0.484,0.2208333333333333,30.0,25.0,0.0,31000.0,1.0908327954332948,10.775583943249169,11.703554089007538,12.429220196836384,10.34177474101152,72000.0,0.22083333333333333
6499.0,9,1,227000.0,1,204000.0,1030,5,0,4.0,0,0,0.0,0,0,0.0,0.0,0.0,0,0.0,30159,70.0,0.0,0,1,2021,0.0,0.0,204000.0,,0.8986784140969163,0,0.0,2513.25,0.4098279120660499,0.0,0.0,,,,0.0,0.0,0.0,204000.0,227000.0,0.8986784140969163,0.4098279120660499,0.0,0.0,0.0,0.0,,0.0,12.225880174775122,12.33270970174018,0.0,30159.0,0.40982791206604996
6518.0,5,1,750000.0,1,400000.0,3900,5,0,1.0,0,0,1.0,0,0,12.0,60.0,0.0,1,78000.0,230510,30.0,31.0,2,1,2021,60552.96,60552.96,400000.0,0.756912,0.5333333333333333,0,0.0,19209.166666666668,0.2030280681966075,60552.96,60552.96,0.756912,0.756912,0.756912,60552.96,60552.96,60552.96,400000.0,750000.0,0.5333333333333333,0.2030280681966075,12.0,60.0,0.0,78000.0,0.5635577225778514,11.011290147338178,12.899222326086994,13.527829818844936,11.264476926102368,230510.0,0.20302806819660751
6522.0,34,1,120000.0,1,55000.0,460,5,0,1.0,0,0,1.0,0,0,10.0,128.0,0.0,1,3600.0,48700,45.0,36.0,3,1,2021,115072.88,115072.88,55000.0,10.46117090909091,0.4583333333333333,0,0.0,4058.3333333333335,0.1133470225872689,115072.88,115072.88,10.46117090909091,10.46117090909091,10.46117090909091,115072.88,115072.88,115072.88,55000.0,120000.0,0.4583333333333333,0.1133470225872689,10.0,128.0,0.0,3600.0,2.4389648796353725,11.65332963585511,10.915106645867503,11.695255355062796,8.188966863648876,48700.0,0.11334702258726899
6526.0,41,1,350000.0,1,185000.0,1435,5,0,1.0,0,0,1.0,0,0,4.0,0.0,0.0,1,72000.0,164000,48.0,46.0,0,1,2021,3617.12,3617.12,185000.0,0.09776,0.5285714285714286,0,0.0,13666.666666666666,0.105,3617.12,3617.12,0.09776,0.09776,0.09776,3617.12,3617.12,3617.12,185000.0,350000.0,0.5285714285714286,0.105,4.0,0.0,0.0,72000.0,0.0932717399604436,8.193709832901066,12.128116509451258,12.765691290604371,11.184435286790633,164000.0,0.10500000000000001
6532.0,9,1,175000.0,1,57000.0,630,5,0,1.0,0,0,0.0,0,0,0.0,0.0,0.0,0,0.0,103000,56.0,0.0,2,1,2021,0.0,0.0,57000.0,,0.3257142857142857,0,0.0,8583.333333333334,0.0733980582524271,0.0,0.0,,,,0.0,0.0,0.0,57000.0,175000.0,0.3257142857142857,0.0733980582524271,0.0,0.0,0.0,0.0,,0.0,10.950824090522444,12.07254696717504,0.0,103000.0,0.07339805825242718
6546.0,34,1,400000.0,1,92500.0,1750,5,0,1.0,0,0,1.0,0,0,6.0,4.0,,1,88000.0,165150,51.0,44.0,2,1,2021,8739.12,8739.12,92500.0,0.4723848648648649,0.23125,0,0.0,13762.5,0.1271571298819255,8739.12,8739.12,0.4723848648648649,0.4723848648648649,0.4723848648648649,8739.12,8739.12,8739.12,92500.0,400000.0,0.23125,0.1271571298819255,6.0,4.0,,88000.0,0.3868834432420143,9.075679198532445,11.434974734252892,12.899222326086994,11.38510345703214,165150.0,0.1271571298819255
6553.0,39,1,645000.0,1,548000.0,2200,5,0,1.0,0,0,1.0,0,0,14.0,40.0,0.0,1,50000.0,196000,34.0,34.0,4,1,2021,45794.32000000001,45794.32000000001,548000.0,0.4178313868613139,0.8496124031007752,0,0.0,16333.333333333334,0.1346938775510204,45794.32000000001,45794.32000000001,0.4178313868613139,0.4178313868613139,0.4178313868613139,45794.32000000001,45794.32000000001,45794.32000000001,548000.0,645000.0,0.8496124031007752,0.1346938775510204,14.0,40.0,0.0,50000.0,0.349128511915083,10.731937181475082,13.214032390746006,13.377007146164305,10.819798284210286,196000.0,0.1346938775510204
6557.0,5,1,325000.0,1,75000.0,789,5,0,1.0,0,0,1.0,0,0,20.0,0.0,0.0,1,20000.0,68120,62.0,62.0,0,1,2021,18085.6,18085.6,75000.0,1.2057066666666667,0.2307692307692307,0,0.0,5676.666666666667,0.1389900176159718,18085.6,18085.6,1.2057066666666667,1.2057066666666667,1.2057066666666667,18085.6,18085.6,18085.6,75000.0,325000.0,0.2307692307692307,0.1389900176159718,20.0,0.0,0.0,20000.0,0.7910479413039174,9.802926611581514,11.225256725762891,12.691583538230216,9.90353755128617,68120.0,0.1389900176159718
6568.0,48,1,125000.0,1,76000.0,660,1,5,1.0,0,0,1.0,0,0,8.0,0.0,0.0,1,67000.0,119150,46.0,46.0,0,1,2021,7234.24,7234.24,76000.0,0.4759368421052631,0.608,0,1.0,9929.166666666666,0.0664708350818296,7234.24,7234.24,0.4759368421052631,0.4759368421052631,0.4759368421052631,7234.24,7234.24,7234.24,76000.0,125000.0,0.608,0.0664708350818296,8.0,0.0,0.0,67000.0,0.3892929353611835,8.88671881059557,11.23850177707664,11.736077016252436,11.112462823634855,119150.0,0.06647083508182963
6575.0,21,1,200000.0,1,119000.0,1100,5,0,1.0,0,0,1.0,0,0,7.0,0.0,0.0,1,80000.0,148987,55.0,57.0,0,1,2021,6329.96,6329.96,119000.0,0.2659647058823529,0.595,0,0.0,12415.583333333334,0.0885983340828394,6329.96,6329.96,0.2659647058823529,0.2659647058823529,0.2659647058823529,6329.96,6329.96,6329.96,119000.0,200000.0,0.595,0.0885983340828394,7.0,0.0,0.0,80000.0,0.235834444883415,8.753207162406966,11.686887175419702,12.206077645517674,11.289794413577894,148987.0,0.08859833408283944
6577.0,16,1,275000.0,1,69000.0,500,5,0,1.0,0,0,1.0,0,0,7.0,0.0,0.0,1,72000.0,111800,58.0,57.0,0,1,2021,6329.96,6329.96,69000.0,0.4586927536231884,0.2509090909090909,0,0.0,9316.666666666666,0.0536672629695885,6329.96,6329.96,0.4586927536231884,0.4586927536231884,0.4586927536231884,6329.96,6329.96,6329.96,69000.0,275000.0,0.2509090909090909,0.0536672629695885,7.0,0.0,0.0,72000.0,0.3775406604026125,8.753207162406966,11.141876276228,12.524530013005734,11.184435286790633,111800.0,0.053667262969588556
6598.0,41,1,200000.0,1,170000.0,1200,5,0,1.0,0,0,1.0,0,0,10.0,100.0,0.0,1,49000.0,99000,37.0,33.0,1,1,2021,91878.8,91878.8,170000.0,2.702317647058824,0.85,0,0.0,8250.0,0.1454545454545454,91878.8,91878.8,2.702317647058824,2.702317647058824,2.702317647058824,91878.8,91878.8,91878.8,170000.0,200000.0,0.85,0.1454545454545454,10.0,100.0,0.0,49000.0,1.3089590146461414,11.42823648004838,12.04355959836804,12.206077645517674,10.799595985047786,99000.0,0.14545454545454545
6623.0,4,1,160000.0,1,50000.0,535,5,0,1.0,7,0,6.0,0,0,4.0,86.0,0.0,5,0.0,32072,29.0,34.0,3,1,2021,74856.08,74856.08,50000.0,7.485608,0.3125,1,0.0,2672.6666666666665,0.2001746071339486,74856.08,74856.08,7.485608,7.485608,7.485608,74856.08,74856.08,74856.08,50000.0,160000.0,0.3125,0.2001746071339486,4.0,86.0,0.0,0.0,2.1383715519823188,11.223335974552857,10.819798284210286,11.982935344196433,0.0,32072.0,0.20017460713394863
6661.0,31,1,340000.0,1,250000.0,2500,5,0,1.0,0,0,1.0,0,0,10.0,0.0,0.0,1,36000.0,228600,44.0,39.0,1,1,2021,9042.8,9042.8,250000.0,0.180856,0.7352941176470589,0,0.0,19050.0,0.1312335958005249,9042.8,9042.8,0.180856,0.180856,0.180856,9042.8,9042.8,9042.8,250000.0,340000.0,0.7352941176470589,0.1312335958005249,10.0,0.0,0.0,36000.0,0.1662395992137735,9.10983471904454,12.429220196836384,12.73670383776449,10.491301994830229,228600.0,0.13123359580052493
6684.0,39,1,175000.0,1,97000.0,600,5,0,1.0,0,0,1.0,0,0,8.0,30.0,1.0,1,50000.0,110006,44.0,43.0,2,1,2021,33262.32,33262.32,97000.0,1.7145525773195875,0.5542857142857143,0,0.0,9167.166666666666,0.0654509754013417,33262.32,33262.32,1.7145525773195875,1.7145525773195875,1.7145525773195875,33262.32,33262.32,33262.32,97000.0,175000.0,0.5542857142857143,0.0654509754013417,8.0,30.0,1.0,50000.0,0.9986271432380812,10.4122105673684,11.48247656671073,12.07254696717504,10.819798284210286,110006.0,0.06545097540134175
6713.0,19,1,280000.0,1,194000.0,1687,5,0,1.0,0,0,0.0,0,0,0.0,0.0,0.0,0,0.0,148130,48.0,0.0,0,1,2021,0.0,0.0,194000.0,,0.6928571428571428,0,0.0,12344.166666666666,0.1366637413083102,0.0,0.0,,,,0.0,0.0,0.0,194000.0,280000.0,0.6928571428571428,0.1366637413083102,0.0,0.0,0.0,0.0,,0.0,12.175618592671356,12.54254845357358,0.0,148130.0,0.13666374130831027
6722.0,4,1,1800000.0,1,350000.0,3000,5,0,1.0,0,0,1.0,0,0,10.0,2.0,0.0,5,0.0,337000,56.0,53.0,0,1,2021,10699.52,10699.52,350000.0,0.1528502857142857,0.1944444444444444,0,0.0,28083.33333333333,0.1068249258160237,10699.52,10699.52,0.1528502857142857,0.1528502857142857,0.1528502857142857,10699.52,10699.52,10699.52,350000.0,1600000.0,0.1944444444444444,0.1068249258160237,10.0,2.0,0.0,0.0,0.1422373852534646,9.278047617399988,12.765691290604371,14.285514812209817,0.0,337000.0,0.10682492581602375
6758.0,14,1,80000.0,1,75000.0,800,5,0,1.0,0,0,1.0,0,0,9.0,8.0,0.0,1,22000.0,60000,25.0,28.0,1,1,2021,14765.4,14765.4,75000.0,0.98436,0.9375,0,0.0,5000.0,0.16,14765.4,14765.4,0.98436,0.98436,0.98436,14765.4,14765.4,14765.4,75000.0,80000.0,0.9375,0.16,9.0,8.0,0.0,22000.0,0.6852964440152315,9.600109608511312,11.225256725762891,11.289794413577894,9.99884318585288,60000.0,0.16
6773.0,21,1,380000.0,1,295000.0,1950,5,0,1.0,0,0,1.0,0,0,10.0,6.0,0.0,1,36000.0,176200,46.0,45.0,1,1,2021,14012.96,14012.96,295000.0,0.2375077966101695,0.7763157894736842,0,0.0,14683.333333333334,0.1328036322360953,14012.96,14012.96,0.2375077966101695,0.2375077966101695,0.2375077966101695,14012.96,14012.96,14012.96,295000.0,380000.0,0.7763157894736842,0.1328036322360953,10.0,6.0,0.0,36000.0,0.2130995157319076,9.547809254637835,12.59473402514672,12.847929163278051,10.491301994830229,176200.0,0.13280363223609534
6775.0,22,1,240000.0,1,45000.0,1200,5,0,1.0,0,0,1.0,0,0,,,,1,,56761,45.0,43.0,0,1,2021,0.0,0.0,45000.0,,0.1875,0,0.0,4730.083333333333,0.2536953189690104,0.0,0.0,,,,0.0,0.0,0.0,45000.0,240000.0,0.1875,0.2536953189690104,,,,,,0.0,10.714439990727769,12.388398368982116,,56761.0,0.25369531896901043
6785.0,10,1,150000.0,1,80000.0,657,5,0,1.0,0,0,0.0,0,0,0.0,0.0,0.0,0,0.0,107000,30.0,0.0,0,1,2021,0.0,0.0,80000.0,,0.5333333333333333,0,0.0,8916.666666666666,0.0736822429906542,0.0,0.0,,,,0.0,0.0,0.0,80000.0,150000.0,0.5333333333333333,0.0736822429906542,0.0,0.0,0.0,0.0,,0.0,11.289794413577894,11.918397239722838,0.0,107000.0,0.0736822429906542
6786.0,4,1,414500.0,1,167248.0,1176,5,0,1.0,0,0,1.0,0,0,7.0,45.0,0.0,1,50000.0,240100,33.0,34.0,3,1,2021,43606.16,43606.16,167248.0,1.3036377116617242,0.4034933655006031,0,0.0,20008.33333333333,0.0587755102040816,43606.16,43606.16,1.3036377116617242,1.3036377116617242,1.3036377116617242,43606.16,43606.16,43606.16,167248.0,414500.0,0.4034933655006031,0.0587755102040816,7.0,45.0,0.0,50000.0,0.8344894872672597,10.682976636037951,12.027238998899357,12.934830666099812,10.819798284210286,240100.0,0.05877551020408164
6806.0,19,1,210000.0,1,137000.0,1100,5,0,3.0,0,0,0.0,0,0,0.0,0.0,0.0,0,0.0,12600,52.0,0.0,0,1,2021,0.0,0.0,137000.0,,0.6523809523809524,0,0.0,1050.0,1.0476190476190477,0.0,0.0,,,,0.0,0.0,0.0,137000.0,210000.0,0.6523809523809524,1.0476190476190477,0.0,0.0,0.0,0.0,,0.0,11.827743504053696,12.25486757159303,0.0,12600.0,1.0476190476190477
6807.0,43,1,530000.0,1,333204.0,2200,5,0,1.0,0,0,6.0,0,0,16.0,12.0,0.0,5,0.0,154000,45.0,46.0,2,1,2021,24408.8,24408.8,333204.0,0.3662741143563702,0.6286867924528302,1,0.0,12833.333333333334,0.1714285714285714,24408.8,24408.8,0.3662741143563702,0.3662741143563702,0.3662741143563702,24408.8,24408.8,24408.8,333204.0,530000.0,0.6286867924528302,0.1714285714285714,16.0,12.0,0.0,0.0,0.3120874103849612,10.102739969990065,12.716513195164636,13.180634172318978,0.0,154000.0,0.17142857142857143
6834.0,2,1,1600000.0,1,730000.0,4300,5,0,1.0,0,0,1.0,6,0,16.0,50.0,0.0,5,0.0,401200,39.0,38.0,2,1,2021,55886.48,55886.48,730000.0,0.3827841095890411,0.45625,0,0.0,33433.333333333336,0.1286141575274177,55886.48,55886.48,0.3827841095890411,0.3827841095890411,0.3827841095890411,55886.48,55886.48,55886.48,701100.0000000001,1600000.0,0.45625,0.1286141575274177,16.0,50.0,0.0,0.0,0.3240989375247902,10.931095662680397,13.460407235524094,14.285514812209817,0.0,401200.0,0.12861415752741773
6836.0,39,1,230000.0,1,163000.0,1125,5,0,1.0,0,0,1.0,0,0,4.0,5.0,0.0,1,54000.0,99026,43.0,40.0,1,1,2021,7758.92,7758.92,163000.0,0.2380036809815951,0.7086956521739131,0,0.0,8252.166666666666,0.1363278330943388,7758.92,7758.92,0.2380036809815951,0.2380036809815951,0.2380036809815951,7758.92,7758.92,7758.92,163000.0,230000.0,0.7086956521739131,0.1363278330943388,4.0,5.0,0.0,54000.0,0.2135001475872208,8.956727303845772,12.001511614739403,12.345838935721968,10.896757843893464,99026.0,0.13632783309433888
6838.0,9,1,220000.0,1,153000.0,1361,5,0,1.0,0,0,6.0,0,0,28.0,0.0,0.0,5,0.0,168626,48.0,47.0,0,1,2021,25319.84,25319.84,153000.0,0.8274457516339869,0.6954545454545454,1,0.0,14052.166666666666,0.0968533915291829,25319.84,25319.84,0.8274457516339869,0.8274457516339869,0.8274457516339869,25319.84,25319.84,25319.84,153000.0,220000.0,0.6954545454545454,0.0968533915291829,28.0,0.0,0.0,0.0,0.6029192277327973,10.139383051063271,11.938199736300923,12.301387370778713,0.0,168626.0,0.09685339152918293
6849.0,4,1,1050000.0,1,405000.0,3015,5,0,1.0,0,0,1.0,0,0,15.0,10.0,0.0,5,0.0,207090,46.0,41.0,3,1,2021,21847.800000000003,21847.800000000003,405000.0,0.269725925925926,0.3857142857142857,0,0.0,17257.5,0.1747066492829204,21847.800000000003,21847.800000000003,0.269725925925926,0.269725925925926,0.269725925925926,21847.800000000003,21847.800000000003,21847.800000000003,405000.0,1050000.0,0.3857142857142857,0.1747066492829204,15.0,10.0,0.0,0.0,0.2388010708234186,9.991901279107116,12.91164481522143,13.864301674514206,0.0,207090.0,0.17470664928292046
6855.0,12,1,270000.0,1,181000.0,1612,5,0,1.0,0,0,1.0,0,0,8.0,40.0,0.0,1,95000.0,208500,34.0,39.0,2,1,2021,40368.64,40368.64,181000.0,1.1151558011049725,0.6703703703703704,0,0.0,17375.0,0.0927769784172661,40368.64,40368.64,1.1151558011049725,1.1151558011049725,1.1151558011049725,40368.64,40368.64,40368.64,181000.0,270000.0,0.6703703703703704,0.0927769784172661,8.0,40.0,0.0,95000.0,0.7491284746101674,10.60583329629422,12.10625783509458,12.506180941677355,11.461642696843066,208500.0,0.09277697841726619
6859.0,42,1,190000.0,1,146000.0,1350,5,0,1.0,0,0,0.0,0,0,0.0,0.0,0.0,0,0.0,164000,40.0,0.0,1,1,2021,0.0,0.0,146000.0,,0.7684210526315789,0,0.0,13666.666666666666,0.098780487804878,0.0,0.0,,,,0.0,0.0,0.0,146000.0,190000.0,0.7684210526315789,0.098780487804878,0.0,0.0,0.0,0.0,,0.0,11.891368749982083,12.154784614286667,0.0,164000.0,0.09878048780487805
6862.0,42,1,500000.0,1,17000.0,743,5,0,1.0,0,0,1.0,0,0,10.0,0.0,0.0,1,78000.0,176000,54.0,50.0,0,1,2021,9042.8,9042.8,17000.0,2.6596470588235297,0.034,0,0.0,14666.666666666666,0.0506590909090909,9042.8,9042.8,2.6596470588235297,2.6596470588235297,2.6596470588235297,9042.8,9042.8,9042.8,17000.0,500000.0,0.034,0.0506590909090909,10.0,0.0,0.0,78000.0,1.29736671074798,9.10983471904454,9.741027444837728,13.122365377402328,11.264476926102368,176000.0,0.05065909090909091
6898.0,5,1,710000.0,1,533000.0,2800,5,0,1.0,7,0,1.0,0,0,10.0,7.0,0.0,1,112000.0,264100,40.0,43.0,2,1,2021,14841.319999999998,14841.319999999998,533000.0,0.1392243902439024,0.7507042253521127,0,0.0,22008.33333333333,0.1272245361605452,14841.319999999998,14841.319999999998,0.1392243902439024,0.1392243902439024,0.1392243902439024,14841.319999999998,14841.319999999998,14841.319999999998,533000.0,710000.0,0.7507042253521127,0.1272245361605452,10.0,7.0,0.0,112000.0,0.1303476714217197,9.605237838734254,13.186278579318827,13.47302165746721,11.6262630788088,264100.0,0.12722453616054524
6922.0,24,1,450000.0,1,146000.0,1900,5,0,1.0,0,0,1.0,0,0,8.0,0.0,0.0,1,24336.0,309286,48.0,47.0,0,1,2021,7234.24,7234.24,146000.0,0.2477479452054794,0.3244444444444444,0,0.0,25773.83333333333,0.0737181767037628,7234.24,7234.24,0.2477479452054794,0.2477479452054794,0.2477479452054794,7234.24,7234.24,7234.24,146000.0,450000.0,0.3244444444444444,0.0737181767037628,8.0,0.0,0.0,24336.0,0.2213402825663694,8.88671881059557,11.891368749982083,13.017005083966255,10.099753105042092,309286.0,0.07371817670376286
6932.0,41,1,375000.0,1,180000.0,1350,5,0,1.0,0,0,1.0,0,0,5.0,50.0,0.0,1,48000.0,170150,40.0,41.0,2,1,2021,45939.4,45939.4,180000.0,1.2760944444444444,0.48,0,0.0,14179.166666666666,0.0952101087275933,45939.4,45939.4,1.2760944444444444,1.2760944444444444,1.2760944444444444,45939.4,45939.4,45939.4,180000.0,375000.0,0.48,0.0952101087275933,5.0,50.0,0.0,48000.0,0.8224610112047588,10.735100183214326,12.100717685412471,12.83468397161566,10.778977123006351,170150.0,0.0952101087275933
6941.0,12,1,200000.0,1,105000.0,953,5,0,1.0,0,0,1.0,0,0,10.0,30.0,,1,12000.0,84550,38.0,37.0,1,1,2021,33893.6,33893.6,105000.0,1.6139809523809523,0.525,0,0.0,7045.833333333333,0.1352572442341809,33893.6,33893.6,1.6139809523809523,1.6139809523809523,1.6139809523809523,33893.6,33893.6,33893.6,105000.0,200000.0,0.525,0.1352572442341809,10.0,30.0,,12000.0,0.960874328404614,10.43101098864482,11.561725152903833,12.206077645517674,9.39274525863144,84550.0,0.13525724423418095
6945.0,37,1,380000.0,1,225000.0,1550,5,0,1.0,0,0,0.0,0,0,0.0,0.0,0.0,0,0.0,133250,50.0,0.0,1,1,2021,0.0,0.0,225000.0,,0.5921052631578947,0,0.0,11104.166666666666,0.1395872420262664,0.0,0.0,,,,0.0,0.0,0.0,225000.0,380000.0,0.5921052631578947,0.1395872420262664,0.0,0.0,0.0,0.0,,0.0,12.323860125621126,12.847929163278051,0.0,133250.0,0.13958724202626643
6953.0,37,1,130000.0,1,90000.0,99999,5,0,,0,0,3.0,0,0,5.0,12.0,0.0,5,0.0,68400,33.0,32.0,1,1,2021,14461.72,14461.72,90000.0,0.803428888888889,0.6923076923076923,0,0.0,5700.0,2.0,14461.72,14461.72,0.803428888888889,0.803428888888889,0.803428888888889,14461.72,14461.72,14461.72,90000.0,130000.0,0.6923076923076923,2.0,5.0,12.0,0.0,0.0,0.5896897910797345,9.579329583140773,11.407576060361786,11.775297421715829,0.0,68400.0,2.0
6957.0,34,1,180000.0,1,113500.0,1103,5,0,1.0,0,0,1.0,0,0,7.0,0.0,0.0,1,140000.0,240000,44.0,51.0,0,1,2021,6329.96,6329.96,113500.0,0.2788528634361233,0.6305555555555555,0,0.0,20000.0,0.05515,6329.96,6329.96,0.2788528634361233,0.2788528634361233,0.2788528634361233,6329.96,6329.96,6329.96,113500.0,180000.0,0.6305555555555555,0.05515,7.0,0.0,0.0,140000.0,0.2459634756632856,8.753207162406966,11.63956692643747,12.100717685412471,11.849404844423074,240000.0,0.05515
6964.0,35,1,360000.0,1,186000.0,1953,5,0,1.0,0,0,1.0,0,0,14.0,3.0,0.0,1,35000.0,290000,50.0,49.0,1,1,2021,15145.0,15145.0,186000.0,0.4071236559139785,0.5166666666666667,0,0.0,24166.666666666668,0.0808137931034482,15145.0,15145.0,0.4071236559139785,0.4071236559139785,0.4071236559139785,15145.0,15145.0,15145.0,186000.0,360000.0,0.5166666666666667,0.0808137931034482,14.0,3.0,0.0,35000.0,0.3415476604922174,9.625491749673769,12.133507329024972,12.793862088206213,10.463131911491969,290000.0,0.08081379310344827
6967.0,31,1,600000.0,1,460000.0,3700,5,0,1.0,0,0,1.0,0,0,21.0,133.0,0.0,1,150000.0,280000,33.0,31.0,2,1,2021,129161.76,129161.76,460000.0,1.4039321739130437,0.7666666666666667,0,0.0,23333.33333333333,0.1585714285714285,129161.76,129161.76,1.4039321739130437,1.4039321739130437,1.4039321739130437,129161.76,129161.76,129161.76,460000.0,600000.0,0.7666666666666667,0.1585714285714285,21.0,133.0,0.0,150000.0,0.8771058024284555,11.768828593488744,13.03898394237596,13.304686600863562,11.918397239722838,280000.0,0.15857142857142859
6973.0,20,1,450000.0,1,298000.0,2245,5,0,1.0,0,0,1.0,0,0,18.0,45.0,0.0,1,63000.0,127050,31.0,30.0,1,1,2021,53553.23999999999,53553.23999999999,298000.0,0.8985442953020133,0.6622222222222223,0,0.0,10587.5,0.2120425029515938,53553.23999999999,53553.23999999999,0.8985442953020133,0.8985442953020133,0.8985442953020133,53553.23999999999,53553.23999999999,53553.23999999999,298000.0,450000.0,0.6622222222222223,0.2120425029515938,18.0,45.0,0.0,63000.0,0.6410874321541804,10.888450251079457,12.604852121186608,13.017005083966255,11.050905878263569,127050.0,0.21204250295159385
6977.0,4,1,300000.0,1,235000.0,1576,5,0,1.0,0,0,1.0,0,0,8.0,0.0,0.0,1,,86794,38.0,36.0,0,1,2021,7234.24,7234.24,235000.0,0.15392,0.7833333333333333,0,0.0,7232.833333333333,0.2178952462151761,7234.24,7234.24,0.15392,0.15392,0.15392,7234.24,7234.24,7234.24,235000.0,300000.0,0.7833333333333333,0.2178952462151761,8.0,0.0,0.0,,0.1431648415927607,8.88671881059557,12.367345048436391,12.611541086966117,,86794.0,0.21789524621517617
7014.0,19,1,1500000.0,1,996463.0,10350,5,0,1.0,0,0,1.0,0,0,12.0,40.0,0.0,1,68978.0,411624,41.0,40.0,3,1,2021,43985.76000000001,43985.76000000001,996463.0,0.2207094493222528,0.6643086666666667,0,0.0,34302.0,0.3017316774532097,43985.76000000001,43985.76000000001,0.2207094493222528,0.2207094493222528,0.2207094493222528,43985.76000000001,43985.76000000001,43985.76000000001,701100.0000000001,1500000.0,0.6643086666666667,0.3017316774532097,12.0,40.0,0.0,68978.0,0.1994322055682625,10.691643958527266,13.460407235524094,14.220976332738882,11.14155738943011,411624.0,0.3017316774532097
7016.0,46,1,650000.0,1,167717.0,1700,5,0,1.0,0,0,1.0,0,0,2.0,30.0,,1,133332.0,223482,35.0,34.0,1,1,2021,26659.36,26659.36,167717.0,0.7947721459363093,0.2580261538461538,0,0.0,18623.5,0.0912825193975353,26659.36,26659.36,0.7947721459363093,0.7947721459363093,0.7947721459363093,26659.36,26659.36,26659.36,167717.0,650000.0,0.2580261538461538,0.0912825193975353,2.0,30.0,,133332.0,0.5848780756858653,10.190933097017371,12.030039276577302,13.384729180332174,11.800605037418883,223482.0,0.09128251939753537
7020.0,13,1,80000.0,1,35000.0,200,5,0,4.0,6,0,4.0,0,0,21.0,30.0,0.0,5,0.0,25632,85.0,85.0,0,1,2021,43840.67999999999,43840.67999999999,35000.0,6.262954285714285,0.4375,0,0.0,2136.0,0.0936329588014981,43840.67999999999,43840.67999999999,6.262954285714285,6.262954285714285,6.262954285714285,43840.67999999999,43840.67999999999,43840.67999999999,35000.0,80000.0,0.4375,0.0936329588014981,21.0,30.0,0.0,0.0,1.9827866724715344,10.688340242055544,10.463131911491969,11.289794413577894,0.0,25632.0,0.09363295880149813
7023.0,14,1,179000.0,1,150000.0,1400,1,5,1.0,0,0,1.0,7,0,10.0,40.0,7.0,1,30000.0,51400,35.0,29.0,5,1,2021,50418.16,50418.16,150000.0,1.6806053333333335,0.8379888268156425,0,1.0,4283.333333333333,0.3268482490272373,50418.16,50418.16,1.6806053333333335,1.6806053333333335,1.6806053333333335,50418.16,50418.16,50418.16,150000.0,179000.0,0.8379888268156425,0.3268482490272373,10.0,40.0,7.0,30000.0,0.9860426396645976,10.828126540547595,11.918397239722838,12.095146671399466,10.308985993422082,51400.0,0.32684824902723736
7043.0,46,1,485000.0,1,143000.0,1300,5,0,1.0,0,0,1.0,0,0,10.0,0.0,0.0,1,5000.0,129408,53.0,49.0,1,1,2021,9042.8,9042.8,143000.0,0.3161818181818182,0.2948453608247423,0,0.0,10784.0,0.1205489614243323,9042.8,9042.8,0.3161818181818182,0.3161818181818182,0.3161818181818182,9042.8,9042.8,9042.8,143000.0,485000.0,0.2948453608247423,0.1205489614243323,10.0,0.0,0.0,5000.0,0.2747349830725791,9.10983471904454,11.870606902224589,13.091906231773164,8.517393171418904,129408.0,0.12054896142433234
7049.0,20,1,750000.0,1,17500.0,2280,5,0,1.0,0,0,1.0,0,0,15.0,0.0,0.0,1,5500.0,309626,52.0,49.0,0,1,2021,13564.2,13564.2,17500.0,3.8754857142857135,0.0233333333333333,0,0.0,25802.166666666668,0.0883646722174494,13564.2,13564.2,3.8754857142857135,3.8754857142857135,3.8754857142857135,13564.2,13564.2,13564.2,17500.0,750000.0,0.0315099999999999,0.0883646722174494,15.0,0.0,0.0,5500.0,1.5842197331863366,9.515262968810363,9.770013301136158,13.527829818844936,8.612685172875459,309626.0,0.08836467221744944
7056.0,31,1,310000.0,1,185000.0,1540,5,0,1.0,0,0,0.0,0,0,0.0,0.0,0.0,0,0.0,129600,39.0,0.0,0,1,2021,0.0,0.0,185000.0,,0.5967741935483871,0,0.0,10800.0,0.1425925925925926,0.0,0.0,,,,0.0,0.0,0.0,185000.0,310000.0,0.5967741935483871,0.1425925925925926,0.0,0.0,0.0,0.0,,0.0,12.128116509451258,12.644330802262578,0.0,129600.0,0.1425925925925926
7060.0,41,1,190000.0,1,160000.0,1000,5,0,1.0,0,0,1.0,0,0,6.0,8.0,20.0,5,0.0,35344,28.0,29.0,0,1,2021,35598.16,35598.16,160000.0,1.1124425,0.8421052631578947,0,0.0,2945.333333333333,0.3395201448619284,35598.16,35598.16,1.1124425,1.1124425,1.1124425,35598.16,35598.16,35598.16,160000.0,190000.0,0.8421052631578947,0.3395201448619284,6.0,8.0,20.0,0.0,0.7478448609438387,10.480077321056124,11.982935344196433,12.154784614286667,0.0,35344.0,0.33952014486192844
7072.0,20,1,840000.0,1,290000.0,2800,5,0,1.0,0,0,1.0,0,0,7.0,20.0,0.0,1,95000.0,395000,40.0,37.0,2,1,2021,22897.160000000003,22897.160000000003,290000.0,0.3947786206896552,0.3452380952380952,0,0.0,32916.666666666664,0.0850632911392405,22897.160000000003,22897.160000000003,0.3947786206896552,0.3947786206896552,0.3947786206896552,22897.160000000003,22897.160000000003,22897.160000000003,290000.0,840000.0,0.3452380952380952,0.0850632911392405,7.0,20.0,0.0,95000.0,0.3327357078338442,10.038811836969172,12.577639650232571,13.64115836129498,11.461642696843066,395000.0,0.08506329113924051
7075.0,20,1,375000.0,1,270000.0,2187,5,0,1.0,0,0,1.0,0,0,14.0,50.0,0.0,1,87000.0,227400,52.0,46.0,2,1,2021,54077.92,54077.92,270000.0,1.0014429629629629,0.72,0,0.0,18950.0,0.1154089709762533,54077.92,54077.92,1.0014429629629629,1.0014429629629629,1.0014429629629629,54077.92,54077.92,54077.92,270000.0,375000.0,0.72,0.1154089709762533,14.0,50.0,0.0,87000.0,0.6938684018987805,10.898199740103234,12.506180941677355,12.83468397161566,11.373674891823535,227400.0,0.1154089709762533
7080.0,4,1,728000.0,1,505463.0,3389,5,0,1.0,0,0,1.0,0,0,12.0,0.0,0.0,1,85000.0,147710,55.0,52.0,0,1,2021,10851.36,10851.36,505463.0,0.1073407944795168,0.6943173076923077,0,0.0,12309.166666666666,0.2753232685667863,10851.36,10851.36,0.1073407944795168,0.1073407944795168,0.1073407944795168,10851.36,10851.36,10851.36,505463.0,728000.0,0.6943173076923077,0.2753232685667863,12.0,0.0,0.0,85000.0,0.1019614604408566,9.29213784683714,13.13323209828943,13.498057700804251,11.350418300109132,147710.0,0.2753232685667863
7090.0,46,1,900000.0,1,400000.0,3100,5,0,1.0,0,0,0.0,0,0,0.0,0.0,0.0,0,0.0,146789,36.0,0.0,0,1,2021,0.0,0.0,400000.0,,0.4444444444444444,0,0.0,12232.416666666666,0.2534249841609385,0.0,0.0,,,,0.0,0.0,0.0,400000.0,900000.0,0.4444444444444444,0.2534249841609385,0.0,0.0,0.0,0.0,,0.0,12.899222326086994,13.71015115341694,0.0,146789.0,0.2534249841609385
7098.0,32,1,175000.0,1,100000.0,1100,5,0,1.0,0,0,1.0,0,0,10.0,,,1,,55263,60.0,57.0,0,1,2021,9042.8,9042.8,100000.0,0.45214,0.5714285714285714,0,0.0,4605.25,0.2388578253080723,9042.8,9042.8,0.45214,0.45214,0.45214,9042.8,9042.8,9042.8,100000.0,175000.0,0.5714285714285714,0.2388578253080723,10.0,,,,0.3730383304873995,9.10983471904454,11.51293546492023,12.07254696717504,,55263.0,0.2388578253080723
7104.0,16,1,82000.0,1,62000.0,580,5,0,5.0,0,0,0.0,0,0,0.0,0.0,0.0,0,0.0,26993,60.0,0.0,2,1,2021,0.0,0.0,62000.0,,0.7560975609756098,0,0.0,2249.4166666666665,0.2578446263846182,0.0,0.0,,,,0.0,0.0,0.0,62000.0,82000.0,0.7560975609756098,0.2578446263846182,0.0,0.0,0.0,0.0,,0.0,11.034905792929417,11.31448672129398,0.0,26993.0,0.25784462638461825
7112.0,16,1,125000.0,1,55000.0,998,5,0,1.0,0,0,1.0,0,0,10.0,30.0,0.0,1,86000.0,126000,40.0,40.0,1,1,2021,33893.6,33893.6,55000.0,3.081236363636364,0.44,0,0.0,10500.0,0.095047619047619,33893.6,33893.6,3.081236363636364,3.081236363636364,3.081236363636364,33893.6,33893.6,33893.6,55000.0,125000.0,0.44,0.095047619047619,10.0,30.0,0.0,86000.0,1.406399972814692,10.43101098864482,10.915106645867503,11.736077016252436,11.362114203075018,126000.0,0.09504761904761905
7120.0,41,1,300000.0,1,110000.0,986,5,0,1.0,0,0,0.0,0,0,0.0,0.0,0.0,0,0.0,68010,40.0,0.0,0,1,2021,0.0,0.0,110000.0,,0.3666666666666666,0,0.0,5667.5,0.1739744155271283,0.0,0.0,,,,0.0,0.0,0.0,110000.0,300000.0,0.3666666666666666,0.1739744155271283,0.0,0.0,0.0,0.0,,0.0,11.60824473564232,12.611541086966117,0.0,68010.0,0.17397441552712836
7121.0,20,1,175000.0,1,71000.0,635,5,0,1.0,0,0,0.0,0,0,0.0,0.0,0.0,0,0.0,71575,32.0,0.0,0,1,2021,0.0,0.0,71000.0,,0.4057142857142857,0,0.0,5964.583333333333,0.1064617534055187,0.0,0.0,,,,0.0,0.0,0.0,71000.0,175000.0,0.4057142857142857,0.1064617534055187,0.0,0.0,0.0,0.0,,0.0,11.170449240431308,12.07254696717504,0.0,71575.0,0.1064617534055187
7122.0,5,1,285000.0,1,254000.0,1275,5,0,,0,0,0.0,0,0,0.0,0.0,0.0,0,0.0,76000,41.0,0.0,0,1,2021,0.0,0.0,254000.0,,0.8912280701754386,0,0.0,6333.333333333333,0.2013157894736842,0.0,0.0,,,,0.0,0.0,0.0,254000.0,285000.0,0.8912280701754386,0.2013157894736842,0.0,0.0,0.0,0.0,,0.0,12.445093483000798,12.560247968016562,0.0,76000.0,0.20131578947368423
7133.0,3,1,200000.0,1,90000.0,1000,5,0,1.0,0,0,1.0,0,0,14.0,5.0,5.0,1,48000.0,96764,42.0,54.0,0,1,2021,22688.12,22688.12,90000.0,1.260451111111111,0.45,0,0.0,8063.666666666667,0.124013062709272,22688.12,22688.12,1.260451111111111,1.260451111111111,1.260451111111111,22688.12,22688.12,22688.12,90000.0,200000.0,0.45,0.124013062709272,14.0,5.0,5.0,48000.0,0.8155644000517628,10.029640793416672,11.407576060361786,12.206077645517674,10.778977123006351,96764.0,0.12401306270927204
7145.0,42,1,335000.0,1,208000.0,1000,5,0,1.0,0,0,2.0,0,0,7.0,135.0,0.0,1,65000.0,139030,35.0,35.0,3,1,2021,118158.56,118158.56,208000.0,2.8403500000000004,0.6208955223880597,0,0.0,11585.833333333334,0.0863123066963964,118158.56,118158.56,2.8403500000000004,2.8403500000000004,2.8403500000000004,118158.56,118158.56,118158.56,208000.0,335000.0,0.6208955223880597,0.0863123066963964,7.0,135.0,0.0,65000.0,1.34556350827944,11.67979119343394,12.245298166364206,12.721888795877376,11.082157933374816,139030.0,0.08631230669639646
7155.0,43,1,250000.0,1,216617.0,1191,5,0,1.0,0,0,6.0,1,0,20.0,6.0,,1,10915.0,131783,50.0,50.0,2,1,2021,23055.76,23055.76,216617.0,0.5321779915703753,0.866468,1,0.0,10981.916666666666,0.1084510141672294,23055.76,23055.76,0.5321779915703753,0.5321779915703753,0.5321779915703753,23055.76,23055.76,23055.76,216617.0,250000.0,0.866468,0.1084510141672294,20.0,6.0,,10915.0,0.4266902470569272,10.045714280916014,12.285890712589282,12.429220196836384,9.29798488182823,131783.0,0.10845101416722946
7156.0,34,1,70000.0,1,33000.0,554,5,0,3.0,0,0,6.0,0,0,25.0,20.0,0.0,5,0.0,11000,61.0,59.0,0,1,2021,39174.2,39174.2,33000.0,5.935484848484849,0.4714285714285714,1,0.0,916.6666666666666,0.6043636363636364,39174.2,39174.2,5.935484848484849,5.935484848484849,5.935484848484849,39174.2,39174.2,39174.2,33000.0,70000.0,0.4714285714285714,0.6043636363636364,25.0,20.0,0.0,0.0,1.9366509645868335,10.575799172507937,10.404293143019792,11.156264806643742,0.0,11000.0,0.6043636363636364
7157.0,41,1,750000.0,1,300000.0,1500,5,0,1.0,0,0,1.0,0,0,12.0,6.0,1.0,5,0.0,105000,41.0,40.0,3,1,2021,16998.8,16998.8,300000.0,0.2833133333333333,0.4,0,0.0,8750.0,0.1714285714285714,16998.8,16998.8,0.2833133333333333,0.2833133333333333,0.2833133333333333,16998.8,16998.8,16998.8,300000.0,750000.0,0.4,0.1714285714285714,12.0,6.0,1.0,0.0,0.2494452750945604,9.740956858263266,12.611541086966117,13.527829818844936,0.0,105000.0,0.17142857142857143
7171.0,3,1,275000.0,1,219000.0,1193,5,0,1.0,0,0,1.0,0,0,10.0,0.0,0.0,1,30000.0,153000,57.0,47.0,0,1,2021,9042.8,9042.8,219000.0,0.2064566210045662,0.7963636363636364,0,0.0,12750.0,0.0935686274509804,9042.8,9042.8,0.2064566210045662,0.2064566210045662,0.2064566210045662,9042.8,9042.8,9042.8,219000.0,275000.0,0.7963636363636364,0.0935686274509804,10.0,0.0,0.0,30000.0,0.1876876510267657,9.10983471904454,12.296831574998258,12.524530013005734,10.308985993422082,153000.0,0.0935686274509804
7173.0,4,1,350000.0,1,250000.0,1700,5,0,6.0,6,0,1.0,6,0,4.0,7.0,,1,37000.0,149080,48.0,49.0,4,1,2021,9415.64,9415.64,250000.0,0.1883127999999999,0.7142857142857143,0,0.0,12423.333333333334,0.1368392809229943,9415.64,9415.64,0.1883127999999999,0.1883127999999999,0.1883127999999999,9415.64,9415.64,9415.64,250000.0,350000.0,0.7142857142857143,0.1368392809229943,4.0,7.0,,37000.0,0.1725344859464797,9.15023361604406,12.429220196836384,12.765691290604371,10.518700218288163,149080.0,0.13683928092299436
7174.0,37,1,230000.0,1,200000.0,1100,5,0,1.0,0,0,1.0,0,0,5.0,5.0,5.0,1,55000.0,130000,38.0,49.0,0,1,2021,14549.6,14549.6,200000.0,0.36374,0.8695652173913043,0,0.0,10833.333333333334,0.1015384615384615,14549.6,14549.6,0.36374,0.36374,0.36374,14549.6,14549.6,14549.6,200000.0,230000.0,0.8695652173913043,0.1015384615384615,5.0,5.0,5.0,55000.0,0.3102309254159858,9.585387508862814,12.206077645517674,12.345838935721968,10.915106645867503,130000.0,0.10153846153846154
7178.0,10,1,175000.0,1,52000.0,679,5,0,5.0,0,0,0.0,0,0,0.0,0.0,0.0,0,0.0,44426,50.0,0.0,1,1,2021,0.0,0.0,52000.0,,0.2971428571428571,0,0.0,3702.1666666666665,0.1834061135371179,0.0,0.0,,,,0.0,0.0,0.0,52000.0,175000.0,0.2971428571428571,0.1834061135371179,0.0,0.0,0.0,0.0,,0.0,10.859018228147889,12.07254696717504,0.0,44426.0,0.18340611353711792
7179.0,34,1,310000.0,1,255000.0,1650,5,0,1.0,0,0,1.0,0,0,8.0,0.0,0.0,1,77000.0,164740,50.0,45.0,0,1,2021,7234.24,7234.24,255000.0,0.1418478431372549,0.8225806451612904,0,0.0,13728.333333333334,0.1201893893407794,7234.24,7234.24,0.1418478431372549,0.1418478431372549,0.1418478431372549,7234.24,7234.24,7234.24,255000.0,310000.0,0.8225806451612904,0.1201893893407794,8.0,0.0,0.0,77000.0,0.1326478651741675,8.88671881059557,12.449022745701502,12.644330802262578,11.251573687764475,164740.0,0.1201893893407794
7184.0,24,1,135000.0,1,115000.0,766,5,0,1.0,0,0,1.0,0,0,10.0,48.0,,1,35000.0,87024,29.0,25.0,1,1,2021,48804.08,48804.08,115000.0,2.1219165217391307,0.8518518518518519,0,0.0,7252.0,0.1056260341974627,48804.08,48804.08,2.1219165217391307,2.1219165217391307,2.1219165217391307,48804.08,48804.08,48804.08,115000.0,135000.0,0.8518518518518519,0.1056260341974627,10.0,48.0,,35000.0,1.138447083023112,10.795589684784035,11.652696102959752,11.81303746480054,10.463131911491969,87024.0,0.10562603419746276
7188.0,9,1,180000.0,1,3000.0,1600,5,0,2.0,1,0,1.0,0,0,3.0,4.0,0.0,1,35000.0,75000,37.0,39.0,4,1,2021,6026.28,6026.28,3000.0,10.0438,0.0166666666666666,0,0.0,6250.0,0.256,6026.28,6026.28,10.0438,10.0438,10.0438,6026.28,6026.28,6026.28,6000.0,180000.0,0.0315099999999999,0.256,3.0,4.0,0.0,35000.0,2.401869184523272,8.704051110011356,8.699681400989514,12.100717685412471,10.463131911491969,75000.0,0.256
7192.0,32,1,160000.0,1,128000.0,841,5,0,1.0,0,0,0.0,0,0,0.0,0.0,0.0,0,0.0,27000,37.0,0.0,2,1,2021,0.0,0.0,128000.0,,0.8,0,0.0,2250.0,0.3737777777777777,0.0,0.0,,,,0.0,0.0,0.0,128000.0,160000.0,0.8,0.3737777777777777,0.0,0.0,0.0,0.0,,0.0,11.759793355371237,11.982935344196433,0.0,27000.0,0.37377777777777776
7199.0,21,1,270000.0,1,62000.0,1010,5,0,1.0,6,0,1.0,0,0,10.0,55.0,0.0,1,67000.0,79700,36.0,36.0,3,1,2021,54602.6,54602.6,62000.0,4.403435483870967,0.2296296296296296,0,0.0,6641.666666666667,0.1520702634880802,54602.6,54602.6,4.403435483870967,4.403435483870967,4.403435483870967,54602.6,54602.6,54602.6,62000.0,270000.0,0.2296296296296296,0.1520702634880802,10.0,55.0,0.0,67000.0,1.687034951997192,10.907855093625376,11.034905792929417,12.506180941677355,11.112462823634855,79700.0,0.15207026348808028
7200.0,37,1,200000.0,1,176000.0,1030,5,0,1.0,0,0,0.0,0,0,0.0,0.0,0.0,0,0.0,180610,38.0,0.0,2,1,2021,0.0,0.0,176000.0,,0.88,0,0.0,15050.833333333334,0.0684347489064835,0.0,0.0,,,,0.0,0.0,0.0,176000.0,200000.0,0.88,0.0684347489064835,0.0,0.0,0.0,0.0,,0.0,12.07824495582233,12.206077645517674,0.0,180610.0,0.06843474890648359
7201.0,49,1,800000.0,1,250000.0,1400,5,0,1.0,0,0,1.0,0,0,10.0,20.0,0.0,1,65000.0,170000,33.0,31.0,3,1,2021,25610.0,25610.0,250000.0,0.5122,0.3125,0,0.0,14166.666666666666,0.0988235294117647,25610.0,25610.0,0.5122,0.5122,0.5122,25610.0,25610.0,25610.0,250000.0,800000.0,0.3125,0.0988235294117647,10.0,20.0,0.0,65000.0,0.4135655441420324,10.150777225678416,12.429220196836384,13.592368256649284,11.082157933374816,170000.0,0.09882352941176471
7207.0,9,1,405000.0,1,308000.0,2002,5,0,1.0,0,0,1.0,0,0,7.0,55.0,0.0,1,70000.0,170010,40.0,40.0,3,1,2021,51889.76,51889.76,308000.0,0.8423662337662338,0.7604938271604939,0,0.0,14167.5,0.141309334745015,51889.76,51889.76,0.8423662337662338,0.8423662337662338,0.8423662337662338,51889.76,51889.76,51889.76,308000.0,405000.0,0.7604938271604939,0.141309334745015,7.0,55.0,0.0,70000.0,0.6110507420475733,10.856896018621844,12.637858308703688,12.91164481522143,11.156264806643742,170010.0,0.141309334745015
7208.0,32,1,380000.0,1,241300.0,1600,5,0,1.0,0,0,1.0,0,0,15.0,60.0,0.0,1,62000.0,132150,41.0,37.0,1,1,2021,63265.8,63265.8,241300.0,1.3109365934521344,0.635,0,0.0,11012.5,0.1452894438138479,63265.8,63265.8,1.3109365934521344,1.3109365934521344,1.3109365934521344,63265.8,63265.8,63265.8,241300.0,380000.0,0.635,0.1452894438138479,15.0,60.0,0.0,62000.0,0.8376528940712488,11.055115983969191,12.39380039582335,12.847929163278051,11.034905792929417,132150.0,0.1452894438138479
7209.0,14,1,190000.0,1,120000.0,1094,5,0,1.0,0,0,1.0,0,0,14.0,45.0,0.0,1,54000.0,134000,41.0,38.0,1,1,2021,49936.12,49936.12,120000.0,2.080671666666667,0.631578947368421,0,0.0,11166.666666666666,0.0979701492537313,49936.12,49936.12,2.080671666666667,2.080671666666667,2.080671666666667,49936.12,49936.12,49936.12,120000.0,190000.0,0.631578947368421,0.0979701492537313,14.0,45.0,0.0,54000.0,1.1251476468039672,10.818519892967789,11.695255355062796,12.154784614286667,10.896757843893464,134000.0,0.09797014925373135
7217.0,37,1,370000.0,1,270000.0,2600,5,0,1.0,0,0,0.0,0,0,0.0,0.0,0.0,0,0.0,195200,52.0,0.0,0,1,2021,0.0,0.0,270000.0,,0.7297297297297297,0,0.0,16266.666666666666,0.1598360655737705,0.0,0.0,,,,0.0,0.0,0.0,270000.0,370000.0,0.7297297297297297,0.1598360655737705,0.0,0.0,0.0,0.0,,0.0,12.506180941677355,12.821260987319455,0.0,195200.0,0.1598360655737705
7219.0,28,1,400000.0,1,220000.0,1622,5,0,1.0,0,0,1.0,0,0,7.0,10.0,0.0,1,49400.0,113766,40.0,35.0,3,1,2021,14613.56,14613.56,220000.0,0.3321263636363636,0.55,0,0.0,9480.5,0.1710880227836084,14613.56,14613.56,0.3321263636363636,0.3321263636363636,0.3321263636363636,14613.56,14613.56,14613.56,220000.0,400000.0,0.55,0.1710880227836084,7.0,10.0,0.0,49400.0,0.2867764352134193,9.589773571036728,12.301387370778713,12.899222326086994,10.807725945886109,113766.0,0.17108802278360846
7226.0,34,1,190000.0,1,163000.0,900,5,0,2.0,0,0,0.0,0,0,0.0,0.0,0.0,0,0.0,79340,48.0,0.0,2,1,2021,0.0,0.0,163000.0,,0.8578947368421053,0,0.0,6611.666666666667,0.1361230148726997,0.0,0.0,,,,0.0,0.0,0.0,163000.0,190000.0,0.8578947368421053,0.1361230148726997,0.0,0.0,0.0,0.0,,0.0,12.001511614739403,12.154784614286667,0.0,79340.0,0.13612301487269976
7244.0,45,1,80000.0,1,22000.0,700,5,0,1.0,0,0,6.0,0,0,50.0,0.0,0.0,5,0.0,83590,44.0,44.0,0,1,2021,45214.0,45214.0,22000.0,10.27590909090909,0.275,1,0.0,6965.833333333333,0.1004904892929776,45214.0,45214.0,10.27590909090909,10.27590909090909,10.27590909090909,45214.0,45214.0,45214.0,22000.0,80000.0,0.275,0.1004904892929776,50.0,0.0,0.0,0.0,2.4226685110438693,10.71918416917458,9.99884318585288,11.289794413577894,0.0,83590.0,0.10049048929297763
7253.0,39,1,280000.0,1,144000.0,1047,5,0,1.0,0,0,0.0,0,0,0.0,0.0,0.0,0,0.0,115075,50.0,0.0,1,1,2021,0.0,0.0,144000.0,,0.5142857142857142,0,0.0,9589.583333333334,0.1091809689333043,0.0,0.0,,,,0.0,0.0,0.0,144000.0,280000.0,0.5142857142857142,0.1091809689333043,0.0,0.0,0.0,0.0,,0.0,11.87757552297847,12.54254845357358,0.0,115075.0,0.10918096893330435
7268.0,13,1,175000.0,1,120000.0,1000,5,0,1.0,7,0,1.0,0,0,4.0,,,1,85000.0,119820,36.0,36.0,0,1,2021,3617.12,3617.12,120000.0,0.1507133333333333,0.6857142857142857,0,0.0,9985.0,0.100150225338007,3617.12,3617.12,0.1507133333333333,0.1507133333333333,0.1507133333333333,3617.12,3617.12,3617.12,120000.0,175000.0,0.6857142857142857,0.100150225338007,4.0,,,85000.0,0.1403820399299961,8.193709832901066,11.695255355062796,12.07254696717504,11.350418300109132,119820.0,0.100150225338007
7271.0,6,1,200000.0,1,146000.0,1500,5,0,1.0,0,0,0.0,0,0,0.0,0.0,0.0,0,0.0,49075,59.0,0.0,0,1,2021,0.0,0.0,146000.0,,0.73,0,0.0,4089.5833333333335,0.3667855323484462,0.0,0.0,,,,0.0,0.0,0.0,146000.0,200000.0,0.73,0.3667855323484462,0.0,0.0,0.0,0.0,,0.0,11.891368749982083,12.206077645517674,0.0,49075.0,0.36678553234844624
7277.0,9,1,360000.0,1,210000.0,900,5,0,4.0,0,0,4.0,0,0,,,,5,0.0,0,71.0,63.0,0,1,2021,0.0,0.0,210000.0,,0.5833333333333334,0,0.0,0.0,,0.0,0.0,,,,0.0,0.0,0.0,210000.0,360000.0,0.5833333333333334,,,,,0.0,,0.0,12.25486757159303,12.793862088206213,0.0,,
7285.0,21,1,536000.0,1,169000.0,1600,5,0,1.0,0,0,0.0,0,0,0.0,0.0,0.0,0,0.0,86792,42.0,0.0,2,1,2021,0.0,0.0,169000.0,,0.3152985074626865,0,0.0,7232.666666666667,0.2212185454880634,0.0,0.0,,,,0.0,0.0,0.0,169000.0,536000.0,0.3152985074626865,0.2212185454880634,0.0,0.0,0.0,0.0,,0.0,12.037659911047468,13.19189130572284,0.0,86792.0,0.2212185454880634
7286.0,45,1,550000.0,1,55000.0,2500,5,0,1.0,0,0,1.0,0,0,4.0,4.0,4.0,1,65000.0,322000,62.0,65.0,0,1,2021,11639.68,11639.68,55000.0,1.0581527272727274,0.1,0,0.0,26833.33333333333,0.093167701863354,11639.68,11639.68,1.0581527272727274,1.0581527272727274,1.0581527272727274,11639.68,11639.68,11639.68,55000.0,550000.0,0.1,0.093167701863354,4.0,4.0,4.0,65000.0,0.7218088461611035,9.362261138823078,10.915106645867503,13.21767537538882,11.082157933374816,322000.0,0.09316770186335405
7296.0,26,1,295000.0,1,60000.0,1700,5,0,4.0,0,0,4.0,0,0,2.0,2.0,0.0,5,0.0,158840,75.0,73.0,0,1,2021,3465.28,3465.28,60000.0,0.2887733333333333,0.2033898305084746,0,0.0,13236.666666666666,0.1284311256610425,3465.28,3465.28,0.2887733333333333,0.2887733333333333,0.2887733333333333,3465.28,3465.28,3465.28,60000.0,295000.0,0.2033898305084746,0.1284311256610425,2.0,2.0,0.0,0.0,0.2536908615844205,8.15083725177894,11.002116507732016,12.59473402514672,0.0,158840.0,0.12843112566104256
7308.0,16,1,148000.0,1,80000.0,525,5,0,3.0,0,0,0.0,0,0,0.0,0.0,0.0,0,0.0,32866,34.0,0.0,3,1,2021,0.0,0.0,80000.0,,0.5405405405405406,0,0.0,2738.833333333333,0.1916874581634516,0.0,0.0,,,,0.0,0.0,0.0,80000.0,148000.0,0.5405405405405406,0.1916874581634516,0.0,0.0,0.0,0.0,,0.0,11.289794413577894,11.904974309480185,0.0,32866.0,0.1916874581634516
7312.0,21,1,800000.0,1,540000.0,2611,5,0,6.0,0,0,1.0,0,0,5.0,2.0,2.0,1,235000.0,277975,54.0,52.0,2,1,2021,8532.68,8532.68,540000.0,0.0790062962962963,0.675,0,0.0,23164.58333333333,0.1127151722277183,8532.68,8532.68,0.0790062962962963,0.0790062962962963,0.0790062962962963,8532.68,8532.68,8532.68,540000.0,800000.0,0.675,0.1127151722277183,5.0,2.0,2.0,200000.0,0.0760405215660123,9.051775965974372,13.199326270390594,13.592368256649284,12.206077645517674,277975.0,0.11271517222771833
7320.0,19,1,525000.0,1,263000.0,2000,1,5,2.0,0,0,6.0,0,0,20.0,60.0,0.0,1,4800.0,204066,36.0,33.0,5,1,2021,67787.2,67787.2,263000.0,1.2887300380228135,0.5009523809523809,1,1.0,17005.5,0.1176090088500779,67787.2,67787.2,1.2887300380228135,1.2887300380228135,1.2887300380228135,67787.2,67787.2,67787.2,263000.0,525000.0,0.5009523809523809,0.1176090088500779,20.0,60.0,0.0,4800.0,0.8279970951871453,11.124143417483609,12.479913113434042,13.171155446333852,8.476579508530941,204066.0,0.11760900885007791
7339.0,14,1,250000.0,1,38000.0,822,5,0,1.0,0,0,1.0,0,0,18.0,3.0,0.0,1,56600.0,95708,54.0,51.0,2,1,2021,18762.12,18762.12,38000.0,2.4687,0.152,0,0.0,7975.666666666667,0.1030634847661637,18762.12,18762.12,2.4687,2.4687,2.4687,18762.12,18762.12,18762.12,38000.0,250000.0,0.152,0.1030634847661637,18.0,3.0,0.0,56600.0,1.2437798839943046,9.839648520032664,10.545367754151744,12.429220196836384,10.943781931879723,95708.0,0.10306348476616374
7350.0,32,1,180000.0,1,128000.0,1074,5,0,1.0,0,0,0.0,0,0,0.0,0.0,0.0,0,0.0,24560,38.0,0.0,2,1,2021,0.0,0.0,128000.0,,0.7111111111111111,0,0.0,2046.6666666666667,0.5247557003257329,0.0,0.0,,,,0.0,0.0,0.0,128000.0,180000.0,0.7111111111111111,0.5247557003257329,0.0,0.0,0.0,0.0,,0.0,11.759793355371237,12.100717685412471,0.0,24560.0,0.5247557003257329
7360.0,30,1,220000.0,1,195000.0,850,5,0,1.0,0,0,6.0,6,0,21.0,40.0,0.0,5,0.0,52180,36.0,38.0,2,1,2021,52124.280000000006,52124.280000000006,195000.0,1.3365200000000002,0.8863636363636364,1,0.0,4348.333333333333,0.1954771943273285,52124.280000000006,52124.280000000006,1.3365200000000002,1.3365200000000002,1.3365200000000002,52124.280000000006,52124.280000000006,52124.280000000006,195000.0,220000.0,0.8863636363636364,0.1954771943273285,21.0,40.0,0.0,0.0,0.848662642933393,10.861405330789314,12.180759965737863,12.301387370778713,0.0,52180.0,0.1954771943273285
7391.0,24,1,375000.0,1,231000.0,1600,5,0,1.0,0,0,6.0,0,0,20.0,50.0,0.0,1,70000.0,218800,38.0,38.0,3,1,2021,59503.6,59503.6,231000.0,1.28795670995671,0.616,1,0.0,18233.33333333333,0.0877513711151736,59503.6,59503.6,1.28795670995671,1.28795670995671,1.28795670995671,59503.6,59503.6,59503.6,231000.0,375000.0,0.616,0.0877513711151736,20.0,50.0,0.0,70000.0,0.8276591528650912,10.993808899469755,12.35017731849889,12.83468397161566,11.156264806643742,218800.0,0.08775137111517368
7397.0,21,1,500000.0,1,153900.0,1479,5,0,1.0,0,0,1.0,6,0,18.0,8.0,0.0,1,23545.0,156555,49.0,48.0,2,1,2021,22903.92,22903.92,153900.0,0.7441169590643274,0.3078,0,0.0,13046.25,0.1133659097441793,22903.92,22903.92,0.7441169590643274,0.7441169590643274,0.7441169590643274,22903.92,22903.92,22903.92,153900.0,500000.0,0.3078,0.1133659097441793,18.0,8.0,0.0,23545.0,0.5562483869217935,10.039107013627556,11.944064817531656,13.122365377402328,10.06671123363814,156555.0,0.11336590974417936
7401.0,41,1,300000.0,1,198000.0,1210,5,0,1.0,0,0,0.0,0,0,0.0,0.0,0.0,0,0.0,92732,43.0,0.0,2,1,2021,0.0,0.0,198000.0,,0.66,0,0.0,7727.666666666667,0.1565802527714273,0.0,0.0,,,,0.0,0.0,0.0,198000.0,300000.0,0.66,0.1565802527714273,0.0,0.0,0.0,0.0,,0.0,12.19602736016897,12.611541086966117,0.0,92732.0,0.15658025277142734
7403.0,32,1,393900.0,1,264936.0,2158,5,0,1.0,0,0,1.0,0,0,20.0,120.0,0.0,1,18500.0,167522,49.0,56.0,1,1,2021,117488.8,117488.8,264936.0,2.2173053114714496,0.6725971058644326,0,0.0,13960.166666666666,0.1545826816776304,117488.8,117488.8,2.2173053114714496,2.2173053114714496,2.2173053114714496,117488.8,117488.8,117488.8,264936.0,393900.0,0.6725971058644326,0.1545826816776304,20.0,120.0,0.0,18500.0,1.168544149402203,11.674106800287635,12.487247340855657,12.883854887671184,9.825580063659602,167522.0,0.1545826816776304
7413.0,4,1,679000.0,1,359500.0,1754,5,0,1.0,0,0,1.0,0,0,10.0,3.0,0.0,1,73000.0,237004,48.0,42.0,4,1,2021,11527.88,11527.88,359500.0,0.1603321279554937,0.5294550810014728,0,0.0,19750.33333333333,0.088808627702486,11527.88,11527.88,0.1603321279554937,0.1603321279554937,0.1603321279554937,11527.88,11527.88,11527.88,359500.0,679000.0,0.5294550810014728,0.088808627702486,10.0,3.0,0.0,73000.0,0.1487062813403369,9.352610470643786,12.792472237780538,13.428377879293798,11.19822841866684,237004.0,0.08880862770248604
7415.0,1,1,190000.0,1,135000.0,1063,5,0,1.0,0,0,0.0,0,0,0.0,0.0,0.0,0,0.0,80369,47.0,0.0,0,1,2021,0.0,0.0,135000.0,,0.7105263157894737,0,0.0,6697.416666666667,0.158717913623412,0.0,0.0,,,,0.0,0.0,0.0,135000.0,190000.0,0.7105263157894737,0.158717913623412,0.0,0.0,0.0,0.0,,0.0,11.81303746480054,12.154784614286667,0.0,80369.0,0.158717913623412
7421.0,34,1,155000.0,1,143000.0,1300,5,0,1.0,0,0,0.0,0,0,0.0,0.0,0.0,0,0.0,75000,56.0,0.0,0,1,2021,0.0,0.0,143000.0,,0.9225806451612903,0,0.0,6250.0,0.208,0.0,0.0,,,,0.0,0.0,0.0,143000.0,155000.0,0.9225806451612903,0.208,0.0,0.0,0.0,0.0,,0.0,11.870606902224589,11.951186847493476,0.0,75000.0,0.208
7427.0,12,1,300000.0,1,200000.0,2000,5,0,1.0,0,0,7.0,6,0,10.0,25.0,0.0,5,0.0,90100,60.0,45.0,1,1,2021,29751.8,29751.8,200000.0,0.743795,0.6666666666666666,0,0.0,7508.333333333333,0.2663706992230855,29751.8,29751.8,0.743795,0.743795,0.743795,29751.8,29751.8,29751.8,200000.0,300000.0,0.6666666666666666,0.2663706992230855,10.0,25.0,0.0,0.0,0.5560637727061709,10.300678524192048,12.206077645517674,12.611541086966117,0.0,90100.0,0.2663706992230855
7439.0,39,1,350000.0,1,272000.0,99999,5,0,1.0,0,0,0.0,0,0,0.0,0.0,0.0,0,0.0,116838,43.0,0.0,1,1,2021,0.0,0.0,272000.0,,0.7771428571428571,0,0.0,9736.5,2.0,0.0,0.0,,,,0.0,0.0,0.0,272000.0,350000.0,0.7771428571428571,2.0,0.0,0.0,0.0,0.0,,0.0,12.513561021741964,12.765691290604371,0.0,116838.0,2.0
7441.0,24,1,340000.0,1,240000.0,1580,5,0,1.0,0,0,6.0,0,0,15.0,80.0,0.0,5,0.0,105000,32.0,32.0,3,1,2021,79833.0,79833.0,240000.0,1.6631875,0.7058823529411765,1,0.0,8750.0,0.1805714285714285,79833.0,79833.0,1.6631875,1.6631875,1.6631875,79833.0,79833.0,79833.0,240000.0,340000.0,0.7058823529411765,0.1805714285714285,15.0,80.0,0.0,0.0,0.9795237136659808,11.28770475786082,12.388398368982116,12.73670383776449,0.0,105000.0,0.18057142857142858
7448.0,4,1,540000.0,1,294000.0,1850,5,0,1.0,0,0,0.0,0,0,0.0,0.0,0.0,0,0.0,115300,58.0,0.0,0,1,2021,0.0,0.0,294000.0,,0.5444444444444444,0,0.0,9608.333333333334,0.1925411968777103,0.0,0.0,,,,0.0,0.0,0.0,294000.0,540000.0,0.5444444444444444,0.1925411968777103,0.0,0.0,0.0,0.0,,0.0,12.59133844767558,13.199326270390594,0.0,115300.0,0.19254119687771032
7470.0,19,1,350000.0,1,271000.0,1660,5,0,1.0,0,0,0.0,0,0,0.0,0.0,0.0,0,0.0,90010,42.0,0.0,1,1,2021,0.0,0.0,271000.0,,0.7742857142857142,0,0.0,7500.833333333333,0.2213087434729474,0.0,0.0,,,,0.0,0.0,0.0,271000.0,350000.0,0.7742857142857142,0.2213087434729474,0.0,0.0,0.0,0.0,,0.0,12.509877789891933,12.765691290604371,0.0,90010.0,0.22130874347294746
7472.0,20,1,650000.0,1,356000.0,2200,5,0,1.0,0,0,2.0,0,0,55.0,60.0,0.0,1,78000.0,178360,34.0,34.0,2,1,2021,99437.0,99437.0,356000.0,1.3965870786516854,0.5476923076923077,0,0.0,14863.333333333334,0.1480152500560664,99437.0,99437.0,1.3965870786516854,1.3965870786516854,1.3965870786516854,99437.0,99437.0,99437.0,356000.0,650000.0,0.5476923076923077,0.1480152500560664,50.0,60.0,0.0,78000.0,0.8740456747186085,11.5072896133516,12.782688818818986,13.384729180332174,11.264476926102368,178360.0,0.1480152500560664
7473.0,45,1,645000.0,1,370000.0,2200,5,0,1.0,0,0,1.0,0,0,14.0,7.0,0.0,1,65000.0,216350,42.0,40.0,3,1,2021,18458.44,18458.44,370000.0,0.2494383783783784,0.5736434108527132,0,0.0,18029.166666666668,0.1220244973422694,18458.44,18458.44,0.2494383783783784,0.2494383783783784,0.2494383783783784,18458.44,18458.44,18458.44,370000.0,645000.0,0.5736434108527132,0.1220244973422694,14.0,7.0,0.0,65000.0,0.2226941530526386,9.82333117173538,12.821260987319455,13.377007146164305,11.082157933374816,216350.0,0.12202449734226946
7476.0,20,1,375000.0,1,240000.0,1700,5,0,1.0,0,0,1.0,0,0,20.0,50.0,0.0,1,32000.0,172000,38.0,29.0,2,1,2021,59503.6,59503.6,240000.0,1.2396583333333333,0.64,0,0.0,14333.333333333334,0.1186046511627906,59503.6,59503.6,1.2396583333333333,1.2396583333333333,1.2396583333333333,59503.6,59503.6,59503.6,240000.0,375000.0,0.64,0.1186046511627906,20.0,50.0,0.0,32000.0,0.8063233244711966,10.993808899469755,12.388398368982116,12.83468397161566,10.373522431293592,172000.0,0.11860465116279069
7477.0,8,1,242500.0,1,157250.0,1240,5,0,1.0,0,0,0.0,0,0,0.0,0.0,0.0,0,0.0,127600,41.0,0.0,0,1,2021,0.0,0.0,157250.0,,0.6484536082474227,0,0.0,10633.333333333334,0.1166144200626959,0.0,0.0,,,,0.0,0.0,0.0,157250.0,242500.0,0.6484536082474227,0.1166144200626959,0.0,0.0,0.0,0.0,,0.0,11.965598533842943,12.398761113062513,0.0,127600.0,0.11661442006269591
7482.0,15,1,270000.0,1,360000.0,1500,5,0,1.0,0,0,1.0,0,0,14.0,40.0,0.0,1,25000.0,67150,29.0,28.0,1,1,2021,45794.32000000001,45794.32000000001,360000.0,0.6360322222222223,1.3333333333333333,0,0.0,5595.833333333333,0.2680565897244974,45794.32000000001,45794.32000000001,0.6360322222222223,0.6360322222222223,0.6360322222222223,45794.32000000001,45794.32000000001,45794.32000000001,360000.0,270000.0,1.0,0.2680565897244974,14.0,40.0,0.0,25000.0,0.4922739337214516,10.731937181475082,12.793862088206213,12.506180941677355,10.12667110305036,67150.0,0.2680565897244974
7488.0,29,1,400000.0,1,295000.0,2900,5,0,1.0,0,0,1.0,0,0,4.0,3.0,0.0,1,140000.0,210000,42.0,42.0,2,1,2021,6102.2,6102.2,295000.0,0.1034271186440678,0.7375,0,0.0,17500.0,0.1657142857142857,6102.2,6102.2,0.1034271186440678,0.1034271186440678,0.1034271186440678,6102.2,6102.2,6102.2,295000.0,400000.0,0.7375,0.1657142857142857,4.0,3.0,0.0,140000.0,0.0984208989006206,8.716568502776019,12.59473402514672,12.899222326086994,11.849404844423074,210000.0,0.1657142857142857
7516.0,10,1,320000.0,1,75241.0,1342,5,0,1.0,0,0,0.0,0,0,0.0,0.0,0.0,0,0.0,107156,27.0,0.0,0,1,2021,0.0,0.0,75241.0,,0.235128125,0,0.0,8929.666666666666,0.1502855649706969,0.0,0.0,,,,0.0,0.0,0.0,75241.0,320000.0,0.235128125,0.1502855649706969,0.0,0.0,0.0,0.0,,0.0,11.228464864667211,12.676079399771028,0.0,107156.0,0.15028556497069695
7536.0,19,1,375000.0,1,160000.0,1650,5,0,1.0,0,0,1.0,0,0,7.0,0.0,0.0,1,52000.0,98800,41.0,40.0,3,1,2021,6329.96,6329.96,160000.0,0.19781125,0.4266666666666667,0,0.0,8233.333333333334,0.2004048582995951,6329.96,6329.96,0.19781125,0.19781125,0.19781125,6329.96,6329.96,6329.96,160000.0,375000.0,0.4266666666666667,0.2004048582995951,7.0,0.0,0.0,52000.0,0.1804959330231866,8.753207162406966,11.982935344196433,12.83468397161566,10.859018228147889,98800.0,0.20040485829959512
7547.0,5,1,978000.0,1,380000.0,2100,5,0,1.0,0,0,4.0,1,0,12.0,0.0,0.0,1,15000.0,160652,67.0,68.0,0,1,2021,10851.36,10851.36,380000.0,0.1427810526315789,0.3885480572597137,0,0.0,13387.666666666666,0.1568607922714936,10851.36,10851.36,0.1427810526315789,0.1427810526315789,0.1427810526315789,10851.36,10851.36,10851.36,380000.0,978000.0,0.3885480572597137,0.1568607922714936,12.0,0.0,0.0,15000.0,0.1334648114606776,9.29213784683714,12.847929163278051,13.79326597151132,9.61587214452889,160652.0,0.15686079227149366
7556.0,46,1,675000.0,1,150000.0,1500,5,0,1.0,0,0,0.0,0,0,0.0,0.0,0.0,0,0.0,178000,45.0,0.0,1,1,2021,0.0,0.0,150000.0,,0.2222222222222222,0,0.0,14833.333333333334,0.1011235955056179,0.0,0.0,,,,0.0,0.0,0.0,150000.0,675000.0,0.2222222222222222,0.1011235955056179,0.0,0.0,0.0,0.0,,0.0,11.918397239722838,13.42246945133505,0.0,178000.0,0.10112359550561797
7557.0,36,1,600000.0,1,420000.0,2100,5,0,1.0,0,0,1.0,0,0,10.0,20.0,0.0,1,84000.0,886200,43.0,44.0,1,1,2021,25610.0,25610.0,420000.0,0.3048809523809523,0.7,0,0.0,73850.0,0.0284360189573459,25610.0,25610.0,0.3048809523809523,0.3048809523809523,0.3048809523809523,25610.0,25610.0,25610.0,420000.0,600000.0,0.7,0.0284360189573459,10.0,20.0,0.0,84000.0,0.2661118123843183,10.150777225678416,12.948012371209098,13.304686600863562,11.338583982516496,886200.0,0.02843601895734597
7582.0,46,1,1600000.0,1,600000.0,3500,5,0,1.0,0,0,1.0,0,0,8.0,100.0,0.0,1,150000.0,335000,37.0,35.0,1,1,2021,90070.23999999999,90070.23999999999,600000.0,0.7505853333333332,0.375,0,0.0,27916.666666666668,0.1253731343283582,90070.23999999999,90070.23999999999,0.7505853333333332,0.7505853333333332,0.7505853333333332,90070.23999999999,90070.23999999999,90070.23999999999,600000.0,1600000.0,0.375,0.1253731343283582,8.0,100.0,0.0,150000.0,0.5599502082012078,11.40835619175308,13.304686600863562,14.285514812209817,11.918397239722838,335000.0,0.1253731343283582
7591.0,1,1,180000.0,1,178000.0,911,5,0,5.0,0,0,0.0,0,0,0.0,0.0,0.0,0,0.0,87369,43.0,0.0,2,1,2021,0.0,0.0,178000.0,,0.9888888888888888,0,0.0,7280.75,0.1251244720667513,0.0,0.0,,,,0.0,0.0,0.0,178000.0,180000.0,0.9888888888888888,0.1251244720667513,0.0,0.0,0.0,0.0,,0.0,12.08954444723597,12.100717685412471,0.0,87369.0,0.12512447206675137
7596.0,13,1,230000.0,1,120000.0,984,5,0,1.0,0,0,1.0,0,0,4.0,5.0,0.0,1,15000.0,139070,39.0,36.0,3,1,2021,7758.92,7758.92,120000.0,0.3232883333333333,0.5217391304347826,0,0.0,11589.166666666666,0.0849068814266196,7758.92,7758.92,0.3232883333333333,0.3232883333333333,0.3232883333333333,7758.92,7758.92,7758.92,120000.0,230000.0,0.5217391304347826,0.0849068814266196,4.0,5.0,0.0,15000.0,0.2801198004150215,8.956727303845772,11.695255355062796,12.345838935721968,9.61587214452889,139070.0,0.08490688142661969
7606.0,9,1,487000.0,1,400000.0,1800,5,0,1.0,0,0,1.0,0,0,10.0,40.0,0.0,1,,59217,34.0,35.0,3,1,2021,42177.2,42177.2,400000.0,0.5272150000000001,0.8213552361396304,0,0.0,4934.75,0.3647601195602614,42177.2,42177.2,0.5272150000000001,0.5272150000000001,0.5272150000000001,42177.2,42177.2,42177.2,400000.0,487000.0,0.8213552361396304,0.3647601195602614,10.0,40.0,0.0,,0.4234458152774471,10.649658778868991,12.899222326086994,13.096021455450709,,59217.0,0.3647601195602614
7609.0,40,1,450000.0,1,274559.0,2450,5,0,1.0,0,0,1.0,0,0,10.0,45.0,0.0,1,175000.0,258800,42.0,39.0,2,1,2021,46319.0,46319.0,274559.0,0.8435163298234624,0.6101311111111111,0,0.0,21566.666666666668,0.1136012364760432,46319.0,46319.0,0.8435163298234624,0.8435163298234624,0.8435163298234624,46319.0,46319.0,46319.0,274559.0,450000.0,0.6101311111111111,0.1136012364760432,10.0,45.0,0.0,175000.0,0.6116747967073252,10.743329112246878,12.522925095281735,13.017005083966255,12.07254696717504,258800.0,0.11360123647604327
7610.0,16,1,300000.0,1,279000.0,1300,5,0,1.0,0,0,1.0,0,0,15.0,100.0,,5,0.0,155808,33.0,34.0,3,1,2021,96400.2,96400.2,279000.0,1.7276021505376344,0.93,0,0.0,12984.0,0.1001232285890326,96400.2,96400.2,1.7276021505376344,1.7276021505376344,1.7276021505376344,96400.2,96400.2,96400.2,279000.0,300000.0,0.93,0.1001232285890326,15.0,100.0,,0.0,1.0034228900999036,11.47627392865394,12.53897064502647,12.611541086966117,0.0,155808.0,0.10012322858903265
7615.0,21,1,150000.0,1,80000.0,800,5,0,3.0,0,0,1.0,0,0,3.0,7.0,0.0,1,,79940,38.0,35.0,3,1,2021,8511.36,8511.36,80000.0,0.53196,0.5333333333333333,0,0.0,6661.666666666667,0.120090067550663,8511.36,8511.36,0.53196,0.53196,0.53196,8511.36,8511.36,8511.36,80000.0,150000.0,0.5333333333333333,0.120090067550663,3.0,7.0,0.0,,0.426547961316962,9.049274503920175,11.289794413577894,11.918397239722838,,79940.0,0.120090067550663
7622.0,14,1,300000.0,1,74000.0,1186,5,0,1.0,0,0,1.0,0,0,14.0,162.0,0.0,1,10000.0,85010,35.0,33.0,3,1,2021,146854.24,146854.24,74000.0,9.922583783783784,0.2466666666666666,0,0.0,7084.166666666667,0.1674155981649217,146854.24,146854.24,9.922583783783784,9.922583783783784,9.922583783783784,146854.24,146854.24,146854.24,74000.0,300000.0,0.2466666666666666,0.1674155981649217,14.0,162.0,0.0,10000.0,2.390832552565582,11.897202618659543,11.211833885608511,12.611541086966117,9.210440366976515,85010.0,0.16741559816492177
7625.0,26,1,368000.0,1,131000.0,1250,5,0,1.0,0,0,1.0,0,0,10.0,56.0,0.0,1,25000.0,103613,35.0,32.0,2,1,2021,55430.96,55430.96,131000.0,2.115685496183206,0.3559782608695652,0,0.0,8634.416666666666,0.1447694787333635,55430.96,55430.96,2.115685496183206,2.115685496183206,2.115685496183206,55430.96,55430.96,55430.96,131000.0,368000.0,0.3559782608695652,0.1447694787333635,10.0,56.0,0.0,25000.0,1.136449191009273,10.922911601702108,11.78296023574194,12.81584093453868,10.12667110305036,103613.0,0.14476947873336357
7630.0,3,1,100000.0,1,74000.0,490,5,0,1.0,0,0,0.0,0,0,0.0,0.0,0.0,0,0.0,35008,32.0,0.0,0,1,2021,0.0,0.0,74000.0,,0.74,0,0.0,2917.333333333333,0.1679616087751371,0.0,0.0,,,,0.0,0.0,0.0,74000.0,100000.0,0.74,0.1679616087751371,0.0,0.0,0.0,0.0,,0.0,11.211833885608511,11.51293546492023,0.0,35008.0,0.1679616087751371
7635.0,24,1,391000.0,1,300000.0,2000,5,0,1.0,0,0,1.0,0,0,8.0,35.0,0.0,1,43000.0,106455,37.0,38.0,3,1,2021,36226.84,36226.84,300000.0,0.6037806666666666,0.7672634271099744,0,0.0,8871.25,0.2254473721290686,36226.84,36226.84,0.6037806666666666,0.6037806666666666,0.6037806666666666,36226.84,36226.84,36226.84,300000.0,391000.0,0.7672634271099744,0.2254473721290686,8.0,35.0,0.0,43000.0,0.47236375861472,10.49758316301164,12.611541086966117,12.876465396508989,10.66897865021924,106455.0,0.22544737212906862
7642.0,9,1,140000.0,1,10000.0,1500,5,0,1.0,0,0,0.0,0,0,0.0,0.0,0.0,0,0.0,31800,43.0,0.0,1,1,2021,0.0,0.0,10000.0,,0.0714285714285714,0,0.0,2650.0,0.5660377358490566,0.0,0.0,,,,0.0,0.0,0.0,10000.0,140000.0,0.0714285714285714,0.5660377358490566,0.0,0.0,0.0,0.0,,0.0,9.210440366976515,11.849404844423074,0.0,31800.0,0.5660377358490566
7648.0,13,1,350000.0,1,6000.0,1020,5,0,1.0,0,0,1.0,0,0,8.0,1.0,0.0,1,30000.0,173020,53.0,52.0,2,1,2021,8062.6,8062.6,6000.0,6.718833333333333,0.0171428571428571,0,0.0,14418.333333333334,0.0707432666743729,8062.6,8062.6,6.718833333333333,6.718833333333333,6.718833333333333,8062.6,8062.6,8062.6,6000.0,350000.0,0.0315099999999999,0.0707432666743729,8.0,1.0,0.0,30000.0,2.0436632299912945,8.995115385906269,8.699681400989514,12.765691290604371,10.308985993422082,173020.0,0.0707432666743729
7651.0,14,1,400000.0,1,230000.0,1100,5,0,1.0,0,0,1.0,0,0,10.0,50.0,0.0,1,53000.0,141010,36.0,36.0,2,1,2021,50460.8,50460.8,230000.0,1.096973913043478,0.575,0,0.0,11750.833333333334,0.0936103822423941,50460.8,50460.8,1.096973913043478,1.096973913043478,1.096973913043478,50460.8,50460.8,50460.8,230000.0,400000.0,0.575,0.0936103822423941,10.0,50.0,0.0,53000.0,0.7404953117105383,10.828971893378087,12.345838935721968,12.899222326086994,10.87806606028079,141010.0,0.09361038224239415
7655.0,39,1,90000.0,1,60000.0,760,5,0,1.0,0,0,0.0,0,0,0.0,0.0,0.0,0,0.0,52800,52.0,0.0,0,1,2021,0.0,0.0,60000.0,,0.6666666666666666,0,0.0,4400.0,0.1727272727272727,0.0,0.0,,,,0.0,0.0,0.0,60000.0,90000.0,0.6666666666666666,0.1727272727272727,0.0,0.0,0.0,0.0,,0.0,11.002116507732016,11.407576060361786,0.0,52800.0,0.17272727272727273
7658.0,24,1,250000.0,1,207000.0,950,5,0,1.0,0,0,1.0,0,0,8.0,6.0,0.0,1,64000.0,150463,40.0,33.0,2,1,2021,12204.4,12204.4,207000.0,0.2947922705314009,0.828,0,0.0,12538.583333333334,0.0757661351960282,12204.4,12204.4,0.2947922705314009,0.2947922705314009,0.2947922705314009,12204.4,12204.4,12204.4,207000.0,250000.0,0.828,0.0757661351960282,8.0,6.0,0.0,64000.0,0.2583502734285634,9.409633755743526,12.240478903153711,12.429220196836384,11.06665398721974,150463.0,0.07576613519602826
7673.0,39,1,280000.0,1,207000.0,1100,5,0,1.0,0,0,1.0,0,0,10.0,30.0,0.0,1,14000.0,96150,28.0,27.0,2,1,2021,33893.6,33893.6,207000.0,0.8186859903381642,0.7392857142857143,0,0.0,8012.5,0.1372854914196568,33893.6,33893.6,0.8186859903381642,0.8186859903381642,0.8186859903381642,33893.6,33893.6,33893.6,207000.0,280000.0,0.7392857142857143,0.1372854914196568,10.0,30.0,0.0,14000.0,0.5981142570025452,10.43101098864482,12.240478903153711,12.54254845357358,9.546884034617923,96150.0,0.1372854914196568
7682.0,26,1,222000.0,1,176000.0,1298,5,0,1.0,0,0,0.0,0,0,0.0,0.0,0.0,0,0.0,38020,40.0,0.0,3,1,2021,0.0,0.0,176000.0,,0.7927927927927928,0,0.0,3168.333333333333,0.4096791162546028,0.0,0.0,,,,0.0,0.0,0.0,176000.0,222000.0,0.7927927927927928,0.4096791162546028,0.0,0.0,0.0,0.0,,0.0,12.07824495582233,12.310437165348777,0.0,38020.0,0.40967911625460285
7683.0,42,1,175000.0,1,12047.0,375,5,0,1.0,4,0,0.0,0,0,0.0,0.0,0.0,0,0.0,50280,66.0,0.0,0,1,2021,0.0,0.0,12047.0,,0.06884,0,0.0,4190.0,0.0894988066825775,0.0,0.0,,,,0.0,0.0,0.0,12047.0,175000.0,0.06884,0.0894988066825775,0.0,0.0,0.0,0.0,,0.0,9.396653950039674,12.07254696717504,0.0,50280.0,0.08949880668257756
7689.0,14,1,475000.0,1,70000.0,2000,5,0,1.0,0,0,1.0,0,0,7.0,7.0,1.0,1,68000.0,228000,57.0,54.0,0,1,2021,13305.76,13305.76,70000.0,0.9504114285714286,0.1473684210526315,0,0.0,19000.0,0.1052631578947368,13305.76,13305.76,0.9504114285714286,0.9504114285714286,0.9504114285714286,13305.76,13305.76,13305.76,70000.0,475000.0,0.1473684210526315,0.1052631578947368,7.0,7.0,1.0,68000.0,0.6680403393315935,9.496027455760748,11.156264806643742,13.07107218827772,11.127277689932466,228000.0,0.10526315789473684
7697.0,34,1,140000.0,1,90000.0,666,5,0,1.0,0,0,1.0,0,0,5.0,10.0,,1,85000.0,175000,42.0,41.0,1,1,2021,12805.0,12805.0,90000.0,0.7113888888888888,0.6428571428571429,0,0.0,14583.333333333334,0.0456685714285714,12805.0,12805.0,0.7113888888888888,0.7113888888888888,0.7113888888888888,12805.0,12805.0,12805.0,90000.0,140000.0,0.6428571428571429,0.0456685714285714,5.0,10.0,,85000.0,0.5373052565703693,9.457669090078747,11.407576060361786,11.849404844423074,11.350418300109132,175000.0,0.045668571428571426
7703.0,4,1,1300000.0,1,99900.0,3739,5,0,1.0,0,0,1.0,0,0,10.0,0.0,0.0,1,289000.0,1022200,58.0,52.0,0,1,2021,9042.8,9042.8,99900.0,0.4525925925925926,0.0768461538461538,0,0.0,85183.33333333333,0.0438935629035413,9042.8,9042.8,0.4525925925925926,0.4525925925925926,0.4525925925925926,9042.8,9042.8,9042.8,99900.0,1300000.0,0.0768461538461538,0.0438935629035413,10.0,0.0,0.0,200000.0,0.3733499547638711,9.10983471904454,11.511934974596556,14.077875591662238,12.206077645517674,1022200.0,0.043893562903541385
7711.0,43,1,400000.0,1,315000.0,1300,5,0,1.0,0,0,6.0,0,0,50.0,24.0,0.0,5,0.0,72000,24.0,24.0,1,1,2021,65094.64,65094.64,315000.0,1.033248253968254,0.7875,1,0.0,6000.0,0.2166666666666666,65094.64,65094.64,1.033248253968254,1.033248253968254,1.033248253968254,65094.64,65094.64,65094.64,315000.0,400000.0,0.7875,0.2166666666666666,50.0,24.0,0.0,0.0,0.7096346393250472,11.08361285206748,12.660331092405906,12.899222326086994,0.0,72000.0,0.21666666666666667
7714.0,42,1,160000.0,1,105000.0,1050,5,0,1.0,0,0,1.0,0,0,7.0,10.0,0.0,5,0.0,147850,32.0,34.0,2,1,2021,14613.56,14613.56,105000.0,0.6958838095238096,0.65625,0,0.0,12320.833333333334,0.0852215082854244,14613.56,14613.56,0.6958838095238096,0.6958838095238096,0.6958838095238096,14613.56,14613.56,14613.56,105000.0,160000.0,0.65625,0.0852215082854244,7.0,10.0,0.0,0.0,0.5282040264874048,9.589773571036728,11.561725152903833,11.982935344196433,0.0,147850.0,0.08522150828542441
7716.0,2,1,1100000.0,1,450000.0,2500,5,0,1.0,0,0,1.0,0,0,40.0,100.0,0.0,1,120000.0,195550,38.0,41.0,4,1,2021,119007.2,119007.2,450000.0,1.3223022222222225,0.4090909090909091,0,0.0,16295.833333333334,0.1534134492457172,119007.2,119007.2,1.3223022222222225,1.3223022222222225,1.3223022222222225,119007.2,119007.2,119007.2,450000.0,1100000.0,0.4090909090909091,0.1534134492457172,40.0,100.0,0.0,120000.0,0.8425590308019322,11.686947677282674,13.017005083966255,13.910821646859096,11.695255355062796,195550.0,0.1534134492457172
7720.0,42,1,150000.0,1,55000.0,655,5,0,1.0,0,0,1.0,0,0,6.0,0.0,0.0,1,30000.0,150000,56.0,49.0,0,1,2021,5425.68,5425.68,55000.0,0.4932436363636364,0.3666666666666666,0,0.0,12500.0,0.0524,5425.68,5425.68,0.4932436363636364,0.4932436363636364,0.4932436363636364,5425.68,5425.68,5425.68,55000.0,150000.0,0.3666666666666666,0.0524,6.0,0.0,0.0,30000.0,0.4009506910197487,8.59908280788786,10.915106645867503,11.918397239722838,10.308985993422082,150000.0,0.0524
7727.0,10,1,695000.0,1,165000.0,1250,5,0,1.0,0,0,1.0,0,0,1.0,0.0,0.0,1,75000.0,280000,50.0,50.0,0,1,2021,904.28,904.28,165000.0,0.0274024242424242,0.237410071942446,0,0.0,23333.33333333333,0.0535714285714285,904.28,904.28,0.0274024242424242,0.0301226161123428,0.0301226161123428,904.28,904.28,904.28,165000.0,695000.0,0.237410071942446,0.0535714285714285,1.0,0.0,0.0,75000.0,0.029677839925543,6.808244288113202,12.013706813470414,13.451668563394817,11.225256725762891,280000.0,0.053571428571428575
7731.0,2,1,200000.0,1,67000.0,1021,5,0,1.0,0,0,6.0,0,0,25.0,40.0,0.0,5,0.0,77340,51.0,51.0,2,1,2021,55741.4,55741.4,67000.0,4.159805970149254,0.335,1,0.0,6445.0,0.1584173778122575,55741.4,55741.4,4.159805970149254,4.159805970149254,4.159805970149254,55741.4,55741.4,55741.4,67000.0,200000.0,0.335,0.1584173778122575,25.0,40.0,0.0,0.0,1.6408989761022197,10.928496357159602,11.112462823634855,12.206077645517674,0.0,77340.0,0.15841737781225756
7747.0,45,1,140000.0,1,55000.0,830,5,0,1.0,0,0,1.0,0,0,7.0,8.0,0.0,1,35000.0,127043,45.0,47.0,0,1,2021,12956.84,12956.84,55000.0,1.1778945454545455,0.3928571428571428,0,0.0,10586.916666666666,0.0783986524247695,12956.84,12956.84,1.1778945454545455,1.1778945454545455,1.1778945454545455,12956.84,12956.84,12956.84,55000.0,140000.0,0.3928571428571428,0.0783986524247695,7.0,8.0,0.0,35000.0,0.7783586052736294,9.469456289349166,10.915106645867503,11.849404844423074,10.463131911491969,127043.0,0.07839865242476957
7749.0,37,1,175000.0,1,50000.0,900,5,0,1.0,0,0,0.0,0,0,0.0,0.0,0.0,0,0.0,34000,44.0,0.0,0,1,2021,0.0,0.0,50000.0,,0.2857142857142857,0,0.0,2833.333333333333,0.3176470588235294,0.0,0.0,,,,0.0,0.0,0.0,50000.0,175000.0,0.2857142857142857,0.3176470588235294,0.0,0.0,0.0,0.0,,0.0,10.819798284210286,12.07254696717504,0.0,34000.0,0.3176470588235294
7752.0,21,1,160000.0,1,40000.0,600,5,0,1.0,0,0,1.0,0,0,20.0,63.0,0.0,1,25000.0,102206,41.0,37.0,2,1,2021,70272.28,70272.28,40000.0,8.784035,0.25,0,0.0,8517.166666666666,0.0704459620765904,70272.28,70272.28,8.784035,8.784035,8.784035,70272.28,70272.28,70272.28,40000.0,160000.0,0.25,0.0704459620765904,20.0,63.0,0.0,25000.0,2.280751975647483,11.160146920199503,10.59665973278358,11.982935344196433,10.12667110305036,102206.0,0.07044596207659042
7755.0,42,1,280000.0,1,260000.0,1881,5,0,1.0,0,0,6.0,0,0,16.0,87.0,0.0,5,0.0,70000,29.0,27.0,2,1,2021,86535.8,86535.8,260000.0,1.66415,0.9285714285714286,1,0.0,5833.333333333333,0.3224571428571429,86535.8,86535.8,1.66415,1.66415,1.66415,86535.8,86535.8,86535.8,260000.0,280000.0,0.9285714285714286,0.3224571428571429,16.0,87.0,0.0,0.0,0.9798850573993084,11.3683250359748,12.468440756144114,12.54254845357358,0.0,70000.0,0.3224571428571429
7761.0,10,1,212000.0,1,145000.0,1150,1,5,1.0,7,0,0.0,0,0,0.0,0.0,0.0,0,0.0,0,31.0,0.0,1,1,2021,0.0,0.0,145000.0,,0.6839622641509434,0,1.0,0.0,,0.0,0.0,,,,0.0,0.0,0.0,145000.0,212000.0,0.6839622641509434,,0.0,0.0,0.0,0.0,,0.0,11.884495917930655,12.264346270624156,0.0,,
7768.0,23,1,265000.0,1,200000.0,1700,5,0,1.0,0,0,1.0,0,0,10.0,40.0,0.0,1,80000.0,162150,43.0,44.0,2,1,2021,42177.2,42177.2,200000.0,1.0544300000000002,0.7547169811320755,0,0.0,13512.5,0.125809435707678,42177.2,42177.2,1.0544300000000002,1.0544300000000002,1.0544300000000002,42177.2,42177.2,42177.2,200000.0,265000.0,0.7547169811320755,0.125809435707678,10.0,40.0,0.0,80000.0,0.7199984372106235,10.649658778868991,12.206077645517674,12.487488878546143,11.289794413577894,162150.0,0.12580943570767808
7770.0,4,1,800000.0,1,406000.0,2000,5,0,1.0,0,0,1.0,0,0,1.0,0.0,0.0,1,140000.0,305000,51.0,52.0,1,1,2021,904.28,904.28,406000.0,0.0111364532019704,0.5075,0,0.0,25416.666666666668,0.0786885245901639,904.28,904.28,0.0111364532019704,0.0301226161123428,0.0301226161123428,904.28,904.28,904.28,406000.0,800000.0,0.5075,0.0786885245901639,1.0,0.0,0.0,140000.0,0.029677839925543,6.808244288113202,12.914110901635024,13.592368256649284,11.849404844423074,305000.0,0.07868852459016393
7775.0,20,1,525000.0,1,332840.0,1988,5,0,1.0,0,0,1.0,0,0,12.0,35.0,0.0,1,130000.0,252100,35.0,37.0,2,1,2021,39843.96,39843.96,332840.0,0.5985452469655089,0.6339809523809524,0,0.0,21008.33333333333,0.0946291154303847,39843.96,39843.96,0.5985452469655089,0.5985452469655089,0.5985452469655089,39843.96,39843.96,39843.96,332840.0,525000.0,0.6339809523809524,0.0946291154303847,12.0,35.0,0.0,130000.0,0.4690939950073701,10.59275120194127,12.715420177456432,13.171155446333852,11.775297421715829,252100.0,0.09462911543038477
7777.0,45,1,210000.0,1,159000.0,920,5,0,1.0,0,0,1.0,0,0,7.0,168.0,0.0,1,34000.0,120000,26.0,27.0,1,1,2021,145494.44,145494.44,159000.0,4.575296855345912,0.7571428571428571,0,0.0,10000.0,0.092,145494.44,145494.44,4.575296855345912,4.575296855345912,4.575296855345912,145494.44,145494.44,145494.44,159000.0,210000.0,0.7571428571428571,0.092,7.0,168.0,0.0,34000.0,1.7183455635242588,11.887900024896384,11.976665770490769,12.25486757159303,10.434145214930489,120000.0,0.092
7781.0,34,1,300000.0,1,139000.0,1600,5,0,1.0,0,0,4.0,0,0,20.0,0.0,0.0,1,2500.0,341400,60.0,55.0,0,1,2021,18085.6,18085.6,139000.0,0.6505611510791368,0.4633333333333333,0,0.0,28450.0,0.0562390158172231,18085.6,18085.6,0.6505611510791368,0.6505611510791368,0.6505611510791368,18085.6,18085.6,18085.6,139000.0,300000.0,0.4633333333333333,0.0562390158172231,20.0,0.0,0.0,2500.0,0.5011153216575753,9.802926611581514,11.842236406331557,12.611541086966117,7.824445930877619,341400.0,0.056239015817223195
7789.0,48,1,550000.0,1,225000.0,890,5,0,1.0,0,0,4.0,0,0,10.0,4.0,0.0,1,24000.0,178470,72.0,68.0,0,1,2021,12356.24,12356.24,225000.0,0.2745831111111111,0.4090909090909091,0,0.0,14872.5,0.0598419902504622,12356.24,12356.24,0.2745831111111111,0.2745831111111111,0.2745831111111111,12356.24,12356.24,12356.24,225000.0,550000.0,0.4090909090909091,0.0598419902504622,10.0,4.0,0.0,24000.0,0.2426191534659355,9.421997405105436,12.323860125621126,13.21767537538882,10.085850775128716,178470.0,0.05984199025046226
7792.0,4,1,500000.0,1,280000.0,2100,5,0,1.0,0,0,1.0,0,0,2.0,,,1,50000.0,200000,47.0,47.0,3,1,2021,1808.56,1808.56,280000.0,0.0322957142857142,0.56,0,0.0,16666.666666666668,0.126,1808.56,1808.56,0.0322957142857142,0.0322957142857142,0.0322957142857142,1808.56,1808.56,1808.56,280000.0,500000.0,0.56,0.126,2.0,,,50000.0,0.0317851708637344,7.500839000785103,12.54254845357358,13.122365377402328,10.819798284210286,200000.0,0.126
7795.0,23,1,15000.0,1,5000.0,350,5,0,1.0,0,0,0.0,0,0,0.0,0.0,0.0,0,0.0,75915,49.0,0.0,4,1,2021,0.0,0.0,5000.0,,0.3333333333333333,0,0.0,6326.25,0.0553250345781466,0.0,0.0,,,,0.0,0.0,0.0,6000.0,50000.0,0.3333333333333333,0.0553250345781466,0.0,0.0,0.0,0.0,,0.0,8.699681400989514,10.819798284210286,0.0,75915.0,0.05532503457814661
7796.0,48,1,280000.0,1,112000.0,1085,5,0,1.0,7,0,0.0,0,0,0.0,0.0,0.0,0,0.0,95825,43.0,0.0,2,1,2021,0.0,0.0,112000.0,,0.4,0,0.0,7985.416666666667,0.1358726845812679,0.0,0.0,,,,0.0,0.0,0.0,112000.0,280000.0,0.4,0.1358726845812679,0.0,0.0,0.0,0.0,,0.0,11.6262630788088,12.54254845357358,0.0,95825.0,0.13587268458126794
7798.0,22,1,420000.0,1,250000.0,2000,5,0,1.0,0,0,1.0,0,0,8.0,0.0,0.0,1,,131971,46.0,46.0,2,1,2021,7234.24,7234.24,250000.0,0.1446848,0.5952380952380952,0,0.0,10997.583333333334,0.1818581354994657,7234.24,7234.24,0.1446848,0.1446848,0.1446848,7234.24,7234.24,7234.24,250000.0,420000.0,0.5952380952380952,0.1818581354994657,8.0,0.0,0.0,,0.1351293152658559,8.88671881059557,12.429220196836384,12.948012371209098,,131971.0,0.18185813549946578
7799.0,39,1,400000.0,1,175000.0,900,5,0,5.0,0,0,6.0,0,0,8.0,,0.0,5,0.0,43200,60.0,35.0,3,1,2021,7234.24,7234.24,175000.0,0.2066925714285714,0.4375,1,0.0,3600.0,0.25,7234.24,7234.24,0.2066925714285714,0.2066925714285714,0.2066925714285714,7234.24,7234.24,7234.24,175000.0,400000.0,0.4375,0.25,8.0,,0.0,0.0,0.1878832049738627,8.88671881059557,12.07254696717504,12.899222326086994,0.0,43200.0,0.25
7803.0,44,1,250000.0,1,185000.0,1200,5,0,1.0,0,0,0.0,0,0,0.0,0.0,0.0,0,0.0,75120,42.0,0.0,2,1,2021,0.0,0.0,185000.0,,0.74,0,0.0,6260.0,0.1916932907348242,0.0,0.0,,,,0.0,0.0,0.0,185000.0,250000.0,0.74,0.1916932907348242,0.0,0.0,0.0,0.0,,0.0,12.128116509451258,12.429220196836384,0.0,75120.0,0.19169329073482427
7807.0,14,1,110000.0,1,18000.0,500,5,0,1.0,0,0,0.0,0,0,0.0,0.0,0.0,0,0.0,37810,48.0,0.0,1,1,2021,0.0,0.0,18000.0,,0.1636363636363636,0,0.0,3150.833333333333,0.158688177730759,0.0,0.0,,,,0.0,0.0,0.0,18000.0,110000.0,0.1636363636363636,0.158688177730759,0.0,0.0,0.0,0.0,,0.0,9.798182590890704,11.60824473564232,0.0,37810.0,0.15868817773075905
7811.0,4,1,500000.0,1,100000.0,1400,5,0,1.0,5,0,0.0,0,0,0.0,0.0,0.0,0,0.0,11600,40.0,0.0,0,1,2021,0.0,0.0,100000.0,,0.2,0,0.0,966.6666666666666,1.4482758620689655,0.0,0.0,,,,0.0,0.0,0.0,100000.0,500000.0,0.2,1.4482758620689655,0.0,0.0,0.0,0.0,,0.0,11.51293546492023,13.122365377402328,0.0,11600.0,1.4482758620689655
7812.0,34,1,260000.0,1,42000.0,269,5,0,1.0,0,0,1.0,0,0,15.0,0.0,0.0,1,72000.0,157604,63.0,62.0,1,1,2021,13564.2,13564.2,42000.0,1.6147857142857145,0.1615384615384615,0,0.0,13133.666666666666,0.0204817136620897,13564.2,13564.2,1.6147857142857145,1.6147857142857145,1.6147857142857145,13564.2,13564.2,13564.2,42000.0,260000.0,0.1615384615384615,0.0221513583572549,15.0,0.0,0.0,72000.0,0.9611821493354072,9.515262968810363,10.645448706505872,12.468440756144114,11.184435286790633,157604.0,0.020481713662089795
7818.0,42,1,800000.0,1,300000.0,3000,5,0,1.0,0,0,1.0,0,0,7.0,7.0,0.0,1,,100492,42.0,43.0,1,1,2021,12128.48,12128.48,300000.0,0.2021413333333333,0.375,0,0.0,8374.333333333334,0.3582374716395334,12128.48,12128.48,0.2021413333333333,0.2021413333333333,0.2021413333333333,12128.48,12128.48,12128.48,300000.0,800000.0,0.375,0.3582374716395334,7.0,7.0,0.0,,0.1841044110089144,9.403394132099164,12.611541086966117,13.592368256649284,,100492.0,0.35823747163953346
7821.0,32,1,126300.0,1,88000.0,688,5,0,1.0,0,0,1.0,0,0,5.0,,,1,32000.0,64150,34.0,31.0,0,1,2021,4521.400000000001,4521.400000000001,88000.0,0.2568977272727273,0.6967537608867775,0,0.0,5345.833333333333,0.1286983632112237,4521.400000000001,4521.400000000001,0.2568977272727273,0.2568977272727273,0.2568977272727273,4521.400000000001,4521.400000000001,4521.400000000001,88000.0,126300.0,0.6967537608867775,0.1286983632112237,5.0,,,32000.0,0.2286465637464688,8.416798105361082,11.38510345703214,11.746423225963612,10.373522431293592,64150.0,0.12869836321122372
7822.0,20,1,750000.0,1,325000.0,2200,5,0,1.0,0,0,1.0,0,0,20.0,12.0,0.0,1,65000.0,165000,43.0,47.0,1,1,2021,28025.92,28025.92,325000.0,0.431168,0.4333333333333333,0,0.0,13750.0,0.16,28025.92,28025.92,0.431168,0.431168,0.431168,28025.92,28025.92,28025.92,325000.0,750000.0,0.4333333333333333,0.16,20.0,12.0,0.0,65000.0,0.3584908941027112,10.240920755852338,12.691583538230216,13.527829818844936,11.082157933374816,165000.0,0.16
7823.0,24,1,80000.0,1,38000.0,380,5,0,1.0,0,0,1.0,0,0,12.0,,,1,28500.0,81250,43.0,42.0,3,1,2021,10851.36,10851.36,38000.0,1.4278105263157896,0.475,0,0.0,6770.833333333333,0.0561230769230769,10851.36,10851.36,1.4278105263157896,1.4278105263157896,1.4278105263157896,10851.36,10851.36,10851.36,38000.0,80000.0,0.475,0.0561230769230769,12.0,,,28500.0,0.8869898332147279,9.29213784683714,10.545367754151744,11.289794413577894,10.25769445336048,81250.0,0.05612307692307693
7827.0,36,1,654000.0,1,428409.0,2513,5,0,1.0,0,0,1.0,0,0,5.0,,,1,27000.0,237801,44.0,46.0,1,1,2021,4521.400000000001,4521.400000000001,428409.0,0.0527696663702209,0.6550596330275229,0,0.0,19816.75,0.1268119141635232,4521.400000000001,4521.400000000001,0.0527696663702209,0.0527696663702209,0.0527696663702209,4521.400000000001,4521.400000000001,4521.400000000001,428409.0,654000.0,0.6550596330275229,0.1268119141635232,5.0,,,27000.0,0.0514244688355163,8.416798105361082,12.967835959953696,13.390864159490157,10.203629181337648,237801.0,0.12681191416352328
7830.0,45,1,440000.0,1,350000.0,2900,5,0,1.0,4,0,6.0,0,0,28.0,20.0,0.0,5,0.0,292648,59.0,57.0,0,1,2021,41887.04,41887.04,350000.0,0.5983862857142858,0.7954545454545454,1,0.0,24387.33333333333,0.1189141904267242,41887.04,41887.04,0.5983862857142858,0.5983862857142858,0.5983862857142858,41887.04,41887.04,41887.04,350000.0,440000.0,0.7954545454545454,0.1189141904267242,28.0,20.0,0.0,0.0,0.4689945488667635,10.642755623636596,12.765691290604371,12.994532278619134,0.0,292648.0,0.11891419042672426
7842.0,22,1,500000.0,1,255000.0,1800,5,0,1.0,0,0,1.0,0,0,10.0,,,1,91604.0,262565,58.0,56.0,0,1,2021,9042.8,9042.8,255000.0,0.1773098039215686,0.51,0,0.0,21880.416666666668,0.0822653438196256,9042.8,9042.8,0.1773098039215686,0.1773098039215686,0.1773098039215686,9042.8,9042.8,9042.8,255000.0,500000.0,0.51,0.0822653438196256,10.0,,,91604.0,0.1632320085298132,9.10983471904454,12.449022745701502,13.122365377402328,11.425241134325343,262565.0,0.08226534381962561
7846.0,12,1,150000.0,1,70000.0,585,5,0,1.0,0,0,1.0,0,0,6.0,0.0,0.0,1,15000.0,62800,33.0,41.0,1,1,2021,5425.68,5425.68,70000.0,0.3875485714285714,0.4666666666666667,0,0.0,5233.333333333333,0.1117834394904458,5425.68,5425.68,0.3875485714285714,0.3875485714285714,0.3875485714285714,5425.68,5425.68,5425.68,70000.0,150000.0,0.4666666666666667,0.1117834394904458,6.0,0.0,0.0,15000.0,0.327538572460748,8.59908280788786,11.156264806643742,11.918397239722838,9.61587214452889,62800.0,0.11178343949044586
7847.0,12,1,150000.0,1,97000.0,850,5,0,1.0,0,0,1.0,0,0,5.0,5.0,0.0,1,35000.0,112000,44.0,42.0,2,1,2021,8663.2,8663.2,97000.0,0.4465567010309278,0.6466666666666666,0,0.0,9333.333333333334,0.0910714285714285,8663.2,8663.2,0.4465567010309278,0.4465567010309278,0.4465567010309278,8663.2,8663.2,8663.2,97000.0,150000.0,0.6466666666666666,0.0910714285714285,5.0,5.0,0.0,35000.0,0.3691860434427989,9.066954872440247,11.48247656671073,11.918397239722838,10.463131911491969,112000.0,0.09107142857142857
7856.0,42,1,350000.0,1,160000.0,2200,5,0,1.0,0,0,1.0,0,0,2.0,25.0,,1,75000.0,76040,44.0,38.0,2,1,2021,22517.56,22517.56,160000.0,0.7036737499999999,0.4571428571428571,0,0.0,6336.666666666667,0.3471856917411888,22517.56,22517.56,0.7036737499999999,0.7036737499999999,0.7036737499999999,22517.56,22517.56,22517.56,160000.0,350000.0,0.4571428571428571,0.3471856917411888,2.0,25.0,,75000.0,0.53278694880847,10.022095137047542,11.982935344196433,12.765691290604371,11.225256725762891,76040.0,0.34718569174118885
7864.0,39,1,300000.0,1,260000.0,1520,1,5,6.0,0,0,1.0,0,0,4.0,8.0,0.0,1,43000.0,86600,35.0,37.0,4,1,2021,10244.0,10244.0,260000.0,0.197,0.8666666666666667,0,1.0,7216.666666666667,0.2106235565819861,10244.0,10244.0,0.197,0.197,0.197,10244.0,10244.0,10244.0,260000.0,300000.0,0.8666666666666667,0.2106235565819861,4.0,8.0,0.0,43000.0,0.1798184265758361,9.234545060673,12.468440756144114,12.611541086966117,10.66897865021924,86600.0,0.21062355658198614
7868.0,20,1,480000.0,1,258000.0,2400,5,0,1.0,0,0,1.0,0,0,8.0,4.0,0.0,1,115000.0,246040,53.0,51.0,0,1,2021,10547.68,10547.68,258000.0,0.2044124031007752,0.5375,0,0.0,20503.33333333333,0.1170541375386116,10547.68,10547.68,0.2044124031007752,0.2044124031007752,0.2044124031007752,10547.68,10547.68,10547.68,258000.0,480000.0,0.5375,0.1170541375386116,8.0,4.0,0.0,115000.0,0.1859918157298182,9.26375601259283,12.460718739865236,13.081543466215235,11.652696102959752,246040.0,0.11705413753861162
7874.0,20,1,300000.0,1,188000.0,2000,5,0,1.0,0,0,1.0,0,0,5.0,168.0,0.0,5,0.0,98450,45.0,45.0,2,1,2021,143685.87999999998,143685.87999999998,188000.0,3.821432978723404,0.6266666666666667,0,0.0,8204.166666666666,0.2437785678009142,143685.87999999998,143685.87999999998,3.821432978723404,3.821432978723404,3.821432978723404,143685.87999999998,143685.87999999998,143685.87999999998,188000.0,300000.0,0.6266666666666667,0.2437785678009142,5.0,168.0,0.0,0.0,1.5730711823684027,11.875391766576698,12.144202560946876,12.611541086966117,0.0,98450.0,0.2437785678009142
7875.0,34,1,385000.0,1,300000.0,2000,5,0,1.0,0,0,6.0,0,0,10.0,70.0,0.0,5,0.0,151200,31.0,29.0,2,1,2021,67028.0,67028.0,300000.0,1.117133333333333,0.7792207792207793,1,0.0,12600.0,0.1587301587301587,67028.0,67028.0,1.117133333333333,1.117133333333333,1.117133333333333,67028.0,67028.0,67028.0,300000.0,385000.0,0.7792207792207793,0.1587301587301587,10.0,70.0,0.0,0.0,0.7500629723769584,11.112880640547596,12.611541086966117,12.861001210669146,0.0,151200.0,0.15873015873015872
7882.0,2,1,650000.0,1,230052.0,1442,5,0,1.0,0,0,6.0,0,0,40.0,84.0,0.0,5,0.0,205350,50.0,47.0,3,1,2021,105753.44,105753.44,230052.0,2.298468172413193,0.3539261538461538,1,0.0,17112.5,0.0842658875091307,105753.44,105753.44,2.298468172413193,2.298468172413193,2.298468172413193,105753.44,105753.44,105753.44,230052.0,650000.0,0.3539261538461538,0.0842658875091307,40.0,84.0,0.0,0.0,1.1934581705250018,11.568875081842748,12.346064996141925,13.384729180332174,0.0,205350.0,0.08426588750913075
7896.0,48,1,310000.0,1,130000.0,775,5,0,2.0,0,0,6.0,0,0,20.0,20.0,15.0,1,14820.0,97608,57.0,54.0,2,1,2021,52312.00000000001,52312.00000000001,130000.0,2.0120000000000005,0.4193548387096774,1,0.0,8134.0,0.0952790754856159,52312.00000000001,52312.00000000001,2.0120000000000005,2.0120000000000005,2.0120000000000005,52312.00000000001,52312.00000000001,52312.00000000001,130000.0,310000.0,0.4193548387096774,0.0952790754856159,20.0,20.0,15.0,14820.0,1.1026043099376472,10.865000185131196,11.775297421715829,12.644330802262578,9.603800372956917,97608.0,0.09527907548561593
7898.0,3,1,72000.0,1,66000.0,425,5,0,1.0,0,0,1.0,0,0,10.0,60.0,0.0,1,15000.0,58000,25.0,26.0,3,1,2021,58744.4,58744.4,66000.0,4.450333333333333,0.9166666666666666,0,0.0,4833.333333333333,0.0879310344827586,58744.4,58744.4,4.450333333333333,4.450333333333333,4.450333333333333,58744.4,58744.4,58744.4,66000.0,72000.0,0.9166666666666666,0.0879310344827586,10.0,60.0,0.0,15000.0,1.6956767688843395,10.980968131068629,11.097425172408933,11.184435286790633,9.61587214452889,58000.0,0.08793103448275863
7904.0,20,1,700000.0,1,500000.0,1800,5,0,1.0,0,0,1.0,0,0,4.0,0.0,0.0,1,140000.0,270150,31.0,31.0,0,1,2021,3617.12,3617.12,500000.0,0.0361712,0.7142857142857143,0,0.0,22512.5,0.0799555802332037,3617.12,3617.12,0.0361712,0.0361712,0.0361712,3617.12,3617.12,3617.12,500000.0,700000.0,0.7142857142857143,0.0799555802332037,4.0,0.0,0.0,140000.0,0.0355323811501055,8.193709832901066,13.122365377402328,13.45883704259595,11.849404844423074,270150.0,0.07995558023320377
7906.0,5,1,90000.0,1,27000.0,616,5,0,1.0,0,0,0.0,0,0,0.0,0.0,0.0,0,0.0,21000,60.0,0.0,0,1,2021,0.0,0.0,27000.0,,0.3,0,0.0,1750.0,0.352,0.0,0.0,,,,0.0,0.0,0.0,27000.0,90000.0,0.3,0.352,0.0,0.0,0.0,0.0,,0.0,10.203629181337648,11.407576060361786,0.0,21000.0,0.352
7907.0,32,1,296000.0,1,162000.0,1157,5,0,1.0,0,0,1.0,0,0,20.0,0.0,0.0,1,,125150,54.0,47.0,0,1,2021,18085.6,18085.6,162000.0,0.5581975308641975,0.5472972972972973,0,0.0,10429.166666666666,0.1109388733519776,18085.6,18085.6,0.5581975308641975,0.5581975308641975,0.5581975308641975,18085.6,18085.6,18085.6,162000.0,296000.0,0.5472972972972973,0.1109388733519776,20.0,0.0,0.0,,0.4435297243056111,9.802926611581514,11.995357787034976,12.598118111678868,,125150.0,0.11093887335197763
7908.0,3,1,225000.0,1,213000.0,1256,5,0,1.0,0,0,0.0,0,0,0.0,0.0,0.0,0,0.0,62075,45.0,0.0,0,1,2021,0.0,0.0,213000.0,,0.9466666666666668,0,0.0,5172.916666666667,0.242803060813532,0.0,0.0,,,,0.0,0.0,0.0,213000.0,225000.0,0.9466666666666668,0.242803060813532,0.0,0.0,0.0,0.0,,0.0,12.269052139516225,12.323860125621126,0.0,62075.0,0.242803060813532
7916.0,10,1,170000.0,1,89000.0,970,5,0,1.0,0,0,,0,0,12.0,5.0,25.0,1,75000.0,121460,54.0,53.0,0,1,2021,44425.16,44425.16,89000.0,2.495795505617978,0.5235294117647059,0,0.0,10121.666666666666,0.0958340194302651,44425.16,44425.16,2.495795505617978,2.495795505617978,2.495795505617978,44425.16,44425.16,44425.16,89000.0,170000.0,0.5235294117647059,0.0958340194302651,12.0,5.0,20.0,75000.0,1.2515609622660913,10.701583764105704,11.39640288460621,12.04355959836804,11.225256725762891,121460.0,0.09583401943026511
7917.0,22,1,575000.0,1,165000.0,975,5,0,1.0,0,0,1.0,0,0,4.0,12.0,0.0,1,174000.0,344150,52.0,48.0,2,1,2021,13557.440000000002,13557.440000000002,165000.0,0.4108315151515152,0.2869565217391304,0,0.0,28679.166666666668,0.0339968037193084,13557.440000000002,13557.440000000002,0.4108315151515152,0.4108315151515152,0.4108315151515152,13557.440000000002,13557.440000000002,13557.440000000002,165000.0,575000.0,0.2869565217391304,0.0339968037193084,4.0,12.0,0.0,174000.0,0.3441792576272222,9.514764510628504,12.013706813470414,13.26212705890841,12.066816325306588,344150.0,0.03399680371930844
7920.0,4,1,150000.0,1,114000.0,1017,5,0,6.0,4,0,5.0,0,0,5.0,7.0,0.0,5,0.0,67512,66.0,59.0,1,1,2021,10319.919999999998,10319.919999999998,114000.0,0.4526280701754385,0.76,0,0.0,5626.0,0.1807678634909349,10319.919999999998,10319.919999999998,0.4526280701754385,0.4526280701754385,0.4526280701754385,10319.919999999998,10319.919999999998,10319.919999999998,114000.0,150000.0,0.76,0.1807678634909349,5.0,7.0,0.0,0.0,0.3733743780948094,9.241928182348992,11.643962499267984,11.918397239722838,0.0,67512.0,0.18076786349093493
7924.0,4,1,2375000.0,1,1660000.0,9000,5,0,1.0,0,0,1.0,0,0,10.0,35.0,0.0,1,228750.0,521716,38.0,35.0,2,1,2021,38035.4,38035.4,1660000.0,0.1145644578313252,0.6989473684210527,0,0.0,43476.333333333336,0.207009177406865,38035.4,38035.4,0.1145644578313252,0.1145644578313252,0.1145644578313252,38035.4,38035.4,38035.4,701100.0000000001,1600000.0,0.6989473684210527,0.207009177406865,10.0,35.0,0.0,200000.0,0.1084637078208316,10.546298874956967,13.460407235524094,14.285514812209817,12.206077645517674,521716.0,0.20700917740686503
7926.0,10,1,360000.0,1,174000.0,1267,5,0,1.0,0,0,1.0,0,0,2.0,2.0,0.0,1,33500.0,135700,40.0,40.0,3,1,2021,3465.28,3465.28,174000.0,0.0995770114942528,0.4833333333333333,0,0.0,11308.333333333334,0.1120412675018422,3465.28,3465.28,0.0995770114942528,0.0995770114942528,0.0995770114942528,3465.28,3465.28,3465.28,174000.0,360000.0,0.4833333333333333,0.1120412675018422,2.0,2.0,0.0,33500.0,0.0949255708465561,8.15083725177894,12.066816325306588,12.793862088206213,10.4193305681139,135700.0,0.11204126750184229
7927.0,10,1,205000.0,1,9000.0,286,5,0,1.0,0,0,1.0,0,0,8.0,30.0,30.0,1,39000.0,134400,40.0,40.0,2,1,2021,67403.44,67403.44,9000.0,37.44635555555556,0.0439024390243902,0,0.0,11200.0,0.0255357142857142,67403.44,67403.44,37.44635555555556,22.38556666666665,22.38556666666665,67403.44,67403.44,67403.44,9000.0,205000.0,0.0439024390243902,0.0255357142857142,8.0,30.0,20.0,39000.0,3.152119022941844,11.118466170101632,9.105090961257083,12.230770136157428,10.5713425658087,134400.0,0.025535714285714287
7928.0,26,1,500000.0,1,191000.0,2135,5,0,1.0,0,0,0.0,0,0,0.0,0.0,0.0,0,0.0,113740,58.0,0.0,0,1,2021,0.0,0.0,191000.0,,0.382,0,0.0,9478.333333333334,0.2252505714788113,0.0,0.0,,,,0.0,0.0,0.0,191000.0,500000.0,0.382,0.2252505714788113,0.0,0.0,0.0,0.0,,0.0,12.160033942617156,13.122365377402328,0.0,113740.0,0.2252505714788113
7937.0,1,1,190000.0,1,100000.0,1200,5,0,6.0,0,0,1.0,0,0,4.0,20.0,0.0,1,85000.0,95900,33.0,34.0,2,1,2021,20184.32,20184.32,100000.0,1.009216,0.5263157894736842,0,0.0,7991.666666666667,0.1501564129301355,20184.32,20184.32,1.009216,1.009216,1.009216,20184.32,20184.32,20184.32,100000.0,190000.0,0.5263157894736842,0.1501564129301355,4.0,20.0,0.0,85000.0,0.69774459623055,9.91271088651783,11.51293546492023,12.154784614286667,11.350418300109132,95900.0,0.15015641293013554
7939.0,22,1,500000.0,1,213000.0,2400,5,0,1.0,0,0,1.0,0,0,20.0,0.0,0.0,1,77000.0,203000,61.0,59.0,0,1,2021,18085.6,18085.6,213000.0,0.4245446009389672,0.426,0,0.0,16916.666666666668,0.141871921182266,18085.6,18085.6,0.4245446009389672,0.4245446009389672,0.4245446009389672,18085.6,18085.6,18085.6,213000.0,500000.0,0.426,0.141871921182266,20.0,0.0,0.0,77000.0,0.3538521843561463,9.802926611581514,12.269052139516225,13.122365377402328,11.251573687764475,203000.0,0.141871921182266
7942.0,22,1,400000.0,1,103000.0,1500,1,5,1.0,0,0,1.0,0,0,8.0,8.0,4.0,1,100000.0,155946,54.0,51.0,2,1,2021,18570.24,18570.24,103000.0,0.9014679611650486,0.2575,0,1.0,12995.5,0.1154245700434765,18570.24,18570.24,0.9014679611650486,0.9014679611650486,0.9014679611650486,18570.24,18570.24,18570.24,103000.0,400000.0,0.2575,0.1154245700434765,8.0,8.0,4.0,100000.0,0.6426261990015496,9.829369426484702,11.542493975902508,12.899222326086994,11.51293546492023,155946.0,0.11542457004347659
7947.0,31,1,340000.0,1,240000.0,2600,1,5,1.0,0,0,1.0,0,0,5.0,40.0,0.0,1,61000.0,175000,48.0,47.0,1,1,2021,37655.8,37655.8,240000.0,0.7844958333333334,0.7058823529411765,0,1.0,14583.333333333334,0.1782857142857142,37655.8,37655.8,0.7844958333333334,0.7844958333333334,0.7844958333333334,37655.8,37655.8,37655.8,240000.0,340000.0,0.7058823529411765,0.1782857142857142,5.0,40.0,0.0,61000.0,0.5791359290242725,10.53626882780963,12.388398368982116,12.73670383776449,11.0186455364637,175000.0,0.17828571428571427
7950.0,39,1,185000.0,1,76000.0,800,5,0,1.0,0,0,0.0,0,0,0.0,0.0,0.0,0,0.0,101800,57.0,0.0,0,1,2021,0.0,0.0,76000.0,,0.4108108108108108,0,0.0,8483.333333333334,0.0943025540275049,0.0,0.0,,,,0.0,0.0,0.0,76000.0,185000.0,0.4108108108108108,0.0943025540275049,0.0,0.0,0.0,0.0,,0.0,11.23850177707664,12.128116509451258,0.0,101800.0,0.09430255402750491
7955.0,34,1,107000.0,1,67000.0,675,5,0,6.0,0,0,1.0,0,0,9.0,20.0,0.0,1,40000.0,46650,37.0,34.0,3,1,2021,24705.72,24705.72,67000.0,1.843710447761194,0.6261682242990654,0,0.0,3887.5,0.1736334405144694,24705.72,24705.72,1.843710447761194,1.843710447761194,1.843710447761194,24705.72,24705.72,24705.72,67000.0,107000.0,0.6261682242990654,0.1736334405144694,9.0,20.0,0.0,40000.0,1.0451096951408196,10.114830550390488,11.112462823634855,11.580593459194764,10.59665973278358,46650.0,0.17363344051446947
7956.0,46,1,481000.0,1,287000.0,1949,5,0,1.0,0,0,1.0,0,0,10.0,150.0,,1,,77471,25.0,25.0,1,1,2021,133296.80000000002,133296.80000000002,287000.0,2.3222439024390247,0.5966735966735967,0,0.0,6455.916666666667,0.3018936118031263,133296.80000000002,133296.80000000002,2.3222439024390247,2.3222439024390247,2.3222439024390247,133296.80000000002,133296.80000000002,133296.80000000002,287000.0,481000.0,0.5966735966735967,0.3018936118031263,10.0,150.0,,,1.200640428856895,11.800341001904574,12.567240979056246,13.083624628087817,,77471.0,0.3018936118031263
7957.0,3,1,410000.0,1,230000.0,1182,5,0,1.0,0,0,1.0,6,0,28.0,168.0,0.0,1,18000.0,75000,45.0,37.0,4,1,2021,164484.32,164484.32,230000.0,3.575746086956522,0.5609756097560976,0,0.0,6250.0,0.18912,164484.32,164484.32,3.575746086956522,3.575746086956522,3.575746086956522,146952.9672,146952.9672,146952.9672,230000.0,410000.0,0.5609756097560976,0.18912,28.0,168.0,0.0,18000.0,1.520769764547711,11.897874668420387,12.345838935721968,12.923914877701906,9.798182590890704,75000.0,0.18912
7962.0,4,1,319000.0,1,237150.0,1114,5,0,3.0,0,0,0.0,0,0,0.0,0.0,0.0,0,0.0,48661,28.0,0.0,0,1,2021,0.0,0.0,237150.0,,0.7434169278996865,0,0.0,4055.0833333333335,0.2747169190933191,0.0,0.0,,,,0.0,0.0,0.0,237150.0,319000.0,0.7434169278996865,0.2747169190933191,0.0,0.0,0.0,0.0,,0.0,12.376452348037295,12.672949516558306,0.0,48661.0,0.2747169190933191
7965.0,5,1,600000.0,1,335000.0,2000,5,0,1.0,0,0,1.0,0,0,30.0,30.0,0.0,1,24000.0,225000,45.0,44.0,3,1,2021,51979.2,51979.2,335000.0,0.7758089552238807,0.5583333333333333,0,0.0,18750.0,0.1066666666666666,51979.2,51979.2,0.7758089552238807,0.7758089552238807,0.7758089552238807,51979.2,51979.2,51979.2,335000.0,600000.0,0.5583333333333333,0.1066666666666666,30.0,30.0,0.0,24000.0,0.5742560685270593,10.858618155821784,12.721888795877376,13.304686600863562,10.085850775128716,225000.0,0.10666666666666667
7974.0,24,1,375000.0,1,160000.0,1359,1,5,1.0,0,0,5.0,0,0,18.0,66.0,0.0,5,0.0,80516,44.0,43.0,2,1,2021,70948.79999999999,70948.79999999999,160000.0,2.21715,0.4266666666666667,0,1.0,6709.666666666667,0.2025435938198619,70948.79999999999,70948.79999999999,2.21715,2.21715,2.21715,70948.79999999999,70948.79999999999,70948.79999999999,160000.0,375000.0,0.4266666666666667,0.2025435938198619,18.0,66.0,0.0,0.0,1.1684958744623797,11.169727863697675,11.982935344196433,12.83468397161566,0.0,80516.0,0.2025435938198619
7976.0,12,1,150000.0,1,95000.0,1350,5,0,1.0,0,0,2.0,0,0,10.0,12.0,0.0,1,44000.0,53600,35.0,34.0,3,1,2021,18983.12,18983.12,95000.0,0.9991115789473684,0.6333333333333333,0,0.0,4466.666666666667,0.3022388059701492,18983.12,18983.12,0.9991115789473684,0.9991115789473684,0.9991115789473684,18983.12,18983.12,18983.12,95000.0,150000.0,0.6333333333333333,0.3022388059701492,10.0,12.0,0.0,44000.0,0.6927028713429062,9.851358119208138,11.461642696843066,11.918397239722838,10.691967639914864,53600.0,0.30223880597014924
7981.0,41,1,900000.0,1,370000.0,3000,5,0,1.0,0,0,1.0,0,0,7.0,10.0,0.0,1,55000.0,578000,47.0,48.0,1,1,2021,14613.56,14613.56,370000.0,0.1974805405405405,0.4111111111111111,0,0.0,48166.66666666666,0.0622837370242214,14613.56,14613.56,0.1974805405405405,0.1974805405405405,0.1974805405405405,14613.56,14613.56,14613.56,370000.0,900000.0,0.4111111111111111,0.0622837370242214,7.0,10.0,0.0,55000.0,0.1802198001003696,9.589773571036728,12.821260987319455,13.71015115341694,10.915106645867503,578000.0,0.06228373702422146
7984.0,26,1,250000.0,1,162000.0,1800,1,5,1.0,0,0,1.0,0,0,15.0,20.0,10.0,1,24000.0,107950,50.0,45.0,3,1,2021,41904.2,41904.2,162000.0,1.2933395061728397,0.648,0,1.0,8995.833333333334,0.2000926354793886,41904.2,41904.2,1.2933395061728397,1.2933395061728397,1.2933395061728397,41904.2,41904.2,41904.2,162000.0,250000.0,0.648,0.2000926354793886,15.0,20.0,10.0,24000.0,0.8300090549186537,10.643165203221772,11.995357787034976,12.429220196836384,10.085850775128716,107950.0,0.2000926354793886
7989.0,14,1,78000.0,1,34000.0,480,5,0,1.0,0,0,1.0,0,0,2.0,65.0,0.0,1,63000.0,158482,45.0,46.0,1,1,2021,55651.96,55651.96,34000.0,8.184111764705882,0.4358974358974359,0,0.0,13206.833333333334,0.0363448214939235,55651.96,55651.96,8.184111764705882,8.184111764705882,8.184111764705882,55651.96,55651.96,55651.96,34000.0,78000.0,0.4358974358974359,0.0363448214939235,2.0,65.0,0.0,63000.0,2.21747500900511,10.926890544866891,10.434145214930489,11.264476926102368,11.050905878263569,158482.0,0.036344821493923596
7993.0,34,1,100000.0,1,25000.0,680,5,0,1.0,0,0,1.0,0,0,30.0,40.0,0.0,1,60000.0,112850,42.0,41.0,2,1,2021,60262.8,60262.8,25000.0,12.05256,0.25,0,0.0,9404.166666666666,0.0723083739477182,60262.8,60262.8,12.05256,12.05256,12.05256,60262.8,60262.8,60262.8,25000.0,100000.0,0.25,0.0723083739477182,30.0,40.0,0.0,60000.0,2.5689842831125373,11.006486870769107,10.12667110305036,11.51293546492023,11.002116507732016,112850.0,0.07230837394771822
7998.0,40,1,340000.0,1,239000.0,1485,5,0,1.0,0,0,1.0,0,0,6.0,10.0,0.0,1,80000.0,186132,41.0,48.0,2,1,2021,13709.28,13709.28,239000.0,0.2868050209205021,0.7029411764705882,0,0.0,15511.0,0.0957385081555025,13709.28,13709.28,0.2868050209205021,0.2868050209205021,0.2868050209205021,13709.28,13709.28,13709.28,239000.0,340000.0,0.7029411764705882,0.0957385081555025,6.0,10.0,0.0,80000.0,0.2521624182406038,9.52590119539668,12.384223015005311,12.73670383776449,11.289794413577894,186132.0,0.09573850815550254
8004.0,29,1,350000.0,1,270000.0,2500,5,0,1.0,0,0,1.0,0,0,10.0,48.0,0.0,1,48000.0,141200,34.0,34.0,2,1,2021,48804.08,48804.08,270000.0,0.9037792592592592,0.7714285714285715,0,0.0,11766.666666666666,0.2124645892351274,48804.08,48804.08,0.9037792592592592,0.9037792592592592,0.9037792592592592,48804.08,48804.08,48804.08,270000.0,350000.0,0.7714285714285715,0.2124645892351274,10.0,48.0,0.0,48000.0,0.6438409943851674,10.795589684784035,12.506180941677355,12.765691290604371,10.778977123006351,141200.0,0.21246458923512748
8006.0,12,1,175000.0,1,32000.0,420,1,5,1.0,0,0,0.0,0,0,0.0,0.0,0.0,0,0.0,44488,36.0,0.0,3,1,2021,0.0,0.0,32000.0,,0.1828571428571428,0,1.0,3707.3333333333335,0.1132889768027333,0.0,0.0,,,,0.0,0.0,0.0,32000.0,175000.0,0.1828571428571428,0.1132889768027333,0.0,0.0,0.0,0.0,,0.0,10.373522431293592,12.07254696717504,0.0,44488.0,0.11328897680273331
8008.0,4,1,650000.0,1,450000.0,2000,5,0,1.0,0,0,6.0,0,0,30.0,70.0,0.0,1,9000.0,214200,41.0,40.0,3,1,2021,85113.59999999999,85113.59999999999,450000.0,0.9457066666666666,0.6923076923076923,1,0.0,17850.0,0.1120448179271708,85113.59999999999,85113.59999999999,0.9457066666666666,0.9457066666666666,0.9457066666666666,85113.59999999999,85113.59999999999,85113.59999999999,450000.0,650000.0,0.6923076923076923,0.1120448179271708,30.0,70.0,0.0,9000.0,0.6656252358483029,11.351753862713457,13.017005083966255,13.384729180332174,9.105090961257083,214200.0,0.11204481792717087
8009.0,24,1,85000.0,1,78000.0,550,5,0,1.0,0,0,1.0,0,0,1.0,0.0,0.0,1,28000.0,82950,30.0,26.0,1,1,2021,904.28,904.28,78000.0,0.0579666666666666,0.9176470588235294,0,0.0,6912.5,0.0795660036166365,904.28,904.28,0.0579666666666666,0.0579666666666666,0.0579666666666666,904.28,904.28,904.28,78000.0,85000.0,0.9176470588235294,0.0795660036166365,1.0,0.0,0.0,28000.0,0.0563488269536462,6.808244288113202,11.264476926102368,11.350418300109132,10.239995502805316,82950.0,0.07956600361663653
8015.0,3,1,350000.0,1,325000.0,1600,5,0,1.0,0,0,1.0,0,0,5.0,20.0,0.0,1,150000.0,200000,36.0,32.0,2,1,2021,21088.6,21088.6,325000.0,0.32444,0.9285714285714286,0,0.0,16666.666666666668,0.0959999999999999,21088.6,21088.6,0.32444,0.32444,0.32444,21088.6,21088.6,21088.6,325000.0,350000.0,0.9285714285714286,0.0959999999999999,5.0,20.0,0.0,150000.0,0.2809897285906559,9.956535306958202,12.691583538230216,12.765691290604371,11.918397239722838,200000.0,0.09599999999999999
8033.0,34,1,180000.0,1,152000.0,1628,5,0,1.0,0,0,1.0,0,0,5.0,25.0,0.0,1,28000.0,153000,51.0,49.0,0,1,2021,25230.4,25230.4,152000.0,0.8299473684210525,0.8444444444444444,0,0.0,12750.0,0.1276862745098039,25230.4,25230.4,0.8299473684210525,0.8299473684210525,0.8299473684210525,25230.4,25230.4,25230.4,152000.0,180000.0,0.8444444444444444,0.1276862745098039,5.0,25.0,0.0,28000.0,0.6042872060140863,10.13584452959225,11.93164237875414,12.100717685412471,10.239995502805316,153000.0,0.1276862745098039
8037.0,46,1,515000.0,1,421000.0,2100,5,0,1.0,0,0,1.0,0,0,20.0,0.0,0.0,1,60000.0,146150,37.0,27.0,0,1,2021,18085.6,18085.6,421000.0,0.2147933491686461,0.8174757281553398,0,0.0,12179.166666666666,0.1724255901471091,18085.6,18085.6,0.2147933491686461,0.2147933491686461,0.2147933491686461,18085.6,18085.6,18085.6,421000.0,515000.0,0.8174757281553398,0.1724255901471091,20.0,0.0,0.0,60000.0,0.1945739793379913,9.802926611581514,12.95039048795861,13.15192412139156,11.002116507732016,146150.0,0.17242559014710915
8041.0,6,1,275000.0,1,30000.0,700,1,5,1.0,0,0,1.0,7,0,6.0,35.0,0.0,1,82000.0,160500,40.0,33.0,2,1,2021,34418.28,34418.28,30000.0,5.73638,0.109090909090909,0,1.0,13375.0,0.0523364485981308,34418.28,34418.28,5.73638,5.73638,5.73638,34418.28,34418.28,34418.28,30000.0,275000.0,0.109090909090909,0.0523364485981308,6.0,35.0,0.0,82000.0,1.9075226886505177,10.446372151475856,10.308985993422082,12.524530013005734,11.31448672129398,160500.0,0.052336448598130844
8043.0,42,1,155000.0,1,112000.0,603,5,0,1.0,0,0,1.0,0,0,4.0,4.0,4.0,1,47385.0,178022,50.0,47.0,1,1,2021,11639.68,11639.68,112000.0,0.5196285714285714,0.7225806451612903,0,0.0,14835.166666666666,0.0406466616485602,11639.68,11639.68,0.5196285714285714,0.5196285714285714,0.5196285714285714,11639.68,11639.68,11639.68,112000.0,155000.0,0.7225806451612903,0.0406466616485602,4.0,4.0,4.0,47385.0,0.4184659440949395,9.362261138823078,11.6262630788088,11.951186847493476,10.766082105406422,178022.0,0.04064666164856029
8046.0,4,1,700000.0,1,220000.0,1756,5,0,1.0,0,0,1.0,0,0,10.0,0.0,0.0,1,97500.0,195000,36.0,35.0,2,1,2021,9042.8,9042.8,220000.0,0.2055181818181818,0.3142857142857143,0,0.0,16250.0,0.1080615384615384,9042.8,9042.8,0.2055181818181818,0.2055181818181818,0.2055181818181818,9042.8,9042.8,9042.8,220000.0,700000.0,0.3142857142857143,0.1080615384615384,10.0,0.0,0.0,97500.0,0.1869095009128925,9.10983471904454,12.301387370778713,13.45883704259595,11.487617913343598,195000.0,0.10806153846153846
8048.0,42,1,450000.0,1,320000.0,2000,5,0,6.0,0,0,6.0,0,0,5.0,50.0,6.0,1,40000.0,100000,42.0,38.0,4,1,2021,53003.08,53003.08,320000.0,0.8281731250000001,0.7111111111111111,1,0.0,8333.333333333334,0.24,53003.08,53003.08,0.8281731250000001,0.8281731250000001,0.8281731250000001,53003.08,53003.08,53003.08,320000.0,450000.0,0.7111111111111111,0.24,5.0,50.0,6.0,40000.0,0.6033171758779179,10.87812417070344,12.676079399771028,13.017005083966255,10.59665973278358,100000.0,0.24
8049.0,42,1,240000.0,1,180000.0,1200,5,0,1.0,0,0,0.0,0,0,0.0,0.0,0.0,0,0.0,49500,59.0,0.0,0,1,2021,0.0,0.0,180000.0,,0.75,0,0.0,4125.0,0.2909090909090909,0.0,0.0,,,,0.0,0.0,0.0,180000.0,240000.0,0.75,0.2909090909090909,0.0,0.0,0.0,0.0,,0.0,12.100717685412471,12.388398368982116,0.0,49500.0,0.2909090909090909
8053.0,34,1,320000.0,1,309000.0,1300,5,0,1.0,0,0,0.0,0,0,0.0,0.0,0.0,0,0.0,85002,53.0,0.0,0,1,2021,0.0,0.0,309000.0,,0.965625,0,0.0,7083.5,0.1835250935272111,0.0,0.0,,,,0.0,0.0,0.0,309000.0,320000.0,0.965625,0.1835250935272111,0.0,0.0,0.0,0.0,,0.0,12.6410997921206,12.676079399771028,0.0,85002.0,0.18352509352721114
8054.0,3,1,300000.0,1,125000.0,600,5,0,,0,0,1.0,0,0,1.0,,1.0,1,36000.0,145713,39.0,38.0,3,1,2021,2081.56,2081.56,125000.0,0.0832624,0.4166666666666667,0,0.0,12142.75,0.0494122006958884,2081.56,2081.56,0.0832624,0.0832624,0.0832624,2081.56,2081.56,2081.56,125000.0,300000.0,0.4166666666666667,0.0494122006958884,1.0,,1.0,36000.0,0.0799772286067522,7.641353185150564,11.736077016252436,12.611541086966117,10.491301994830229,145713.0,0.049412200695888496
8062.0,21,1,540000.0,1,335000.0,1010,5,0,4.0,0,0,4.0,0,0,21.0,0.0,0.0,5,0.0,78150,65.0,68.0,0,1,2021,18989.88,18989.88,335000.0,0.2834310447761194,0.6203703703703703,0,0.0,6512.5,0.1550863723608445,18989.88,18989.88,0.2834310447761194,0.2834310447761194,0.2834310447761194,18989.88,18989.88,18989.88,335000.0,540000.0,0.6203703703703703,0.1550863723608445,21.0,0.0,0.0,0.0,0.2495369955197594,9.8517141429117,12.721888795877376,13.199326270390594,0.0,78150.0,0.15508637236084452
8064.0,32,1,350000.0,1,180000.0,1545,5,0,1.0,0,0,1.0,0,0,15.0,10.0,0.0,1,36400.0,97695,42.0,36.0,2,1,2021,21847.800000000003,21847.800000000003,180000.0,0.6068833333333334,0.5142857142857142,0,0.0,8141.25,0.1897742975587286,21847.800000000003,21847.800000000003,0.6068833333333334,0.6068833333333334,0.6068833333333334,21847.800000000003,21847.800000000003,21847.800000000003,180000.0,350000.0,0.5142857142857142,0.1897742975587286,15.0,10.0,0.0,36400.0,0.4742964850740962,9.991901279107116,12.100717685412471,12.765691290604371,10.50235152577494,97695.0,0.18977429755872868
8068.0,37,1,225000.0,1,140000.0,1200,5,0,1.0,0,0,1.0,0,0,2.0,2.0,0.0,1,45760.0,72184,44.0,38.0,3,1,2021,3465.28,3465.28,140000.0,0.12376,0.6222222222222222,0,0.0,6015.333333333333,0.1994901917322398,3465.28,3465.28,0.12376,0.12376,0.12376,3465.28,3465.28,3465.28,140000.0,225000.0,0.6222222222222222,0.1994901917322398,2.0,2.0,0.0,45760.0,0.1166802055405173,8.15083725177894,11.849404844423074,12.323860125621126,10.731187478961756,72184.0,0.19949019173223984
8071.0,9,1,350000.0,1,299000.0,1900,5,0,6.0,0,0,1.0,0,0,7.0,14.0,0.0,1,105000.0,161467,40.0,38.0,3,1,2021,17927.0,17927.0,299000.0,0.2997826086956521,0.8542857142857143,0,0.0,13455.583333333334,0.1412053236884317,17927.0,17927.0,0.2997826086956521,0.2997826086956521,0.2997826086956521,17927.0,17927.0,17927.0,299000.0,350000.0,0.8542857142857143,0.1412053236884317,7.0,14.0,0.0,105000.0,0.262197026403718,9.794119015480764,12.608202196848836,12.765691290604371,11.561725152903833,161467.0,0.1412053236884317
8077.0,34,1,150000.0,1,125000.0,1100,5,0,1.0,0,0,0.0,0,0,0.0,0.0,0.0,0,0.0,0,40.0,0.0,0,1,2021,0.0,0.0,125000.0,,0.8333333333333334,0,0.0,0.0,,0.0,0.0,,,,0.0,0.0,0.0,125000.0,150000.0,0.8333333333333334,,0.0,0.0,0.0,0.0,,0.0,11.736077016252436,11.918397239722838,0.0,,
8080.0,36,1,360000.0,1,218000.0,1700,5,0,1.0,0,0,0.0,0,0,0.0,0.0,0.0,0,0.0,102050,76.0,0.0,0,1,2021,0.0,0.0,218000.0,,0.6055555555555555,0,0.0,8504.166666666666,0.1999020088192062,0.0,0.0,,,,0.0,0.0,0.0,218000.0,360000.0,0.6055555555555555,0.1999020088192062,0.0,0.0,0.0,0.0,,0.0,12.292254928916668,12.793862088206213,0.0,102050.0,0.19990200881920628
8081.0,36,1,130000.0,1,123069.0,646,5,0,1.0,0,0,0.0,0,0,0.0,0.0,0.0,0,0.0,51025,30.0,0.0,0,1,2021,0.0,0.0,123069.0,,0.9466846153846152,0,0.0,4252.083333333333,0.1519255267025967,0.0,0.0,,,,0.0,0.0,0.0,123069.0,130000.0,0.9466846153846152,0.1519255267025967,0.0,0.0,0.0,0.0,,0.0,11.720508578166385,11.775297421715829,0.0,51025.0,0.15192552670259676
8092.0,21,1,135000.0,1,100000.0,750,5,0,1.0,0,0,1.0,0,0,5.0,10.0,0.0,1,25000.0,36250,38.0,35.0,2,1,2021,12805.0,12805.0,100000.0,0.64025,0.7407407407407407,0,0.0,3020.833333333333,0.2482758620689655,12805.0,12805.0,0.64025,0.64025,0.64025,12805.0,12805.0,12805.0,100000.0,135000.0,0.7407407407407407,0.2482758620689655,5.0,10.0,0.0,25000.0,0.4948486692428498,9.457669090078747,11.51293546492023,11.81303746480054,10.12667110305036,36250.0,0.2482758620689655
8093.0,37,1,130000.0,1,2000.0,267,5,0,4.0,0,0,4.0,0,0,10.0,0.0,0.0,1,40000.0,89212,61.0,66.0,0,1,2021,9042.8,9042.8,2000.0,22.607000000000003,0.0153846153846153,0,0.0,7434.333333333333,0.0359144509707214,9042.8,9042.8,22.607000000000003,22.38556666666665,22.38556666666665,9042.8,9042.8,9042.8,6000.0,130000.0,0.0315099999999999,0.0359144509707214,10.0,0.0,0.0,40000.0,3.152119022941844,9.10983471904454,8.699681400989514,11.775297421715829,10.59665973278358,89212.0,0.03591445097072143
8095.0,39,1,900000.0,1,190000.0,375,5,0,4.0,0,0,6.0,0,0,20.0,0.0,0.0,5,0.0,216500,73.0,71.0,0,1,2021,18085.6,18085.6,190000.0,0.4759368421052632,0.2111111111111111,1,0.0,18041.666666666668,0.0207852193995381,18085.6,18085.6,0.4759368421052632,0.4759368421052632,0.4759368421052632,18085.6,18085.6,18085.6,190000.0,900000.0,0.2111111111111111,0.0221513583572549,20.0,0.0,0.0,0.0,0.3892929353611836,9.802926611581514,12.154784614286667,13.71015115341694,0.0,216500.0,0.020785219399538105
8101.0,13,1,275000.0,1,275000.0,1597,5,0,1.0,0,0,1.0,0,0,20.0,60.0,0.0,1,45000.0,109000,32.0,32.0,4,1,2021,67787.2,67787.2,275000.0,1.2324945454545455,1.0,0,0.0,9083.333333333334,0.1758165137614678,67787.2,67787.2,1.2324945454545455,1.2324945454545455,1.2324945454545455,67787.2,67787.2,67787.2,275000.0,275000.0,1.0,0.1758165137614678,20.0,60.0,0.0,45000.0,0.803119590520088,11.124143417483609,12.524530013005734,12.524530013005734,10.714439990727769,109000.0,0.17581651376146787
8109.0,39,1,200000.0,1,15000.0,353,5,0,1.0,0,0,0.0,0,0,0.0,0.0,0.0,0,0.0,0,53.0,0.0,0,1,2021,0.0,0.0,15000.0,,0.075,0,0.0,0.0,,0.0,0.0,,,,0.0,0.0,0.0,15000.0,200000.0,0.075,,0.0,0.0,0.0,0.0,,0.0,9.61587214452889,12.206077645517674,0.0,,
8114.0,4,1,350000.0,1,350000.0,2700,5,0,1.0,0,0,6.0,0,0,8.0,40.0,0.0,5,0.0,115100,43.0,38.0,3,1,2021,40368.64,40368.64,350000.0,0.5766948571428572,1.0,1,0.0,9591.666666666666,0.2814943527367506,40368.64,40368.64,0.5766948571428572,0.5766948571428572,0.5766948571428572,40368.64,40368.64,40368.64,350000.0,350000.0,1.0,0.2814943527367506,8.0,40.0,0.0,0.0,0.4553307934705143,10.60583329629422,12.765691290604371,12.765691290604371,0.0,115100.0,0.28149435273675066
8119.0,0,1,645648.0,1,598825.0,1200,5,0,1.0,0,0,1.0,0,0,4.0,0.0,0.0,1,95000.0,285150,31.0,38.0,0,1,2021,3617.12,3617.12,598825.0,0.0302018118816014,0.927479059797289,0,0.0,23762.5,0.0504997369805365,3617.12,3617.12,0.0302018118816014,0.0302018118816014,0.0302018118816014,3617.12,3617.12,3617.12,598825.0,645648.0,0.927479059797289,0.0504997369805365,4.0,0.0,0.0,95000.0,0.0297547169146439,8.193709832901066,13.302726350758665,13.378011291446834,11.461642696843066,285150.0,0.05049973698053656
8121.0,10,1,800000.0,1,610000.0,3500,5,0,1.0,0,0,1.0,0,0,15.0,25.0,0.0,1,220000.0,420000,47.0,40.0,1,1,2021,34273.200000000004,34273.200000000004,610000.0,0.2809278688524591,0.7625,0,0.0,35000.0,0.1,34273.200000000004,34273.200000000004,0.2809278688524591,0.2809278688524591,0.2809278688524591,34273.200000000004,34273.200000000004,34273.200000000004,610000.0,800000.0,0.7625,0.1,15.0,25.0,0.0,200000.0,0.2475847128611902,10.44214816353084,13.321215875492411,13.592368256649284,12.206077645517674,420000.0,0.1
8126.0,4,1,600000.0,1,500000.0,3100,5,0,1.0,0,0,1.0,0,0,5.0,20.0,0.0,1,70000.0,244533,43.0,46.0,2,1,2021,21088.6,21088.6,500000.0,0.210886,0.8333333333333334,0,0.0,20377.75,0.1521267068248457,21088.6,21088.6,0.210886,0.210886,0.210886,21088.6,21088.6,21088.6,500000.0,600000.0,0.8333333333333334,0.1521267068248457,5.0,20.0,0.0,70000.0,0.1913523230629864,9.956535306958202,13.122365377402328,13.304686600863562,11.156264806643742,244533.0,0.15212670682484572
8127.0,39,1,335000.0,1,100000.0,1195,5,0,4.0,0,0,1.0,0,0,50.0,75.0,2.0,1,75000.0,141000,43.0,36.0,1,1,2021,109695.56,109695.56,100000.0,5.484778,0.2985074626865671,0,0.0,11750.0,0.1017021276595744,109695.56,109695.56,5.484778,5.484778,5.484778,109695.56,109695.56,109695.56,100000.0,335000.0,0.2985074626865671,0.1017021276595744,50.0,75.0,2.0,75000.0,1.869457584337423,11.60547328752187,11.51293546492023,12.721888795877376,11.225256725762891,141000.0,0.10170212765957447
8128.0,37,1,52000.0,1,34000.0,400,5,0,1.0,0,0,1.0,0,0,12.0,12.0,0.0,1,49000.0,108500,43.0,45.0,4,1,2021,20791.68,20791.68,34000.0,3.0576,0.6538461538461539,0,0.0,9041.666666666666,0.0442396313364055,20791.68,20791.68,3.0576,3.0576,3.0576,20791.68,20791.68,20791.68,34000.0,52000.0,0.6538461538461539,0.0442396313364055,12.0,12.0,0.0,49000.0,1.400591665820715,9.942356280673028,10.434145214930489,10.859018228147889,10.799595985047786,108500.0,0.04423963133640553
8133.0,32,1,250000.0,1,81000.0,725,5,0,1.0,0,0,1.0,0,0,5.0,20.0,0.0,1,34000.0,87002,41.0,37.0,1,1,2021,21088.6,21088.6,81000.0,1.3017654320987655,0.324,0,0.0,7250.166666666667,0.0999977012022712,21088.6,21088.6,1.3017654320987655,1.3017654320987655,1.3017654320987655,21088.6,21088.6,21088.6,81000.0,250000.0,0.324,0.0999977012022712,5.0,20.0,0.0,34000.0,0.8336764076702468,9.956535306958202,11.302216779257382,12.429220196836384,10.434145214930489,87002.0,0.09999770120227121
8135.0,14,1,300000.0,1,190000.0,1400,5,0,1.0,0,0,1.0,0,0,,,,1,114000.0,189000,38.0,35.0,3,1,2021,0.0,0.0,190000.0,,0.6333333333333333,0,0.0,15750.0,0.0888888888888888,0.0,0.0,,,,0.0,0.0,0.0,190000.0,300000.0,0.6333333333333333,0.0888888888888888,,,,114000.0,,0.0,12.154784614286667,12.611541086966117,11.643962499267984,189000.0,0.08888888888888889
8143.0,26,1,270000.0,1,205000.0,1400,5,0,1.0,0,0,0.0,0,0,0.0,0.0,0.0,0,0.0,68000,37.0,0.0,2,1,2021,0.0,0.0,205000.0,,0.7592592592592593,0,0.0,5666.666666666667,0.2470588235294117,0.0,0.0,,,,0.0,0.0,0.0,205000.0,270000.0,0.7592592592592593,0.2470588235294117,0.0,0.0,0.0,0.0,,0.0,12.230770136157428,12.506180941677355,0.0,68000.0,0.24705882352941175
8144.0,4,1,385000.0,1,211000.0,1165,5,0,1.0,0,0,0.0,0,0,0.0,0.0,0.0,0,0.0,62640,32.0,0.0,0,1,2021,0.0,0.0,211000.0,,0.548051948051948,0,0.0,5220.0,0.2231800766283525,0.0,0.0,,,,0.0,0.0,0.0,211000.0,385000.0,0.548051948051948,0.2231800766283525,0.0,0.0,0.0,0.0,,0.0,12.259618151783464,12.861001210669146,0.0,62640.0,0.2231800766283525
8150.0,22,1,375000.0,1,80.0,1463,5,0,1.0,0,0,0.0,0,0,0.0,0.0,0.0,0,0.0,126000,54.0,0.0,0,1,2021,0.0,0.0,80.0,,0.0002133333333333,0,0.0,10500.0,0.1393333333333333,0.0,0.0,,,,0.0,0.0,0.0,6000.0,375000.0,0.0315099999999999,0.1393333333333333,0.0,0.0,0.0,0.0,,0.0,8.699681400989514,12.83468397161566,0.0,126000.0,0.13933333333333334
8168.0,37,1,80000.0,1,38765.0,377,1,5,1.0,0,0,1.0,0,0,20.0,150.0,2.0,5,0.0,32000,35.0,40.0,3,1,2021,144694.16000000003,144694.16000000003,38765.0,18.66298981039598,0.4845625,0,1.0,2666.6666666666665,0.141375,144694.16000000003,144694.16000000003,18.66298981039598,18.66298981039598,18.66298981039598,144694.16000000003,144694.16000000003,144694.16000000003,38765.0,80000.0,0.4845625,0.141375,20.0,150.0,2.0,0.0,2.9787381789652114,11.882384463545996,10.56529885278622,11.289794413577894,0.0,32000.0,0.141375
8169.0,12,1,218000.0,1,180000.0,1300,1,5,1.0,0,0,0.0,0,0,0.0,0.0,0.0,0,0.0,204400,36.0,0.0,2,1,2021,0.0,0.0,180000.0,,0.8256880733944955,0,1.0,17033.333333333332,0.0763209393346379,0.0,0.0,,,,0.0,0.0,0.0,180000.0,218000.0,0.8256880733944955,0.0763209393346379,0.0,0.0,0.0,0.0,,0.0,12.100717685412471,12.292254928916668,0.0,204400.0,0.07632093933463797
8177.0,37,1,126000.0,1,75000.0,1000,5,0,1.0,0,0,6.0,0,0,28.0,30.0,0.0,5,0.0,103824,46.0,46.0,3,1,2021,50170.64,50170.64,75000.0,3.3447093333333333,0.5952380952380952,1,0.0,8652.0,0.1155802126675913,50170.64,50170.64,3.3447093333333333,3.3447093333333333,3.3447093333333333,50170.64,50170.64,50170.64,75000.0,126000.0,0.5952380952380952,0.1155802126675913,28.0,30.0,0.0,0.0,1.4689588596633996,10.823205205801912,11.225256725762891,11.744045122410055,0.0,103824.0,0.1155802126675913
8185.0,37,1,400000.0,1,270000.0,2200,5,0,4.0,1,0,0.0,0,0,0.0,0.0,0.0,0,0.0,120075,50.0,0.0,0,1,2021,0.0,0.0,270000.0,,0.675,0,0.0,10006.25,0.2198625858838226,0.0,0.0,,,,0.0,0.0,0.0,270000.0,400000.0,0.675,0.2198625858838226,0.0,0.0,0.0,0.0,,0.0,12.506180941677355,12.899222326086994,0.0,120075.0,0.2198625858838226
8201.0,48,1,170000.0,1,155000.0,1080,5,0,1.0,0,0,1.0,0,0,60.0,60.0,0.0,1,5960.0,80767,45.0,48.0,3,1,2021,103958.4,103958.4,155000.0,3.3534967741935486,0.9117647058823528,0,0.0,6730.583333333333,0.1604615746530142,103958.4,103958.4,3.3534967741935486,3.3534967741935486,3.3534967741935486,103958.4,103958.4,103958.4,155000.0,170000.0,0.9117647058823528,0.1604615746530142,50.0,60.0,0.0,5960.0,1.4709793783177387,11.551755717288216,11.951186847493476,12.04355959836804,8.692993531219926,80767.0,0.16046157465301422
8203.0,37,1,250000.0,1,36000.0,782,5,0,1.0,0,0,1.0,0,0,7.0,5.0,0.0,1,20000.0,159050,49.0,53.0,1,1,2021,10471.76,10471.76,36000.0,1.454411111111111,0.144,0,0.0,13254.166666666666,0.0590003143665514,10471.76,10471.76,1.454411111111111,1.454411111111111,1.454411111111111,10471.76,10471.76,10471.76,36000.0,250000.0,0.144,0.0590003143665514,7.0,5.0,0.0,20000.0,0.897886859197792,9.256532879440677,10.491301994830229,12.429220196836384,9.90353755128617,159050.0,0.0590003143665514
8207.0,42,1,1400000.0,1,300000.0,3000,5,0,1.0,0,0,6.0,0,0,30.0,30.0,0.0,5,0.0,821263,40.0,39.0,2,1,2021,51979.2,51979.2,300000.0,0.8663200000000001,0.2142857142857142,1,0.0,68438.58333333333,0.0438349225522153,51979.2,51979.2,0.8663200000000001,0.8663200000000001,0.8663200000000001,51979.2,51979.2,51979.2,300000.0,1400000.0,0.2142857142857142,0.0438349225522153,30.0,30.0,0.0,0.0,0.6239685775402464,10.858618155821784,12.611541086966117,14.151983508870948,0.0,821263.0,0.043834922552215314
8208.0,20,1,645000.0,1,438000.0,2709,5,0,1.0,0,0,1.0,0,0,,,0.0,1,68000.0,193000,33.0,32.0,1,1,2021,0.0,0.0,438000.0,,0.6790697674418604,0,0.0,16083.333333333334,0.1684352331606217,0.0,0.0,,,,0.0,0.0,0.0,438000.0,645000.0,0.6790697674418604,0.1684352331606217,,,0.0,68000.0,,0.0,12.989976472461,13.377007146164305,11.127277689932466,193000.0,0.16843523316062176
8209.0,2,1,350000.0,1,330000.0,1810,5,0,1.0,0,0,1.0,0,0,5.0,0.0,0.0,1,,75088,30.0,25.0,0,1,2021,4521.400000000001,4521.400000000001,330000.0,0.0685060606060606,0.9428571428571428,0,0.0,6257.333333333333,0.2892606008949499,4521.400000000001,4521.400000000001,0.0685060606060606,0.0685060606060606,0.0685060606060606,4521.400000000001,4521.400000000001,4521.400000000001,330000.0,350000.0,0.9428571428571428,0.2892606008949499,5.0,0.0,0.0,,0.0662614678302918,8.416798105361082,12.706850963741102,12.765691290604371,,75088.0,0.2892606008949499
8210.0,40,1,65000.0,1,60000.0,506,5,0,1.0,0,0,1.0,0,0,7.0,21.0,,1,40700.0,130095,45.0,45.0,3,1,2021,23725.52,23725.52,60000.0,1.9771266666666667,0.9230769230769232,0,0.0,10841.25,0.0466735846881125,23725.52,23725.52,1.9771266666666667,1.9771266666666667,1.9771266666666667,23725.52,23725.52,23725.52,60000.0,65000.0,0.9230769230769232,0.0466735846881125,7.0,21.0,,40700.0,1.0909586295553086,10.074348688865308,11.002116507732016,11.082157933374816,10.614007941153416,130095.0,0.046673584688112536
8215.0,5,1,450000.0,1,300000.0,1600,5,0,1.0,0,0,1.0,0,0,2.0,0.0,0.0,1,70000.0,146006,27.0,28.0,0,1,2021,1808.56,1808.56,300000.0,0.0301426666666666,0.6666666666666666,0,0.0,12167.166666666666,0.1315014451460898,1808.56,1808.56,0.0301426666666666,0.0301426666666666,0.0301426666666666,1808.56,1808.56,1808.56,300000.0,450000.0,0.6666666666666666,0.1315014451460898,2.0,0.0,0.0,70000.0,0.029697303976597,7.500839000785103,12.611541086966117,13.017005083966255,11.156264806643742,146006.0,0.13150144514608988
8220.0,42,1,24000.0,1,10000.0,350,5,0,1.0,0,0,1.0,0,0,5.0,0.0,0.0,1,35000.0,117150,24.0,23.0,0,1,2021,4521.400000000001,4521.400000000001,10000.0,2.2607000000000004,0.4166666666666667,0,0.0,9762.5,0.0358514724711907,4521.400000000001,4521.400000000001,2.2607000000000004,2.2607000000000004,2.2607000000000004,4521.400000000001,4521.400000000001,4521.400000000001,10000.0,50000.0,0.4166666666666667,0.0358514724711907,5.0,0.0,0.0,35000.0,1.181941896255114,8.416798105361082,9.210440366976515,10.819798284210286,10.463131911491969,117150.0,0.03585147247119078
8221.0,23,1,75000.0,1,10000.0,558,1,5,5.0,0,0,3.0,0,0,8.0,3.0,2.0,5,0.0,33220,61.0,58.0,0,1,2021,12073.88,12073.88,10000.0,6.03694,0.1333333333333333,0,1.0,2768.333333333333,0.2015653220951234,12073.88,12073.88,6.03694,6.03694,6.03694,12073.88,12073.88,12073.88,10000.0,75000.0,0.1333333333333333,0.2015653220951234,8.0,3.0,2.0,0.0,1.9511734165873973,9.398882540583193,9.210440366976515,11.225256725762891,0.0,33220.0,0.2015653220951234
8232.0,14,1,135000.0,1,63000.0,591,5,0,1.0,0,0,1.0,0,0,10.0,20.0,,1,42290.0,75196,40.0,36.0,2,1,2021,25610.0,25610.0,63000.0,2.0325396825396824,0.4666666666666667,0,0.0,6266.333333333333,0.0943135273152827,25610.0,25610.0,2.0325396825396824,2.0325396825396824,2.0325396825396824,25610.0,25610.0,25610.0,63000.0,135000.0,0.4666666666666667,0.0943135273152827,10.0,20.0,,42290.0,1.1094004475013763,10.150777225678416,11.050905878263569,11.81303746480054,10.652329576439037,75196.0,0.09431352731528274
8238.0,1,1,180000.0,1,160000.0,1200,5,0,1.0,0,0,0.0,0,0,0.0,0.0,0.0,0,0.0,52000,41.0,0.0,0,1,2021,0.0,0.0,160000.0,,0.8888888888888888,0,0.0,4333.333333333333,0.2769230769230769,0.0,0.0,,,,0.0,0.0,0.0,160000.0,180000.0,0.8888888888888888,0.2769230769230769,0.0,0.0,0.0,0.0,,0.0,11.982935344196433,12.100717685412471,0.0,52000.0,0.27692307692307694
8247.0,14,1,250000.0,1,190000.0,1900,5,0,1.0,0,0,1.0,0,0,5.0,40.0,0.0,1,110000.0,149263,42.0,36.0,4,1,2021,37655.8,37655.8,190000.0,0.990942105263158,0.76,0,0.0,12438.583333333334,0.1527505141930686,37655.8,37655.8,0.990942105263158,0.990942105263158,0.990942105263158,37655.8,37655.8,37655.8,190000.0,250000.0,0.76,0.1527505141930686,5.0,40.0,0.0,110000.0,0.6886079464388667,10.53626882780963,12.154784614286667,12.429220196836384,11.60824473564232,149263.0,0.1527505141930686
8250.0,2,1,3500000.0,1,1400000.0,8000,5,0,1.0,0,0,6.0,0,0,12.0,20.0,,5,0.0,900000,46.0,43.0,3,1,2021,27418.56,27418.56,1400000.0,0.0979234285714285,0.4,1,0.0,75000.0,0.1066666666666666,27418.56,27418.56,0.0979234285714285,0.0979234285714285,0.0979234285714285,27418.56,27418.56,27418.56,701100.0000000001,1600000.0,0.4,0.1066666666666666,12.0,20.0,,0.0,0.093420603471097,10.2190119063063,13.460407235524094,14.285514812209817,0.0,900000.0,0.10666666666666667
8252.0,13,1,130000.0,1,69000.0,670,5,0,3.0,0,0,1.0,0,0,10.0,18.0,1.0,1,35000.0,84200,43.0,38.0,3,1,2021,25130.56,25130.56,69000.0,1.821055072463768,0.5307692307692308,0,0.0,7016.666666666667,0.0954869358669833,25130.56,25130.56,1.821055072463768,1.821055072463768,1.821055072463768,25130.56,25130.56,25130.56,69000.0,130000.0,0.5307692307692308,0.0954869358669833,10.0,18.0,1.0,35000.0,1.0371109541489636,10.131879705809496,11.141876276228,11.775297421715829,10.463131911491969,84200.0,0.09548693586698337
8258.0,47,1,400000.0,1,198000.0,954,5,0,6.0,0,0,1.0,0,0,4.0,20.0,0.0,1,70000.0,70000,33.0,33.0,3,1,2021,20184.32,20184.32,198000.0,0.5097050505050505,0.495,0,0.0,5833.333333333333,0.1635428571428571,20184.32,20184.32,0.5097050505050505,0.5097050505050505,0.5097050505050505,20184.32,20184.32,20184.32,198000.0,400000.0,0.495,0.1635428571428571,4.0,20.0,0.0,70000.0,0.4119143009559321,9.91271088651783,12.19602736016897,12.899222326086994,11.156264806643742,70000.0,0.16354285714285716
8265.0,37,1,302000.0,1,285000.0,2197,5,0,6.0,0,0,1.0,0,0,4.0,60.0,0.0,1,68000.0,72500,47.0,43.0,5,1,2021,53318.72,53318.72,285000.0,0.9354161403508772,0.9437086092715232,0,0.0,6041.666666666667,0.3636413793103448,53318.72,53318.72,0.9354161403508772,0.9354161403508772,0.9354161403508772,53318.72,53318.72,53318.72,285000.0,302000.0,0.9437086092715232,0.3636413793103448,4.0,60.0,0.0,68000.0,0.660322362972598,10.884061522966029,12.560247968016562,12.618185607609805,11.127277689932466,72500.0,0.3636413793103448
8268.0,13,1,135000.0,1,85000.0,565,5,0,1.0,0,0,1.0,0,0,15.0,20.0,,1,23000.0,71428,36.0,34.0,2,1,2021,30131.4,30131.4,85000.0,1.772435294117647,0.6296296296296297,0,0.0,5952.333333333333,0.0949207593660749,30131.4,30131.4,1.772435294117647,1.772435294117647,1.772435294117647,30131.4,30131.4,30131.4,85000.0,135000.0,0.6296296296296297,0.0949207593660749,15.0,20.0,,23000.0,1.0197261015093166,10.313356283781143,11.350418300109132,11.81303746480054,10.043292972227004,71428.0,0.09492075936607493
8270.0,32,1,420000.0,1,415000.0,2400,5,0,1.0,0,0,0.0,0,0,0.0,0.0,0.0,0,0.0,300000,42.0,0.0,1,1,2021,0.0,0.0,415000.0,,0.988095238095238,0,0.0,25000.0,0.096,0.0,0.0,,,,0.0,0.0,0.0,415000.0,420000.0,0.988095238095238,0.096,0.0,0.0,0.0,0.0,,0.0,12.936036208848488,12.948012371209098,0.0,300000.0,0.096
8275.0,28,1,730000.0,1,325000.0,3400,5,0,1.0,0,0,1.0,0,0,4.0,0.0,0.0,1,45700.0,115459,52.0,56.0,0,1,2021,3617.12,3617.12,325000.0,0.0556479999999999,0.4452054794520548,0,0.0,9621.583333333334,0.3533721927264223,3617.12,3617.12,0.0556479999999999,0.0556479999999999,0.0556479999999999,3617.12,3617.12,3617.12,325000.0,730000.0,0.4452054794520548,0.3533721927264223,4.0,0.0,0.0,45700.0,0.0541547963828319,8.193709832901066,12.691583538230216,13.500801182986647,10.729875458480969,115459.0,0.35337219272642234
8288.0,45,1,200000.0,1,140000.0,1140,5,0,1.0,0,0,0.0,0,0,0.0,0.0,0.0,0,0.0,76000,37.0,0.0,0,1,2021,0.0,0.0,140000.0,,0.7,0,0.0,6333.333333333333,0.18,0.0,0.0,,,,0.0,0.0,0.0,140000.0,200000.0,0.7,0.18,0.0,0.0,0.0,0.0,,0.0,11.849404844423074,12.206077645517674,0.0,76000.0,0.18000000000000002
8289.0,13,1,75000.0,1,30000.0,586,5,0,1.0,0,0,0.0,0,0,0.0,0.0,0.0,0,0.0,50475,60.0,0.0,0,1,2021,0.0,0.0,30000.0,,0.4,0,0.0,4206.25,0.1393164933135215,0.0,0.0,,,,0.0,0.0,0.0,30000.0,75000.0,0.4,0.1393164933135215,0.0,0.0,0.0,0.0,,0.0,10.308985993422082,11.225256725762891,0.0,50475.0,0.13931649331352156
8296.0,20,1,470000.0,1,125000.0,1125,5,0,1.0,0,0,1.0,0,0,12.0,0.0,0.0,1,27000.0,126000,72.0,70.0,0,1,2021,10851.36,10851.36,125000.0,0.4340544,0.2659574468085106,0,0.0,10500.0,0.1071428571428571,10851.36,10851.36,0.4340544,0.4340544,0.4340544,10851.36,10851.36,10851.36,125000.0,470000.0,0.2659574468085106,0.1071428571428571,12.0,0.0,0.0,27000.0,0.3605056773016763,9.29213784683714,11.736077016252436,13.060490101343552,10.203629181337648,126000.0,0.10714285714285714
8306.0,4,1,595000.0,1,367000.0,2200,5,0,1.0,0,0,1.0,0,0,2.0,0.0,0.0,1,55920.0,120420,47.0,47.0,0,1,2021,1808.56,1808.56,367000.0,0.0246397820163487,0.6168067226890757,0,0.0,10035.0,0.2192326856003986,1808.56,1808.56,0.0246397820163487,0.0301226161123428,0.0301226161123428,1808.56,1808.56,1808.56,367000.0,595000.0,0.6168067226890757,0.2192326856003986,2.0,0.0,0.0,55920.0,0.029677839925543,7.500839000785103,12.813119851828636,13.296318365198625,10.931695259437356,120420.0,0.2192326856003986
8311.0,40,1,200000.0,1,133000.0,1024,5,0,1.0,0,0,1.0,0,0,16.0,27.0,0.0,5,0.0,70212,40.0,39.0,3,1,2021,36834.2,36834.2,133000.0,1.3847443609022558,0.665,0,0.0,5851.0,0.1750128183216544,36834.2,36834.2,1.3847443609022558,1.3847443609022558,1.3847443609022558,36834.2,36834.2,36834.2,133000.0,200000.0,0.665,0.1750128183216544,16.0,27.0,0.0,0.0,0.8690919323909478,10.514209188720743,11.798111925972618,12.206077645517674,0.0,70212.0,0.1750128183216544
8314.0,40,1,434000.0,1,55400.0,1800,9,0,1.0,0,0,1.0,0,0,3.0,10.0,0.0,1,190000.0,1020400,46.0,47.0,2,1,2021,10996.440000000002,10996.440000000002,55400.0,0.9924584837545128,0.1276497695852534,0,0.0,85033.33333333333,0.0211681693453547,10996.440000000002,10996.440000000002,0.9924584837545128,0.9924584837545128,0.9924584837545128,10996.440000000002,10996.440000000002,10996.440000000002,55400.0,434000.0,0.1276497695852534,0.0221513583572549,3.0,10.0,0.0,190000.0,0.6893692952064414,9.305417797422589,10.922352923113982,12.980802117227352,12.154784614286667,1020400.0,0.021168169345354763
8321.0,31,1,610000.0,1,280000.0,1600,5,0,2.0,0,0,1.0,0,0,20.0,3.0,2.0,1,30000.0,110320,36.0,49.0,1,1,2021,22925.24,22925.24,280000.0,0.4093792857142857,0.4590163934426229,0,0.0,9193.333333333334,0.1740391588107324,22925.24,22925.24,0.4093792857142857,0.4093792857142857,0.4093792857142857,22925.24,22925.24,22925.24,280000.0,610000.0,0.4590163934426229,0.1740391588107324,20.0,3.0,2.0,30000.0,0.3431493845658601,10.040037385083917,12.54254845357358,13.321215875492411,10.308985993422082,110320.0,0.1740391588107324
8322.0,45,1,200000.0,1,164125.0,1188,5,0,1.0,0,0,0.0,0,0,0.0,0.0,0.0,0,0.0,54000,32.0,0.0,0,1,2021,0.0,0.0,164125.0,,0.820625,0,0.0,4500.0,0.264,0.0,0.0,,,,0.0,0.0,0.0,164125.0,200000.0,0.820625,0.264,0.0,0.0,0.0,0.0,,0.0,12.00838970450352,12.206077645517674,0.0,54000.0,0.264
8332.0,21,1,225000.0,1,154000.0,1200,5,0,1.0,0,0,6.0,6,0,21.0,28.0,0.0,5,0.0,90000,41.0,37.0,2,1,2021,42183.96,42183.96,154000.0,1.3696090909090908,0.6844444444444444,1,0.0,7500.0,0.16,42183.96,42183.96,1.3696090909090908,1.3696090909090908,1.3696090909090908,42183.96,42183.96,42183.96,154000.0,225000.0,0.6844444444444444,0.16,21.0,28.0,0.0,0.0,0.8627250009981648,10.64981903839494,11.944714374881176,12.323860125621126,0.0,90000.0,0.16
8354.0,26,1,150000.0,1,30000.0,1000,5,0,1.0,0,0,6.0,0,0,2.0,0.0,0.0,1,80000.0,380000,35.0,26.0,0,1,2021,1808.56,1808.56,30000.0,0.3014266666666667,0.2,1,0.0,31666.666666666668,0.031578947368421,1808.56,1808.56,0.3014266666666667,0.3014266666666667,0.3014266666666667,1808.56,1808.56,1808.56,30000.0,150000.0,0.2,0.031578947368421,2.0,0.0,0.0,80000.0,0.2634610986223615,7.500839000785103,10.308985993422082,11.918397239722838,11.289794413577894,380000.0,0.031578947368421054
8355.0,3,1,110000.0,1,6000.0,420,5,0,1.0,0,0,1.0,0,0,10.0,15.0,0.0,1,60000.0,112000,33.0,35.0,3,1,2021,21468.2,21468.2,6000.0,17.890166666666666,0.0545454545454545,0,0.0,9333.333333333334,0.045,21468.2,21468.2,17.890166666666666,17.890166666666666,17.890166666666666,21468.2,21468.2,21468.2,6000.0,110000.0,0.0545454545454545,0.045,10.0,15.0,0.0,60000.0,2.938641504484907,9.974374628883778,8.699681400989514,11.60824473564232,11.002116507732016,112000.0,0.045
8356.0,5,1,1200000.0,1,650000.0,3250,5,0,1.0,0,0,1.0,6,0,10.0,16.0,1.0,1,185000.0,386313,54.0,48.0,2,1,2021,23473.84,23473.84,650000.0,0.1805679999999999,0.5416666666666666,0,0.0,32192.75,0.1009544074364569,23473.84,23473.84,0.1805679999999999,0.1805679999999999,0.1805679999999999,23473.84,23473.84,23473.84,650000.0,1200000.0,0.5416666666666666,0.1009544074364569,10.0,16.0,1.0,185000.0,0.1659956785951738,10.063684488291788,13.384729180332174,13.997832948091215,12.128116509451258,386313.0,0.10095440743645696
8362.0,34,1,140000.0,1,78000.0,800,5,0,1.0,0,0,0.0,0,0,0.0,0.0,0.0,0,0.0,152000,55.0,0.0,0,1,2021,0.0,0.0,78000.0,,0.5571428571428572,0,0.0,12666.666666666666,0.0631578947368421,0.0,0.0,,,,0.0,0.0,0.0,78000.0,140000.0,0.5571428571428572,0.0631578947368421,0.0,0.0,0.0,0.0,,0.0,11.264476926102368,11.849404844423074,0.0,152000.0,0.06315789473684211
8368.0,5,1,600000.0,1,400000.0,2100,5,0,1.0,7,0,1.0,0,0,10.0,0.0,0.0,1,185000.0,226263,42.0,42.0,0,1,2021,9042.8,9042.8,400000.0,0.113035,0.6666666666666666,0,0.0,18855.25,0.1113748160326699,9042.8,9042.8,0.113035,0.113035,0.113035,9042.8,9042.8,9042.8,400000.0,600000.0,0.6666666666666666,0.1113748160326699,10.0,0.0,0.0,185000.0,0.1070905183398561,9.10983471904454,12.899222326086994,13.304686600863562,12.128116509451258,226263.0,0.11137481603266995
8377.0,42,1,200000.0,1,105000.0,1670,5,0,3.0,0,0,1.0,0,0,10.0,,,1,68000.0,120150,40.0,38.0,1,1,2021,9042.8,9042.8,105000.0,0.4306095238095239,0.525,0,0.0,10012.5,0.1667915106117353,9042.8,9042.8,0.4306095238095239,0.4306095238095239,0.4306095238095239,9042.8,9042.8,9042.8,105000.0,200000.0,0.525,0.1667915106117353,10.0,,,68000.0,0.3581005938834108,9.10983471904454,11.561725152903833,12.206077645517674,11.127277689932466,120150.0,0.16679151061173533
8380.0,39,1,450000.0,1,265000.0,1700,5,0,4.0,0,0,4.0,0,0,28.0,25.0,0.0,5,0.0,112086,68.0,66.0,0,1,2021,46028.84,46028.84,265000.0,0.868468679245283,0.5888888888888889,0,0.0,9340.5,0.1820031047588458,46028.84,46028.84,0.868468679245283,0.868468679245283,0.868468679245283,46028.84,46028.84,46028.84,265000.0,450000.0,0.5888888888888889,0.1820031047588458,28.0,25.0,0.0,0.0,0.6251192072903498,10.737045160811329,12.487488878546143,13.017005083966255,0.0,112086.0,0.18200310475884587
8394.0,41,1,150000.0,1,74000.0,680,5,0,1.0,0,0,0.0,0,0,0.0,0.0,0.0,0,0.0,65000,46.0,0.0,0,1,2021,0.0,0.0,74000.0,,0.4933333333333333,0,0.0,5416.666666666667,0.1255384615384615,0.0,0.0,,,,0.0,0.0,0.0,74000.0,150000.0,0.4933333333333333,0.1255384615384615,0.0,0.0,0.0,0.0,,0.0,11.211833885608511,11.918397239722838,0.0,65000.0,0.12553846153846154
8395.0,36,1,300000.0,1,200000.0,1500,5,0,1.0,0,0,1.0,0,0,30.0,35.0,0.0,1,100000.0,145100,46.0,41.0,2,1,2021,56121.0,56121.0,200000.0,1.403025,0.6666666666666666,0,0.0,12091.666666666666,0.124052377670572,56121.0,56121.0,1.403025,1.403025,1.403025,56121.0,56121.0,56121.0,200000.0,300000.0,0.6666666666666666,0.124052377670572,30.0,35.0,0.0,100000.0,0.8767283603623032,10.935283171500128,12.206077645517674,12.611541086966117,11.51293546492023,145100.0,0.12405237767057202
8396.0,19,1,220000.0,1,125000.0,1150,5,0,1.0,0,0,1.0,0,0,5.0,5.0,0.0,1,80000.0,210000,34.0,35.0,2,1,2021,8663.2,8663.2,125000.0,0.346528,0.5681818181818182,0,0.0,17500.0,0.0657142857142857,8663.2,8663.2,0.346528,0.346528,0.346528,8663.2,8663.2,8663.2,125000.0,220000.0,0.5681818181818182,0.0657142857142857,5.0,5.0,0.0,80000.0,0.2975294277061143,9.066954872440247,11.736077016252436,12.301387370778713,11.289794413577894,210000.0,0.06571428571428571
8403.0,9,1,60000.0,1,15000.0,650,5,0,1.0,0,0,1.0,0,0,21.0,,,1,18000.0,58200,41.0,39.0,0,1,2021,18989.88,18989.88,15000.0,6.329960000000001,0.25,0,0.0,4850.0,0.134020618556701,18989.88,18989.88,6.329960000000001,6.329960000000001,6.329960000000001,18989.88,18989.88,18989.88,15000.0,60000.0,0.25,0.134020618556701,21.0,,,18000.0,1.9919700588577496,9.8517141429117,9.61587214452889,11.002116507732016,9.798182590890704,58200.0,0.13402061855670103
8415.0,39,1,80000.0,1,34000.0,418,5,0,2.0,0,0,0.0,0,0,0.0,0.0,0.0,0,0.0,28200,59.0,0.0,0,1,2021,0.0,0.0,34000.0,,0.425,0,0.0,2350.0,0.1778723404255319,0.0,0.0,,,,0.0,0.0,0.0,34000.0,80000.0,0.425,0.1778723404255319,0.0,0.0,0.0,0.0,,0.0,10.434145214930489,11.289794413577894,0.0,28200.0,0.1778723404255319
8420.0,31,1,140000.0,1,85000.0,1000,5,0,1.0,0,0,6.0,0,0,15.0,40.0,0.0,5,0.0,48000,39.0,39.0,1,1,2021,46698.600000000006,46698.600000000006,85000.0,2.746976470588236,0.6071428571428571,1,0.0,4000.0,0.25,46698.600000000006,46698.600000000006,2.746976470588236,2.746976470588236,2.746976470588236,46698.600000000006,46698.600000000006,46698.600000000006,85000.0,140000.0,0.6071428571428571,0.25,15.0,40.0,0.0,0.0,1.3209492402584035,10.751490878309816,11.350418300109132,11.849404844423074,0.0,48000.0,0.25
8437.0,41,1,450000.0,1,423000.0,2138,5,0,3.0,0,0,1.0,0,0,10.0,10.0,0.0,1,90000.0,193617,49.0,39.0,1,1,2021,17326.4,17326.4,423000.0,0.2048037825059102,0.94,0,0.0,16134.75,0.1325090255504423,17326.4,17326.4,0.2048037825059102,0.2048037825059102,0.2048037825059102,17326.4,17326.4,17326.4,423000.0,450000.0,0.94,0.1325090255504423,10.0,10.0,0.0,90000.0,0.1863167175887017,9.760044342602496,12.955129822091816,13.017005083966255,11.407576060361786,193617.0,0.13250902555044236
8441.0,42,1,215000.0,1,5000.0,1000,5,0,1.0,0,0,1.0,0,0,8.0,8.0,5.0,1,52000.0,130000,48.0,37.0,3,1,2021,19747.52,19747.52,5000.0,19.74752,0.0232558139534883,0,0.0,10833.333333333334,0.0923076923076923,19747.52,19747.52,19.74752,19.74752,19.74752,19747.52,19747.52,19747.52,6000.0,215000.0,0.0315099999999999,0.0923076923076923,8.0,8.0,5.0,52000.0,3.0324267214615643,9.890833830812513,8.699681400989514,12.278397958261774,10.859018228147889,130000.0,0.0923076923076923
8443.0,46,1,465000.0,1,355000.0,2150,5,0,1.0,0,0,6.0,0,0,14.0,10.0,0.0,5,0.0,101000,38.0,37.0,4,1,2021,20943.52,20943.52,355000.0,0.2949791549295775,0.7634408602150538,1,0.0,8416.666666666666,0.2554455445544554,20943.52,20943.52,0.2949791549295775,0.2949791549295775,0.2949791549295775,20943.52,20943.52,20943.52,355000.0,465000.0,0.7634408602150538,0.2554455445544554,14.0,10.0,0.0,0.0,0.2584945984424729,9.949632315954531,12.779875885354992,13.049794835104816,0.0,101000.0,0.25544554455445545
8445.0,4,1,810000.0,1,705000.0,3890,5,0,1.0,0,0,1.0,0,0,5.0,4.0,0.0,1,210000.0,355000,51.0,48.0,1,1,2021,7834.840000000001,7834.840000000001,705000.0,0.0555662411347517,0.8703703703703703,0,0.0,29583.33333333333,0.1314929577464788,7834.840000000001,7834.840000000001,0.0555662411347517,0.0555662411347517,0.0555662411347517,7834.840000000001,7834.840000000001,7834.840000000001,701100.0000000001,810000.0,0.8703703703703703,0.1314929577464788,5.0,4.0,0.0,200000.0,0.0540773443993278,8.96646336027506,13.460407235524094,13.60479076121576,12.206077645517674,355000.0,0.13149295774647887
8454.0,4,1,240000.0,1,53000.0,773,5,0,4.0,0,0,4.0,0,0,25.0,0.0,0.0,5,0.0,46463,76.0,67.0,0,1,2021,22607.0,22607.0,53000.0,2.132735849056604,0.2208333333333333,0,0.0,3871.9166666666665,0.1996427264705249,22607.0,22607.0,2.132735849056604,2.132735849056604,2.132735849056604,22607.0,22607.0,22607.0,53000.0,240000.0,0.2208333333333333,0.1996427264705249,25.0,0.0,0.0,0.0,1.1419066959535753,10.02605910492431,10.87806606028079,12.388398368982116,0.0,46463.0,0.19964272647052494
8461.0,4,1,500000.0,1,161167.0,99999,5,0,1.0,0,0,0.0,0,0,0.0,0.0,0.0,0,0.0,103000,55.0,0.0,0,1,2021,0.0,0.0,161167.0,,0.322334,0,0.0,8583.333333333334,2.0,0.0,0.0,,,,0.0,0.0,0.0,161167.0,500000.0,0.322334,2.0,0.0,0.0,0.0,0.0,,0.0,11.990202578182462,13.122365377402328,0.0,103000.0,2.0
8469.0,4,1,100000.0,1,100000.0,860,5,0,3.0,0,0,1.0,0,0,8.0,50.0,0.0,1,52000.0,72000,36.0,36.0,2,1,2021,48652.24,48652.24,100000.0,2.432612,1.0,0,0.0,6000.0,0.1433333333333333,48652.24,48652.24,2.432612,2.432612,2.432612,48652.24,48652.24,48652.24,100000.0,100000.0,1.0,0.1433333333333333,8.0,50.0,0.0,52000.0,1.233321487406617,10.792473683546644,11.51293546492023,11.51293546492023,10.859018228147889,72000.0,0.14333333333333334
8477.0,4,1,400000.0,1,182000.0,1300,1,5,1.0,0,0,0.0,0,0,0.0,0.0,0.0,0,0.0,94000,58.0,0.0,0,1,2021,0.0,0.0,182000.0,,0.455,0,1.0,7833.333333333333,0.1659574468085106,0.0,0.0,,,,0.0,0.0,0.0,182000.0,400000.0,0.455,0.1659574468085106,0.0,0.0,0.0,0.0,,0.0,12.111767460549332,12.899222326086994,0.0,94000.0,0.16595744680851066
8500.0,23,1,125000.0,1,45000.0,600,5,0,1.0,0,0,1.0,0,0,10.0,25.0,0.0,1,45000.0,124020,39.0,37.0,3,1,2021,29751.8,29751.8,45000.0,3.305755555555556,0.36,0,0.0,10335.0,0.058055152394775,29751.8,29751.8,3.305755555555556,3.305755555555556,3.305755555555556,29751.8,29751.8,29751.8,45000.0,125000.0,0.36,0.058055152394775,10.0,25.0,0.0,45000.0,1.4599526289971971,10.300678524192048,10.714439990727769,11.736077016252436,10.714439990727769,124020.0,0.05805515239477504
8502.0,18,1,700000.0,1,380000.0,2760,5,0,1.0,0,0,1.0,0,0,23.0,42.0,0.0,1,200000.0,375800,49.0,48.0,5,1,2021,55589.56,55589.56,380000.0,0.7314415789473684,0.5428571428571428,0,0.0,31316.666666666668,0.0881319850984566,55589.56,55589.56,0.7314415789473684,0.7314415789473684,0.7314415789473684,55589.56,55589.56,55589.56,380000.0,700000.0,0.5428571428571428,0.0881319850984566,23.0,42.0,0.0,200000.0,0.5489543441510002,10.925768681651048,12.847929163278051,13.45883704259595,12.206077645517674,375800.0,0.08813198509845663
8516.0,19,1,500000.0,1,328000.0,2190,5,0,6.0,0,0,0.0,0,0,0.0,0.0,0.0,0,0.0,13005,42.0,0.0,0,1,2021,0.0,0.0,328000.0,,0.656,0,0.0,1083.75,2.0,0.0,0.0,,,,0.0,0.0,0.0,328000.0,500000.0,0.656,2.0,0.0,0.0,0.0,0.0,,0.0,12.700771936142122,13.122365377402328,0.0,13005.0,2.0
8543.0,22,1,500000.0,1,328000.0,2900,5,0,1.0,0,0,6.0,0,0,10.0,8.0,0.0,5,0.0,407500,48.0,47.0,2,1,2021,15669.680000000002,15669.680000000002,328000.0,0.2388670731707317,0.656,1,0.0,33958.333333333336,0.0853987730061349,15669.680000000002,15669.680000000002,0.2388670731707317,0.2388670731707317,0.2388670731707317,15669.680000000002,15669.680000000002,15669.680000000002,328000.0,500000.0,0.656,0.0853987730061349,10.0,8.0,0.0,0.0,0.2141973113150085,9.659546729430865,12.700771936142122,13.122365377402328,0.0,407500.0,0.08539877300613496
8557.0,29,1,900000.0,1,600000.0,3000,5,0,1.0,0,0,0.0,0,0,0.0,0.0,0.0,0,0.0,502500,35.0,0.0,0,1,2021,0.0,0.0,600000.0,,0.6666666666666666,0,0.0,41875.0,0.0716417910447761,0.0,0.0,,,,0.0,0.0,0.0,600000.0,900000.0,0.6666666666666666,0.0716417910447761,0.0,0.0,0.0,0.0,,0.0,13.304686600863562,13.71015115341694,0.0,502500.0,0.07164179104477612
8562.0,34,1,360000.0,1,160000.0,1360,5,0,1.0,0,0,1.0,0,0,12.0,12.0,0.0,1,45000.0,118000,43.0,45.0,3,1,2021,20791.68,20791.68,160000.0,0.64974,0.4444444444444444,0,0.0,9833.333333333334,0.1383050847457627,20791.68,20791.68,0.64974,0.64974,0.64974,20791.68,20791.68,20791.68,160000.0,360000.0,0.4444444444444444,0.1383050847457627,12.0,12.0,0.0,45000.0,0.5006176997385494,9.942356280673028,11.982935344196433,12.793862088206213,10.714439990727769,118000.0,0.1383050847457627
8573.0,45,1,450000.0,1,278782.0,1594,5,0,1.0,2,0,1.0,0,0,2.0,12.0,0.0,1,80000.0,128110,37.0,33.0,1,1,2021,11748.88,11748.88,278782.0,0.210718052098055,0.6195155555555556,0,0.0,10675.833333333334,0.1493091874170634,11748.88,11748.88,0.210718052098055,0.210718052098055,0.210718052098055,11748.88,11748.88,11748.88,278782.0,450000.0,0.6195155555555556,0.1493091874170634,2.0,12.0,0.0,80000.0,0.1912136150838114,9.371598306754198,12.538188980399662,13.017005083966255,11.289794413577894,128110.0,0.14930918741706345
8588.0,3,1,220000.0,1,170000.0,1300,5,0,5.0,0,0,1.0,0,0,7.0,14.0,0.0,1,80000.0,106150,47.0,43.0,3,1,2021,17927.0,17927.0,170000.0,0.527264705882353,0.7727272727272727,0,0.0,8845.833333333334,0.1469618464437117,17927.0,17927.0,0.527264705882353,0.527264705882353,0.527264705882353,17927.0,17927.0,17927.0,170000.0,220000.0,0.7727272727272727,0.1469618464437117,7.0,14.0,0.0,80000.0,0.42347836149621,9.794119015480764,12.04355959836804,12.301387370778713,11.289794413577894,106150.0,0.1469618464437117
8595.0,19,1,850000.0,1,1100000.0,3600,5,0,1.0,0,0,0.0,0,0,0.0,0.0,0.0,0,0.0,110600,64.0,0.0,0,1,2021,0.0,0.0,1100000.0,,1.2941176470588236,0,0.0,9216.666666666666,0.3905967450271248,0.0,0.0,,,,0.0,0.0,0.0,701100.0000000001,850000.0,1.0,0.3905967450271248,0.0,0.0,0.0,0.0,,0.0,13.460407235524094,13.652992804936396,0.0,110600.0,0.3905967450271248
8600.0,4,1,750000.0,1,200000.0,1200,5,0,4.0,0,0,1.0,0,0,20.0,0.0,0.0,1,65000.0,91880,63.0,55.0,0,1,2021,18085.6,18085.6,200000.0,0.45214,0.2666666666666666,0,0.0,7656.666666666667,0.1567261645624728,18085.6,18085.6,0.45214,0.45214,0.45214,18085.6,18085.6,18085.6,200000.0,750000.0,0.2666666666666666,0.1567261645624728,20.0,0.0,0.0,65000.0,0.3730383304873995,9.802926611581514,12.206077645517674,13.527829818844936,11.082157933374816,91880.0,0.1567261645624728
8603.0,17,1,57000.0,1,30000.0,675,5,0,1.0,0,0,1.0,0,0,15.0,0.0,0.0,1,23000.0,68000,56.0,57.0,0,1,2021,13564.2,13564.2,30000.0,2.2607,0.5263157894736842,0,0.0,5666.666666666667,0.1191176470588235,13564.2,13564.2,2.2607,2.2607,2.2607,13564.2,13564.2,13564.2,30000.0,57000.0,0.5263157894736842,0.1191176470588235,15.0,0.0,0.0,23000.0,1.1819418962551138,9.515262968810363,10.308985993422082,10.950824090522444,10.043292972227004,68000.0,0.11911764705882352
8605.0,39,1,357000.0,1,256000.0,1424,5,0,1.0,0,0,6.0,0,0,10.0,77.0,0.0,1,7000.0,91728,31.0,34.0,3,1,2021,72826.52,72826.52,256000.0,1.42239296875,0.7170868347338936,1,0.0,7644.0,0.1862899005756148,72826.52,72826.52,1.42239296875,1.42239296875,1.42239296875,72826.52,72826.52,72826.52,256000.0,357000.0,0.7170868347338936,0.1862899005756148,10.0,77.0,0.0,7000.0,0.8847558816601817,11.195849184730491,12.45293662970407,12.7854938618783,8.853808274977197,91728.0,0.18628990057561487
8639.0,9,1,300000.0,1,168592.0,947,5,0,4.0,0,0,4.0,0,0,20.0,,,5,0.0,103804,67.0,67.0,0,1,2021,18085.6,18085.6,168592.0,0.5363718325899213,0.5619733333333333,0,0.0,8650.333333333334,0.1094755500751416,18085.6,18085.6,0.5363718325899213,0.5363718325899213,0.5363718325899213,18085.6,18085.6,18085.6,168592.0,300000.0,0.5619733333333333,0.1094755500751416,20.0,,,0.0,0.4294236839382694,9.802926611581514,12.035242805301266,12.611541086966117,0.0,103804.0,0.1094755500751416
8646.0,21,1,425000.0,1,161813.0,1397,5,0,1.0,0,0,3.0,6,0,40.0,,,5,0.0,129674,67.0,60.0,0,1,2021,36171.2,36171.2,161813.0,1.117685229246105,0.3807364705882353,0,0.0,10806.166666666666,0.1292780356894982,36171.2,36171.2,1.117685229246105,1.117685229246105,1.117685229246105,36171.2,36171.2,36171.2,161813.0,425000.0,0.3807364705882353,0.1292780356894982,40.0,,,0.0,0.7503236191592187,10.496046146983645,11.99420280643934,12.959846800844964,0.0,129674.0,0.12927803568949828
8663.0,20,1,425000.0,1,292110.0,1260,5,0,1.0,0,0,1.0,0,0,3.0,35.0,0.0,1,47061.0,126371,35.0,34.0,1,1,2021,31705.439999999995,31705.439999999995,292110.0,0.5426969292389853,0.6873176470588235,0,0.0,10530.916666666666,0.1196477039827175,31705.439999999995,31705.439999999995,0.5426969292389853,0.5426969292389853,0.5426969292389853,31705.439999999995,31705.439999999995,31705.439999999995,292110.0,425000.0,0.6873176470588235,0.1196477039827175,3.0,35.0,0.0,47061.0,0.4335321375229733,10.364275093806407,12.58488914600296,12.959846800844964,10.759221160315828,126371.0,0.11964770398271755
8665.0,5,1,500000.0,1,333000.0,1600,5,0,1.0,0,0,0.0,0,0,0.0,0.0,0.0,0,0.0,105900,45.0,0.0,2,1,2021,0.0,0.0,333000.0,,0.666,0,0.0,8825.0,0.1813031161473088,0.0,0.0,,,,0.0,0.0,0.0,333000.0,500000.0,0.666,0.1813031161473088,0.0,0.0,0.0,0.0,,0.0,12.715900771961074,13.122365377402328,0.0,105900.0,0.1813031161473088
8667.0,14,1,110000.0,1,21000.0,624,5,0,1.0,0,0,6.0,0,0,80.0,168.0,0.0,5,0.0,100004,34.0,34.0,5,1,2021,211506.88,211506.88,21000.0,50.35878095238095,0.1909090909090909,1,0.0,8333.666666666666,0.0748770049198032,211506.88,211506.88,50.35878095238095,22.38556666666665,22.38556666666665,146952.9672,146952.9672,146952.9672,21000.0,110000.0,0.1909090909090909,0.0748770049198032,50.0,168.0,0.0,0.0,3.152119022941844,11.897874668420387,9.952325334619427,11.60824473564232,0.0,100004.0,0.07487700491980322
8671.0,14,1,245000.0,1,226528.0,1600,5,0,3.0,0,0,1.0,0,0,4.0,,,1,,92117,41.0,43.0,0,1,2021,3617.12,3617.12,226528.0,0.0798382539906766,0.9246040816326532,0,0.0,7676.416666666667,0.2084305828457288,3617.12,3617.12,0.0798382539906766,0.0798382539906766,0.0798382539906766,3617.12,3617.12,3617.12,226528.0,245000.0,0.9246040816326532,0.2084305828457288,4.0,,,,0.0768112650968097,8.193709832901066,12.330628251029491,12.409017571151187,,92117.0,0.2084305828457288
8691.0,34,1,315000.0,1,20000.0,1800,5,0,1.0,0,0,1.0,0,0,6.0,60.0,,1,59000.0,107750,38.0,37.0,4,1,2021,55127.27999999999,55127.27999999999,20000.0,13.781819999999998,0.0634920634920634,0,0.0,8979.166666666666,0.2004640371229698,55127.27999999999,55127.27999999999,13.781819999999998,13.781819999999998,13.781819999999998,55127.27999999999,55127.27999999999,55127.27999999999,20000.0,315000.0,0.0634920634920634,0.2004640371229698,6.0,60.0,,59000.0,2.693398047316562,10.917418112112813,9.90353755128617,12.660331092405906,10.985309671896765,107750.0,0.20046403712296984
8692.0,9,1,625000.0,1,340000.0,1360,5,0,1.0,0,0,1.0,0,0,4.0,5.0,2.0,1,1965.0,150315,44.0,41.0,1,1,2021,10113.48,10113.48,340000.0,0.1487276470588235,0.544,0,0.0,12526.25,0.1085719988025147,10113.48,10113.48,0.1487276470588235,0.1487276470588235,0.1487276470588235,10113.48,10113.48,10113.48,340000.0,625000.0,0.544,0.1085719988025147,4.0,5.0,2.0,1965.0,0.138654936007754,9.221723339481557,12.73670383776449,13.34550852871726,7.583756300707112,150315.0,0.10857199880251472
8693.0,45,1,230000.0,1,178921.0,967,5,0,1.0,0,0,0.0,0,0,0.0,0.0,0.0,0,0.0,44549,29.0,0.0,0,1,2021,0.0,0.0,178921.0,,0.7779173913043478,0,0.0,3712.4166666666665,0.2604772273227233,0.0,0.0,,,,0.0,0.0,0.0,178921.0,230000.0,0.7779173913043478,0.2604772273227233,0.0,0.0,0.0,0.0,,0.0,12.0947052356645,12.345838935721968,0.0,44549.0,0.2604772273227233
8703.0,26,1,400000.0,1,70000.0,1200,5,0,1.0,0,0,1.0,0,0,5.0,8.0,0.0,1,40000.0,114000,62.0,60.0,0,1,2021,11148.28,11148.28,70000.0,0.7963057142857142,0.175,0,0.0,9500.0,0.1263157894736842,11148.28,11148.28,0.7963057142857142,0.7963057142857142,0.7963057142857142,11148.28,11148.28,11148.28,70000.0,400000.0,0.175,0.1263157894736842,5.0,8.0,0.0,40000.0,0.5857321749297821,9.319130200812245,11.156264806643742,12.899222326086994,10.59665973278358,114000.0,0.12631578947368421
8704.0,4,1,320000.0,1,289160.0,1924,5,0,1.0,0,0,1.0,0,0,14.0,0.0,0.0,1,109452.0,138834,31.0,32.0,0,1,2021,12659.92,12659.92,289160.0,0.2189085627334347,0.903625,0,0.0,11569.5,0.1662993214918535,12659.92,12659.92,0.2189085627334347,0.2189085627334347,0.2189085627334347,12659.92,12659.92,12659.92,289160.0,320000.0,0.903625,0.1662993214918535,14.0,0.0,0.0,109452.0,0.1979558376229291,9.446275362884068,12.57473890540124,12.676079399771028,11.603250512351522,138834.0,0.16629932149185359
8726.0,37,1,265000.0,1,156000.0,1321,5,0,1.0,0,0,6.0,0,0,25.0,0.0,0.0,5,0.0,119000,58.0,66.0,0,1,2021,22607.0,22607.0,156000.0,0.7245833333333334,0.5886792452830188,1,0.0,9916.666666666666,0.1332100840336134,22607.0,22607.0,0.7245833333333334,0.7245833333333334,0.7245833333333334,22607.0,22607.0,22607.0,156000.0,265000.0,0.5886792452830188,0.1332100840336134,25.0,0.0,0.0,0.0,0.5449854754126955,10.02605910492431,11.95761769646754,12.487488878546143,0.0,119000.0,0.13321008403361345
8738.0,40,1,60000.0,1,15000.0,234,5,0,1.0,0,0,1.0,0,0,14.0,40.0,0.0,1,45000.0,120150,34.0,34.0,3,1,2021,45794.32000000001,45794.32000000001,15000.0,15.264773333333336,0.25,0,0.0,10012.5,0.0233707865168539,45794.32000000001,45794.32000000001,15.264773333333336,15.264773333333336,15.264773333333336,45794.32000000001,45794.32000000001,45794.32000000001,15000.0,60000.0,0.25,0.0233707865168539,14.0,40.0,0.0,45000.0,2.789001623974127,10.731937181475082,9.61587214452889,11.002116507732016,10.714439990727769,120150.0,0.023370786516853932
8743.0,16,1,175000.0,1,95000.0,950,5,0,1.0,0,0,1.0,0,0,28.0,84.0,0.0,1,10000.0,78204,44.0,42.0,2,1,2021,94902.08,94902.08,95000.0,4.994846315789474,0.5428571428571428,0,0.0,6517.0,0.1457725947521866,94902.08,94902.08,4.994846315789474,4.994846315789474,4.994846315789474,94902.08,94902.08,94902.08,95000.0,175000.0,0.5428571428571428,0.1457725947521866,28.0,84.0,0.0,10000.0,1.7909001527529658,11.460611439287376,11.461642696843066,12.07254696717504,9.210440366976515,78204.0,0.1457725947521866
8751.0,42,1,540000.0,1,124000.0,694,5,0,1.0,0,0,1.0,0,0,6.0,0.0,0.0,1,45000.0,149000,60.0,57.0,0,1,2021,5425.68,5425.68,124000.0,0.2187774193548387,0.2296296296296296,0,0.0,12416.666666666666,0.0558926174496644,5425.68,5425.68,0.2187774193548387,0.2187774193548387,0.2187774193548387,5425.68,5425.68,5425.68,124000.0,540000.0,0.2296296296296296,0.0558926174496644,6.0,0.0,0.0,45000.0,0.1978482410090205,8.59908280788786,11.728044909070784,13.199326270390594,10.714439990727769,149000.0,0.05589261744966443
8755.0,31,1,800000.0,1,600000.0,3000,5,0,1.0,0,0,1.0,0,0,15.0,30.0,0.0,1,95000.0,197900,34.0,34.0,2,1,2021,38415.0,38415.0,600000.0,0.320125,0.75,0,0.0,16491.666666666668,0.181910055583628,38415.0,38415.0,0.320125,0.320125,0.320125,38415.0,38415.0,38415.0,600000.0,800000.0,0.75,0.181910055583628,15.0,30.0,0.0,95000.0,0.2777264290845014,10.556229318461034,13.304686600863562,13.592368256649284,11.461642696843066,197900.0,0.18191005558362808
8756.0,4,1,260000.0,1,163000.0,937,5,0,1.0,0,0,0.0,0,0,0.0,0.0,0.0,0,0.0,42075,45.0,0.0,0,1,2021,0.0,0.0,163000.0,,0.6269230769230769,0,0.0,3506.25,0.2672370766488413,0.0,0.0,,,,0.0,0.0,0.0,163000.0,260000.0,0.6269230769230769,0.2672370766488413,0.0,0.0,0.0,0.0,,0.0,12.001511614739403,12.468440756144114,0.0,42075.0,0.26723707664884133
8770.0,9,1,412000.0,1,185816.0,1363,5,0,1.0,0,0,7.0,0,0,12.0,14.0,,1,11500.0,136500,37.0,36.0,1,1,2021,22448.4,22448.4,185816.0,0.6040491669178111,0.451009708737864,0,0.0,11375.0,0.1198241758241758,22448.4,22448.4,0.6040491669178111,0.6040491669178111,0.6040491669178111,22448.4,22448.4,22448.4,185816.0,412000.0,0.451009708737864,0.1198241758241758,12.0,14.0,,11500.0,0.4725311616664407,10.019019166755346,12.132517597408858,12.928781055513184,9.35018926709258,136500.0,0.11982417582417583
8778.0,10,1,200000.0,1,193000.0,870,5,0,1.0,0,0,0.0,0,0,0.0,0.0,0.0,0,0.0,47840,60.0,0.0,0,1,2021,0.0,0.0,193000.0,,0.965,0,0.0,3986.6666666666665,0.2182274247491639,0.0,0.0,,,,0.0,0.0,0.0,193000.0,200000.0,0.965,0.2182274247491639,0.0,0.0,0.0,0.0,,0.0,12.170450649220747,12.206077645517674,0.0,47840.0,0.2182274247491639
8807.0,21,1,150000.0,1,56000.0,800,5,0,1.0,0,0,1.0,0,0,8.0,0.0,0.0,1,62500.0,128547,56.0,53.0,0,1,2021,7234.24,7234.24,56000.0,0.6459142857142857,0.3733333333333333,0,0.0,10712.25,0.0746808560293122,7234.24,7234.24,0.6459142857142857,0.6459142857142857,0.6459142857142857,7234.24,7234.24,7234.24,56000.0,150000.0,0.3733333333333333,0.0746808560293122,8.0,0.0,0.0,62500.0,0.4982960266063074,8.88671881059557,10.933124826700707,11.918397239722838,11.042937835596494,128547.0,0.07468085602931224
8812.0,36,1,415000.0,1,250000.0,1300,5,0,1.0,0,0,1.0,0,0,0.0,50.0,0.0,1,65000.0,140000,32.0,31.0,1,1,2021,41418.0,41418.0,250000.0,0.82836,0.6024096385542169,0,0.0,11666.666666666666,0.1114285714285714,41418.0,41418.0,0.82836,0.82836,0.82836,41418.0,41418.0,41418.0,250000.0,415000.0,0.6024096385542169,0.1114285714285714,0.0,50.0,0.0,65000.0,0.6034193901851725,10.631494991732009,12.429220196836384,12.936036208848488,11.082157933374816,140000.0,0.11142857142857143
8813.0,4,1,1470000.0,1,902000.0,5350,5,0,1.0,0,0,1.0,0,0,6.0,,,1,175000.0,575000,40.0,44.0,0,1,2021,5425.68,5425.68,902000.0,0.0300758314855875,0.6136054421768707,0,0.0,47916.66666666666,0.1116521739130434,5425.68,5425.68,0.0300758314855875,0.0301226161123428,0.0301226161123428,5425.68,5425.68,5425.68,701100.0000000001,1470000.0,0.6136054421768707,0.1116521739130434,6.0,,,175000.0,0.029677839925543,8.59908280788786,13.460407235524094,14.200773639026796,12.07254696717504,575000.0,0.11165217391304348
8817.0,24,1,500000.0,1,403602.0,2197,5,0,1.0,0,0,1.0,0,0,14.0,20.0,0.0,1,72000.0,232000,33.0,33.0,2,1,2021,29227.120000000003,29227.120000000003,403602.0,0.3620784832582593,0.807204,0,0.0,19333.33333333333,0.1136379310344827,29227.120000000003,29227.120000000003,0.3620784832582593,0.3620784832582593,0.3620784832582593,29227.120000000003,29227.120000000003,29227.120000000003,403602.0,500000.0,0.807204,0.1136379310344827,14.0,20.0,0.0,72000.0,0.3090118296047837,10.282886538554797,12.908187000536048,13.122365377402328,11.184435286790633,232000.0,0.11363793103448276
8819.0,37,1,120000.0,1,68000.0,721,5,0,1.0,0,0,1.0,0,0,40.0,50.0,0.0,1,36000.0,101000,33.0,32.0,2,1,2021,77589.2,77589.2,68000.0,5.7050882352941175,0.5666666666666667,0,0.0,8416.666666666666,0.0856633663366336,77589.2,77589.2,5.7050882352941175,5.7050882352941175,5.7050882352941175,77589.2,77589.2,77589.2,68000.0,120000.0,0.5666666666666667,0.0856633663366336,40.0,50.0,0.0,36000.0,1.9028666762733213,11.259196409536433,11.127277689932466,11.695255355062796,10.491301994830229,101000.0,0.08566336633663367
8824.0,42,1,400000.0,1,125000.0,1354,1,5,1.0,7,0,0.0,0,0,0.0,0.0,0.0,0,0.0,37166,43.0,0.0,3,1,2021,0.0,0.0,125000.0,,0.3125,0,1.0,3097.1666666666665,0.4371737609643222,0.0,0.0,,,,0.0,0.0,0.0,125000.0,400000.0,0.3125,0.4371737609643222,0.0,0.0,0.0,0.0,,0.0,11.736077016252436,12.899222326086994,0.0,37166.0,0.43717376096432226
8825.0,31,1,615000.0,1,362000.0,2188,5,0,1.0,0,0,6.0,0,0,0.0,0.0,0.0,5,0.0,13603,43.0,44.0,1,1,2021,0.0,0.0,362000.0,,0.5886178861788618,1,0.0,1133.5833333333333,1.9301624641623167,0.0,0.0,,,,0.0,0.0,0.0,362000.0,615000.0,0.5886178861788618,1.9301624641623167,0.0,0.0,0.0,0.0,,0.0,12.799402253235032,13.329379172803591,0.0,13603.0,1.9301624641623172
8836.0,13,1,100000.0,1,60000.0,525,5,0,1.0,0,0,0.0,0,0,0.0,0.0,0.0,0,0.0,72940,66.0,0.0,2,1,2021,0.0,0.0,60000.0,,0.6,0,0.0,6078.333333333333,0.0863723608445297,0.0,0.0,,,,0.0,0.0,0.0,60000.0,100000.0,0.6,0.0863723608445297,0.0,0.0,0.0,0.0,,0.0,11.002116507732016,11.51293546492023,0.0,72940.0,0.08637236084452976
8837.0,4,1,450000.0,1,160000.0,1000,5,0,6.0,6,0,1.0,6,0,5.0,40.0,7.0,1,80000.0,106000,32.0,32.0,1,1,2021,45896.76000000001,45896.76000000001,160000.0,1.4342737500000002,0.3555555555555555,0,0.0,8833.333333333334,0.1132075471698113,45896.76000000001,45896.76000000001,1.4342737500000002,1.4342737500000002,1.4342737500000002,45896.76000000001,45896.76000000001,45896.76000000001,160000.0,450000.0,0.3555555555555555,0.1132075471698113,5.0,40.0,7.0,80000.0,0.889648457427675,10.734171593114873,11.982935344196433,13.017005083966255,11.289794413577894,106000.0,0.11320754716981131
8839.0,13,1,80000.0,1,20000.0,350,5,0,1.0,0,0,1.0,0,0,5.0,0.0,0.0,5,0.0,60150,29.0,31.0,0,1,2021,4521.400000000001,4521.400000000001,20000.0,1.1303500000000002,0.25,0,0.0,5012.5,0.0698254364089775,4521.400000000001,4521.400000000001,1.1303500000000002,1.1303500000000002,1.1303500000000002,4521.400000000001,4521.400000000001,4521.400000000001,20000.0,80000.0,0.25,0.0698254364089775,5.0,0.0,0.0,0.0,0.7562862854712311,8.416798105361082,9.90353755128617,11.289794413577894,0.0,60150.0,0.06982543640897755
8871.0,14,1,91000.0,1,36000.0,547,5,0,1.0,0,0,1.0,0,0,12.0,110.0,,1,30000.0,105150,29.0,28.0,2,1,2021,101970.96,101970.96,36000.0,14.162633333333334,0.3956043956043956,0,0.0,8762.5,0.0624251069900142,101970.96,101970.96,14.162633333333334,14.162633333333334,14.162633333333334,101970.96,101970.96,101970.96,36000.0,91000.0,0.3956043956043956,0.0624251069900142,12.0,110.0,,30000.0,2.718834067856127,11.532453152513154,10.491301994830229,11.418625774449598,10.308985993422082,105150.0,0.062425106990014266
8873.0,46,1,575000.0,1,300000.0,1850,5,0,1.0,0,0,0.0,0,0,0.0,0.0,0.0,0,0.0,101132,35.0,0.0,2,1,2021,0.0,0.0,300000.0,,0.5217391304347826,0,0.0,8427.666666666666,0.219515089190365,0.0,0.0,,,,0.0,0.0,0.0,300000.0,575000.0,0.5217391304347826,0.219515089190365,0.0,0.0,0.0,0.0,,0.0,12.611541086966117,13.26212705890841,0.0,101132.0,0.21951508919036508
8875.0,21,1,89000.0,1,37000.0,467,5,0,5.0,0,0,0.0,0,0,0.0,0.0,0.0,0,0.0,15420,57.0,0.0,0,1,2021,0.0,0.0,37000.0,,0.4157303370786517,0,0.0,1285.0,0.3634241245136186,0.0,0.0,,,,0.0,0.0,0.0,37000.0,89000.0,0.4157303370786517,0.3634241245136186,0.0,0.0,0.0,0.0,,0.0,10.518700218288163,11.39640288460621,0.0,15420.0,0.36342412451361866
8881.0,13,1,200000.0,1,70000.0,560,5,0,1.0,0,0,0.0,0,0,0.0,0.0,0.0,0,0.0,60000,57.0,0.0,0,1,2021,0.0,0.0,70000.0,,0.35,0,0.0,5000.0,0.112,0.0,0.0,,,,0.0,0.0,0.0,70000.0,200000.0,0.35,0.112,0.0,0.0,0.0,0.0,,0.0,11.156264806643742,12.206077645517674,0.0,60000.0,0.112
8883.0,4,1,575000.0,1,320000.0,1800,5,0,1.0,0,0,1.0,0,0,5.0,0.0,0.0,1,50000.0,132692,41.0,43.0,0,1,2021,4521.400000000001,4521.400000000001,320000.0,0.070646875,0.5565217391304348,0,0.0,11057.666666666666,0.1627829861634462,4521.400000000001,4521.400000000001,0.070646875,0.070646875,0.070646875,4521.400000000001,4521.400000000001,4521.400000000001,320000.0,575000.0,0.5565217391304348,0.1627829861634462,5.0,0.0,0.0,50000.0,0.0682630218781766,8.416798105361082,12.676079399771028,13.26212705890841,10.819798284210286,132692.0,0.1627829861634462
8885.0,4,1,800000.0,1,315000.0,1900,5,0,1.0,0,0,1.0,0,0,10.0,0.0,0.0,1,40000.0,157010,44.0,34.0,0,1,2021,9042.8,9042.8,315000.0,0.1435365079365079,0.39375,0,0.0,13084.166666666666,0.145213680657283,9042.8,9042.8,0.1435365079365079,0.1435365079365079,0.1435365079365079,9042.8,9042.8,9042.8,315000.0,800000.0,0.39375,0.145213680657283,10.0,0.0,0.0,40000.0,0.1341256604568555,9.10983471904454,12.660331092405906,13.592368256649284,10.59665973278358,157010.0,0.145213680657283
8903.0,31,1,508000.0,1,45000.0,1000,5,0,1.0,0,0,1.0,0,0,15.0,2.0,3.0,1,63369.0,117496,63.0,61.0,0,1,2021,18752.76,18752.76,45000.0,2.0836400000000004,0.0885826771653543,0,0.0,9791.333333333334,0.1021311363791107,18752.76,18752.76,2.0836400000000004,2.0836400000000004,2.0836400000000004,18752.76,18752.76,18752.76,45000.0,508000.0,0.0885826771653543,0.1021311363791107,15.0,2.0,3.0,63369.0,1.1261107173699196,9.83914954462777,10.714439990727769,13.138238695062618,11.056745842317564,117496.0,0.10213113637911077
8911.0,13,1,140000.0,1,120000.0,800,5,0,1.0,0,0,1.0,0,0,8.0,2.0,0.0,1,38000.0,89160,47.0,44.0,1,1,2021,8890.960000000001,8890.960000000001,120000.0,0.3704566666666667,0.8571428571428571,0,0.0,7430.0,0.107671601615074,8890.960000000001,8890.960000000001,0.3704566666666667,0.3704566666666667,0.3704566666666667,8890.960000000001,8890.960000000001,8890.960000000001,120000.0,140000.0,0.8571428571428571,0.107671601615074,8.0,2.0,0.0,38000.0,0.315144017630154,9.09290277664842,11.695255355062796,11.849404844423074,10.545367754151744,89160.0,0.10767160161507403
8931.0,8,1,700000.0,1,400000.0,99999,5,0,7.0,1,0,0.0,0,0,0.0,0.0,0.0,0,0.0,180150,34.0,0.0,0,1,2021,0.0,0.0,400000.0,,0.5714285714285714,0,0.0,15012.5,2.0,0.0,0.0,,,,0.0,0.0,0.0,400000.0,700000.0,0.5714285714285714,2.0,0.0,0.0,0.0,0.0,,0.0,12.899222326086994,13.45883704259595,0.0,180150.0,2.0
8945.0,37,1,475000.0,1,100000.0,1500,5,0,1.0,0,0,5.0,0,0,8.0,0.0,4.0,5,0.0,66400,54.0,51.0,0,1,2021,11943.36,11943.36,100000.0,0.597168,0.2105263157894736,0,0.0,5533.333333333333,0.2710843373493976,11943.36,11943.36,0.597168,0.597168,0.597168,11943.36,11943.36,11943.36,100000.0,475000.0,0.2105263157894736,0.2710843373493976,8.0,0.0,4.0,0.0,0.4682320609448673,9.388014479421203,11.51293546492023,13.07107218827772,0.0,66400.0,0.27108433734939763
8947.0,39,1,400000.0,1,30000.0,1100,5,0,4.0,0,0,4.0,0,0,12.0,0.0,0.0,5,0.0,30,67.0,63.0,0,1,2021,10851.36,10851.36,30000.0,1.80856,0.075,0,0.0,2.5,2.0,10851.36,10851.36,1.80856,1.80856,1.80856,10851.36,10851.36,10851.36,30000.0,400000.0,0.075,2.0,12.0,0.0,0.0,0.0,1.032671896479436,9.29213784683714,10.308985993422082,12.899222326086994,0.0,,
8953.0,24,1,320000.0,1,285000.0,1500,5,0,3.0,0,0,1.0,0,0,,0.0,0.0,1,85000.0,85000,41.0,36.0,2,1,2021,0.0,0.0,285000.0,,0.890625,0,0.0,7083.333333333333,0.2117647058823529,0.0,0.0,,,,0.0,0.0,0.0,285000.0,320000.0,0.890625,0.2117647058823529,,0.0,0.0,85000.0,,0.0,12.560247968016562,12.676079399771028,11.350418300109132,85000.0,0.21176470588235294
8959.0,38,1,550000.0,1,475000.0,2700,5,0,1.0,0,0,1.0,0,0,14.0,0.0,0.0,1,,146496,67.0,65.0,0,1,2021,12659.92,12659.92,475000.0,0.1332623157894736,0.8636363636363636,0,0.0,12208.0,0.2211664482306684,12659.92,12659.92,0.1332623157894736,0.1332623157894736,0.1332623157894736,12659.92,12659.92,12659.92,475000.0,550000.0,0.8636363636363636,0.2211664482306684,14.0,0.0,0.0,,0.1251004784519273,9.446275362884068,13.07107218827772,13.21767537538882,,146496.0,0.22116644823066842
8961.0,12,1,65000.0,1,35000.0,365,5,0,3.0,0,0,0.0,0,0,0.0,0.0,0.0,0,0.0,10000,56.0,0.0,0,1,2021,0.0,0.0,35000.0,,0.5384615384615384,0,0.0,833.3333333333334,0.438,0.0,0.0,,,,0.0,0.0,0.0,35000.0,65000.0,0.5384615384615384,0.438,0.0,0.0,0.0,0.0,,0.0,10.463131911491969,11.082157933374816,0.0,10000.0,0.438
8965.0,42,1,250000.0,1,230000.0,2200,5,0,6.0,0,0,1.0,0,0,5.0,100.0,0.0,1,105000.0,213400,33.0,39.0,2,1,2021,87357.40000000001,87357.40000000001,230000.0,1.8990739130434784,0.92,0,0.0,17783.333333333332,0.1237113402061855,87357.40000000001,87357.40000000001,1.8990739130434784,1.8990739130434784,1.8990739130434784,87357.40000000001,87357.40000000001,87357.40000000001,230000.0,250000.0,0.92,0.1237113402061855,5.0,100.0,0.0,105000.0,1.0643913456626124,11.377774475792696,12.345838935721968,12.429220196836384,11.561725152903833,213400.0,0.12371134020618557
8981.0,10,1,325000.0,1,205000.0,1200,5,0,1.0,0,0,1.0,0,0,5.0,0.0,0.0,1,40000.0,145000,29.0,31.0,0,1,2021,4521.400000000001,4521.400000000001,205000.0,0.1102780487804878,0.6307692307692307,0,0.0,12083.333333333334,0.0993103448275862,4521.400000000001,4521.400000000001,0.1102780487804878,0.1102780487804878,0.1102780487804878,4521.400000000001,4521.400000000001,4521.400000000001,205000.0,325000.0,0.6307692307692307,0.0993103448275862,5.0,0.0,0.0,40000.0,0.1046104783525955,8.416798105361082,12.230770136157428,12.691583538230216,10.59665973278358,145000.0,0.0993103448275862
8983.0,26,1,220000.0,1,120000.0,1400,5,0,1.0,0,0,1.0,0,0,15.0,32.0,0.0,1,40000.0,95150,34.0,33.0,1,1,2021,40071.72,40071.72,120000.0,1.669655,0.5454545454545454,0,0.0,7929.166666666667,0.1765633210719915,40071.72,40071.72,1.669655,1.669655,1.669655,40071.72,40071.72,40071.72,120000.0,220000.0,0.5454545454545454,0.1765633210719915,15.0,32.0,0.0,40000.0,0.9819492505802307,10.598451082534252,11.695255355062796,12.301387370778713,10.59665973278358,95150.0,0.17656332107199157
8985.0,9,1,750000.0,1,400000.0,3254,5,0,1.0,0,0,1.0,0,0,3.0,5.0,0.0,1,130000.0,259468,37.0,44.0,1,1,2021,6854.639999999999,6854.639999999999,400000.0,0.085683,0.5333333333333333,0,0.0,21622.33333333333,0.150492546287018,6854.639999999999,6854.639999999999,0.085683,0.085683,0.085683,6854.639999999999,6854.639999999999,6854.639999999999,400000.0,750000.0,0.5333333333333333,0.150492546287018,3.0,5.0,0.0,130000.0,0.0822092820323155,8.832826950147524,12.899222326086994,13.527829818844936,11.775297421715829,259468.0,0.15049254628701805
8991.0,4,1,630000.0,1,400000.0,2800,5,0,1.0,0,0,6.0,0,0,50.0,168.0,0.0,5,0.0,92750,41.0,33.0,3,1,2021,184378.48,184378.48,400000.0,2.304731,0.6349206349206349,1,0.0,7729.166666666667,0.3622641509433962,184378.48,184378.48,2.304731,2.304731,2.304731,146952.9672,146952.9672,146952.9672,400000.0,630000.0,0.6349206349206349,0.3622641509433962,50.0,168.0,0.0,0.0,1.195355078160595,11.897874668420387,12.899222326086994,13.353476685668044,0.0,92750.0,0.3622641509433962
8992.0,4,1,400000.0,1,235000.0,1292,5,0,1.0,0,0,4.0,0,0,4.0,4.0,0.0,1,25000.0,45000,69.0,67.0,0,1,2021,6930.56,6930.56,235000.0,0.1474587234042553,0.5875,0,0.0,3750.0,0.3445333333333333,6930.56,6930.56,0.1474587234042553,0.1474587234042553,0.1474587234042553,6930.56,6930.56,6930.56,235000.0,400000.0,0.5875,0.3445333333333333,4.0,4.0,0.0,25000.0,0.1375496914160573,8.843840175076002,12.367345048436391,12.899222326086994,10.12667110305036,45000.0,0.34453333333333336
8996.0,6,1,350000.0,1,305000.0,2400,1,5,1.0,0,0,0.0,0,0,0.0,0.0,0.0,0,0.0,107760,30.0,0.0,1,1,2021,0.0,0.0,305000.0,,0.8714285714285714,0,1.0,8980.0,0.267260579064588,0.0,0.0,,,,0.0,0.0,0.0,305000.0,350000.0,0.8714285714285714,0.267260579064588,0.0,0.0,0.0,0.0,,0.0,12.628070334272698,12.765691290604371,0.0,107760.0,0.267260579064588
9000.0,4,1,300000.0,1,177000.0,1661,5,0,1.0,0,0,0.0,0,0,0.0,0.0,0.0,0,0.0,32020,58.0,0.0,0,1,2021,0.0,0.0,177000.0,,0.59,0,0.0,2668.333333333333,0.6224859462835727,0.0,0.0,,,,0.0,0.0,0.0,177000.0,300000.0,0.59,0.6224859462835727,0.0,0.0,0.0,0.0,,0.0,12.08391066125752,12.611541086966117,0.0,32020.0,0.6224859462835727
9010.0,39,1,390000.0,1,220000.0,1370,5,0,1.0,0,0,1.0,0,0,8.0,100.0,0.0,1,88000.0,238000,31.0,31.0,1,1,2021,90070.23999999999,90070.23999999999,220000.0,2.047050909090909,0.5641025641025641,0,0.0,19833.33333333333,0.0690756302521008,90070.23999999999,90070.23999999999,2.047050909090909,2.047050909090909,2.047050909090909,90070.23999999999,90070.23999999999,90070.23999999999,220000.0,390000.0,0.5641025641025641,0.0690756302521008,8.0,100.0,0.0,88000.0,1.1141742078032506,11.40835619175308,12.301387370778713,12.873904582205109,11.38510345703214,238000.0,0.06907563025210084
9021.0,41,1,30000.0,1,9350.0,160,5,0,3.0,0,0,0.0,0,0,0.0,0.0,0.0,0,0.0,13212,43.0,0.0,0,1,2021,0.0,0.0,9350.0,,0.3116666666666666,0,0.0,1101.0,0.145322434150772,0.0,0.0,,,,0.0,0.0,0.0,9350.0,50000.0,0.3116666666666666,0.145322434150772,0.0,0.0,0.0,0.0,,0.0,9.143238568435446,10.819798284210286,0.0,13212.0,0.14532243415077203
9024.0,41,1,900000.0,1,111000.0,1500,5,0,1.0,0,0,6.0,6,0,20.0,60.0,,5,0.0,520000,47.0,46.0,4,1,2021,67787.2,67787.2,111000.0,3.0534774774774776,0.1233333333333333,1,0.0,43333.333333333336,0.0346153846153846,67787.2,67787.2,3.0534774774774776,3.0534774774774776,3.0534774774774776,67787.2,67787.2,67787.2,111000.0,900000.0,0.1233333333333333,0.0346153846153846,20.0,60.0,,0.0,1.3995751491152697,11.124143417483609,11.6172944892629,13.71015115341694,0.0,520000.0,0.03461538461538461
9030.0,16,1,150000.0,1,64000.0,710,5,0,1.0,0,0,1.0,4,0,2.0,0.0,0.0,1,18000.0,157786,63.0,64.0,0,1,2021,1808.56,1808.56,64000.0,0.14129375,0.4266666666666667,0,0.0,13148.833333333334,0.0539971860621347,1808.56,1808.56,0.14129375,0.14129375,0.14129375,1808.56,1808.56,1808.56,64000.0,150000.0,0.4266666666666667,0.0539971860621347,2.0,0.0,0.0,18000.0,0.1321624873510848,7.500839000785103,11.06665398721974,11.918397239722838,9.798182590890704,157786.0,0.053997186062134786
9035.0,9,1,160000.0,1,60000.0,550,5,0,1.0,0,0,,0,0,,,,5,0.0,22650,43.0,32.0,0,1,2021,0.0,0.0,60000.0,,0.375,0,0.0,1887.5,0.2913907284768212,0.0,0.0,,,,0.0,0.0,0.0,60000.0,160000.0,0.375,0.2913907284768212,,,,0.0,,0.0,11.002116507732016,11.982935344196433,0.0,22650.0,0.2913907284768212
9037.0,34,1,350000.0,1,100000.0,1200,5,0,1.0,0,0,1.0,0,0,6.0,0.0,0.0,1,,156277,58.0,65.0,0,1,2021,5425.68,5425.68,100000.0,0.271284,0.2857142857142857,0,0.0,13023.083333333334,0.0921440775034074,5425.68,5425.68,0.271284,0.271284,0.271284,5425.68,5425.68,5425.68,100000.0,350000.0,0.2857142857142857,0.0921440775034074,6.0,0.0,0.0,,0.2400274133523829,8.59908280788786,11.51293546492023,12.765691290604371,,156277.0,0.0921440775034074
9049.0,2,1,625000.0,1,70000.0,1200,5,0,,0,0,1.0,0,0,12.0,0.0,0.0,1,100000.0,152490,65.0,62.0,0,1,2021,10851.36,10851.36,70000.0,0.7750971428571429,0.112,0,0.0,12707.5,0.0944324217981507,10851.36,10851.36,0.7750971428571429,0.7750971428571429,0.7750971428571429,10851.36,10851.36,10851.36,70000.0,625000.0,0.112,0.0944324217981507,12.0,0.0,0.0,100000.0,0.5738551498000579,9.29213784683714,11.156264806643742,13.34550852871726,11.51293546492023,152490.0,0.0944324217981507
9055.0,3,1,175000.0,1,79500.0,900,5,0,1.0,0,0,0.0,0,0,0.0,0.0,0.0,0,0.0,99075,65.0,0.0,0,1,2021,0.0,0.0,79500.0,,0.4542857142857143,0,0.0,8256.25,0.109008327024981,0.0,0.0,,,,0.0,0.0,0.0,79500.0,175000.0,0.4542857142857143,0.109008327024981,0.0,0.0,0.0,0.0,,0.0,11.283524879179666,12.07254696717504,0.0,99075.0,0.10900832702498107
9056.0,32,1,320000.0,1,140000.0,1030,5,0,1.0,0,0,6.0,0,0,90.0,120.0,112.0,5,0.0,103000,40.0,41.0,3,1,2021,312643.76,312643.76,140000.0,11.165848571428572,0.4375,1,0.0,8583.333333333334,0.12,312643.76,312643.76,11.165848571428572,11.165848571428572,11.165848571428572,146952.9672,146952.9672,146952.9672,140000.0,320000.0,0.4375,0.12,50.0,120.0,20.0,0.0,2.498632728955078,11.897874668420387,11.849404844423074,12.676079399771028,0.0,103000.0,0.12
9066.0,39,1,500000.0,1,437000.0,2330,5,0,1.0,0,0,6.0,0,0,8.0,0.0,0.0,5,0.0,132000,29.0,28.0,0,1,2021,7234.24,7234.24,437000.0,0.0827716247139588,0.874,1,0.0,11000.0,0.2118181818181818,7234.24,7234.24,0.0827716247139588,0.0827716247139588,0.0827716247139588,7234.24,7234.24,7234.24,437000.0,500000.0,0.874,0.2118181818181818,8.0,0.0,0.0,0.0,0.0795240729417534,8.88671881059557,12.987690762404627,13.122365377402328,0.0,132000.0,0.21181818181818182
9068.0,3,1,225000.0,1,120000.0,1600,5,0,1.0,0,0,0.0,0,0,0.0,0.0,0.0,0,0.0,129050,43.0,0.0,0,1,2021,0.0,0.0,120000.0,,0.5333333333333333,0,0.0,10754.166666666666,0.1487795428128632,0.0,0.0,,,,0.0,0.0,0.0,120000.0,225000.0,0.5333333333333333,0.1487795428128632,0.0,0.0,0.0,0.0,,0.0,11.695255355062796,12.323860125621126,0.0,129050.0,0.14877954281286324
9071.0,5,1,3500000.0,1,340000.0,1600,5,0,2.0,0,0,6.0,0,0,8.0,20.0,0.0,5,0.0,333000,37.0,36.0,3,1,2021,23801.44,23801.44,340000.0,0.3500211764705883,0.0971428571428571,1,0.0,27750.0,0.0576576576576576,23801.44,23801.44,0.3500211764705883,0.3500211764705883,0.3500211764705883,23801.44,23801.44,23801.44,340000.0,1600000.0,0.0971428571428571,0.0576576576576576,8.0,20.0,0.0,0.0,0.3001202786018196,10.07754337541305,12.73670383776449,14.285514812209817,0.0,333000.0,0.05765765765765766
9074.0,13,1,300000.0,1,251000.0,1800,5,0,1.0,0,0,2.0,0,0,,0.0,0.0,1,55000.0,138299,36.0,29.0,2,1,2021,0.0,0.0,251000.0,,0.8366666666666667,0,0.0,11524.916666666666,0.1561833418896738,0.0,0.0,,,,0.0,0.0,0.0,251000.0,300000.0,0.8366666666666667,0.1561833418896738,,0.0,0.0,55000.0,,0.0,12.433212202169727,12.611541086966117,10.915106645867503,138299.0,0.15618334188967384
9077.0,46,1,1800000.0,1,800000.0,4500,5,0,7.0,0,0,1.0,0,0,14.0,20.0,0.0,1,900000.0,903500,37.0,38.0,2,1,2021,29227.120000000003,29227.120000000003,800000.0,0.1826695,0.4444444444444444,0,0.0,75291.66666666667,0.0597675705589374,29227.120000000003,29227.120000000003,0.1826695,0.1826695,0.1826695,29227.120000000003,29227.120000000003,29227.120000000003,701100.0000000001,1600000.0,0.4444444444444444,0.0597675705589374,14.0,20.0,0.0,200000.0,0.1677741714922499,10.282886538554797,13.460407235524094,14.285514812209817,12.206077645517674,903500.0,0.059767570558937465
9078.0,20,1,499000.0,1,220000.0,1723,5,0,1.0,0,0,1.0,6,0,20.0,40.0,0.0,1,,245650,56.0,48.0,1,1,2021,51220.0,51220.0,220000.0,1.164090909090909,0.4408817635270541,0,0.0,20470.83333333333,0.084168532464889,51220.0,51220.0,1.164090909090909,1.164090909090909,1.164090909090909,51220.0,51220.0,51220.0,220000.0,499000.0,0.4408817635270541,0.084168532464889,20.0,40.0,0.0,,0.7720003698481115,10.843904883186518,12.301387370778713,13.120363378739665,,245650.0,0.08416853246488908
9079.0,20,1,630000.0,1,477000.0,2100,5,0,1.0,0,0,6.0,0,0,,0.0,0.0,5,0.0,132600,56.0,57.0,1,1,2021,0.0,0.0,477000.0,,0.7571428571428571,1,0.0,11050.0,0.1900452488687782,0.0,0.0,,,,0.0,0.0,0.0,477000.0,630000.0,0.7571428571428571,0.1900452488687782,,0.0,0.0,0.0,,0.0,13.07527386630434,13.353476685668044,0.0,132600.0,0.19004524886877827
9083.0,31,1,420000.0,1,250000.0,2200,5,0,1.0,0,0,0.0,0,0,0.0,0.0,0.0,0,0.0,80000,57.0,0.0,0,1,2021,0.0,0.0,250000.0,,0.5952380952380952,0,0.0,6666.666666666667,0.3299999999999999,0.0,0.0,,,,0.0,0.0,0.0,250000.0,420000.0,0.5952380952380952,0.3299999999999999,0.0,0.0,0.0,0.0,,0.0,12.429220196836384,12.948012371209098,0.0,80000.0,0.32999999999999996
9088.0,5,1,550000.0,1,416000.0,2197,5,0,1.0,0,0,0.0,0,0,0.0,0.0,0.0,0,0.0,127034,31.0,0.0,0,1,2021,0.0,0.0,416000.0,,0.7563636363636363,0,0.0,10586.166666666666,0.2075349906324291,0.0,0.0,,,,0.0,0.0,0.0,416000.0,550000.0,0.7563636363636363,0.2075349906324291,0.0,0.0,0.0,0.0,,0.0,12.938442943086663,13.21767537538882,0.0,127034.0,0.2075349906324291
9091.0,4,1,1000000.0,1,525000.0,2300,5,0,1.0,0,0,0.0,0,0,0.0,0.0,0.0,0,0.0,191330,56.0,0.0,0,1,2021,0.0,0.0,525000.0,,0.525,0,0.0,15944.166666666666,0.1442533842052997,0.0,0.0,,,,0.0,0.0,0.0,525000.0,1000000.0,0.525,0.1442533842052997,0.0,0.0,0.0,0.0,,0.0,13.171155446333852,13.815511557963774,0.0,191330.0,0.14425338420529976
9096.0,41,1,400000.0,1,240000.0,1500,5,0,1.0,0,0,1.0,0,0,6.0,0.0,0.0,1,62000.0,129000,35.0,32.0,0,1,2021,5425.68,5425.68,240000.0,0.113035,0.6,0,0.0,10750.0,0.1395348837209302,5425.68,5425.68,0.113035,0.113035,0.113035,5425.68,5425.68,5425.68,240000.0,400000.0,0.6,0.1395348837209302,6.0,0.0,0.0,62000.0,0.1070905183398561,8.59908280788786,12.388398368982116,12.899222326086994,11.034905792929417,129000.0,0.13953488372093023
9101.0,9,1,900000.0,1,500000.0,3300,5,0,1.0,0,0,6.0,0,0,40.0,50.0,0.0,5,0.0,222000,37.0,32.0,2,1,2021,77589.2,77589.2,500000.0,0.775892,0.5555555555555556,1,0.0,18500.0,0.1783783783783784,77589.2,77589.2,0.775892,0.775892,0.775892,77589.2,77589.2,77589.2,500000.0,900000.0,0.5555555555555556,0.1783783783783784,40.0,50.0,0.0,0.0,0.5743028319101152,11.259196409536433,13.122365377402328,13.71015115341694,0.0,222000.0,0.1783783783783784
9104.0,16,1,350000.0,1,170000.0,1241,5,0,1.0,0,0,2.0,0,0,15.0,50.0,0.0,1,62500.0,124500,27.0,31.0,2,1,2021,54982.2,54982.2,170000.0,1.6171235294117643,0.4857142857142857,0,0.0,10375.0,0.1196144578313253,54982.2,54982.2,1.6171235294117643,1.6171235294117643,1.6171235294117643,54982.2,54982.2,54982.2,170000.0,350000.0,0.4857142857142857,0.1196144578313253,15.0,50.0,0.0,62500.0,0.9620758251133112,10.914782963008411,12.04355959836804,12.765691290604371,11.042937835596494,124500.0,0.11961445783132531
9105.0,13,1,400000.0,1,303000.0,1800,5,0,1.0,0,0,1.0,6,0,5.0,40.0,0.0,1,34000.0,334400,43.0,41.0,2,1,2021,37655.8,37655.8,303000.0,0.6213828382838285,0.7575,0,0.0,27866.666666666668,0.0645933014354067,37655.8,37655.8,0.6213828382838285,0.6213828382838285,0.6213828382838285,37655.8,37655.8,37655.8,303000.0,400000.0,0.7575,0.0645933014354067,5.0,40.0,0.0,34000.0,0.4832793890105987,10.53626882780963,12.621491384816093,12.899222326086994,10.434145214930489,334400.0,0.0645933014354067
9107.0,42,1,457000.0,1,255000.0,1800,5,0,1.0,0,0,3.0,0,0,20.0,6.0,6.0,5,0.0,105450,36.0,34.0,0,1,2021,30119.44,30119.44,255000.0,0.5905772549019608,0.5579868708971554,0,0.0,8787.5,0.2048364153627311,30119.44,30119.44,0.5905772549019608,0.5905772549019608,0.5905772549019608,30119.44,30119.44,30119.44,255000.0,457000.0,0.5579868708971554,0.2048364153627311,20.0,6.0,6.0,0.0,0.4640970037416618,10.312959290040862,12.449022745701502,13.032440858057756,0.0,105450.0,0.20483641536273114
9108.0,4,1,200000.0,1,300000.0,2000,5,0,1.0,0,0,1.0,0,0,14.0,60.0,0.0,1,127000.0,267000,34.0,34.0,1,1,2021,62361.52,62361.52,300000.0,1.0393586666666663,1.5,0,0.0,22250.0,0.0898876404494382,62361.52,62361.52,1.0393586666666663,1.0393586666666663,1.0393586666666663,62361.52,62361.52,62361.52,300000.0,200000.0,1.0,0.0898876404494382,14.0,60.0,0.0,127000.0,0.7126353793436935,11.040719732874791,12.611541086966117,12.206077645517674,11.751950239425476,267000.0,0.0898876404494382
9119.0,46,1,900000.0,1,700000.0,3500,5,0,7.0,0,0,1.0,0,0,,0.0,0.0,5,0.0,29711,36.0,31.0,0,1,2021,0.0,0.0,700000.0,,0.7777777777777778,0,0.0,2475.9166666666665,1.4136178519740163,0.0,0.0,,,,0.0,0.0,0.0,700000.0,900000.0,0.7777777777777778,1.4136178519740163,,0.0,0.0,0.0,,0.0,13.45883704259595,13.71015115341694,0.0,29711.0,1.4136178519740163
9121.0,42,1,500000.0,1,300000.0,2000,5,0,1.0,0,0,1.0,0,0,10.0,3.0,,1,90000.0,255200,50.0,47.0,1,1,2021,11527.88,11527.88,300000.0,0.1921313333333333,0.6,0,0.0,21266.666666666668,0.0940438871473354,11527.88,11527.88,0.1921313333333333,0.1921313333333333,0.1921313333333333,11527.88,11527.88,11527.88,300000.0,500000.0,0.6,0.0940438871473354,10.0,3.0,,90000.0,0.1757427415448182,9.352610470643786,12.611541086966117,13.122365377402328,11.407576060361786,255200.0,0.09404388714733541
9127.0,29,1,339000.0,1,73000.0,1450,5,0,1.0,0,0,1.0,0,0,10.0,0.0,15.0,1,24000.0,70983,62.0,56.0,0,1,2021,26702.0,26702.0,73000.0,1.828904109589041,0.2153392330383481,0,0.0,5915.25,0.2451291154220024,26702.0,26702.0,1.828904109589041,1.828904109589041,1.828904109589041,26702.0,26702.0,26702.0,73000.0,339000.0,0.2153392330383481,0.2451291154220024,10.0,0.0,15.0,24000.0,1.0398893962303093,10.19253119762704,11.19822841866684,12.733758336210744,10.085850775128716,70983.0,0.24512911542200244
9134.0,9,1,383000.0,1,145000.0,2077,5,0,1.0,0,0,1.0,0,0,8.0,3.0,0.0,1,60000.0,251650,40.0,35.0,1,1,2021,9719.32,9719.32,145000.0,0.3351489655172414,0.3785900783289817,0,0.0,20970.83333333333,0.0990423206834889,9719.32,9719.32,0.3351489655172414,0.3351489655172414,0.3351489655172414,9719.32,9719.32,9719.32,145000.0,383000.0,0.3785900783289817,0.0990423206834889,8.0,3.0,0.0,60000.0,0.2890428702842177,9.181973818723272,11.884495917930655,12.855792879125431,11.002116507732016,251650.0,0.09904232068348898
9141.0,9,1,435000.0,1,125000.0,1740,5,0,1.0,0,0,1.0,0,0,8.0,72.0,0.0,1,56000.0,118600,48.0,46.0,3,1,2021,66876.16,66876.16,125000.0,2.6750464000000003,0.2873563218390804,0,0.0,9883.333333333334,0.1760539629005059,66876.16,66876.16,2.6750464000000003,2.6750464000000003,2.6750464000000003,66876.16,66876.16,66876.16,125000.0,435000.0,0.2873563218390804,0.1760539629005059,8.0,72.0,0.0,56000.0,1.3015657584354348,11.110612782742123,11.736077016252436,12.983103608918752,10.933124826700707,118600.0,0.1760539629005059
9147.0,4,1,1000000.0,1,570000.0,3400,5,0,1.0,0,0,1.0,0,0,2.0,8.0,0.0,1,125000.0,350564,38.0,39.0,2,1,2021,8435.44,8435.44,570000.0,0.0739950877192982,0.57,0,0.0,29213.666666666668,0.116383884255086,8435.44,8435.44,0.0739950877192982,0.0739950877192982,0.0739950877192982,8435.44,8435.44,8435.44,570000.0,1000000.0,0.57,0.116383884255086,2.0,8.0,0.0,125000.0,0.0713854222580549,9.040315697659093,13.25339339419516,13.815511557963774,11.736077016252436,350564.0,0.11638388425508608
9150.0,39,1,480000.0,1,230000.0,2000,5,0,1.0,0,0,1.0,0,0,12.0,50.0,2.0,1,178000.0,265020,36.0,38.0,1,1,2021,54623.92,54623.92,230000.0,1.1874765217391303,0.4791666666666667,0,0.0,22085.0,0.0905592030790129,54623.92,54623.92,1.1874765217391303,1.1874765217391303,1.1874765217391303,54623.92,54623.92,54623.92,230000.0,480000.0,0.4791666666666667,0.0905592030790129,12.0,50.0,2.0,178000.0,0.7827486062727795,10.908245467865926,12.345838935721968,13.081543466215235,12.08954444723597,265020.0,0.0905592030790129
9156.0,45,1,750000.0,1,350000.0,2700,5,0,6.0,0,0,0.0,0,0,0.0,0.0,0.0,0,0.0,32160,38.0,0.0,1,1,2021,0.0,0.0,350000.0,,0.4666666666666667,0,0.0,2680.0,1.007462686567164,0.0,0.0,,,,0.0,0.0,0.0,350000.0,750000.0,0.4666666666666667,1.007462686567164,0.0,0.0,0.0,0.0,,0.0,12.765691290604371,13.527829818844936,0.0,32160.0,1.007462686567164
9158.0,19,1,750000.0,1,450000.0,2800,5,0,1.0,0,0,4.0,0,0,8.0,16.0,0.0,5,0.0,161000,60.0,67.0,4,1,2021,20488.0,20488.0,450000.0,0.2276444444444444,0.6,0,0.0,13416.666666666666,0.208695652173913,20488.0,20488.0,0.2276444444444444,0.2276444444444444,0.2276444444444444,20488.0,20488.0,20488.0,450000.0,750000.0,0.6,0.208695652173913,8.0,16.0,0.0,0.0,0.2050972474453624,9.9276434357472,13.017005083966255,13.527829818844936,0.0,161000.0,0.20869565217391306
9159.0,29,1,400000.0,1,400000.0,2200,5,0,1.0,0,0,0.0,0,0,0.0,0.0,0.0,0,0.0,158000,41.0,0.0,1,1,2021,0.0,0.0,400000.0,,1.0,0,0.0,13166.666666666666,0.1670886075949367,0.0,0.0,,,,0.0,0.0,0.0,400000.0,400000.0,1.0,0.1670886075949367,0.0,0.0,0.0,0.0,,0.0,12.899222326086994,12.899222326086994,0.0,158000.0,0.1670886075949367
9172.0,46,1,280000.0,1,220000.0,1490,5,0,1.0,0,0,1.0,0,0,10.0,0.0,0.0,1,85000.0,130000,33.0,33.0,0,1,2021,9042.8,9042.8,220000.0,0.2055181818181818,0.7857142857142857,0,0.0,10833.333333333334,0.1375384615384615,9042.8,9042.8,0.2055181818181818,0.2055181818181818,0.2055181818181818,9042.8,9042.8,9042.8,220000.0,280000.0,0.7857142857142857,0.1375384615384615,10.0,0.0,0.0,85000.0,0.1869095009128925,9.10983471904454,12.301387370778713,12.54254845357358,11.350418300109132,130000.0,0.13753846153846153
9175.0,21,1,100000.0,1,77000.0,974,5,0,1.0,0,0,6.0,5,0,12.0,0.0,0.0,5,0.0,86230,55.0,55.0,0,1,2021,10851.36,10851.36,77000.0,0.7046337662337663,0.77,1,0.0,7185.833333333333,0.1355444740809463,10851.36,10851.36,0.7046337662337663,0.7046337662337663,0.7046337662337663,10851.36,10851.36,10851.36,77000.0,100000.0,0.77,0.1355444740809463,12.0,0.0,0.0,0.0,0.5333502877997918,9.29213784683714,11.251573687764475,11.51293546492023,0.0,86230.0,0.1355444740809463
9176.0,39,1,660000.0,1,307000.0,1693,5,0,3.0,0,0,1.0,0,0,14.0,21.0,0.0,1,145000.0,145204,43.0,43.0,1,1,2021,30055.48,30055.48,307000.0,0.4895029315960912,0.4651515151515151,0,0.0,12100.333333333334,0.1399135010054819,30055.48,30055.48,0.4895029315960912,0.4895029315960912,0.4895029315960912,30055.48,30055.48,30055.48,307000.0,660000.0,0.4651515151515151,0.1399135010054819,14.0,21.0,0.0,145000.0,0.3984424613438795,10.310833557315265,12.63460628389302,13.399996629152977,11.884495917930655,145204.0,0.13991350100548194
9181.0,31,1,550000.0,1,230000.0,2300,5,0,1.0,0,0,1.0,0,0,5.0,30.0,10.0,1,125000.0,227150,48.0,45.0,2,1,2021,41145.0,41145.0,230000.0,0.8944565217391305,0.4181818181818181,0,0.0,18929.166666666668,0.1215056130310367,41145.0,41145.0,0.8944565217391305,0.8944565217391305,0.8944565217391305,41145.0,41145.0,41145.0,230000.0,550000.0,0.4181818181818181,0.1215056130310367,5.0,30.0,10.0,125000.0,0.63893200148455,10.624881996034176,12.345838935721968,13.21767537538882,11.736077016252436,227150.0,0.12150561303103675
9193.0,1,1,224000.0,1,153870.0,1147,5,0,1.0,0,0,1.0,0,0,10.0,15.0,0.0,1,,113971,46.0,38.0,1,1,2021,21468.2,21468.2,153870.0,0.6976083707025411,0.6869196428571429,0,0.0,9497.583333333334,0.1207675636784796,21468.2,21468.2,0.6976083707025411,0.6976083707025411,0.6976083707025411,21468.2,21468.2,21468.2,153870.0,224000.0,0.6869196428571429,0.1207675636784796,10.0,15.0,0.0,,0.5292204197693722,9.974374628883778,11.94386986802296,12.319405795112926,,113971.0,0.1207675636784796
9199.0,42,1,300000.0,1,127000.0,2300,5,0,1.0,0,0,1.0,0,0,2.0,3.0,0.0,1,,356883,43.0,43.0,1,1,2021,4293.639999999999,4293.639999999999,127000.0,0.1690409448818897,0.4233333333333333,0,0.0,29740.25,0.0773362698699573,4293.639999999999,4293.639999999999,0.1690409448818897,0.1690409448818897,0.1690409448818897,4293.639999999999,4293.639999999999,4293.639999999999,127000.0,300000.0,0.4233333333333333,0.0773362698699573,2.0,3.0,0.0,,0.1561837074384751,8.365123012511917,11.751950239425476,12.611541086966117,,356883.0,0.07733626986995738
9205.0,23,1,120000.0,1,25000.0,597,5,0,1.0,0,0,6.0,0,0,20.0,60.0,0.0,5,0.0,14208,49.0,39.0,1,1,2021,67787.2,67787.2,25000.0,13.55744,0.2083333333333333,1,0.0,1184.0,0.504222972972973,67787.2,67787.2,13.55744,13.55744,13.55744,67787.2,67787.2,67787.2,25000.0,120000.0,0.2083333333333333,0.504222972972973,20.0,60.0,0.0,0.0,2.6781022031338333,11.124143417483609,10.12667110305036,11.695255355062796,0.0,14208.0,0.504222972972973
9206.0,21,1,270000.0,1,115000.0,1000,5,0,1.0,0,0,1.0,0,0,8.0,40.0,0.0,1,45000.0,195020,34.0,36.0,2,1,2021,40368.64,40368.64,115000.0,1.7551582608695653,0.4259259259259259,0,0.0,16251.666666666666,0.0615321505486616,40368.64,40368.64,1.7551582608695653,1.7551582608695653,1.7551582608695653,40368.64,40368.64,40368.64,115000.0,270000.0,0.4259259259259259,0.0615321505486616,8.0,40.0,0.0,45000.0,1.0134748859167089,10.60583329629422,11.652696102959752,12.506180941677355,10.714439990727769,195020.0,0.06153215054866168
9211.0,24,1,215000.0,1,165000.0,1000,5,0,1.0,0,0,1.0,0,0,20.0,40.0,,1,50000.0,96500,34.0,33.0,2,1,2021,51220.0,51220.0,165000.0,1.552121212121212,0.7674418604651163,0,0.0,8041.666666666667,0.1243523316062176,51220.0,51220.0,1.552121212121212,1.552121212121212,1.552121212121212,51220.0,51220.0,51220.0,165000.0,215000.0,0.7674418604651163,0.1243523316062176,20.0,40.0,,50000.0,0.9369248612673016,10.843904883186518,12.013706813470414,12.278397958261774,10.819798284210286,96500.0,0.12435233160621761
9215.0,26,1,350000.0,1,245000.0,2100,5,0,1.0,0,0,6.0,0,0,40.0,80.0,0.0,5,0.0,54189,35.0,34.0,5,1,2021,102440.0,102440.0,245000.0,2.0906122448979594,0.7,1,0.0,4515.75,0.4650390300614516,102440.0,102440.0,2.0906122448979594,2.0906122448979594,2.0906122448979594,102440.0,102440.0,102440.0,245000.0,350000.0,0.7,0.4650390300614516,40.0,80.0,0.0,0.0,1.128369208790441,11.537042302077609,12.409017571151187,12.765691290604371,0.0,54189.0,0.4650390300614516
9217.0,45,1,300000.0,1,159000.0,801,5,0,1.0,0,0,1.0,0,0,14.0,30.0,0.0,1,,132556,26.0,25.0,1,1,2021,37510.72,37510.72,159000.0,1.179582389937107,0.53,0,0.0,11046.333333333334,0.0725127493285856,37510.72,37510.72,1.179582389937107,1.179582389937107,1.179582389937107,37510.72,37510.72,37510.72,159000.0,300000.0,0.53,0.0725127493285856,14.0,30.0,0.0,,0.7791332942011898,10.532408696463468,11.976665770490769,12.611541086966117,,132556.0,0.07251274932858565
9222.0,42,1,375000.0,1,279000.0,2400,5,0,1.0,0,0,1.0,0,0,12.0,20.0,0.0,1,,289788,44.0,37.0,1,1,2021,27418.56,27418.56,279000.0,0.4913720430107526,0.744,0,0.0,24149.0,0.0993829972255579,27418.56,27418.56,0.4913720430107526,0.4913720430107526,0.4913720430107526,27418.56,27418.56,27418.56,279000.0,375000.0,0.744,0.0993829972255579,12.0,20.0,0.0,,0.3996965304850174,10.2190119063063,12.53897064502647,12.83468397161566,,289788.0,0.09938299722555799
9223.0,12,1,270000.0,1,151691.0,1600,5,0,1.0,0,0,6.0,1,0,30.0,40.0,0.0,1,,85377,45.0,40.0,3,1,2021,60262.8,60262.8,151691.0,1.9863670224337635,0.5618185185185185,1,0.0,7114.75,0.2248849221687339,60262.8,60262.8,1.9863670224337635,1.9863670224337635,1.9863670224337635,60262.8,60262.8,60262.8,151691.0,270000.0,0.5618185185185185,0.2248849221687339,30.0,40.0,0.0,,1.0940576059754843,11.006486870769107,11.92960742828356,12.506180941677355,,85377.0,0.22488492216873396
9229.0,17,1,285000.0,1,138000.0,1183,5,0,1.0,0,0,1.0,0,0,5.0,72.0,,1,,21210,40.0,38.0,1,1,2021,64163.32000000001,64163.32000000001,138000.0,2.324757971014493,0.4842105263157895,0,0.0,1767.5,0.6693069306930693,64163.32000000001,64163.32000000001,2.324757971014493,2.324757971014493,2.324757971014493,64163.32000000001,64163.32000000001,64163.32000000001,138000.0,285000.0,0.4842105263157895,0.6693069306930693,5.0,72.0,,,1.201396880786115,11.069202571944544,11.8350162104899,12.560247968016562,,21210.0,0.6693069306930693
9235.0,39,1,350000.0,1,190000.0,1100,5,0,4.0,0,0,4.0,0,0,12.0,,,5,0.0,50,79.0,69.0,0,1,2021,10851.36,10851.36,190000.0,0.2855621052631579,0.5428571428571428,0,0.0,4.166666666666667,2.0,10851.36,10851.36,0.2855621052631579,0.2855621052631579,0.2855621052631579,10851.36,10851.36,10851.36,190000.0,350000.0,0.5428571428571428,2.0,12.0,,,0.0,0.2511960587024045,9.29213784683714,12.154784614286667,12.765691290604371,0.0,,
9239.0,48,1,140000.0,1,133800.0,650,5,0,1.0,0,0,0.0,0,0,0.0,0.0,0.0,0,0.0,72000,37.0,0.0,0,1,2021,0.0,0.0,133800.0,,0.9557142857142856,0,0.0,6000.0,0.1083333333333333,0.0,0.0,,,,0.0,0.0,0.0,133800.0,140000.0,0.9557142857142856,0.1083333333333333,0.0,0.0,0.0,0.0,,0.0,11.80410890048989,11.849404844423074,0.0,72000.0,0.10833333333333334
