age,mrthel,mortbnd,hhsex,wgt,homeeq,networth,nh_mort,lf,income,married
70,195000.0,0,2,3027.9561204634942,479000.0,762100.0,195000.0,0,38804.73446893787,2
70,213000.0,0,2,3054.9000651229826,645000.0,854300.0,213000.0,0,38264.27855711423,2
70,279000.0,0,2,3163.6377656935083,478000.0,678200.0,279000.0,0,36102.45490981964,2
70,549000.0,0,2,3166.228463262177,161000.0,279600.0,549000.0,0,33508.26653306613,2
70,223000.0,0,2,3235.6247147258646,542000.0,602600.0,223000.0,0,35561.998997995994,2
46,487000.0,0,1,236.63475408400458,93000.0,721800.0,487000.0,1,224829.65931863728,2
46,487000.0,0,1,245.84839801710018,93000.0,723800.0,487000.0,1,224829.65931863728,2
46,487000.0,0,1,253.1034770119427,93000.0,721400.0,487000.0,1,224829.65931863728,2
46,487000.0,0,1,252.90811794901987,93000.0,724300.0,487000.0,1,224829.65931863728,2
46,487000.0,0,1,253.81131150645962,93000.0,722600.0,487000.0,1,224829.65931863728,2
68,0.0,0,1,678.8693074694265,629000.0,43597590.0,0.0,0,445335.67134268535,1
68,0.0,0,1,671.8323703623448,570000.0,44451510.0,0.0,0,461549.3486973948,1
68,0.0,0,1,619.9533487808426,1270000.0,41056890.0,0.0,0,469115.73146292585,1
68,0.0,0,1,691.5135947966958,2190000.0,44730180.0,0.0,0,444254.7595190381,1
68,0.0,0,1,671.7729155681716,2150000.0,43740180.0,0.0,0,502623.9979959919,1
74,0.0,0,2,621.9488538943858,0.0,2203000.0,0.0,0,152408.56713426852,2
74,0.0,0,2,653.2911760285475,0.0,2006000.0,0.0,0,149165.83166332665,2
74,0.0,0,2,597.1690739714556,0.0,2000000.0,0.0,0,145923.09619238478,2
74,0.0,0,2,611.8923897958964,0.0,2354000.0,0.0,0,145923.09619238478,2
74,0.0,0,2,612.0693479154959,0.0,2000000.0,0.0,0,144842.18436873748,2
19,0.0,0,2,7191.481108679977,0.0,4100.0,0.0,1,56207.41482965932,1
19,0.0,0,2,7352.48720467721,0.0,5500.0,0.0,1,58369.238476953906,1
19,0.0,0,2,7270.703540673554,0.0,4500.0,0.0,1,61611.9739478958,1
19,0.0,0,2,7383.866596488243,0.0,5600.0,0.0,1,67016.53306613227,1
19,0.0,0,2,7330.537668639445,0.0,4500.0,0.0,1,59450.1503006012,1
74,111000.0,36000,1,3486.222887985491,589000.0,7232000.0,111000.0,0,283198.89779559115,1
74,112000.0,333000,1,3675.3832071356264,588000.0,6523000.0,112000.0,0,264066.75851703406,1
74,156000.0,134000,1,3839.7629768311913,544000.0,6371000.0,156000.0,0,272714.0531062124,1
74,149000.0,111000,1,3695.6583057346784,551000.0,7474000.0,149000.0,0,276821.51803607214,1
74,106000.0,267000,1,3530.778201558785,594000.0,6791170.0,106000.0,0,269687.5,1
52,0.0,0,1,58.66907603843963,5950000.0,70669800.0,0.0,1,13435733.967935871,1
52,0.0,0,1,57.86339894680526,5920000.0,73429800.0,0.0,1,14019426.352705412,1
52,0.0,0,1,58.18272060893567,5940000.0,76810800.0,0.0,1,13349261.022044089,1
52,0.0,0,1,59.451973116722435,5960000.0,73633800.0,0.0,1,14462600.200400801,1
52,0.0,0,1,59.19887069018463,6370000.0,74328800.0,0.0,1,13468161.32264529,1
60,0.0,0,2,2459.293217566148,0.0,1500.0,0.0,0,39993.7374749499,2
60,0.0,0,2,2472.8364155937998,0.0,1500.0,0.0,0,39993.7374749499,2
60,0.0,0,2,2435.5703354368648,0.0,1500.0,0.0,0,38912.825651302606,2
60,0.0,0,2,2476.151192937278,0.0,1500.0,0.0,0,39993.7374749499,2
60,0.0,0,2,2441.12812922322,0.0,1500.0,0.0,0,39993.7374749499,2
43,400000.0,0,1,3550.9413483100734,2000000.0,6406100.0,400000.0,1,670165.3306613227,1
43,400000.0,0,1,3645.393884725729,2000000.0,6405100.0,400000.0,1,670165.3306613227,1
43,400000.0,0,1,3789.185845712552,2000000.0,6405200.0,400000.0,1,670165.3306613227,1
43,400000.0,0,1,3639.1057309419775,2000000.0,11266200.0,400000.0,1,670165.3306613227,1
43,400000.0,0,1,2203.16836073048,2000000.0,22666100.0,400000.0,1,670165.3306613227,1
67,95000.0,0,1,7792.679093056645,255000.0,211350.0,95000.0,1,43236.47294589179,1
67,95000.0,0,1,7003.49169885031,255000.0,214350.0,95000.0,1,43236.47294589179,1
67,95000.0,0,1,7158.27555679317,255000.0,215250.0,95000.0,1,43236.47294589179,1
67,95000.0,0,1,7408.690446454459,255000.0,212950.0,95000.0,1,43236.47294589179,1
67,95000.0,0,1,7082.994739438186,255000.0,213150.0,95000.0,1,43236.47294589179,1
46,180000.0,0,1,1823.1367549731253,291000.0,324500.0,180000.0,1,211858.71743486973,2
46,180000.0,0,1,1643.7730847615671,291000.0,323500.0,180000.0,1,211858.71743486973,2
46,180000.0,0,1,1723.3107210767726,291000.0,324500.0,180000.0,1,211858.71743486973,2
46,180000.0,0,1,1778.579779687817,291000.0,324500.0,180000.0,1,211858.71743486973,2
46,180000.0,0,1,1613.7292722171596,291000.0,324500.0,180000.0,1,211858.71743486973,2
51,0.0,0,2,6265.227623408862,0.0,1320.0,0.0,1,42155.561122244486,2
51,0.0,0,2,6259.518781948848,0.0,9420.0,0.0,1,35670.09018036072,2
51,0.0,0,2,6296.717403782173,0.0,2120.0,0.0,1,45398.29659318637,2
51,0.0,0,2,6276.211110143882,0.0,5220.0,0.0,1,51883.76753507014,2
51,0.0,0,2,6272.771190597536,0.0,2020.0,0.0,1,43236.47294589179,2
77,0.0,0,1,3681.559296658824,0.0,217000.0,0.0,0,18915.956913827657,2
77,0.0,0,1,3487.096023311659,0.0,153240.0,0.0,0,18915.956913827657,2
77,0.0,0,1,2111.2501744959864,0.0,106000.0,0.0,0,21942.51002004008,2
77,0.0,0,1,2143.147385272881,0.0,95000.0,0.0,0,23239.604208416833,2
77,0.0,0,1,2194.231996549065,0.0,66200.0,0.0,0,32643.537074148295,2
57,115000.0,0,2,4004.2661923563783,385000.0,422190.0,115000.0,1,58369.238476953906,2
57,162000.0,0,2,6010.719396117265,338000.0,364200.0,162000.0,1,59450.1503006012,2
57,111000.0,0,2,6214.2784758809785,389000.0,410781.0,111000.0,1,59450.1503006012,2
57,98000.0,0,2,6054.5048226974295,402000.0,419981.0,98000.0,1,59450.1503006012,2
57,152000.0,0,2,6133.281260817186,348000.0,363281.0,152000.0,1,59450.1503006012,2
30,0.0,0,2,18445.54849556913,0.0,-163980.0,0.0,1,113495.74148296592,1
30,0.0,0,2,17881.63483791398,0.0,-166590.0,0.0,1,116738.47695390781,1
30,0.0,0,2,18238.611944055243,0.0,-164530.0,0.0,1,119981.2124248497,1
30,0.0,0,2,18054.486858589407,0.0,-168190.0,0.0,1,108091.18236472947,1
30,0.0,0,2,17999.906087410924,0.0,-160770.0,0.0,1,119981.2124248497,1
56,22000.0,0,1,3426.3787546928265,278000.0,292790.0,22000.0,1,55126.503006012026,1
56,22000.0,0,1,3162.4438974529003,278000.0,291190.0,22000.0,1,51883.76753507014,1
56,22000.0,0,1,3266.924316616246,278000.0,290090.0,22000.0,1,46479.208416833666,1
56,22000.0,0,1,3234.728015513988,278000.0,293460.0,22000.0,1,54045.59118236473,1
56,22000.0,0,1,3187.5712848240355,278000.0,289900.0,22000.0,1,33508.26653306613,1
70,0.0,0,1,1776.9519045098082,13000.0,22750.0,0.0,0,22699.148296593186,1
70,0.0,0,1,1765.4366742921272,13000.0,29150.0,0.0,0,21618.236472945893,1
70,0.0,0,1,1798.737901885782,13000.0,27250.0,0.0,0,22699.148296593186,1
70,0.0,0,1,1761.6116904552407,13000.0,27350.0,0.0,0,22699.148296593186,1
70,0.0,0,1,1792.6142779563131,13000.0,25250.0,0.0,0,21618.236472945893,1
57,0.0,0,1,8217.213868243784,561000.0,1051200.0,0.0,0,81068.3867735471,1
57,0.0,0,1,8247.743941819832,462000.0,950200.0,0.0,0,81068.3867735471,1
57,0.0,0,1,8878.060200571068,542000.0,1030100.0,0.0,0,81068.3867735471,1
57,0.0,0,1,8468.1683071829,500000.0,989100.0,0.0,0,81068.3867735471,1
57,0.0,0,1,9015.093225257735,574000.0,1063200.0,0.0,0,81068.3867735471,1
32,0.0,0,2,22814.84416519937,0.0,44000.0,0.0,1,49721.94388777555,2
32,0.0,0,2,22114.85991960587,0.0,44000.0,0.0,1,49721.94388777555,2
32,0.0,0,2,22343.582707728798,0.0,43000.0,0.0,1,49721.94388777555,2
32,0.0,0,2,22309.37321903819,0.0,44000.0,0.0,1,49721.94388777555,2
32,0.0,0,2,22114.676900947838,0.0,44000.0,0.0,1,49721.94388777555,2
46,108000.0,0,2,2680.1403691074524,92000.0,84500.0,108000.0,1,86472.94589178357,2
46,108000.0,0,2,2561.24904839545,92000.0,83500.0,108000.0,1,86472.94589178357,2
46,108000.0,0,2,2615.6384228043826,92000.0,84500.0,108000.0,1,86472.94589178357,2
46,108000.0,0,2,2612.8531139251836,92000.0,84500.0,108000.0,1,86472.94589178357,2
46,108000.0,0,2,2576.8246080739873,92000.0,83600.0,108000.0,1,86472.94589178357,2
75,0.0,0,1,445.84818684013527,1810000.0,46867500.0,0.0,1,1887272.0440881765,1
75,0.0,0,1,445.45134497818174,1870000.0,41904600.0,0.0,1,1929427.605210421,1
75,0.0,0,1,449.1377795924441,2130000.0,37359600.0,0.0,1,1902404.8096192384,1
75,0.0,0,1,454.2483076083372,1210000.0,44014600.0,0.0,1,1890514.7795591182,1
75,0.0,0,1,453.2115604765655,1490000.0,40889500.0,0.0,1,1941317.635270541,1
52,0.0,0,1,3424.987204048939,475000.0,3435200.0,0.0,1,306978.95791583165,1
52,0.0,0,1,3753.298922246365,475000.0,3418200.0,0.0,1,306978.95791583165,1
52,0.0,0,1,4073.2895578616785,475000.0,3388200.0,0.0,1,308059.869739479,1
52,0.0,0,1,3647.50480566638,475000.0,3449200.0,0.0,1,306978.95791583165,1
52,0.0,0,1,3529.1493775339213,475000.0,3405200.0,0.0,1,308059.869739479,1
62,30000.0,0,1,20117.990097100504,45000.0,82900.0,30000.0,0,57288.32665330661,1
62,30000.0,0,1,18778.053292202872,45000.0,79100.0,30000.0,0,57288.32665330661,1
62,30000.0,0,1,19062.18732969943,45000.0,80100.0,30000.0,0,57288.32665330661,1
62,30000.0,0,1,18989.536385412954,45000.0,78500.0,30000.0,0,57288.32665330661,1
62,30000.0,0,1,18857.19436914429,45000.0,78450.0,30000.0,0,57288.32665330661,1
63,150000.0,0,1,6933.537335532109,750000.0,2391000.0,150000.0,1,324273.5470941884,1
63,150000.0,0,1,8164.245833172405,750000.0,2421310.0,150000.0,1,324273.5470941884,1
63,150000.0,0,1,3509.894616544761,750000.0,4316000.0,150000.0,1,324273.5470941884,1
63,150000.0,0,1,7006.14154999675,750000.0,1957700.0,150000.0,1,324273.5470941884,1
63,150000.0,0,1,3041.47801256415,750000.0,3692000.0,150000.0,1,324273.5470941884,1
57,0.0,0,1,47.86585116948099,10000000.0,86456000.0,0.0,1,3480536.0721442886,1
57,0.0,0,1,47.44788337022656,10000000.0,85555000.0,0.0,1,3956137.274549098,1
57,0.0,0,1,47.81970610352538,10000000.0,90737000.0,0.0,1,3069789.579158317,1
57,0.0,0,1,48.78929385210064,10000000.0,90256000.0,0.0,1,3772382.2645290582,1
57,0.0,0,1,48.14878108993303,10000000.0,85915000.0,0.0,1,4680348.196392786,1
41,0.0,0,2,4083.8250436945905,0.0,2620.0,0.0,1,42155.561122244486,2
41,0.0,0,2,3995.2529153865266,0.0,3310.0,0.0,1,42155.561122244486,2
41,0.0,0,2,4024.661616699725,0.0,5020.0,0.0,1,42155.561122244486,2
41,0.0,0,2,4023.4574220883055,0.0,3670.0,0.0,1,42155.561122244486,2
41,0.0,0,2,3977.8495128330774,0.0,5820.0,0.0,1,42155.561122244486,2
19,0.0,0,1,13312.145306589071,0.0,520.0,0.0,0,12970.941883767535,2
19,0.0,0,1,13413.744495253271,0.0,140.0,0.0,0,12970.941883767535,2
19,0.0,0,1,13412.09201584004,0.0,60.0,0.0,0,12970.941883767535,2
19,0.0,0,1,13551.77465574484,0.0,50.0,0.0,0,12970.941883767535,2
19,0.0,0,1,13444.977243366428,0.0,230.0,0.0,0,12970.941883767535,2
51,0.0,0,1,1971.002732900298,0.0,-700.0,0.0,1,71340.18036072144,1
51,0.0,0,1,1932.7158134171405,0.0,-330.0,0.0,1,58369.238476953906,1
51,0.0,0,1,1936.310289894764,0.0,-680.0,0.0,1,54045.59118236473,1
51,0.0,0,1,1986.8052139909305,0.0,-400.0,0.0,1,54045.59118236473,1
51,0.0,0,1,1931.4586933854716,0.0,-570.0,0.0,1,46479.208416833666,1
62,0.0,0,2,6286.050114312942,0.0,432700.0,0.0,1,43236.47294589179,2
62,0.0,0,2,6334.197005029628,0.0,430700.0,0.0,1,43236.47294589179,2
62,0.0,0,2,6728.015371137122,0.0,430700.0,0.0,1,43236.47294589179,2
62,0.0,0,2,6512.002193323305,0.0,431700.0,0.0,1,43236.47294589179,2
62,0.0,0,2,6846.320337186165,0.0,430700.0,0.0,1,43236.47294589179,2
68,0.0,0,1,7701.619617374456,280000.0,2720900.0,0.0,0,95120.24048096192,1
68,0.0,0,1,9064.83025655668,280000.0,2626900.0,0.0,0,95120.24048096192,1
68,0.0,0,1,6496.480098993112,280000.0,2593500.0,0.0,0,96201.15230460922,1
68,0.0,0,1,7777.5575026171455,280000.0,2751900.0,0.0,0,96201.15230460922,1
68,0.0,0,1,7005.480571290723,280000.0,2625000.0,0.0,0,95120.24048096192,1
23,0.0,0,1,11364.335765691869,0.0,7760.0,0.0,1,43236.47294589179,2
23,0.0,0,1,11744.93441408544,0.0,12070.0,0.0,1,43236.47294589179,2
23,0.0,0,1,11388.43762357899,0.0,8460.0,0.0,1,60531.0621242485,2
23,0.0,0,1,11723.022028711715,0.0,8570.0,0.0,1,44317.38476953908,2
23,0.0,0,1,11469.061251432151,0.0,10760.0,0.0,1,45398.29659318637,2
52,248000.0,0,1,7928.480146933112,272000.0,357500.0,248000.0,1,324273.5470941884,1
52,248000.0,0,1,7959.114378522574,272000.0,355500.0,248000.0,1,324273.5470941884,1
52,248000.0,0,1,8568.952108693942,272000.0,367500.0,248000.0,1,324273.5470941884,1
52,248000.0,0,1,8176.28308901258,272000.0,358500.0,248000.0,1,324273.5470941884,1
52,248000.0,0,1,8702.898526914398,272000.0,385500.0,248000.0,1,324273.5470941884,1
42,30000.0,0,2,12353.762728111233,50000.0,87400.0,30000.0,1,70259.26853707415,2
42,30000.0,0,2,11673.56843471785,50000.0,75500.0,30000.0,1,59450.1503006012,2
42,30000.0,0,2,11698.784926794542,50000.0,111100.0,30000.0,1,70259.26853707415,2
42,30000.0,0,2,11905.854315260854,50000.0,96400.0,30000.0,1,56207.41482965932,2
42,30000.0,0,2,11556.930656949062,50000.0,102000.0,30000.0,1,69178.35671342685,2
42,638000.0,0,1,3472.2396888298513,2862000.0,4876500.0,638000.0,1,717725.4509018036,1
42,549000.0,0,1,3571.504774162788,2951000.0,5633500.0,549000.0,1,910127.755511022,1
42,500000.0,0,1,3720.901216556302,3000000.0,5002500.0,500000.0,1,806360.2204408818,1
42,657000.0,0,1,3575.5627463383435,2843000.0,4884000.0,657000.0,1,938231.4629258517,1
42,574000.0,0,1,3496.2443789737795,2926000.0,5267000.0,574000.0,1,775013.7775551102,1
50,260000.0,0,1,2229.843401386446,440000.0,445800.0,260000.0,1,54045.59118236473,2
50,260000.0,0,1,2237.1105642672796,440000.0,445900.0,260000.0,1,54045.59118236473,2
50,260000.0,0,1,2405.644253493649,440000.0,445800.0,260000.0,1,54045.59118236473,2
50,260000.0,0,1,2296.9002560764006,440000.0,445900.0,260000.0,1,54045.59118236473,2
50,260000.0,0,1,2441.797333348282,440000.0,445800.0,260000.0,1,54045.59118236473,2
49,0.0,0,1,3943.842102147218,0.0,24000.0,0.0,1,36751.00200400801,1
49,0.0,0,1,3950.961260095515,0.0,23000.0,0.0,1,43236.47294589179,1
49,0.0,0,1,3965.318233976281,0.0,23700.0,0.0,1,42155.561122244486,1
49,0.0,0,1,3975.1767848336704,0.0,23400.0,0.0,1,54045.59118236473,1
49,0.0,0,1,3956.87832720898,0.0,24200.0,0.0,1,29184.619238476953,1
55,0.0,0,1,1708.5699344366967,0.0,14100.0,0.0,1,54045.59118236473,1
55,0.0,0,1,1717.8161439184382,0.0,16200.0,0.0,1,52964.67935871743,1
55,0.0,0,1,1691.3292022558949,0.0,15100.0,0.0,1,54045.59118236473,1
55,0.0,0,1,1719.789842799462,0.0,8700.0,0.0,1,54045.59118236473,1
55,0.0,0,1,1695.5618158119098,0.0,21600.0,0.0,1,54045.59118236473,1
67,0.0,0,2,44.50783570481887,8120000.0,42184000.0,0.0,1,6409807.114228457,1
67,0.0,0,2,44.486182698995314,7890000.0,39706000.0,0.0,1,5977442.384769539,1
67,0.0,0,2,44.69035268036243,8310000.0,40400000.0,0.0,1,5999060.621242485,1
67,0.0,0,2,45.24084594302681,7430000.0,37500000.0,0.0,1,6409807.114228457,1
67,0.0,0,2,45.27786571509524,7880000.0,36154000.0,0.0,1,6615180.360721443,1
60,73000.0,0,1,6379.966908442844,577000.0,615000.0,73000.0,1,9728.206412825652,2
60,48000.0,0,1,6367.7649006977035,602000.0,640000.0,48000.0,1,4539.829659318637,2
60,68000.0,0,1,6937.712325922985,582000.0,620000.0,68000.0,1,1621.3677354709419,2
60,98000.0,0,1,6528.140313225381,552000.0,590000.0,98000.0,1,8647.294589178357,2
60,118000.0,0,1,7033.59649555941,532000.0,570000.0,118000.0,1,4972.194388777555,2
52,162000.0,0,2,15976.033409517675,78000.0,158900.0,162000.0,1,171864.97995991984,1
52,162000.0,0,2,15168.372018560196,78000.0,159900.0,162000.0,1,172945.89178356715,1
52,162000.0,0,2,15267.453909502156,78000.0,157900.0,162000.0,1,171864.97995991984,1
52,162000.0,0,2,15445.759919529528,78000.0,157900.0,162000.0,1,171864.97995991984,1
52,162000.0,0,2,15100.382570344746,78000.0,157900.0,162000.0,1,171864.97995991984,1
69,0.0,0,2,2200.10466891319,63000.0,350430.0,0.0,0,16213.677354709418,1
69,0.0,0,2,2107.9188379590587,63000.0,106020.0,0.0,0,15132.765531062125,1
69,0.0,0,2,2240.3474586850784,63000.0,219800.0,0.0,0,16213.677354709418,1
69,0.0,0,2,2198.553414490417,63000.0,115220.0,0.0,0,16213.677354709418,1
69,0.0,0,2,2234.627459372125,63000.0,149820.0,0.0,0,15132.765531062125,1
73,0.0,0,1,2731.849271333644,0.0,20690.0,0.0,1,48641.03206412826,2
73,0.0,0,1,2760.468902843181,0.0,21090.0,0.0,1,46479.208416833666,2
73,0.0,0,1,2721.643222498934,0.0,21390.0,0.0,1,46479.208416833666,2
73,0.0,0,1,2741.0547010251785,0.0,21400.0,0.0,1,45398.29659318637,2
73,0.0,0,1,2694.10147371541,0.0,17900.0,0.0,1,46479.208416833666,2
68,0.0,0,2,11561.956936064651,0.0,100.0,0.0,0,12970.941883767535,2
68,0.0,0,2,11618.511930548275,0.0,100.0,0.0,0,12970.941883767535,2
68,0.0,0,2,11444.8069205528,0.0,100.0,0.0,0,14051.85370741483,2
68,0.0,0,2,11627.513617341583,0.0,100.0,0.0,0,12970.941883767535,2
68,0.0,0,2,11473.950819842441,0.0,100.0,0.0,0,14051.85370741483,2
36,0.0,0,2,2273.918527303622,100000.0,101300.0,0.0,1,3891.2825651302605,2
36,0.0,0,2,2177.2331888676144,100000.0,215300.0,0.0,1,3891.2825651302605,2
36,0.0,0,2,2159.631879710885,100000.0,154300.0,0.0,1,3891.2825651302605,2
36,0.0,0,2,2168.0405617071156,100000.0,145300.0,0.0,1,3891.2825651302605,2
36,0.0,0,2,2140.247591935036,100000.0,77300.0,0.0,1,3891.2825651302605,2
53,0.0,0,2,1702.1611032999335,0.0,5000.0,0.0,1,10809.118236472947,2
53,0.0,0,2,1714.2739284511013,0.0,5400.0,0.0,1,10809.118236472947,2
53,0.0,0,2,1691.150199231725,0.0,6320.0,0.0,1,10809.118236472947,2
53,0.0,0,2,1726.5871517184441,0.0,5100.0,0.0,1,10809.118236472947,2
53,0.0,0,2,1691.092643214993,0.0,5100.0,0.0,1,10809.118236472947,2
81,38000.0,0,2,8848.222012717359,112000.0,1167030.0,38000.0,0,75663.82765531063,2
81,38000.0,0,2,8876.439684604675,112000.0,1031930.0,38000.0,0,75663.82765531063,2
81,38000.0,0,2,9558.893174248242,112000.0,985230.0,38000.0,0,81068.3867735471,2
81,38000.0,0,2,9111.483228725276,112000.0,970130.0,38000.0,0,79987.4749498998,2
81,38000.0,0,2,9707.94511451034,112000.0,971430.0,38000.0,0,74582.91583166333,2
61,0.0,0,2,10811.89924482333,0.0,20700.0,0.0,1,86472.94589178357,2
61,0.0,0,2,10916.744385828963,0.0,20800.0,0.0,1,86472.94589178357,2
61,0.0,0,2,10949.730378872571,0.0,20700.0,0.0,1,86472.94589178357,2
61,0.0,0,2,10827.93725605608,0.0,20700.0,0.0,1,86472.94589178357,2
61,0.0,0,2,10912.562624502225,0.0,20800.0,0.0,1,86472.94589178357,2
55,702000.0,0,1,2441.205231953261,1098000.0,6288100.0,582000.0,1,1020380.7615230461,1
55,702000.0,0,1,2676.3890876155815,1098000.0,6272100.0,582000.0,1,1020380.7615230461,1
55,702000.0,0,1,2901.7287758107786,1098000.0,6289100.0,582000.0,1,1020380.7615230461,1
55,702000.0,0,1,2599.617943472439,1098000.0,6285100.0,582000.0,1,1020380.7615230461,1
55,702000.0,0,1,2514.475570990585,1098000.0,6270900.0,582000.0,1,1020380.7615230461,1
61,1780000.0,0,1,61.14209100560165,1620000.0,55896000.0,1780000.0,1,5577505.01002004,1
61,1680000.0,0,1,60.09268007187781,1830000.0,237280300.0,1680000.0,1,5923396.793587174,1
61,1730000.0,0,1,61.850442988622845,2180000.0,55022000.0,1730000.0,1,5804496.492985972,1
61,1690000.0,0,1,61.76013584536319,2020000.0,97542200.0,1690000.0,1,5880160.320641283,1
61,1760000.0,0,1,60.47478258719376,1700000.0,223326000.0,1760000.0,1,5458604.709418838,1
56,353000.0,0,1,10625.088825930688,247000.0,921100.0,353000.0,1,281037.0741482966,1
56,353000.0,0,1,10664.565070410748,247000.0,919730.0,353000.0,1,281037.0741482966,1
56,353000.0,0,1,11479.581734823252,247000.0,919780.0,353000.0,1,281037.0741482966,1
56,353000.0,0,1,10949.579979227105,247000.0,917530.0,353000.0,1,281037.0741482966,1
56,353000.0,0,1,11656.769292884579,247000.0,918830.0,353000.0,1,281037.0741482966,1
39,400000.0,0,1,2794.6533747848,400000.0,800000.0,400000.0,1,255095.19038076152,1
39,401000.0,0,1,3269.3420985681737,399000.0,799000.0,401000.0,1,256176.10220440885,1
39,401000.0,0,1,2345.3689520596063,399000.0,799000.0,401000.0,1,262661.5731462926,1
39,401000.0,0,1,2782.4853588966084,399000.0,799000.0,401000.0,1,256176.10220440885,1
39,400000.0,0,1,2522.936745433171,400000.0,801000.0,400000.0,1,232396.04208416832,1
50,0.0,0,2,3338.286076153924,75000.0,75090.0,0.0,0,22699.148296593186,1
50,0.0,0,2,3342.4145691281906,45000.0,45670.0,0.0,0,23780.06012024048,1
50,0.0,0,2,3332.0775829540194,60000.0,60220.0,0.0,0,22699.148296593186,1
50,0.0,0,2,3343.553832521585,65000.0,65005.0,0.0,0,21618.236472945893,1
50,0.0,0,2,3331.801475566379,60000.0,61900.0,0.0,0,23780.06012024048,1
57,0.0,0,1,4359.835708423756,0.0,4097000.0,0.0,1,297250.75150300603,1
57,0.0,0,1,4760.392537587365,0.0,4097000.0,0.0,1,297250.75150300603,1
57,0.0,0,1,5193.188885465196,0.0,4098000.0,0.0,1,297250.75150300603,1
57,0.0,0,1,4609.1412007106355,0.0,4098000.0,0.0,1,297250.75150300603,1
57,0.0,0,1,4492.652747128154,0.0,4098000.0,0.0,1,297250.75150300603,1
39,0.0,0,2,1811.3241626528707,0.0,-54320.0,0.0,1,64854.70941883767,2
39,0.0,0,2,1842.8456281026738,0.0,-54320.0,0.0,1,64854.70941883767,2
39,0.0,0,2,1819.5422543921509,0.0,-54320.0,0.0,1,64854.70941883767,2
39,0.0,0,2,1829.647506137161,0.0,-54320.0,0.0,1,64854.70941883767,2
39,0.0,0,2,1823.9413112839186,0.0,-54320.0,0.0,1,64854.70941883767,2
25,0.0,0,1,9295.586079529705,0.0,12980.0,0.0,1,63773.79759519038,1
25,0.0,0,1,9011.40326179376,0.0,1700.0,0.0,1,57288.32665330661,1
25,0.0,0,1,9191.30094384721,0.0,27960.0,0.0,1,103767.53507014028,1
25,0.0,0,1,9098.51158701353,0.0,24640.0,0.0,1,59450.1503006012,1
25,0.0,0,1,9071.005749662116,0.0,-2970.0,0.0,1,36751.00200400801,1
54,100000.0,0,2,12344.429829820621,225000.0,242800.0,100000.0,1,79987.4749498998,2
54,100000.0,0,2,11796.829568722073,225000.0,241800.0,100000.0,1,81068.3867735471,2
54,100000.0,0,2,12047.341005965376,225000.0,247800.0,100000.0,1,81068.3867735471,2
54,100000.0,0,2,12034.512181620968,225000.0,247800.0,100000.0,1,79987.4749498998,2
54,100000.0,0,2,11868.568872277998,225000.0,241800.0,100000.0,1,81068.3867735471,2
58,105000.0,0,1,13485.96149390996,155000.0,155900.0,105000.0,0,127547.59519038076,1
58,105000.0,0,1,12952.29484375311,155000.0,160900.0,105000.0,0,126466.68336673347,1
58,105000.0,0,1,13130.16168011774,155000.0,160900.0,105000.0,0,126466.68336673347,1
58,105000.0,0,1,13068.371962067484,155000.0,150000.0,105000.0,0,127547.59519038076,1
58,105000.0,0,1,13001.056236495273,155000.0,157900.0,105000.0,0,127547.59519038076,1
34,0.0,0,1,7543.271574875798,0.0,-17495.0,0.0,1,6485.470941883767,2
34,0.0,0,1,7844.334908243152,0.0,-24495.0,0.0,1,6485.470941883767,2
34,0.0,0,1,7729.076272029119,0.0,-27595.0,0.0,1,6485.470941883767,2
34,0.0,0,1,7550.835015672024,0.0,-9480.0,0.0,1,6485.470941883767,2
34,0.0,0,1,7873.599541913289,0.0,-8490.0,0.0,1,6485.470941883767,2
63,0.0,0,2,10739.797982152038,240000.0,412500.0,0.0,1,136194.8897795591,2
63,0.0,0,2,10314.802551527046,240000.0,413500.0,0.0,1,136194.8897795591,2
63,0.0,0,2,10456.450137510685,240000.0,413500.0,0.0,1,136194.8897795591,2
63,0.0,0,2,10407.242738428791,240000.0,413500.0,0.0,1,136194.8897795591,2
63,0.0,0,2,10353.634599773339,240000.0,413500.0,0.0,1,136194.8897795591,2
65,2050000.0,0,1,126.24093634908226,2450000.0,9803500.0,2050000.0,1,2561761.022044088,2
65,2050000.0,0,1,132.4786141846826,2450000.0,9820500.0,2050000.0,1,2777943.386773547,2
65,2050000.0,0,1,138.83275083325913,2450000.0,9820500.0,2050000.0,1,2669852.2044088175,2
65,2050000.0,0,1,132.66963205702035,2450000.0,9348500.0,2050000.0,1,3167071.6432865732,2
65,2050000.0,0,1,128.5224884657819,2450000.0,9803500.0,2050000.0,1,3253544.589178357,2
58,0.0,0,1,1707.5384376190427,2080000.0,10354000.0,0.0,1,1189003.0060120241,1
58,0.0,0,1,1819.4080444003291,1830000.0,12147000.0,0.0,1,1221430.3607214428,1
58,0.0,0,1,1897.9603164143396,1780000.0,14706000.0,0.0,1,1189003.0060120241,1
58,0.0,0,1,1824.4768623715638,1810000.0,11836000.0,0.0,1,1232239.478957916,1
58,0.0,0,1,1719.6961246124786,1770000.0,9472000.0,0.0,1,1124148.2965931864,1
50,0.0,0,1,7584.873581140922,0.0,28221.0,0.0,0,30265.53106212425,1
50,0.0,0,1,7643.219738703355,0.0,27321.0,0.0,0,25941.88376753507,1
50,0.0,0,1,7644.151200734345,0.0,28321.0,0.0,0,22699.148296593186,1
50,0.0,0,1,7719.697855465331,0.0,28321.0,0.0,0,23780.06012024048,1
50,0.0,0,1,7662.075940330152,0.0,28121.0,0.0,0,22699.148296593186,1
53,19500.0,0,1,7629.101787801415,80500.0,936000.0,19500.0,1,114576.65330661323,1
53,19500.0,0,1,7654.084116855882,80500.0,934000.0,19500.0,1,114576.65330661323,1
53,19500.0,0,1,8247.089554028957,80500.0,938000.0,19500.0,1,114576.65330661323,1
53,19500.0,0,1,7862.668861210604,80500.0,934900.0,19500.0,1,114576.65330661323,1
53,19500.0,0,1,8373.113922614142,80500.0,937900.0,19500.0,1,114576.65330661323,1
37,292000.0,0,1,2446.1577670956235,323000.0,518750.0,292000.0,1,237800.6012024048,1
37,362000.0,0,1,2455.965418051353,253000.0,449750.0,362000.0,1,237800.6012024048,1
37,338000.0,0,1,2643.5884641474177,277000.0,472750.0,338000.0,1,237800.6012024048,1
37,319000.0,0,1,2522.326506889546,296000.0,492750.0,319000.0,1,237800.6012024048,1
37,309000.0,0,1,2684.3884213022907,306000.0,502750.0,309000.0,1,237800.6012024048,1
35,208000.0,0,1,14131.387742414623,62000.0,105400.0,185000.0,1,102686.62324649299,1
35,208000.0,0,1,13625.873356566779,62000.0,114400.0,185000.0,1,102686.62324649299,1
35,208000.0,0,1,13492.42172480764,62000.0,111400.0,185000.0,1,102686.62324649299,1
35,208000.0,0,1,13691.7654879287,62000.0,115400.0,185000.0,1,102686.62324649299,1
35,208000.0,0,1,13405.570640741305,62000.0,94200.0,185000.0,1,102686.62324649299,1
33,501000.0,0,1,9850.014056133248,299000.0,1715710.0,501000.0,1,404261.02204408817,1
33,501000.0,0,1,10206.39546396363,299000.0,1351800.0,501000.0,1,404261.02204408817,1
33,501000.0,0,1,9324.641460767123,299000.0,1005100.0,501000.0,1,404261.02204408817,1
33,501000.0,0,1,9696.450925071505,299000.0,1158800.0,501000.0,1,404261.02204408817,1
33,501000.0,0,1,9658.784935024432,299000.0,2059900.0,501000.0,1,404261.02204408817,1
90,0.0,0,1,15735.706009881702,12000.0,58000.0,0.0,0,27022.795591182366,2
90,0.0,0,1,15750.676831645274,12000.0,57000.0,0.0,0,27022.795591182366,2
90,0.0,0,1,15722.589721471526,12000.0,55000.0,0.0,0,27022.795591182366,2
90,0.0,0,1,15744.367659396949,12000.0,67000.0,0.0,0,27022.795591182366,2
90,0.0,0,1,15731.097592913557,12000.0,68000.0,0.0,0,27022.795591182366,2
74,0.0,0,2,8923.100149544422,0.0,14000.0,0.0,0,20537.324649298596,2
74,0.0,0,2,9016.58108968355,0.0,14000.0,0.0,0,21618.236472945893,2
74,0.0,0,2,8889.763904811272,0.0,14000.0,0.0,0,17294.589178356713,2
74,0.0,0,2,9001.057139810206,0.0,15000.0,0.0,0,20537.324649298596,2
74,0.0,0,2,9027.609671219496,0.0,14000.0,0.0,0,17294.589178356713,2
44,0.0,0,1,9315.993223346219,0.0,129980.0,0.0,1,72421.09218436874,1
44,0.0,0,1,9279.377426625888,0.0,115210.0,0.0,1,67016.53306613227,1
44,0.0,0,1,9315.10858481668,0.0,111530.0,0.0,1,69178.35671342685,1
44,0.0,0,1,9352.6442781529,0.0,167710.0,0.0,1,72421.09218436874,1
44,0.0,0,1,9329.505404988518,0.0,76840.0,0.0,1,62692.885771543086,1
37,140000.0,0,1,13123.663769758849,351000.0,373600.0,140000.0,1,125385.77154308617,1
37,147000.0,0,1,12826.487642638724,159000.0,179000.0,147000.0,1,103767.53507014028,1
37,112000.0,0,1,12635.448241812475,281000.0,304300.0,112000.0,1,126466.68336673347,1
37,116000.0,0,1,12933.567013740276,314000.0,326210.0,116000.0,1,114576.65330661323,1
37,101000.0,0,1,12545.21944363337,166000.0,189500.0,101000.0,1,121062.124248497,1
63,159000.0,0,1,7512.433959267682,231000.0,1360000.0,159000.0,1,197806.8637274549,2
63,159000.0,0,1,7540.345507535644,231000.0,1360000.0,159000.0,1,196725.9519038076,2
63,159000.0,0,1,8116.6003480748495,231000.0,1360000.0,159000.0,1,196725.9519038076,2
63,159000.0,0,1,7741.864357398251,231000.0,1359000.0,159000.0,1,196725.9519038076,2
63,159000.0,0,1,8241.880225744299,231000.0,1360000.0,159000.0,1,196725.9519038076,2
58,0.0,0,2,1466.6269738059318,0.0,300.0,0.0,0,23780.06012024048,2
58,0.0,0,2,1476.7115758263703,0.0,300.0,0.0,0,23780.06012024048,2
58,0.0,0,2,1481.3690827825417,0.0,300.0,0.0,0,23780.06012024048,2
58,0.0,0,2,1480.3368007696631,0.0,300.0,0.0,0,24860.971943887776,2
58,0.0,0,2,1483.6185121187489,0.0,300.0,0.0,0,23780.06012024048,2
38,250000.0,0,1,13270.593404548024,250000.0,379190.0,250000.0,1,136194.8897795591,1
38,250000.0,0,1,13916.530515290444,250000.0,457400.0,250000.0,1,145923.09619238478,1
38,250000.0,0,1,15087.66631696092,250000.0,414300.0,250000.0,1,159974.9498997996,1
38,250000.0,0,1,13731.080098863324,250000.0,500500.0,250000.0,1,139437.625250501,1
38,250000.0,0,1,15323.510657882365,250000.0,398600.0,250000.0,1,161055.8617234469,1
80,0.0,0,2,10832.219087318128,200000.0,573200.0,0.0,0,35670.09018036072,2
80,0.0,0,2,10866.763881015457,200000.0,577000.0,0.0,0,34589.178356713426,2
80,0.0,0,2,11702.240850976073,200000.0,567000.0,0.0,0,36751.00200400801,2
80,0.0,0,2,11154.510183189468,200000.0,573800.0,0.0,0,38912.825651302606,2
80,0.0,0,2,11884.714038243335,200000.0,598000.0,0.0,0,38912.825651302606,2
71,0.0,0,1,49.8307207898742,1230000.0,135544000.0,0.0,1,5577505.01002004,1
71,0.0,0,1,50.643470554019586,1260000.0,136019000.0,0.0,1,5599123.246492986,1
71,0.0,0,1,51.00520428914508,1230000.0,133907000.0,0.0,1,5566695.891783567,1
71,0.0,0,1,52.009493101995474,1100000.0,134414000.0,0.0,1,5534268.537074149,1
71,0.0,0,1,50.17377854145026,1240000.0,134447000.0,0.0,1,5955824.148296593,1
55,0.0,0,2,8940.26603355877,0.0,360.0,0.0,1,35670.09018036072,2
55,0.0,0,2,8905.708527332416,0.0,90.0,0.0,1,37831.91382765531,2
55,0.0,0,2,8978.86442682552,0.0,20.0,0.0,1,39993.7374749499,2
55,0.0,0,2,8802.49119621399,0.0,10.0,0.0,1,34589.178356713426,2
55,0.0,0,2,8954.730638137435,0.0,180.0,0.0,1,30265.53106212425,2
51,0.0,0,1,1555.9130188848465,0.0,225570.0,0.0,1,72421.09218436874,2
51,0.0,0,1,1571.6050318170126,0.0,225570.0,0.0,1,72421.09218436874,2
51,0.0,0,1,1575.475331162665,0.0,225570.0,0.0,1,72421.09218436874,2
51,0.0,0,1,1578.1644845575343,0.0,225570.0,0.0,1,72421.09218436874,2
51,0.0,0,1,1577.2930653528033,0.0,225570.0,0.0,1,72421.09218436874,2
47,89000.0,0,1,15647.427650926667,111000.0,316100.0,89000.0,1,86472.94589178357,1
47,50000.0,0,1,14856.378780565341,150000.0,354100.0,50000.0,1,86472.94589178357,1
47,81000.0,0,1,14953.422688792754,119000.0,324100.0,81000.0,1,86472.94589178357,1
47,69000.0,0,1,15128.061181346633,131000.0,336100.0,69000.0,1,86472.94589178357,1
47,90000.0,0,1,14789.787784871505,110000.0,315200.0,90000.0,1,86472.94589178357,1
73,210000.0,0,2,6551.087037621816,190000.0,917900.0,210000.0,1,58369.238476953906,2
73,210000.0,0,2,6572.997813331004,190000.0,841700.0,210000.0,1,82149.29859719439,2
73,210000.0,0,2,7078.44325724595,190000.0,552500.0,210000.0,1,65935.62124248497,2
73,210000.0,0,2,6538.0436509834435,190000.0,1450100.0,210000.0,1,62692.885771543086,2
73,210000.0,0,2,7186.174987990773,190000.0,760500.0,210000.0,1,57288.32665330661,2
72,0.0,0,1,16298.293693874031,65000.0,84200.0,0.0,0,36751.00200400801,1
72,0.0,0,1,15709.932514993774,65000.0,190000.0,0.0,0,44317.38476953908,1
72,0.0,0,1,15962.72443309479,65000.0,111100.0,0.0,0,41074.64929859719,1
72,0.0,0,1,15528.938272326155,65000.0,79530.0,0.0,0,36751.00200400801,1
72,0.0,0,1,15312.047567413993,65000.0,88400.0,0.0,0,35670.09018036072,1
55,500000.0,0,1,911.3353578386589,170000.0,7576000.0,500000.0,1,611796.0921843688,2
55,501000.0,0,1,939.8027738850576,169000.0,7575000.0,501000.0,1,611796.0921843688,2
55,500000.0,0,1,975.074753932225,170000.0,7575000.0,500000.0,1,611796.0921843688,2
55,500000.0,0,1,939.1690442527284,170000.0,7575000.0,500000.0,1,611796.0921843688,2
55,501000.0,0,1,928.4141879704163,169000.0,7574000.0,501000.0,1,612877.0040080161,2
55,0.0,0,1,1763.7725482948747,0.0,-19800.0,0.0,1,30265.53106212425,2
55,0.0,0,1,1747.8751633054758,0.0,-19800.0,0.0,1,30265.53106212425,2
55,0.0,0,1,1746.04082039067,0.0,-19800.0,0.0,1,30265.53106212425,2
55,0.0,0,1,1777.434865364449,0.0,-19900.0,0.0,1,30265.53106212425,2
55,0.0,0,1,1742.3802675257016,0.0,-19800.0,0.0,1,30265.53106212425,2
38,0.0,0,1,3036.2653184826117,0.0,318560.0,0.0,1,62692.885771543086,1
38,0.0,0,1,3131.1483487882424,0.0,318560.0,0.0,1,62692.885771543086,1
38,0.0,0,1,3035.2637787989192,0.0,318560.0,0.0,1,61611.9739478958,1
38,0.0,0,1,3105.931713224082,0.0,319560.0,0.0,1,61611.9739478958,1
38,0.0,0,1,3059.0167958742577,0.0,317560.0,0.0,1,62692.885771543086,1
67,250000.0,0,1,42.733383270151386,650000.0,16585200.0,250000.0,1,787984.7194388778,1
67,250000.0,0,1,44.05120426850075,650000.0,16909000.0,250000.0,1,666922.5951903808,1
67,250000.0,0,1,46.89118868152998,650000.0,19089500.0,250000.0,1,867972.1943887776,1
67,250000.0,0,1,44.22502265457523,650000.0,17701500.0,250000.0,1,695026.3026052105,1
67,250000.0,0,1,42.77714088501436,650000.0,16760000.0,250000.0,1,629090.6813627254,1
46,782000.0,0,1,428.18587539480893,1218000.0,3794500.0,782000.0,1,0.0,1
46,782000.0,0,1,446.1425958581134,1218000.0,3794500.0,782000.0,1,0.0,1
46,782000.0,0,1,463.8034969502772,1218000.0,3794500.0,782000.0,1,0.0,1
46,782000.0,0,1,447.1408471752758,1218000.0,3794500.0,782000.0,1,0.0,1
46,782000.0,0,1,435.8779471731488,1218000.0,3794500.0,782000.0,1,0.0,1
43,465000.0,0,1,3163.133555524977,485000.0,574460.0,465000.0,1,157813.126252505,1
43,465000.0,0,1,3129.3778907235605,485000.0,587550.0,465000.0,1,158894.0380761523,1
43,465000.0,0,1,3233.2528486116694,485000.0,580360.0,465000.0,1,159974.9498997996,1
43,465000.0,0,1,3234.2566799234937,485000.0,600370.0,465000.0,1,159974.9498997996,1
43,465000.0,0,1,3379.0299326732143,485000.0,565730.0,465000.0,1,158894.0380761523,1
55,717000.0,0,1,48.02427689506332,3063000.0,173333000.0,717000.0,1,2788752.50501002,1
55,685000.0,0,1,47.604925711825324,2325000.0,163362000.0,685000.0,1,2842798.0961923846,1
55,745000.0,0,1,47.97797909881298,3065000.0,157947600.0,745000.0,1,2518524.5490981964,1
55,646000.0,0,1,48.95077597537472,2674000.0,119981400.0,646000.0,1,2399624.248496994,1
55,640000.0,0,1,48.30814325301393,2370000.0,176387000.0,640000.0,1,2540142.785571142,1
37,0.0,0,2,1917.6477173264072,0.0,-43599.0,0.0,0,19456.412825651303,2
37,0.0,0,2,1909.6735157475384,0.0,-38599.0,0.0,0,19456.412825651303,2
37,0.0,0,2,1882.1922963656064,0.0,-35599.0,0.0,0,19456.412825651303,2
37,0.0,0,2,1937.1855079005738,0.0,-39599.0,0.0,0,19456.412825651303,2
37,0.0,0,2,1886.0297040256203,0.0,-46599.0,0.0,0,20537.324649298596,2
64,0.0,0,1,66.05068585759413,15000000.0,60918000.0,0.0,0,1077669.0881763527,2
64,0.0,0,1,65.39243025763561,15000000.0,56419000.0,0.0,0,977144.2885771543,2
64,0.0,0,1,67.25693413827358,15000000.0,68417000.0,0.0,0,884185.871743487,2
64,0.0,0,1,67.12430586998754,15000000.0,56418000.0,0.0,0,859324.8997995992,2
64,0.0,0,1,65.41075228231546,15000000.0,56418000.0,0.0,0,1003086.1723446894,2
38,275000.0,0,1,12052.223867510254,25000.0,100000.0,275000.0,1,85392.03406813627,1
38,275000.0,0,1,11621.086271009483,25000.0,101000.0,275000.0,1,88634.76953907816,1
38,275000.0,0,1,11507.269498675212,25000.0,100000.0,275000.0,1,96201.15230460922,1
38,275000.0,0,1,11677.283633416973,25000.0,100000.0,275000.0,1,97282.06412825652,1
38,275000.0,0,1,11433.196893253617,25000.0,101000.0,275000.0,1,90796.59318637275,1
44,30000.0,0,1,15110.881345160107,200000.0,239100.0,30000.0,1,85392.03406813627,1
44,30000.0,0,1,14570.328071691381,200000.0,239900.0,30000.0,1,85392.03406813627,1
44,30000.0,0,1,14427.626462366921,200000.0,243900.0,30000.0,1,85392.03406813627,1
44,30000.0,0,1,14640.787406382271,200000.0,263500.0,30000.0,1,85392.03406813627,1
44,30000.0,0,1,14334.755440076173,200000.0,238800.0,30000.0,1,85392.03406813627,1
60,0.0,0,1,1727.7614505184938,2710000.0,5958800.0,0.0,1,289684.36873747496,1
60,0.0,0,1,1840.9559706669734,2230000.0,5891200.0,0.0,1,287522.54509018036,1
60,0.0,0,1,1920.4385664588979,2240000.0,5946800.0,0.0,1,294008.0160320641,1
60,0.0,0,1,1846.0848205349764,2270000.0,6343000.0,0.0,1,287522.54509018036,1
60,0.0,0,1,1740.0631255215005,2260000.0,6203300.0,0.0,1,288603.4569138276,1
60,0.0,0,1,429.48186724075305,775000.0,14985000.0,0.0,1,2496906.3126252503,1
60,0.0,0,1,441.6918326079055,775000.0,15005000.0,0.0,1,2507715.4308617236,1
60,0.0,0,1,470.8125573770538,775000.0,14912000.0,0.0,1,2637424.849699399,1
60,0.0,0,1,443.3780193227797,775000.0,14725000.0,0.0,1,2648233.967935872,1
60,0.0,0,1,429.34073922739907,775000.0,14869000.0,0.0,1,2496906.3126252503,1
62,0.0,0,2,9527.359591040693,69000.0,85621.0,0.0,0,11890.03006012024,2
62,0.0,0,2,9541.426926502998,69000.0,85621.0,0.0,0,11890.03006012024,2
62,0.0,0,2,9520.336606189594,69000.0,85621.0,0.0,0,11890.03006012024,2
62,0.0,0,2,9539.890030549304,69000.0,86621.0,0.0,0,11890.03006012024,2
62,0.0,0,2,9524.006427814544,69000.0,86621.0,0.0,0,11890.03006012024,2
31,193000.0,0,1,4522.817443262338,35000.0,136000.0,193000.0,1,90796.59318637275,1
31,193000.0,0,1,4625.299960573231,35000.0,119000.0,193000.0,1,90796.59318637275,1
31,193000.0,0,1,4483.3481683430655,35000.0,102200.0,193000.0,1,90796.59318637275,1
31,193000.0,0,1,4596.898071905614,35000.0,95770.0,193000.0,1,90796.59318637275,1
31,193000.0,0,1,4485.752867465033,35000.0,96870.0,193000.0,1,90796.59318637275,1
57,255000.0,0,1,7611.589133273216,225000.0,6680500.0,255000.0,1,934988.7274549098,1
57,255000.0,0,1,7981.237599557108,225000.0,6679500.0,255000.0,1,934988.7274549098,1
57,255000.0,0,1,8189.527172191216,225000.0,6681500.0,255000.0,1,934988.7274549098,1
57,255000.0,0,1,7876.736830901221,225000.0,6681500.0,255000.0,1,934988.7274549098,1
57,255000.0,0,1,7842.057050537207,225000.0,6680500.0,255000.0,1,934988.7274549098,1
58,12000.0,0,2,2469.949558708212,169000.0,195000.0,12000.0,1,14051.85370741483,2
58,11000.0,0,2,2370.7795505120366,96000.0,136000.0,11000.0,1,10809.118236472947,2
58,8600.0,0,2,2400.465730370743,96400.0,105400.0,8600.0,1,14051.85370741483,2
58,19000.0,0,2,2350.1282563389154,56000.0,56000.0,19000.0,1,16213.677354709418,2
58,12000.0,0,2,2375.4510188545833,102000.0,102000.0,12000.0,1,14051.85370741483,2
50,0.0,0,1,4017.790848621622,1500000.0,2630000.0,0.0,1,489653.05611222447,1
50,0.0,0,1,4125.0013505037205,1500000.0,2945100.0,0.0,1,585854.2084168337,1
50,0.0,0,1,3744.352788263158,1500000.0,2928000.0,0.0,1,629090.6813627254,1
50,0.0,0,1,3871.247591887694,1500000.0,2794100.0,0.0,1,651789.8296593187,1
50,0.0,0,1,3953.9560964978846,1500000.0,2787100.0,0.0,1,642061.6232464929,1
70,0.0,0,1,7689.072818934804,300000.0,347405.0,0.0,1,30265.53106212425,1
70,0.0,0,1,7045.648025442041,300000.0,332405.0,0.0,1,30265.53106212425,1
70,0.0,0,1,7295.356722373491,300000.0,324305.0,0.0,1,30265.53106212425,1
70,0.0,0,1,7182.348102327128,300000.0,331405.0,0.0,1,29184.619238476953,1
70,0.0,0,1,7043.472476405472,300000.0,339405.0,0.0,1,30265.53106212425,1
41,0.0,0,2,9784.479109619084,0.0,-76950.0,0.0,1,32427.354709418836,1
41,0.0,0,2,9572.268221578512,0.0,-75600.0,0.0,1,32427.354709418836,1
41,0.0,0,2,9642.728836458264,0.0,-76450.0,0.0,1,32427.354709418836,1
41,0.0,0,2,9639.843694001547,0.0,-76100.0,0.0,1,32427.354709418836,1
41,0.0,0,2,9530.571227486309,0.0,-72900.0,0.0,1,32427.354709418836,1
51,172000.0,0,1,7832.086387040438,253000.0,480100.0,172000.0,1,324273.5470941884,1
51,166000.0,0,1,7807.34576527438,259000.0,437100.0,166000.0,1,324273.5470941884,1
51,174000.0,0,1,8572.495949022199,251000.0,554100.0,174000.0,1,324273.5470941884,1
51,181000.0,0,1,8007.039993729006,244000.0,481100.0,181000.0,1,324273.5470941884,1
51,160000.0,0,1,8678.348770112869,265000.0,492100.0,160000.0,1,324273.5470941884,1
49,0.0,0,2,1999.0418539014888,0.0,23160.0,0.0,1,44317.38476953908,2
49,0.0,0,2,1991.6399970615955,0.0,22170.0,0.0,1,46479.208416833666,2
49,0.0,0,2,2003.7401860146497,0.0,22970.0,0.0,1,47560.12024048096,2
49,0.0,0,2,2018.272037375583,0.0,22150.0,0.0,1,44317.38476953908,2
49,0.0,0,2,2005.9601242070908,0.0,23150.0,0.0,1,44317.38476953908,2
47,0.0,0,1,3011.7156314197264,83000.0,15530.0,0.0,1,94039.32865731463,1
47,0.0,0,1,2878.115595706777,83000.0,16060.0,0.0,1,94039.32865731463,1
47,0.0,0,1,2939.2337859995773,83000.0,16660.0,0.0,1,92958.41683366733,1
47,0.0,0,1,2936.103890869267,83000.0,16460.0,0.0,1,94039.32865731463,1
47,0.0,0,1,2895.6180956103863,83000.0,15800.0,0.0,1,92958.41683366733,1
52,40000.0,0,1,1661.322561016888,210000.0,425590.0,40000.0,1,193483.21643286574,1
52,40000.0,0,1,3353.4723451345535,210000.0,665270.0,40000.0,1,191321.39278557114,1
52,40000.0,0,1,1591.2978219585316,210000.0,425560.0,40000.0,1,218344.1883767535,1
52,40000.0,0,1,3461.4867645221943,210000.0,459440.0,40000.0,1,153489.47895791582,1
52,40000.0,0,1,3535.197270493731,210000.0,445540.0,40000.0,1,198887.7755511022,1
53,250000.0,0,1,1140.0512457764191,520000.0,845300.0,190000.0,1,205373.24649298599,1
53,250000.0,0,1,1136.6929712400765,520000.0,615400.0,190000.0,1,205373.24649298599,1
53,250000.0,0,1,1226.0555381845156,520000.0,627300.0,190000.0,1,205373.24649298599,1
53,250000.0,0,1,1157.761997988231,520000.0,694100.0,190000.0,1,205373.24649298599,1
53,250000.0,0,1,1241.954821349719,520000.0,852500.0,190000.0,1,205373.24649298599,1
77,0.0,0,1,1898.1740256194873,1500000.0,26294300.0,0.0,0,1002437.625250501,1
77,0.0,0,1,1898.1041507939353,1500000.0,26298200.0,0.0,0,1002437.625250501,1
77,0.0,0,1,1911.5800785337171,1500000.0,26296300.0,0.0,0,1002437.625250501,1
77,0.0,0,1,1925.6570927382734,1500000.0,26299800.0,0.0,0,1002437.625250501,1
77,0.0,0,1,1907.2731508751308,1500000.0,26304300.0,0.0,0,1002437.625250501,1
58,2500000.0,0,1,163.7112689490117,2000000.0,3466000.0,2500000.0,1,496138.5270541083,1
58,2500000.0,0,1,171.13626081443053,2000000.0,3466000.0,2500000.0,1,473439.37875751505,1
58,2500000.0,0,1,177.78303892972448,2000000.0,3466000.0,2500000.0,1,458306.6132264529,1
58,2500000.0,0,1,172.0526310622726,2000000.0,3466000.0,2500000.0,1,457225.70140280563,1
58,2500000.0,0,1,166.642971354262,2000000.0,3466000.0,2500000.0,1,475601.2024048096,1
52,214000.0,0,1,1734.6615001345938,626000.0,1078500.0,214000.0,1,94039.32865731463,1
52,215000.0,0,1,1729.5516688295024,625000.0,1073500.0,215000.0,1,83230.21042084169,1
52,215000.0,0,1,1865.5225780373155,625000.0,1075500.0,215000.0,1,84311.12224448897,1
52,215000.0,0,1,1761.609551912153,625000.0,1084500.0,215000.0,1,112414.82965931864,1
52,215000.0,0,1,1889.714362826457,625000.0,1074500.0,215000.0,1,94039.32865731463,1
76,0.0,0,1,58.738822073779104,1610000.0,135775000.0,0.0,1,4539829.659318637,1
76,0.0,0,1,59.395721002275515,1580000.0,135138000.0,0.0,1,4431738.476953908,1
76,0.0,0,1,59.68239119016901,1560000.0,119607000.0,0.0,1,3350826.653306613,1
76,0.0,0,1,60.94933375939445,1480000.0,134797000.0,0.0,1,3480536.0721442886,1
76,0.0,0,1,59.32661024009011,1460000.0,129020000.0,0.0,1,3664291.0821643285,1
40,0.0,0,1,2794.3733698483743,2000000.0,12156000.0,0.0,1,5523459.418837675,1
40,0.0,0,1,2961.3904037095917,2000000.0,12156000.0,0.0,1,5577505.01002004,1
40,0.0,0,1,3053.3344913737315,2000000.0,12156000.0,0.0,1,5469413.827655311,1
40,0.0,0,1,2935.8305430546343,2000000.0,12156000.0,0.0,1,5469413.827655311,1
40,0.0,0,1,2815.1280275888985,2000000.0,12157000.0,0.0,1,5469413.827655311,1
81,0.0,0,1,409.49178498885715,1400000.0,12771080.0,0.0,0,646385.2705410821,1
81,0.0,0,1,422.6035447222439,1400000.0,12770080.0,0.0,0,666922.5951903808,1
81,0.0,0,1,440.0790024503737,1400000.0,12771080.0,0.0,0,656113.4769539079,1
81,0.0,0,1,424.09542604416777,1400000.0,12771080.0,0.0,0,647466.1823647295,1
81,0.0,0,1,417.6116498407425,1400000.0,12770080.0,0.0,0,635576.1523046092,1
56,127000.0,0,1,6287.683529865437,203000.0,697700.0,127000.0,1,75123.37174348698,1
56,127000.0,0,1,6311.04466465731,203000.0,698700.0,127000.0,1,75123.37174348698,1
56,127000.0,0,1,6793.352807332389,203000.0,698700.0,127000.0,1,75123.37174348698,1
56,127000.0,0,1,6479.709941464891,203000.0,697700.0,127000.0,1,75123.37174348698,1
56,127000.0,0,1,6898.208334544577,203000.0,698700.0,127000.0,1,75123.37174348698,1
48,332000.0,0,1,347.5468113233268,527000.0,1343700.0,332000.0,1,92958.41683366733,1
48,332000.0,0,1,366.72681273861923,527000.0,1307700.0,332000.0,1,91877.50501002005,1
48,332000.0,0,1,334.04880684593707,527000.0,1353700.0,332000.0,1,92958.41683366733,1
48,332000.0,0,1,346.30679084537456,527000.0,1336700.0,332000.0,1,92958.41683366733,1
48,332000.0,0,1,337.33803123515656,527000.0,1316700.0,332000.0,1,92958.41683366733,1
30,169000.0,0,2,18628.83195820856,51000.0,74950.0,169000.0,1,63773.79759519038,2
30,169000.0,0,2,18560.061181344972,51000.0,74950.0,169000.0,1,63773.79759519038,2
30,169000.0,0,2,18292.201373463853,51000.0,74950.0,169000.0,1,63773.79759519038,2
30,169000.0,0,2,18837.35261812803,51000.0,74950.0,169000.0,1,62692.885771543086,2
30,169000.0,0,2,18267.625349701568,51000.0,74950.0,169000.0,1,62692.885771543086,2
47,16000.0,0,1,14381.089261339162,99000.0,134200.0,16000.0,1,80960.29559118237,1
47,16000.0,0,1,13654.059575148272,99000.0,129720.0,16000.0,1,80960.29559118237,1
47,16000.0,0,1,13743.249769065229,99000.0,130200.0,16000.0,1,80960.29559118237,1
47,17000.0,0,1,13903.754856924465,98000.0,126600.0,17000.0,1,79879.38376753507,1
47,16000.0,0,1,13592.857754987257,99000.0,127450.0,16000.0,1,80960.29559118237,1
62,138000.0,0,1,5069.379117645081,202000.0,386300.0,138000.0,1,98362.9759519038,1
62,139000.0,0,1,5089.309212962148,201000.0,385530.0,139000.0,1,99443.8877755511,1
62,138000.0,0,1,5478.939801978007,202000.0,385700.0,138000.0,1,99443.8877755511,1
62,139000.0,0,1,5227.941732103957,201000.0,377500.0,139000.0,1,99443.8877755511,1
62,138000.0,0,1,5563.130227212758,202000.0,367900.0,138000.0,1,99443.8877755511,1
65,0.0,0,1,53.793117087037515,1500000.0,27652000.0,0.0,1,6172006.513026052,1
65,0.0,0,1,51.62126541375176,1500000.0,25146000.0,0.0,1,6204433.867735471,1
65,0.0,0,1,52.957531703451174,1500000.0,25359000.0,0.0,1,6193624.749498998,1
65,0.0,0,1,52.36534642357642,1500000.0,25256000.0,0.0,1,6204433.867735471,1
65,0.0,0,1,53.6401069513481,1500000.0,29212000.0,0.0,1,6226052.104208417,1
24,0.0,0,1,18925.45350938915,0.0,590.0,0.0,1,37831.91382765531,1
24,0.0,0,1,18708.583285568053,0.0,130.0,0.0,1,36751.00200400801,1
24,0.0,0,1,18829.53841599423,0.0,1210.0,0.0,1,36751.00200400801,1
24,0.0,0,1,18921.34217465627,0.0,500.0,0.0,1,36751.00200400801,1
24,0.0,0,1,18657.91418604674,0.0,6610.0,0.0,1,36751.00200400801,1
48,1140000.0,0,1,60.26500268086238,4830000.0,67735500.0,1140000.0,1,10625363.226452906,1
48,1140000.0,0,1,59.34539748810314,5450000.0,65324700.0,1140000.0,1,10690217.935871743,1
48,1140000.0,0,1,61.2214686544743,5500000.0,67237400.0,1140000.0,1,10787500.0,1
48,1140000.0,0,1,61.166927765849074,4260000.0,64000240.0,1140000.0,1,10701027.054108217,1
48,1140000.0,0,1,59.64182462544569,4380000.0,66171530.0,1140000.0,1,10657790.581162324,1
66,0.0,0,1,9863.750580972419,65000.0,72380.0,0.0,0,17294.589178356713,2
66,0.0,0,1,8786.852701196189,65000.0,72380.0,0.0,0,17294.589178356713,2
66,0.0,0,1,8980.80373090335,65000.0,73300.0,0.0,0,17294.589178356713,2
66,0.0,0,1,9308.260135290713,65000.0,75900.0,0.0,0,17294.589178356713,2
66,0.0,0,1,8851.962818578744,65000.0,72600.0,0.0,0,17294.589178356713,2
39,206000.0,0,1,12812.068827266039,84000.0,252500.0,206000.0,1,115657.56513026053,2
39,206000.0,0,1,12521.948548258515,84000.0,253500.0,206000.0,1,116738.47695390781,2
39,206000.0,0,1,12335.444992921652,84000.0,252500.0,206000.0,1,115657.56513026053,2
39,206000.0,0,1,12626.485535536014,84000.0,251500.0,206000.0,1,116738.47695390781,2
39,206000.0,0,1,12247.358495678705,84000.0,252500.0,206000.0,1,116738.47695390781,2
42,0.0,0,2,2302.667091854597,0.0,-4400.0,0.0,1,32427.354709418836,2
42,0.0,0,2,2252.725646535974,0.0,-6200.0,0.0,1,33508.26653306613,2
42,0.0,0,2,2269.307759629345,0.0,-4470.0,0.0,1,32427.354709418836,2
42,0.0,0,2,2268.628773807418,0.0,-5180.0,0.0,1,33508.26653306613,2
42,0.0,0,2,2242.9127280300745,0.0,-5200.0,0.0,1,33508.26653306613,2
31,0.0,0,1,3068.956967356768,0.0,-4600.0,0.0,1,37831.91382765531,1
31,0.0,0,1,3102.4245865097946,0.0,-3600.0,0.0,1,37831.91382765531,1
31,0.0,0,1,3094.396126147235,0.0,-4500.0,0.0,1,37831.91382765531,1
31,0.0,0,1,3098.8430410826145,0.0,-3500.0,0.0,1,37831.91382765531,1
31,0.0,0,1,3102.5122675629245,0.0,-3500.0,0.0,1,37831.91382765531,1
74,0.0,0,2,4715.778078090926,75000.0,293350.0,0.0,0,52964.67935871743,2
74,0.0,0,2,4745.505460721309,75000.0,300350.0,0.0,0,52964.67935871743,2
74,0.0,0,2,4743.20649742486,75000.0,253350.0,0.0,0,52964.67935871743,2
74,0.0,0,2,4751.609516703711,75000.0,292350.0,0.0,0,52964.67935871743,2
74,0.0,0,2,4743.589795892229,75000.0,393350.0,0.0,0,52964.67935871743,2
84,0.0,0,2,18291.283493949904,65000.0,63101.0,0.0,0,16213.677354709418,2
84,0.0,0,2,17388.199294717997,65000.0,63201.0,0.0,0,16213.677354709418,2
84,0.0,0,2,17171.08485777695,65000.0,63151.0,0.0,0,16213.677354709418,2
84,0.0,0,2,17821.486051203363,65000.0,63101.0,0.0,0,16213.677354709418,2
84,0.0,0,2,16996.96222761325,65000.0,63151.0,0.0,0,16213.677354709418,2
37,185000.0,0,1,8302.369325075997,83000.0,168700.0,185000.0,1,88634.76953907816,1
37,186000.0,0,1,8114.368016506023,83000.0,155800.0,186000.0,1,100524.79959919839,1
37,182000.0,0,1,7993.5115476778865,225000.0,299500.0,182000.0,1,99443.8877755511,1
37,183000.0,0,1,8182.10919774769,100000.0,179000.0,183000.0,1,82149.29859719439,1
37,181000.0,0,1,7936.430474939128,160000.0,230700.0,181000.0,1,86472.94589178357,1
52,300000.0,0,2,15335.597865122085,-25000.0,40000.0,300000.0,1,100524.79959919839,2
52,300000.0,0,2,9889.10933530123,193000.0,254800.0,300000.0,1,107010.27054108217,2
52,300000.0,0,2,14751.904779885746,19000.0,95900.0,300000.0,1,91877.50501002005,2
52,300000.0,0,2,15063.69141950568,137000.0,203900.0,300000.0,1,91877.50501002005,2
52,300000.0,0,2,14571.479541232597,41000.0,100700.0,300000.0,1,101605.71142284569,2
52,0.0,0,1,1810.5482647013716,3100000.0,18330200.0,0.0,1,2118587.1743486975,1
52,0.0,0,1,1867.2220268636283,3100000.0,18340200.0,0.0,1,2064541.5831663324,1
52,0.0,0,1,1992.5683815993896,3100000.0,18488200.0,0.0,1,2129396.2925851704,1
52,0.0,0,1,1870.077388601704,3100000.0,18270200.0,0.0,1,2378006.0120240483,1
52,0.0,0,1,1790.1193236431966,3100000.0,18441200.0,0.0,1,2064541.5831663324,1
75,130000.0,0,1,15090.54368064181,220000.0,250900.0,130000.0,0,68097.44488977955,2
75,123000.0,0,1,13916.699507146881,227000.0,258900.0,123000.0,0,68097.44488977955,2
75,131000.0,0,1,14021.78217904254,219000.0,250900.0,131000.0,0,68097.44488977955,2
75,166000.0,0,1,14447.539229400843,184000.0,214900.0,166000.0,0,68097.44488977955,2
75,175000.0,0,1,13738.242716964969,175000.0,205900.0,175000.0,0,67016.53306613227,2
62,259000.0,0,1,655.3636198031043,166000.0,1556000.0,249000.0,1,438850.2004008016,1
62,259000.0,0,1,705.78054547779,166000.0,1556000.0,249000.0,1,438850.2004008016,1
62,259000.0,0,1,644.7051978981337,166000.0,1556000.0,249000.0,1,438850.2004008016,1
62,259000.0,0,1,660.2211229447652,166000.0,1604000.0,249000.0,1,438850.2004008016,1
62,259000.0,0,1,645.5775459702065,166000.0,1556000.0,249000.0,1,438850.2004008016,1
32,160000.0,0,1,1797.494123725867,40000.0,283300.0,160000.0,1,86472.94589178357,1
32,161000.0,0,1,1779.6120616134244,39000.0,293300.0,161000.0,1,87553.85771543086,1
32,165000.0,0,1,1773.581703657217,35000.0,266900.0,165000.0,1,86472.94589178357,1
32,160000.0,0,1,1834.6895581069825,40000.0,252600.0,160000.0,1,86472.94589178357,1
32,160000.0,0,1,1705.6596181297402,40000.0,263100.0,160000.0,1,87553.85771543086,1
63,0.0,0,2,2050.346834733983,0.0,14340.0,0.0,1,35670.09018036072,2
63,0.0,0,2,2037.4064436973415,0.0,15340.0,0.0,1,35670.09018036072,2
63,0.0,0,2,2064.9408309077944,0.0,15340.0,0.0,1,35670.09018036072,2
63,0.0,0,2,2091.8811426243383,0.0,14340.0,0.0,1,35670.09018036072,2
63,0.0,0,2,2061.503338181843,0.0,15340.0,0.0,1,35670.09018036072,2
64,1700000.0,0,1,765.9622805337722,6300000.0,34245300.0,1700000.0,1,562074.1482965932,1
64,1700000.0,0,1,769.9566061316975,6300000.0,34268000.0,1700000.0,1,553426.8537074148,1
64,1700000.0,0,1,767.7601047716963,6300000.0,34238200.0,1700000.0,1,567478.7074148296,1
64,1700000.0,0,1,777.4447247647263,6300000.0,34246000.0,1700000.0,1,543698.6472945892,1
64,1700000.0,0,1,777.8766074802131,6300000.0,34267000.0,1700000.0,1,567478.7074148296,1
79,0.0,0,1,45.33126155119838,5520000.0,249260000.0,0.0,0,12668286.573146293,1
79,0.0,0,1,45.73569007851121,5610000.0,495858000.0,0.0,0,11079346.19238477,1
79,0.0,0,1,46.095435262667486,5570000.0,306671000.0,0.0,0,12657477.45490982,1
79,0.0,0,1,47.02715831804879,5380000.0,424967000.0,0.0,0,12376440.380761523,1
79,0.0,0,1,45.586858095857814,5600000.0,514736000.0,0.0,0,12657477.45490982,1
50,1000000.0,0,1,1720.8879034806446,1580000.0,8081500.0,1000000.0,1,995519.7895791583,1
50,1000000.0,0,1,1830.0865419945062,280000.0,6505600.0,1000000.0,1,901480.4609218437,1
50,1000000.0,0,1,1904.7289588760236,2430000.0,8718000.0,1000000.0,1,1018218.9378757516,1
50,1000000.0,0,1,1829.9402987400783,1030000.0,7311600.0,1000000.0,1,673408.0661322646,1
50,1000000.0,0,1,1732.1364194384973,1370000.0,7478000.0,1000000.0,1,1019299.849699399,1
45,0.0,0,1,6090.893393506527,0.0,508500.0,0.0,1,210777.80561122246,1
45,0.0,0,1,6053.22501244504,0.0,507400.0,0.0,1,210777.80561122246,1
45,0.0,0,1,6113.5806784713905,0.0,507500.0,0.0,1,210777.80561122246,1
45,0.0,0,1,6036.471111310855,0.0,507400.0,0.0,1,210777.80561122246,1
45,0.0,0,1,6114.695260487408,0.0,507500.0,0.0,1,210777.80561122246,1
52,0.0,0,1,12781.204207562467,60000.0,56930.0,0.0,0,30265.53106212425,1
52,0.0,0,1,11794.832676662994,60000.0,58225.0,0.0,0,30265.53106212425,1
52,0.0,0,1,12029.236777147682,60000.0,61340.0,0.0,0,29184.619238476953,1
52,0.0,0,1,12214.304437531044,60000.0,62210.0,0.0,0,30265.53106212425,1
52,0.0,0,1,11790.70085392747,60000.0,60880.0,0.0,0,30265.53106212425,1
71,38000.0,0,1,882.6919473232962,512000.0,1477400.0,38000.0,1,153489.47895791582,2
71,38000.0,0,1,1031.9387406651024,512000.0,1479400.0,38000.0,1,152408.56713426852,2
71,38000.0,0,1,740.640383235534,512000.0,1477400.0,38000.0,1,153489.47895791582,2
71,38000.0,0,1,877.7416388341016,512000.0,1479500.0,38000.0,1,153489.47895791582,2
71,38000.0,0,1,796.5464439636804,512000.0,1478400.0,38000.0,1,153489.47895791582,2
39,0.0,0,2,2866.298147563548,100000.0,246900.0,0.0,1,44317.38476953908,2
39,0.0,0,2,2781.7952197613686,100000.0,348890.0,0.0,1,42155.561122244486,2
39,0.0,0,2,2794.7886309923247,100000.0,203900.0,0.0,1,31346.442885771543,2
39,0.0,0,2,2800.3553052747893,100000.0,272700.0,0.0,1,39993.7374749499,2
39,0.0,0,2,2765.8599410522183,100000.0,136400.0,0.0,1,38912.825651302606,2
47,12000.0,0,1,12648.536011536427,93000.0,93090.0,0.0,1,43236.47294589179,1
47,13000.0,0,1,12009.09479813941,93000.0,85000.0,0.0,1,43236.47294589179,1
47,13000.0,0,1,12087.539856029933,100000.0,93190.0,0.0,1,43236.47294589179,1
47,12000.0,0,1,12228.708188061646,120000.0,111200.0,0.0,1,43236.47294589179,1
47,12000.0,0,1,11955.266231178273,98000.0,94400.0,0.0,1,43236.47294589179,1
22,0.0,0,1,13493.654435692408,0.0,27110.0,0.0,1,31346.442885771543,1
22,0.0,0,1,13339.028188232545,0.0,26410.0,0.0,1,31346.442885771543,1
22,0.0,0,1,13425.26795687984,0.0,26310.0,0.0,1,31346.442885771543,1
22,0.0,0,1,13490.72309615398,0.0,26410.0,0.0,1,31346.442885771543,1
22,0.0,0,1,13302.90163944632,0.0,26210.0,0.0,1,31346.442885771543,1
53,0.0,0,1,1869.8490294857706,0.0,4801000.0,0.0,0,551265.0300601203,2
53,0.0,0,1,1928.3790235447166,0.0,4801000.0,0.0,0,551265.0300601203,2
53,0.0,0,1,2057.8308389542885,0.0,4801000.0,0.0,0,551265.0300601203,2
53,0.0,0,1,1931.3279067525618,0.0,4800000.0,0.0,0,551265.0300601203,2
53,0.0,0,1,1848.750980703653,0.0,4801000.0,0.0,0,551265.0300601203,2
39,0.0,0,1,2278.6480939548055,0.0,113440.0,0.0,1,60531.0621242485,1
39,0.0,0,1,2356.262631735055,0.0,125260.0,0.0,1,100524.79959919839,1
39,0.0,0,1,2317.4077003446,0.0,120410.0,0.0,1,28103.70741482966,1
39,0.0,0,1,2359.869572448821,0.0,131020.0,0.0,1,39993.7374749499,1
39,0.0,0,1,2336.5535954105444,0.0,123290.0,0.0,1,52964.67935871743,1
68,0.0,0,1,8826.835309728955,0.0,50.0,0.0,0,27022.795591182366,1
68,0.0,0,1,8818.056908825545,0.0,50.0,0.0,0,27022.795591182366,1
68,0.0,0,1,8843.998988611438,0.0,50.0,0.0,0,27022.795591182366,1
68,0.0,0,1,8815.363363785023,0.0,50.0,0.0,0,27022.795591182366,1
68,0.0,0,1,8844.89564347128,0.0,50.0,0.0,0,27022.795591182366,1
40,0.0,0,1,3844.95806704079,0.0,4520.0,0.0,1,29184.619238476953,2
40,0.0,0,1,3751.3673756958788,0.0,4520.0,0.0,1,30265.53106212425,2
40,0.0,0,1,3787.674690844823,0.0,4520.0,0.0,1,27022.795591182366,2
40,0.0,0,1,3764.8497628055934,0.0,4520.0,0.0,1,24860.971943887776,2
40,0.0,0,1,3737.3368579667613,0.0,4520.0,0.0,1,31346.442885771543,2
75,0.0,0,2,4567.974679628014,500000.0,512040.0,0.0,0,31346.442885771543,2
75,0.0,0,2,4210.108930130221,500000.0,512350.0,0.0,0,31346.442885771543,2
75,0.0,0,2,4236.832403751936,500000.0,513230.0,0.0,0,32427.354709418836,2
75,0.0,0,2,4368.3203401482515,500000.0,512040.0,0.0,0,32427.354709418836,2
75,0.0,0,2,4148.692632987322,500000.0,512040.0,0.0,0,32427.354709418836,2
67,400000.0,0,1,3019.030538027947,200000.0,235490.0,400000.0,1,86472.94589178357,1
67,400000.0,0,1,3045.895059343891,200000.0,239140.0,400000.0,1,87553.85771543086,1
67,400000.0,0,1,3154.312231058751,200000.0,233960.0,400000.0,1,87553.85771543086,1
67,400000.0,0,1,3156.895291963018,200000.0,235330.0,400000.0,1,87553.85771543086,1
67,400000.0,0,1,3226.0869823503517,200000.0,232840.0,400000.0,1,87553.85771543086,1
37,89000.0,0,2,7550.055583805617,225000.0,878470.0,89000.0,1,78906.5631262525,1
37,89000.0,0,2,7577.391068915442,225000.0,1420410.0,89000.0,1,70259.26853707415,1
37,89000.0,0,2,8147.550535235925,225000.0,631800.0,89000.0,1,76744.73947895791,1
37,89000.0,0,2,7781.796339901451,225000.0,1030800.0,89000.0,1,68097.44488977955,1
37,89000.0,0,2,12597.689843671385,225000.0,356800.0,89000.0,1,75663.82765531063,1
28,152000.0,0,1,18484.22022215806,148000.0,282150.0,152000.0,1,136194.8897795591,1
28,152000.0,0,1,18660.38416058028,148000.0,282750.0,152000.0,1,136194.8897795591,1
28,152000.0,0,1,18203.077209528725,148000.0,281550.0,152000.0,1,135113.97795591183,1
28,152000.0,0,1,18491.262808367792,148000.0,281150.0,152000.0,1,135113.97795591183,1
28,152000.0,0,1,18236.583112558066,148000.0,281550.0,152000.0,1,135113.97795591183,1
46,0.0,0,2,2979.463491560883,0.0,14800.0,0.0,1,50802.855711422846,2
46,0.0,0,2,2968.431425283141,0.0,9760.0,0.0,1,28103.70741482966,2
46,0.0,0,2,2986.4661008234502,0.0,11580.0,0.0,1,37831.91382765531,2
46,0.0,0,2,3008.125037333556,0.0,11230.0,0.0,1,77825.65130260521,2
46,0.0,0,2,2989.774798330206,0.0,32690.0,0.0,1,23780.06012024048,2
56,60000.0,0,1,2285.6629454426075,300000.0,334250.0,60000.0,1,81068.3867735471,1
56,60000.0,0,1,2179.8576598788886,300000.0,333360.0,60000.0,1,82149.29859719439,1
56,60000.0,0,1,2253.680739949381,300000.0,332060.0,60000.0,1,81068.3867735471,1
56,60000.0,0,1,2195.736956720377,300000.0,333360.0,60000.0,1,81068.3867735471,1
56,60000.0,0,1,2224.306152974032,300000.0,327360.0,60000.0,1,81068.3867735471,1
69,0.0,0,1,7611.589133273216,868000.0,19908000.0,0.0,0,188078.65731462926,1
69,0.0,0,1,7981.237599557108,873000.0,7279320.0,0.0,0,196725.9519038076,1
69,0.0,0,1,8189.527172191216,813000.0,5021920.0,0.0,0,211858.71743486973,1
69,0.0,0,1,7876.736830901221,853000.0,7126510.0,0.0,0,205373.24649298599,1
69,0.0,0,1,7842.057050537207,821000.0,17613160.0,0.0,0,202130.51102204408,1
77,0.0,0,2,4875.945477868477,354000.0,486800.0,0.0,0,75663.82765531063,2
77,0.0,0,2,2335.8552197492945,645000.0,793800.0,0.0,0,75663.82765531063,2
77,0.0,0,2,2520.1054984825396,430000.0,558800.0,0.0,0,75663.82765531063,2
77,0.0,0,2,2377.28437904965,478000.0,596800.0,0.0,0,75663.82765531063,2
77,0.0,0,2,4404.268255384198,415000.0,537200.0,0.0,0,75663.82765531063,2
34,0.0,0,2,16800.030452080246,0.0,-38410.0,0.0,1,42155.561122244486,2
34,0.0,0,2,16490.83170130009,0.0,-38410.0,0.0,1,42155.561122244486,2
34,0.0,0,2,16742.496128110877,0.0,-38410.0,0.0,1,43236.47294589179,2
34,0.0,0,2,16754.166696296044,0.0,-38410.0,0.0,1,42155.561122244486,2
34,0.0,0,2,16716.819479077843,0.0,-38410.0,0.0,1,42155.561122244486,2
63,0.0,0,1,54.55357762363885,9170000.0,195159000.0,0.0,1,22039792.084168337,1
63,0.0,0,1,54.76263067591327,9580000.0,206864000.0,0.0,1,20515706.41282565,1
63,0.0,0,1,55.06644135462345,10610000.0,307202000.0,0.0,1,16894651.803607214,1
63,0.0,0,1,56.26423856180825,9510000.0,261848000.0,0.0,1,17748572.144288577,1
63,0.0,0,1,55.031297775979056,11050000.0,263460500.0,0.0,1,21337199.398797594,1
76,165000.0,0,1,15235.284250074124,60000.0,98940.0,165000.0,1,107010.27054108217,1
76,165000.0,0,1,14415.324895015257,60000.0,99640.0,165000.0,1,108091.18236472947,1
76,165000.0,0,1,14309.423870953524,60000.0,112140.0,165000.0,1,108091.18236472947,1
76,165000.0,0,1,14702.457726126793,60000.0,99540.0,165000.0,1,108091.18236472947,1
76,165000.0,0,1,14229.434574958883,60000.0,99540.0,165000.0,1,107010.27054108217,1
72,0.0,0,1,1364.2223181863044,200000.0,234500.0,0.0,1,62692.885771543086,1
72,0.0,0,1,1303.5377175451963,200000.0,241200.0,0.0,1,62692.885771543086,1
72,0.0,0,1,1347.9386527002412,200000.0,245000.0,0.0,1,63773.79759519038,1
72,0.0,0,1,1356.1090526721343,200000.0,235390.0,0.0,1,63773.79759519038,1
72,0.0,0,1,1249.263214818402,200000.0,233720.0,0.0,1,62692.885771543086,1
78,0.0,0,1,13270.593404548024,181000.0,937600.0,0.0,0,47560.12024048096,1
78,0.0,0,1,13916.530515290444,249000.0,1022600.0,0.0,0,46479.208416833666,1
78,0.0,0,1,15087.66631696092,282000.0,1039600.0,0.0,0,46479.208416833666,1
78,0.0,0,1,13731.080098863324,223000.0,995600.0,0.0,0,47560.12024048096,1
78,0.0,0,1,15323.510657882365,133000.0,910600.0,0.0,0,46479.208416833666,1
29,0.0,0,2,1682.3729020189835,0.0,0.0,0.0,0,8863.476953907815,2
29,0.0,0,2,1686.7700777583643,0.0,0.0,0.0,0,12970.941883767535,2
29,0.0,0,2,1662.2636263381537,0.0,0.0,0.0,0,7782.565130260521,2
29,0.0,0,2,1680.7122905607744,0.0,0.0,0.0,0,9944.38877755511,2
29,0.0,0,2,1671.3055658574544,0.0,0.0,0.0,0,7782.565130260521,2
85,0.0,0,2,2764.952138527586,178000.0,162310.0,0.0,0,48641.03206412826,2
85,0.0,0,2,2655.5810099363907,178000.0,153900.0,0.0,0,70259.26853707415,2
85,0.0,0,2,2629.9727706139056,178000.0,165140.0,0.0,0,27022.795591182366,2
85,0.0,0,2,2684.0611876369276,178000.0,147130.0,0.0,0,64854.70941883767,2
85,0.0,0,2,2525.119023804021,178000.0,113780.0,0.0,0,70259.26853707415,2
45,250000.0,0,1,3207.162395134205,530000.0,920550.0,250000.0,1,252933.36673346694,1
45,250000.0,0,1,3197.3296854042187,530000.0,932850.0,250000.0,1,252933.36673346694,1
45,250000.0,0,1,3449.478441424377,530000.0,866350.0,250000.0,1,252933.36673346694,1
45,250000.0,0,1,3255.5848496223125,530000.0,833850.0,250000.0,1,252933.36673346694,1
45,250000.0,0,1,3493.678581206035,530000.0,817550.0,250000.0,1,252933.36673346694,1
67,34000.0,0,1,7099.3738031291505,766000.0,1167900.0,34000.0,0,126466.68336673347,1
67,34000.0,0,1,7123.5971453876045,766000.0,1186200.0,34000.0,0,114576.65330661323,1
67,34000.0,0,1,7672.617292210149,766000.0,1170130.0,34000.0,0,118900.3006012024,1
67,34000.0,0,1,7314.908536933307,766000.0,1175600.0,34000.0,0,116738.47695390781,1
67,34000.0,0,1,7790.857617023726,766000.0,1173400.0,34000.0,0,124304.85971943887,1
62,1400000.0,0,1,45.09773698543055,6600000.0,29463500.0,1400000.0,0,1837550.1002004007,1
62,1400000.0,0,1,45.075796993379484,6600000.0,32923900.0,1400000.0,0,1794313.6272545091,1
62,1400000.0,0,1,45.28267301811097,6600000.0,28858900.0,1400000.0,0,1902404.8096192384,1
62,1400000.0,0,1,45.840462449539146,6600000.0,33847700.0,1400000.0,0,1826740.9819639279,1
62,1400000.0,0,1,45.87797287703046,6600000.0,31552000.0,1400000.0,0,2086159.8196392788,1
39,0.0,0,2,12939.92844017013,0.0,237680.0,0.0,1,82149.29859719439,2
39,0.0,0,2,13003.76630930363,0.0,237680.0,0.0,1,83230.21042084169,2
39,0.0,0,2,13046.986024840067,0.0,237680.0,0.0,1,83230.21042084169,2
39,0.0,0,2,13357.467683230057,0.0,237680.0,0.0,1,83230.21042084169,2
39,0.0,0,2,12626.203853128256,0.0,237680.0,0.0,1,83230.21042084169,2
66,0.0,0,1,236.09970271908364,294000.0,-555500.0,0.0,1,36751.00200400801,1
66,0.0,0,1,245.29251381728392,316000.0,-178600.0,0.0,1,39993.7374749499,1
66,0.0,0,1,252.5311884596304,303000.0,-541700.0,0.0,1,60531.0621242485,1
66,0.0,0,1,252.3362711202139,268000.0,-293900.0,0.0,1,31346.442885771543,1
66,0.0,0,1,253.23742247997407,296000.0,-210550.0,0.0,1,60531.0621242485,1
87,0.0,0,1,5.08461728370847,5330000.0,616631000.0,0.0,1,44122820.641282566,1
87,0.0,0,1,5.00686340691882,5770000.0,771989300.0,0.0,1,48543750.0,1
87,0.0,0,1,5.053723288136309,5940000.0,664072000.0,0.0,1,46662963.42685371,1
87,0.0,0,1,5.143877365957818,5630000.0,629960000.0,0.0,1,46327880.761523046,1
87,0.0,0,1,5.111322398704262,6710000.0,687688000.0,0.0,1,49343624.749499,1
68,0.0,0,1,569.8129782464249,3690000.0,62062900.0,0.0,0,526404.0581162325,1
68,0.0,0,1,561.7610627604682,3370000.0,55007400.0,0.0,0,329678.1062124249,1
68,0.0,0,1,466.37287112603127,1900000.0,33448400.0,0.0,0,530943.8877755511,1
68,0.0,0,1,471.4398906566481,1930000.0,46473500.0,0.0,0,629090.6813627254,1
68,0.0,0,1,480.878819173501,4970000.0,37966100.0,0.0,0,556669.5891783567,1
41,346000.0,0,1,1088.256397963021,654000.0,3496300.0,346000.0,1,589096.9438877755,1
41,346000.0,0,1,1178.6967887272326,654000.0,3636400.0,346000.0,1,588016.0320641282,1
41,346000.0,0,1,1233.0564391782405,654000.0,3629300.0,346000.0,1,586935.120240481,1
41,346000.0,0,1,1175.9658259555695,654000.0,3980400.0,346000.0,1,586935.120240481,1
41,346000.0,0,1,1110.8735466745877,654000.0,3822400.0,346000.0,1,588016.0320641282,1
31,160000.0,0,1,12951.431896043596,490000.0,624700.0,160000.0,1,124304.85971943887,1
31,160000.0,0,1,12908.329478942773,490000.0,635700.0,160000.0,1,124304.85971943887,1
31,160000.0,0,1,13933.600694997032,490000.0,633400.0,160000.0,1,124304.85971943887,1
31,160000.0,0,1,13145.546978518696,490000.0,623800.0,160000.0,1,124304.85971943887,1
31,160000.0,0,1,14108.640336160732,490000.0,632700.0,160000.0,1,124304.85971943887,1
54,0.0,0,1,7340.468416360219,117000.0,235000.0,0.0,1,90796.59318637275,1
54,0.0,0,1,6969.374241763357,123000.0,253400.0,0.0,1,89715.68136272545,1
54,0.0,0,1,7014.899152262064,130000.0,242300.0,0.0,1,90796.59318637275,1
54,0.0,0,1,7096.824972113779,121000.0,257700.0,0.0,1,90796.59318637275,1
54,0.0,0,1,6938.1352987492555,132000.0,269900.0,0.0,1,90796.59318637275,1
50,160000.0,0,1,4087.5806907282595,140000.0,216780.0,160000.0,1,118900.3006012024,1
50,160000.0,0,1,3880.934834294477,140000.0,207790.0,160000.0,1,118900.3006012024,1
50,160000.0,0,1,3906.285634072722,140000.0,206390.0,160000.0,1,118900.3006012024,1
50,160000.0,0,1,3951.9064828119604,140000.0,228890.0,160000.0,1,118900.3006012024,1
50,160000.0,0,1,3863.5392550180104,140000.0,231880.0,160000.0,1,118900.3006012024,1
58,0.0,0,1,56.988601802004894,2670000.0,96696000.0,0.0,1,4626302.605210421,1
58,0.0,0,1,56.20600193753686,2790000.0,96638000.0,0.0,1,3934519.038076152,1
58,0.0,0,1,56.516177182805414,2800000.0,97345000.0,0.0,1,4053419.338677355,1
58,0.0,0,1,57.749074147214095,2640000.0,97758000.0,0.0,1,3664291.0821643285,1
58,0.0,0,1,57.503221402036516,2650000.0,97220000.0,0.0,1,3653481.9639278557,1
74,0.0,0,1,2762.447192670345,5000000.0,17371000.0,0.0,0,470196.6432865731,1
74,0.0,0,1,3027.7473868513675,5000000.0,17370000.0,0.0,0,470196.6432865731,1
74,0.0,0,1,3285.279894109253,5000000.0,17370000.0,0.0,0,470196.6432865731,1
74,0.0,0,1,2940.546105978209,5000000.0,17370000.0,0.0,0,470196.6432865731,1
74,0.0,0,1,2845.609458745916,5000000.0,17370000.0,0.0,0,470196.6432865731,1
56,0.0,0,1,3880.533897301968,0.0,100.0,0.0,0,7025.926853707415,2
56,0.0,0,1,3881.32715983025,0.0,100.0,0.0,0,16213.677354709418,2
56,0.0,0,1,3889.187258633972,0.0,100.0,0.0,0,14051.85370741483,2
56,0.0,0,1,3882.463791913374,0.0,100.0,0.0,0,11890.03006012024,2
56,0.0,0,1,3889.897730877069,0.0,100.0,0.0,0,16213.677354709418,2
63,298000.0,0,1,3109.952015300696,1062000.0,4521800.0,298000.0,1,630171.5931863728,1
63,298000.0,0,1,3409.5624275305613,1062000.0,4479000.0,298000.0,1,629090.6813627254,1
63,297000.0,0,1,3696.6319488707077,1063000.0,4476600.0,297000.0,1,629090.6813627254,1
63,297000.0,0,1,3311.760501121501,1063000.0,4425000.0,297000.0,1,629090.6813627254,1
63,297000.0,0,1,3203.2941217194043,1063000.0,4519000.0,297000.0,1,630171.5931863728,1
64,0.0,0,1,7048.788746482614,500000.0,1700900.0,0.0,1,100524.79959919839,1
64,0.0,0,1,8300.741038026581,500000.0,1700900.0,0.0,1,101605.71142284569,1
64,0.0,0,1,5946.053424030189,500000.0,1652900.0,0.0,1,101605.71142284569,1
64,0.0,0,1,7124.637476562752,500000.0,1627900.0,0.0,1,100524.79959919839,1
64,0.0,0,1,6411.646855467178,500000.0,1700900.0,0.0,1,100524.79959919839,1
50,80000.0,0,1,7464.56293094516,220000.0,309800.0,80000.0,1,103767.53507014028,1
50,80000.0,0,1,10866.669979802946,220000.0,279800.0,80000.0,1,103767.53507014028,1
50,80000.0,0,1,10937.652561751991,220000.0,284800.0,80000.0,1,103767.53507014028,1
50,80000.0,0,1,11065.391554704694,220000.0,300800.0,80000.0,1,102686.62324649299,1
50,80000.0,0,1,10817.962122759207,220000.0,276800.0,80000.0,1,102686.62324649299,1
62,0.0,0,1,6744.963157232145,9000.0,9150.0,0.0,1,20537.324649298596,2
62,0.0,0,1,6756.376473861115,9000.0,9080.0,0.0,1,21618.236472945893,2
62,0.0,0,1,6742.292517297322,9000.0,9130.0,0.0,1,20537.324649298596,2
62,0.0,0,1,6758.67353945474,9000.0,9290.0,0.0,1,20537.324649298596,2
62,0.0,0,1,6744.434290345889,9000.0,9280.0,0.0,1,20537.324649298596,2
79,1380000.0,0,1,114.89817307802998,4030000.0,67750900.0,1380000.0,1,5279173.346693386,1
79,1380000.0,0,1,115.43992373667895,4070000.0,70086000.0,1380000.0,1,5279173.346693386,1
79,1380000.0,0,1,116.32198095917158,4040000.0,53827900.0,1380000.0,1,5268364.2284569135,1
79,1380000.0,0,1,119.11549685265061,4060000.0,57058500.0,1380000.0,1,5282416.082164329,1
79,1380000.0,0,1,116.41007381137692,3710000.0,64825900.0,1380000.0,1,5280254.258517034,1
21,0.0,0,1,12564.68184172726,0.0,9500.0,0.0,1,25941.88376753507,2
21,0.0,0,1,12881.978498095017,0.0,9800.0,0.0,1,27022.795591182366,2
21,0.0,0,1,12737.00784417562,0.0,16700.0,0.0,1,27022.795591182366,2
21,0.0,0,1,12800.291705859756,0.0,10800.0,0.0,1,25941.88376753507,2
21,0.0,0,1,12778.832142174015,0.0,10100.0,0.0,1,25941.88376753507,2
61,0.0,0,1,544.4458543531756,3910000.0,78227400.0,0.0,1,1632176.8537074148,1
61,0.0,0,1,547.3699383148781,3470000.0,77105100.0,0.0,1,1102530.0601202406,1
61,0.0,0,1,553.6939560553755,3640000.0,77659200.0,0.0,1,2086159.8196392788,1
61,0.0,0,1,565.5350269543391,3960000.0,75412000.0,0.0,1,1913213.9278557114,1
61,0.0,0,1,549.1075678309952,3900000.0,79872100.0,0.0,1,1372758.016032064,1
40,0.0,0,1,9635.817989012761,0.0,-105080.0,0.0,1,39993.7374749499,2
40,0.0,0,1,9855.47747936945,0.0,-98150.0,0.0,1,43236.47294589179,2
40,0.0,0,1,9564.836350195214,0.0,-100750.0,0.0,1,39993.7374749499,2
40,0.0,0,1,9795.142302877339,0.0,-104750.0,0.0,1,42155.561122244486,2
40,0.0,0,1,9608.084823520849,0.0,-99750.0,0.0,1,39993.7374749499,2
52,0.0,0,1,2896.3043451814538,1700000.0,10554300.0,0.0,1,838787.5751503006,1
52,0.0,0,1,3075.360295601514,1700000.0,10554300.0,0.0,1,826897.5450901804,1
52,0.0,0,1,3178.119198340722,1700000.0,10526300.0,0.0,1,826897.5450901804,1
52,0.0,0,1,3057.555002853035,1700000.0,10563300.0,0.0,1,847434.8697394789,1
52,0.0,0,1,2919.5077013470427,1700000.0,10596300.0,0.0,1,848515.7815631262,1
51,125000.0,0,2,2303.4014154061706,35000.0,60950.0,125000.0,1,110253.00601202405,2
51,125000.0,0,2,2171.6547514097756,35000.0,62150.0,125000.0,1,85392.03406813627,2
51,125000.0,0,2,2229.2528670271086,35000.0,61950.0,125000.0,1,131871.24248496993,2
51,125000.0,0,2,2207.692089196118,35000.0,61150.0,125000.0,1,84311.12224448897,2
51,125000.0,0,2,2197.7296817076012,35000.0,60350.0,125000.0,1,74582.91583166333,2
52,0.0,0,1,9140.484412975195,0.0,28100.0,0.0,1,59450.1503006012,1
52,0.0,0,1,9132.15565310916,0.0,29100.0,0.0,1,59450.1503006012,1
52,0.0,0,1,9186.42557648454,0.0,29100.0,0.0,1,59450.1503006012,1
52,0.0,0,1,9156.508473924947,0.0,29100.0,0.0,1,59450.1503006012,1
52,0.0,0,1,9151.48989632726,0.0,28100.0,0.0,1,59450.1503006012,1
74,0.0,0,2,2285.6923591239834,0.0,220000.0,0.0,0,14051.85370741483,2
74,0.0,0,2,2310.7139181362563,0.0,116120.0,0.0,0,17294.589178356713,2
74,0.0,0,2,2182.1390397586974,0.0,96550.0,0.0,0,17294.589178356713,2
74,0.0,0,2,2216.8308646982205,0.0,29060.0,0.0,0,14051.85370741483,2
74,0.0,0,2,2186.654736866338,0.0,54200.0,0.0,0,15132.765531062125,2
27,0.0,0,2,7532.433053638696,0.0,-13200.0,0.0,1,28103.70741482966,2
27,0.0,0,2,7833.063805293976,0.0,-13200.0,0.0,1,29184.619238476953,2
27,0.0,0,2,7717.970778015535,0.0,-13200.0,0.0,1,27022.795591182366,2
27,0.0,0,2,7539.985626933607,0.0,-13200.0,0.0,1,27022.795591182366,2
27,0.0,0,2,7862.286390185893,0.0,-13200.0,0.0,1,28103.70741482966,2
69,0.0,0,2,13807.826078153492,0.0,152800.0,0.0,1,47560.12024048096,2
69,0.0,0,2,13153.893537712482,0.0,151800.0,0.0,1,47560.12024048096,2
69,0.0,0,2,13287.031664764134,0.0,152800.0,0.0,1,47560.12024048096,2
69,0.0,0,2,13652.561967910053,0.0,152800.0,0.0,1,47560.12024048096,2
69,0.0,0,2,13276.309705546028,0.0,152800.0,0.0,1,47560.12024048096,2
43,0.0,0,2,8069.633677876295,0.0,64000.0,0.0,1,118900.3006012024,2
43,0.0,0,2,7894.615252290338,0.0,64000.0,0.0,1,118900.3006012024,2
43,0.0,0,2,7952.726812898452,0.0,64000.0,0.0,1,118900.3006012024,2
43,0.0,0,2,7950.347325705184,0.0,64000.0,0.0,1,118900.3006012024,2
43,0.0,0,2,7860.226148483899,0.0,63000.0,0.0,1,118900.3006012024,2
73,62100.0,0,1,7992.306647544383,167900.0,1240010.0,62100.0,0,113495.74148296592,1
73,61800.0,0,1,8014.331001582665,168200.0,1175770.0,61800.0,0,109172.09418837675,1
73,64200.0,0,1,8637.460069062963,165800.0,848990.0,64200.0,0,127547.59519038076,1
73,62500.0,0,1,8225.686931013199,167500.0,855600.0,62500.0,0,116738.47695390781,1
73,70000.0,0,1,8765.893125774566,160000.0,1013300.0,70000.0,0,114576.65330661323,1
91,0.0,0,2,3723.4756218233,201000.0,204100.0,0.0,0,10809.118236472947,2
91,0.0,0,2,3409.811635628007,303000.0,307200.0,0.0,0,11890.03006012024,2
91,0.0,0,2,3441.4905354750904,192000.0,192500.0,0.0,0,8971.568136272545,2
91,0.0,0,2,3507.9659905517206,182000.0,182200.0,0.0,0,16213.677354709418,2
91,0.0,0,2,3363.283194065209,149000.0,149360.0,0.0,0,18375.501002004006,2
42,0.0,0,1,6416.26714898641,0.0,-34980.0,0.0,1,30265.53106212425,1
42,0.0,0,1,6492.035920435916,0.0,-33360.0,0.0,1,32427.354709418836,1
42,0.0,0,1,6425.536516951137,0.0,-36490.0,0.0,1,30265.53106212425,1
42,0.0,0,1,6491.941134490379,0.0,-39635.0,0.0,1,30265.53106212425,1
42,0.0,0,1,6461.961243100105,0.0,-38690.0,0.0,1,31346.442885771543,1
31,0.0,0,1,2684.3168617505244,0.0,3700.0,0.0,1,67016.53306613227,1
31,0.0,0,1,2727.975840868762,0.0,3700.0,0.0,1,67016.53306613227,1
31,0.0,0,1,2674.4955538894214,0.0,3700.0,0.0,1,67016.53306613227,1
31,0.0,0,1,2727.6803450269563,0.0,3700.0,0.0,1,67016.53306613227,1
31,0.0,0,1,2687.1384860871185,0.0,3700.0,0.0,1,67016.53306613227,1
21,0.0,0,1,9549.240737564955,0.0,90.0,0.0,0,14051.85370741483,2
21,0.0,0,1,9525.965033685869,0.0,90.0,0.0,0,25941.88376753507,2
21,0.0,0,1,9568.63807792024,0.0,90.0,0.0,0,20537.324649298596,2
21,0.0,0,1,9491.282090508563,0.0,90.0,0.0,0,14051.85370741483,2
21,0.0,0,1,9553.008281680384,0.0,90.0,0.0,0,61611.9739478958,2
62,764000.0,0,1,91.41086451706698,2896000.0,153485270.0,764000.0,1,4291219.939879759,1
62,713000.0,0,1,92.32184566591445,2737000.0,153181050.0,713000.0,1,4280410.821643286,1
62,668000.0,0,1,91.80940343345542,3382000.0,149163240.0,668000.0,1,4247983.466933868,1
62,646000.0,0,1,93.9210306402394,3164000.0,157228670.0,646000.0,1,4237174.348697395,1
62,758000.0,0,1,92.12419110375791,2532000.0,148117680.0,758000.0,1,4247983.466933868,1
63,277000.0,0,1,673.7416781932077,1723000.0,13727900.0,277000.0,1,2799561.623246493,1
63,276000.0,0,1,713.4013091799927,1724000.0,14249800.0,276000.0,1,2788752.50501002,1
63,276000.0,0,1,736.4096603141771,1724000.0,12518900.0,276000.0,1,2799561.623246493,1
63,276000.0,0,1,710.8915471388943,1724000.0,14238900.0,276000.0,1,2799561.623246493,1
63,277000.0,0,1,686.6639324959569,1723000.0,12667900.0,277000.0,1,2799561.623246493,1
52,205000.0,0,1,1052.53748158288,270000.0,1244500.0,205000.0,1,279956.1623246493,1
52,205000.0,0,1,1049.3105494038182,270000.0,1244400.0,205000.0,1,279956.1623246493,1
52,205000.0,0,1,1132.0615872210374,270000.0,1244600.0,205000.0,1,279956.1623246493,1
52,205000.0,0,1,1068.4289276712666,270000.0,1244600.0,205000.0,1,279956.1623246493,1
52,205000.0,0,1,1146.5673396837065,270000.0,1245600.0,205000.0,1,279956.1623246493,1
48,0.0,0,2,1509.8837493587105,0.0,6200.0,0.0,0,22699.148296593186,2
48,0.0,0,2,1509.2164754432265,0.0,7300.0,0.0,0,21618.236472945893,2
48,0.0,0,2,1512.9967670174296,0.0,5100.0,0.0,0,22699.148296593186,2
48,0.0,0,2,1507.8625969388581,0.0,9900.0,0.0,0,21618.236472945893,2
48,0.0,0,2,1513.0466377654543,0.0,6200.0,0.0,0,22699.148296593186,2
82,45000.0,0,2,12232.843823369394,135000.0,82890.0,45000.0,0,39993.7374749499,2
82,45000.0,0,2,12315.277657903076,135000.0,83890.0,45000.0,0,38912.825651302606,2
82,45000.0,0,2,12299.396069981374,135000.0,82890.0,45000.0,0,38912.825651302606,2
82,45000.0,0,2,12332.406929789548,135000.0,83890.0,45000.0,0,38912.825651302606,2
82,45000.0,0,2,12309.1614023657,135000.0,82890.0,45000.0,0,41074.64929859719,2
75,0.0,0,1,45.305051812556876,800000.0,26670000.0,0.0,0,2613644.789579158,1
75,0.0,0,1,45.19545051565357,800000.0,25671800.0,0.0,0,2612563.877755511,1
75,0.0,0,1,45.29892554132887,800000.0,25668500.0,0.0,0,2623372.995991984,1
75,0.0,0,1,45.83078966308648,800000.0,25668700.0,0.0,0,2624453.9078156315,1
75,0.0,0,1,46.06216956263385,800000.0,25667900.0,0.0,0,2612563.877755511,1
43,131000.0,0,1,8019.3356096677335,324000.0,468820.0,131000.0,1,216182.36472945893,1
43,134000.0,0,1,8046.762645391513,264000.0,392940.0,134000.0,1,218344.1883767535,1
43,101000.0,0,1,8668.367237766859,350000.0,752180.0,101000.0,1,191321.39278557114,1
43,105000.0,0,1,11660.504726567184,187000.0,319890.0,105000.0,1,274551.6032064128,1
43,227000.0,0,1,8799.11302494189,151000.0,457880.0,227000.0,1,225910.57114228458,1
76,0.0,0,1,10936.221213990522,300000.0,455320.0,0.0,0,74042.45991983968,1
76,0.0,0,1,10347.636403479939,300000.0,456520.0,0.0,0,74042.45991983968,1
76,0.0,0,1,10271.618325515848,300000.0,459665.0,0.0,0,74042.45991983968,1
76,0.0,0,1,10553.746647784688,300000.0,460750.0,0.0,0,74042.45991983968,1
76,0.0,0,1,10214.200254320722,300000.0,454225.0,0.0,0,74042.45991983968,1
73,0.0,0,2,2702.8360226458244,80000.0,1006000.0,0.0,0,98362.9759519038,2
73,0.0,0,2,2710.284212523332,80000.0,1002000.0,0.0,0,97282.06412825652,2
73,0.0,0,2,2921.013825964893,80000.0,1003000.0,0.0,0,97282.06412825652,2
73,0.0,0,2,2781.7605015168415,80000.0,1002000.0,0.0,0,98362.9759519038,2
73,0.0,0,2,2964.44728109706,80000.0,1003000.0,0.0,0,98362.9759519038,2
62,358000.0,0,1,6408.802705945627,178000.0,322700.0,358000.0,0,74582.91583166333,1
62,358000.0,0,1,6383.864219062009,153000.0,301700.0,358000.0,0,73502.00400801603,1
62,358000.0,0,1,7013.777311996486,208000.0,448700.0,358000.0,0,83230.21042084169,1
62,358000.0,0,1,6543.361953731337,194000.0,364700.0,358000.0,0,78906.5631262525,1
62,358000.0,0,1,7096.558739661149,222000.0,457700.0,358000.0,0,76744.73947895791,1
60,0.0,0,1,11098.7207577735,0.0,-263300.0,0.0,1,57288.32665330661,2
60,0.0,0,1,11296.386461832893,0.0,-263600.0,0.0,1,57288.32665330661,2
60,0.0,0,1,11111.649422475484,0.0,-260920.0,0.0,1,56207.41482965932,2
60,0.0,0,1,11254.956449510988,0.0,-267000.0,0.0,1,56207.41482965932,2
60,0.0,0,1,11115.828300395206,0.0,-265600.0,0.0,1,56207.41482965932,2
54,1070000.0,0,2,400.0457565876721,1230000.0,12481000.0,1070000.0,1,1275475.9519038077,2
54,1060000.0,0,2,424.24564638350614,1240000.0,14169000.0,1060000.0,1,1156575.6513026052,2
54,1060000.0,0,2,441.0525607933108,1240000.0,13870000.0,1060000.0,1,1253857.7154308618,2
54,1070000.0,0,2,425.1810119110155,1230000.0,11991000.0,1070000.0,1,1102530.0601202406,2
54,1060000.0,0,2,407.12200095409304,1240000.0,12022000.0,1060000.0,1,1113339.1783567134,2
56,0.0,0,2,3795.6921695182596,200000.0,1053900.0,0.0,1,156732.21442885773,2
56,0.0,0,2,3809.7946089905076,200000.0,1053300.0,0.0,1,156732.21442885773,2
56,0.0,0,2,4100.950045130258,200000.0,1054400.0,0.0,1,156732.21442885773,2
56,0.0,0,2,3911.612944377031,200000.0,1053800.0,0.0,1,156732.21442885773,2
56,0.0,0,2,4164.248285520312,200000.0,1054200.0,0.0,1,156732.21442885773,2
67,0.0,0,1,7513.074121416967,475000.0,1291500.0,0.0,0,27022.795591182366,2
67,0.0,0,1,7537.086391188512,475000.0,1134600.0,0.0,0,21618.236472945893,2
67,0.0,0,1,8116.9506196695265,475000.0,1256500.0,0.0,0,22699.148296593186,2
67,0.0,0,1,7735.625809295503,475000.0,1242500.0,0.0,0,22699.148296593186,2
67,0.0,0,1,6752.739495617134,475000.0,1635200.0,0.0,0,22699.148296593186,2
42,0.0,0,2,7132.965123272341,0.0,460.0,0.0,0,49721.94388777555,2
42,0.0,0,2,6959.340567272959,0.0,600.0,0.0,0,49721.94388777555,2
42,0.0,0,2,7026.6959995459565,0.0,480.0,0.0,0,49721.94388777555,2
42,0.0,0,2,6984.352386740228,0.0,280.0,0.0,0,49721.94388777555,2
42,0.0,0,2,6933.311884546578,0.0,240.0,0.0,0,48641.03206412826,2
41,0.0,0,1,11209.54060653119,120000.0,210000.0,0.0,1,69178.35671342685,1
41,0.0,0,1,10808.54785630475,120000.0,210000.0,0.0,1,69178.35671342685,1
41,0.0,0,1,10702.689074953647,120000.0,209000.0,0.0,1,69178.35671342685,1
41,0.0,0,1,10860.815937516296,120000.0,211000.0,0.0,1,69178.35671342685,1
41,0.0,0,1,10633.795575510507,120000.0,211000.0,0.0,1,69178.35671342685,1
59,300000.0,0,1,1872.9061670407616,500000.0,2482800.0,300000.0,0,276972.84569138277,1
59,300000.0,0,1,2189.9174536042556,500000.0,1930060.0,300000.0,0,270227.95591182366,1
59,300000.0,0,1,1570.8513540786676,500000.0,1783880.0,300000.0,0,270227.95591182366,1
59,300000.0,0,1,1862.335545449004,500000.0,2161690.0,300000.0,0,270227.95591182366,1
59,300000.0,0,1,1689.8974390469714,500000.0,2040750.0,300000.0,0,270227.95591182366,1
54,0.0,0,2,4028.185713691946,0.0,20300.0,0.0,1,49721.94388777555,2
54,0.0,0,2,3880.4054882059586,0.0,20700.0,0.0,1,29184.619238476953,2
54,0.0,0,2,3973.4183384513226,0.0,13100.0,0.0,1,39993.7374749499,2
54,0.0,0,2,3960.1118062125365,0.0,31100.0,0.0,1,46479.208416833666,2
54,0.0,0,2,3909.3918533501746,0.0,23800.0,0.0,1,52964.67935871743,2
61,0.0,0,1,733.7223093729644,700000.0,11436100.0,0.0,1,476682.1142284569,1
61,0.0,0,1,781.0889533295418,700000.0,11388300.0,0.0,1,455063.877755511,1
61,0.0,0,1,803.8572973267022,700000.0,11426500.0,0.0,1,488572.14428857714,1
61,0.0,0,1,775.1623117177004,700000.0,11376100.0,0.0,1,474520.2905811623,1
61,0.0,0,1,748.2877195171475,700000.0,11451300.0,0.0,1,469115.73146292585,1
74,0.0,0,1,46.881009682938846,839000.0,66777300.0,0.0,0,4618736.22244489,1
74,0.0,0,1,46.471641585114284,839000.0,65057000.0,0.0,0,5668301.603206413,1
74,0.0,0,1,46.83581405325651,838000.0,64166400.0,0.0,0,4044555.8617234468,1
74,0.0,0,1,47.78545250152041,839000.0,65143700.0,0.0,0,4783034.819639279,1
74,0.0,0,1,47.15811831082765,839000.0,69676000.0,0.0,0,5647764.278557114,1
68,93000.0,0,1,8950.728535568402,257000.0,311800.0,93000.0,0,159974.9498997996,1
68,93000.0,0,1,8365.691380462575,257000.0,315500.0,93000.0,0,156732.21442885773,1
68,93000.0,0,1,8380.766238439046,257000.0,315800.0,93000.0,0,152408.56713426852,1
68,93000.0,0,1,8724.730255097329,257000.0,401400.0,93000.0,0,154570.39078156312,1
68,93000.0,0,1,8410.503021675077,257000.0,397300.0,93000.0,0,174026.80360721442,1
62,0.0,0,2,1885.8288763017833,0.0,3910.0,0.0,0,14051.85370741483,2
62,0.0,0,2,1896.034351937026,0.0,3410.0,0.0,0,14051.85370741483,2
62,0.0,0,2,1866.7994705163753,0.0,4110.0,0.0,0,14051.85370741483,2
62,0.0,0,2,1898.2128160829416,0.0,3010.0,0.0,0,14051.85370741483,2
62,0.0,0,2,1871.4712048746132,0.0,7710.0,0.0,0,14051.85370741483,2
81,0.0,0,1,15447.504380103632,95000.0,112100.0,0.0,0,18375.501002004006,2
81,0.0,0,1,15551.600944926535,95000.0,109700.0,0.0,0,18375.501002004006,2
81,0.0,0,1,15531.54584551336,95000.0,113700.0,0.0,0,18375.501002004006,2
81,0.0,0,1,14898.436878173941,79000.0,98600.0,0.0,0,18375.501002004006,2
81,0.0,0,1,15543.877402832179,93000.0,109300.0,0.0,0,18375.501002004006,2
77,0.0,0,2,20768.864090720446,0.0,6550.0,0.0,0,11890.03006012024,2
77,0.0,0,2,20682.09360104237,0.0,5180.0,0.0,0,11890.03006012024,2
77,0.0,0,2,20583.875669078345,0.0,9360.0,0.0,0,11890.03006012024,2
77,0.0,0,2,20612.387153161246,0.0,6460.0,0.0,0,11890.03006012024,2
77,0.0,0,2,20595.01409926533,0.0,4000.0,0.0,0,11890.03006012024,2
33,484000.0,0,1,7209.103287609709,196000.0,270105.0,484000.0,1,226991.48296593185,1
33,484000.0,0,1,7234.183246323026,196000.0,275710.0,484000.0,1,226991.48296593185,1
33,484000.0,0,1,7794.330638789348,196000.0,273500.0,484000.0,1,226991.48296593185,1
33,484000.0,0,1,7430.41692698626,196000.0,272800.0,484000.0,1,226991.48296593185,1
33,484000.0,0,1,7913.000196990322,196000.0,267620.0,484000.0,1,226991.48296593185,1
45,0.0,0,1,1631.7032474447908,0.0,-29100.0,0.0,1,12970.941883767535,1
45,0.0,0,1,1638.6663246425699,0.0,-29100.0,0.0,1,9620.115230460922,1
45,0.0,0,1,1616.0254150886678,0.0,-29100.0,0.0,1,9403.932865731464,1
45,0.0,0,1,1638.856580838501,0.0,-29100.0,0.0,1,10809.118236472947,1
45,0.0,0,1,1618.9116820385107,0.0,-29100.0,0.0,1,11890.03006012024,1
75,0.0,0,2,10484.052378061066,0.0,186100.0,0.0,0,55126.503006012026,2
75,0.0,0,2,10377.161508641222,0.0,120730.0,0.0,0,55126.503006012026,2
75,0.0,0,2,10285.335960912076,0.0,267100.0,0.0,0,56207.41482965932,2
75,0.0,0,2,10635.834148019496,0.0,442500.0,0.0,0,55126.503006012026,2
75,0.0,0,2,10295.378987371127,0.0,302000.0,0.0,0,58369.238476953906,2
62,0.0,0,1,52.85429261824355,18360000.0,141724800.0,0.0,1,992277.0541082165,1
62,0.0,0,1,53.05683389379247,19800000.0,139815700.0,0.0,1,997681.613226453,1
62,0.0,0,1,53.3511811980862,18350000.0,120516300.0,0.0,1,905804.1082164329,1
62,0.0,0,1,54.511668316321064,16890000.0,128424000.0,0.0,1,1102530.0601202406,1
62,0.0,0,1,53.31713230394881,17760000.0,131305000.0,0.0,1,936069.6392785572,1
50,0.0,0,1,8658.753842942391,600000.0,688800.0,0.0,1,70259.26853707415,2
50,0.0,0,1,8694.081038572314,600000.0,746300.0,0.0,1,70259.26853707415,2
50,0.0,0,1,9361.41348598039,600000.0,689500.0,0.0,1,70259.26853707415,2
50,0.0,0,1,8935.779557634896,600000.0,747500.0,0.0,1,70259.26853707415,2
50,0.0,0,1,9507.102875975203,600000.0,752700.0,0.0,1,70259.26853707415,2
29,0.0,0,2,9021.671355510249,0.0,11450.0,0.0,1,36751.00200400801,2
29,0.0,0,2,9036.803682610673,0.0,8440.0,0.0,1,32427.354709418836,2
29,0.0,0,2,9104.139522815538,0.0,4740.0,0.0,1,29184.619238476953,2
29,0.0,0,2,8844.142468613569,0.0,6350.0,0.0,1,47560.12024048096,2
29,0.0,0,2,9111.712587628308,0.0,4940.0,0.0,1,41074.64929859719,2
41,520000.0,0,1,8379.969655102843,405000.0,2552500.0,520000.0,1,794470.1903807615,1
41,520000.0,0,1,9864.51832330153,405000.0,2551500.0,520000.0,1,794470.1903807615,1
41,520000.0,0,1,7069.150042320905,405000.0,2552500.0,520000.0,1,793389.2785571142,1
41,520000.0,0,1,8467.379871434783,405000.0,2552500.0,520000.0,1,794470.1903807615,1
41,520000.0,0,1,7621.72061999272,405000.0,2551500.0,520000.0,1,794470.1903807615,1
46,0.0,0,1,5654.453780596764,0.0,25210.0,0.0,1,43236.47294589179,1
46,0.0,0,1,5664.66081945197,0.0,20820.0,0.0,1,43236.47294589179,1
46,0.0,0,1,5685.245022149595,0.0,24000.0,0.0,1,43236.47294589179,1
46,0.0,0,1,5699.379644865961,0.0,12820.0,0.0,1,43236.47294589179,1
46,0.0,0,1,5673.144369665998,0.0,18930.0,0.0,1,43236.47294589179,1
39,410000.0,0,1,6720.324837550828,165000.0,535600.0,410000.0,1,129709.41883767534,1
39,410000.0,0,1,6748.721976544541,165000.0,535600.0,410000.0,1,129709.41883767534,1
39,410000.0,0,1,7265.2056546420745,165000.0,536600.0,410000.0,1,130790.33066132265,1
39,410000.0,0,1,6934.548376872958,165000.0,535600.0,410000.0,1,129709.41883767534,1
39,410000.0,0,1,7376.833516189543,165000.0,536600.0,410000.0,1,129709.41883767534,1
60,0.0,0,2,2018.6607510589342,0.0,-6195.0,0.0,1,36751.00200400801,2
60,0.0,0,2,2060.214630143505,0.0,-7890.0,0.0,1,37831.91382765531,2
60,0.0,0,2,2056.067701776906,0.0,-7875.0,0.0,1,37831.91382765531,2
60,0.0,0,2,2072.4916529888164,0.0,-8615.0,0.0,1,36751.00200400801,2
60,0.0,0,2,2057.7309477789545,0.0,-8830.0,0.0,1,37831.91382765531,2
67,0.0,0,2,2487.4170562783424,0.0,19000.0,0.0,0,16213.677354709418,2
67,0.0,0,2,2486.937956872828,0.0,20000.0,0.0,0,16213.677354709418,2
67,0.0,0,2,2492.5908821907915,0.0,20000.0,0.0,0,15132.765531062125,2
67,0.0,0,2,2487.506815589021,0.0,20000.0,0.0,0,16213.677354709418,2
67,0.0,0,2,2493.5352197718407,0.0,20000.0,0.0,0,15132.765531062125,2
41,116000.0,0,2,3040.024942496507,109000.0,31900.0,116000.0,1,62692.885771543086,2
41,116000.0,0,2,2969.3957347293963,109000.0,30300.0,116000.0,1,62692.885771543086,2
41,116000.0,0,2,2921.675456773505,109000.0,29200.0,116000.0,1,62692.885771543086,2
41,116000.0,0,2,2992.555162653214,109000.0,28700.0,116000.0,1,62692.885771543086,2
41,116000.0,0,2,2899.089268308329,109000.0,31000.0,116000.0,1,62692.885771543086,2
54,0.0,0,2,8950.838272551171,0.0,5751.0,0.0,0,20537.324649298596,2
54,0.0,0,2,8917.386612183494,0.0,5751.0,0.0,0,20537.324649298596,2
54,0.0,0,2,8967.400126146862,0.0,5760.0,0.0,0,20537.324649298596,2
54,0.0,0,2,8878.433133253682,0.0,6890.0,0.0,0,20537.324649298596,2
54,0.0,0,2,8949.557099809235,0.0,5920.0,0.0,0,19456.412825651303,2
58,165000.0,0,1,66.99833305540875,635000.0,60932000.0,165000.0,1,3750764.028056112,1
58,165000.0,0,1,66.33063328289322,635000.0,60931000.0,165000.0,1,3837236.9739478957,1
58,165000.0,0,1,68.22188770903819,635000.0,60923000.0,165000.0,1,3826427.855711423,1
58,165000.0,0,1,68.08735658682777,635000.0,60932000.0,165000.0,1,3783191.382765531,1
58,165000.0,0,1,66.34921817865641,635000.0,60931000.0,165000.0,1,3794000.501002004,1
70,0.0,0,1,8641.796180716283,30000.0,11700.0,0.0,0,48641.03206412826,1
70,0.0,0,1,8646.281053658093,30000.0,12700.0,0.0,0,48641.03206412826,1
70,0.0,0,1,8637.82069920329,30000.0,11700.0,0.0,0,48641.03206412826,1
70,0.0,0,1,8641.914745747174,30000.0,11700.0,0.0,0,48641.03206412826,1
70,0.0,0,1,8636.336253174526,30000.0,11700.0,0.0,0,48641.03206412826,1
71,319000.0,0,1,2089.860372381565,81000.0,100500.0,319000.0,1,28103.70741482966,1
71,319000.0,0,1,1952.1788856860094,81000.0,106000.0,319000.0,1,28103.70741482966,1
71,319000.0,0,1,2033.4610899562413,81000.0,102000.0,319000.0,1,28103.70741482966,1
71,319000.0,0,1,1952.9309413036808,81000.0,102000.0,319000.0,1,28103.70741482966,1
71,319000.0,0,1,1987.308465481469,81000.0,102000.0,319000.0,1,28103.70741482966,1
79,0.0,0,1,3844.6333295064383,725000.0,4737020.0,0.0,0,202130.51102204408,1
79,0.0,0,1,4213.719180109541,725000.0,4737130.0,0.0,0,202130.51102204408,1
79,0.0,0,1,4571.027300946361,725000.0,4736020.0,0.0,0,202130.51102204408,1
79,0.0,0,1,4093.9205966842433,725000.0,4726020.0,0.0,0,201049.59919839678,1
79,0.0,0,1,3961.343909974569,725000.0,4737030.0,0.0,0,201049.59919839678,1
70,0.0,0,1,3553.5620516773342,100000.0,717900.0,0.0,0,135113.97795591183,1
70,0.0,0,1,3565.447300741472,100000.0,1090500.0,0.0,0,149165.83166332665,1
70,0.0,0,1,2961.556207209418,100000.0,1970020.0,0.0,0,143761.27254509018,1
70,0.0,0,1,3659.597663014617,100000.0,1499000.0,0.0,0,184835.92184368736,1
70,0.0,0,1,3898.05822871606,100000.0,1273430.0,0.0,0,171864.97995991984,1
63,0.0,0,1,3480.0861236843166,189000.0,353800.0,0.0,0,43236.47294589179,1
63,0.0,0,1,3340.358505283207,189000.0,346500.0,0.0,0,42155.561122244486,1
63,0.0,0,1,3382.1854576706514,189000.0,349100.0,0.0,0,42155.561122244486,1
63,0.0,0,1,3368.4597240448543,189000.0,345390.0,0.0,0,42155.561122244486,1
63,0.0,0,1,3346.940466481084,189000.0,390600.0,0.0,0,42155.561122244486,1
69,0.0,0,2,2203.1867217687145,0.0,200.0,0.0,0,16213.677354709418,2
69,0.0,0,2,2113.4962354176077,0.0,190.0,0.0,0,14051.85370741483,2
69,0.0,0,2,2122.6447282658105,0.0,190.0,0.0,0,15132.765531062125,2
69,0.0,0,2,2219.24657471543,0.0,190.0,0.0,0,14051.85370741483,2
69,0.0,0,2,2142.323114113432,0.0,190.0,0.0,0,15132.765531062125,2
70,690000.0,0,1,823.4762307851066,410000.0,4981000.0,625000.0,1,382642.7855711423,1
70,690000.0,0,1,843.0254979363142,410000.0,4991000.0,625000.0,1,382642.7855711423,1
70,689000.0,0,1,875.2931956508874,411000.0,6433200.0,625000.0,1,383723.6973947896,1
70,689000.0,0,1,843.4941919643377,411000.0,5913000.0,625000.0,1,383723.6973947896,1
70,689000.0,0,1,837.8703702287064,411000.0,6241000.0,625000.0,1,383723.6973947896,1
21,0.0,0,1,2627.2647447657273,0.0,10.0,0.0,1,37831.91382765531,1
21,0.0,0,1,2700.9346197252667,0.0,1010.0,0.0,1,35670.09018036072,1
21,0.0,0,1,2664.409281508925,0.0,600.0,0.0,1,30265.53106212425,1
21,0.0,0,1,2693.074998962259,0.0,-1230.0,0.0,1,51883.76753507014,1
21,0.0,0,1,2677.6517471271463,0.0,-240.0,0.0,1,43236.47294589179,1
36,360000.0,0,1,9346.863298473852,440000.0,651800.0,360000.0,1,125385.77154308617,1
36,360000.0,0,1,9386.359034566678,440000.0,650900.0,360000.0,1,125385.77154308617,1
36,360000.0,0,1,10104.702634283201,440000.0,650900.0,360000.0,1,126466.68336673347,1
36,360000.0,0,1,9644.812904446908,440000.0,650900.0,360000.0,1,125385.77154308617,1
36,360000.0,0,1,10259.958576132201,440000.0,651800.0,360000.0,1,126466.68336673347,1
62,94000.0,0,2,8932.68092337107,38000.0,48200.0,94000.0,1,19456.412825651303,2
62,94000.0,0,2,8463.958227159306,38000.0,51500.0,94000.0,1,19456.412825651303,2
62,93000.0,0,2,8624.611003162063,39000.0,50050.0,93000.0,1,19456.412825651303,2
62,94000.0,0,2,8510.063675440937,38000.0,45900.0,94000.0,1,19456.412825651303,2
62,94000.0,0,2,8545.861853609664,38000.0,45500.0,94000.0,1,19456.412825651303,2
50,0.0,0,2,17925.73266774322,250000.0,409850.0,0.0,1,68097.44488977955,2
50,0.0,0,2,16796.595324537335,250000.0,387950.0,0.0,1,68097.44488977955,2
50,0.0,0,2,17080.919439550882,250000.0,407150.0,0.0,1,68097.44488977955,2
50,0.0,0,2,17518.061259470393,250000.0,386140.0,0.0,1,68097.44488977955,2
50,0.0,0,2,16840.30839339555,250000.0,389240.0,0.0,1,68097.44488977955,2
65,373000.0,0,1,2913.325541905534,377000.0,3491300.0,373000.0,1,273470.69138276554,1
65,373000.0,0,1,3192.6430921028004,377000.0,3464300.0,373000.0,1,274551.6032064128,1
65,373000.0,0,1,3464.322005227663,377000.0,3498300.0,373000.0,1,274551.6032064128,1
65,373000.0,0,1,3100.4973682977056,377000.0,3456000.0,373000.0,1,274551.6032064128,1
65,373000.0,0,1,3001.4582662635075,377000.0,3498300.0,373000.0,1,273470.69138276554,1
57,210000.0,0,2,1752.399579103394,100000.0,386700.0,210000.0,0,71340.18036072144,2
57,210000.0,0,2,1746.979132482423,100000.0,388000.0,210000.0,0,71340.18036072144,2
57,210000.0,0,2,1883.9728189157418,100000.0,387200.0,210000.0,0,71340.18036072144,2
57,210000.0,0,2,1778.3898503023015,100000.0,387700.0,210000.0,0,71340.18036072144,2
57,210000.0,0,2,1908.0344837309106,100000.0,387800.0,210000.0,0,71340.18036072144,2
35,0.0,0,1,6280.290077993158,0.0,3000.0,0.0,1,64854.70941883767,1
35,0.0,0,1,6389.582467941878,0.0,3000.0,0.0,1,64854.70941883767,1
35,0.0,0,1,6308.784149388222,0.0,3000.0,0.0,1,64854.70941883767,1
35,0.0,0,1,6343.82145169907,0.0,3000.0,0.0,1,64854.70941883767,1
35,0.0,0,1,6324.0367220196395,0.0,3000.0,0.0,1,64854.70941883767,1
52,0.0,0,1,501.8391437569141,1200000.0,3142800.0,0.0,1,346972.69539078156,1
52,0.0,0,1,537.5115435872818,1200000.0,2663900.0,0.0,1,338325.4008016032,1
52,0.0,0,1,563.9429560647061,1200000.0,2562000.0,0.0,1,402099.19839679357,1
52,0.0,0,1,537.0419143352187,1200000.0,2582800.0,0.0,1,332920.84168336674,1
52,0.0,0,1,505.17331758334103,1200000.0,2808000.0,0.0,1,310221.6933867735,1
59,135000.0,0,1,21650.688220905464,215000.0,387500.0,135000.0,1,56207.41482965932,1
59,135000.0,0,1,19994.97593030909,215000.0,384500.0,135000.0,1,56207.41482965932,1
59,135000.0,0,1,20680.26709012554,215000.0,381800.0,135000.0,1,56207.41482965932,1
59,135000.0,0,1,20463.14172614525,215000.0,382600.0,135000.0,1,56207.41482965932,1
59,135000.0,0,1,20189.937253404172,215000.0,385600.0,135000.0,1,56207.41482965932,1
55,0.0,0,1,7486.5856132509725,0.0,5005.0,0.0,1,38912.825651302606,1
55,0.0,0,1,7792.125560251407,0.0,6690.0,0.0,1,37831.91382765531,1
55,0.0,0,1,7704.956593954618,0.0,4585.0,0.0,1,39993.7374749499,1
55,0.0,0,1,7465.333360797747,0.0,3100.0,0.0,1,38912.825651302606,1
55,0.0,0,1,7812.814894721669,0.0,7810.0,0.0,1,39993.7374749499,1
52,36000.0,0,1,9940.34765148576,464000.0,2892000.0,36000.0,1,350215.43086172343,1
52,36000.0,0,1,11707.607864987265,464000.0,2917000.0,36000.0,1,350215.43086172343,1
52,36000.0,0,1,8388.033630815007,464000.0,2907000.0,36000.0,1,350215.43086172343,1
52,35000.0,0,1,10054.279074032524,465000.0,2919000.0,35000.0,1,349134.51903807616,1
52,35000.0,0,1,9046.592284356288,465000.0,2891000.0,35000.0,1,350215.43086172343,1
40,0.0,0,1,13994.353837655368,0.0,-3900.0,0.0,1,27022.795591182366,2
40,0.0,0,1,13653.715207076097,0.0,-8800.0,0.0,1,27022.795591182366,2
40,0.0,0,1,13785.861619658597,0.0,-4000.0,0.0,1,27022.795591182366,2
40,0.0,0,1,13702.786560391218,0.0,-7500.0,0.0,1,27022.795591182366,2
40,0.0,0,1,13602.64884270925,0.0,-7700.0,0.0,1,27022.795591182366,2
43,0.0,0,2,1627.8472023955314,0.0,12700.0,0.0,1,35670.09018036072,2
43,0.0,0,2,1664.9558409423043,0.0,14200.0,0.0,1,35670.09018036072,2
43,0.0,0,2,1615.8557697737901,0.0,12400.0,0.0,1,34589.178356713426,2
43,0.0,0,2,1654.7629908520769,0.0,12500.0,0.0,1,35670.09018036072,2
43,0.0,0,2,1623.1620416846224,0.0,12800.0,0.0,1,34589.178356713426,2
64,0.0,0,1,3858.3880813239166,700000.0,4367100.0,0.0,1,224829.65931863728,1
64,0.0,0,1,4231.012939638869,700000.0,4363500.0,0.0,1,225910.57114228458,1
64,0.0,0,1,4587.823419567615,700000.0,4362100.0,0.0,1,224829.65931863728,1
64,0.0,0,1,4111.707551705818,700000.0,4361200.0,0.0,1,224829.65931863728,1
64,0.0,0,1,3975.2812402312643,700000.0,4361800.0,0.0,1,223748.74749498998,1
20,0.0,0,2,2995.2874628696964,0.0,4220.0,0.0,1,44317.38476953908,2
20,0.0,0,2,3095.601496476483,0.0,3190.0,0.0,1,44317.38476953908,2
20,0.0,0,2,3001.6399672526722,0.0,4240.0,0.0,1,44317.38476953908,2
20,0.0,0,2,3089.826069338046,0.0,4430.0,0.0,1,44317.38476953908,2
20,0.0,0,2,3022.889862248622,0.0,2790.0,0.0,1,44317.38476953908,2
72,162000.0,0,1,8331.30031133533,438000.0,1020200.0,162000.0,1,139437.625250501,1
72,162000.0,0,1,8302.474244622392,438000.0,1018000.0,162000.0,1,139437.625250501,1
72,162000.0,0,1,9119.635574068221,438000.0,1001000.0,162000.0,1,139437.625250501,1
72,162000.0,0,1,8511.808728476879,438000.0,982610.0,162000.0,1,139437.625250501,1
72,162000.0,0,1,9227.874628735852,438000.0,1052810.0,162000.0,1,139437.625250501,1
26,0.0,0,2,8315.032693672078,0.0,7510.0,0.0,1,20537.324649298596,2
26,0.0,0,2,8270.31630031843,0.0,7520.0,0.0,1,20537.324649298596,2
26,0.0,0,2,8310.696602727756,0.0,7520.0,0.0,1,21618.236472945893,2
26,0.0,0,2,8203.665030329472,0.0,7520.0,0.0,1,20537.324649298596,2
26,0.0,0,2,8324.409000250818,0.0,7520.0,0.0,1,20537.324649298596,2
58,0.0,0,1,2071.1539940156667,0.0,3646000.0,0.0,1,275632.51503006014,2
58,0.0,0,1,2285.825159282477,0.0,3647000.0,0.0,1,275632.51503006014,2
58,0.0,0,1,2481.127154248714,0.0,3646000.0,0.0,1,275632.51503006014,2
58,0.0,0,1,2244.646677661331,0.0,3646000.0,0.0,1,275632.51503006014,2
58,0.0,0,1,2155.4880001545484,0.0,3645000.0,0.0,1,275632.51503006014,2
56,889000.0,0,1,853.5579441423585,1111000.0,7537000.0,889000.0,1,1415994.488977956,1
56,889000.0,0,1,858.5315857649088,1111000.0,5597000.0,889000.0,1,1415994.488977956,1
56,889000.0,0,1,891.3668833685895,1111000.0,4614000.0,889000.0,1,1415994.488977956,1
56,889000.0,0,1,859.0369651783622,1111000.0,4566000.0,889000.0,1,1415994.488977956,1
56,889000.0,0,1,868.7132164447657,1111000.0,4665000.0,889000.0,1,1415994.488977956,1
52,0.0,0,1,3738.132186165511,0.0,-600.0,0.0,1,36751.00200400801,1
52,0.0,0,1,3764.7332766705085,0.0,11100.0,0.0,1,35670.09018036072,1
52,0.0,0,1,3713.951035029839,0.0,10100.0,0.0,1,36751.00200400801,1
52,0.0,0,1,3791.7744633841903,0.0,21100.0,0.0,1,36751.00200400801,1
52,0.0,0,1,3713.824635714148,0.0,21100.0,0.0,1,36751.00200400801,1
78,400000.0,0,1,1213.9076042114996,600000.0,526110.0,400000.0,1,0.0,1
78,400000.0,0,1,1213.4846600542737,600000.0,526110.0,400000.0,1,0.0,1
78,400000.0,0,1,1248.5816551089133,600000.0,526220.0,400000.0,1,0.0,1
78,400000.0,0,1,1242.4129594670044,600000.0,526110.0,400000.0,1,0.0,1
78,400000.0,0,1,1301.826387783505,600000.0,526120.0,400000.0,1,0.0,1
39,0.0,0,1,10276.582286672743,0.0,14420.0,0.0,1,55126.503006012026,1
39,0.0,0,1,10427.07075656991,0.0,22420.0,0.0,1,55126.503006012026,1
39,0.0,0,1,10318.902036277575,0.0,20430.0,0.0,1,55126.503006012026,1
39,0.0,0,1,10316.769139343307,0.0,21420.0,0.0,1,55126.503006012026,1
39,0.0,0,1,10326.491659121608,0.0,22420.0,0.0,1,55126.503006012026,1
65,0.0,0,1,13538.708922371952,50000.0,90600.0,0.0,0,12970.941883767535,2
65,0.0,0,1,13552.968188249983,50000.0,90600.0,0.0,0,12970.941883767535,2
65,0.0,0,1,13534.234886539061,50000.0,91500.0,0.0,0,12970.941883767535,2
65,0.0,0,1,13548.31168587367,50000.0,91200.0,0.0,0,12970.941883767535,2
65,0.0,0,1,13537.065739353191,50000.0,90100.0,0.0,0,12970.941883767535,2
48,0.0,0,1,2245.312962918294,4600.0,25130.0,0.0,1,30265.53106212425,1
48,0.0,0,1,2141.822368837741,4600.0,27850.0,0.0,1,30265.53106212425,1
48,0.0,0,1,2144.6503996959145,4600.0,24130.0,0.0,1,30265.53106212425,1
48,0.0,0,1,2191.682096475889,4600.0,25240.0,0.0,1,30265.53106212425,1
48,0.0,0,1,2111.4748877481024,4600.0,25180.0,0.0,1,30265.53106212425,1
79,471000.0,0,1,7.331383193005602,9599000.0,359936000.0,471000.0,0,27761058.366733465,1
79,534000.0,0,1,7.3620767984549165,9936000.0,360393500.0,534000.0,0,32234952.40480962,1
79,509000.0,0,1,7.448248253348557,9101000.0,358312500.0,509000.0,0,36223517.03406814,1
79,518000.0,0,1,7.584971848658563,10062000.0,362848600.0,518000.0,0,31649098.196392786,1
79,495000.0,0,1,7.3721639070964216,9285000.0,361543600.0,495000.0,0,27644319.88977956,1
64,266000.0,0,1,7281.922756697089,79000.0,283300.0,266000.0,1,242124.248496994,1
64,266000.0,0,1,7304.687906686069,79000.0,282300.0,266000.0,1,243205.16032064127,1
64,266000.0,0,1,7869.172972182469,79000.0,283300.0,266000.0,1,243205.16032064127,1
64,266000.0,0,1,7499.65971056844,79000.0,282300.0,266000.0,1,243205.16032064127,1
64,266000.0,0,1,7987.875983925337,79000.0,282300.0,266000.0,1,242124.248496994,1
63,400000.0,0,2,6368.024906296563,80000.0,86601.0,400000.0,0,46479.208416833666,2
63,400000.0,0,2,4079.2582104913367,139000.0,144201.0,400000.0,0,55126.503006012026,2
63,400000.0,0,2,6130.54549614792,55000.0,61001.0,400000.0,0,46479.208416833666,2
63,400000.0,0,2,6132.316296367193,98000.0,103201.0,400000.0,0,50802.855711422846,2
63,400000.0,0,2,6055.261942930396,124000.0,132001.0,400000.0,0,54045.59118236473,2
51,0.0,0,2,9502.570902912496,0.0,53990.0,0.0,1,59450.1503006012,2
51,0.0,0,2,9493.912211798928,0.0,51990.0,0.0,1,65935.62124248497,2
51,0.0,0,2,9550.331956253396,0.0,50980.0,0.0,1,77825.65130260521,2
51,0.0,0,2,9519.229732844029,0.0,53990.0,0.0,1,77825.65130260521,2
51,0.0,0,2,9514.01235187173,0.0,55990.0,0.0,1,60531.0621242485,2
66,241000.0,0,1,2285.2557799552374,239000.0,245300.0,241000.0,0,47560.12024048096,1
66,221000.0,0,1,2065.0502607519984,259000.0,265300.0,221000.0,0,47560.12024048096,1
66,332000.0,0,1,2142.6854099599977,148000.0,155300.0,332000.0,0,47560.12024048096,1
66,232000.0,0,1,2194.508224670047,248000.0,255300.0,232000.0,0,47560.12024048096,1
66,298000.0,0,1,2138.0384715051573,182000.0,188300.0,298000.0,0,47560.12024048096,1
68,0.0,0,1,485.6343303159896,2500000.0,29306500.0,0.0,0,579368.7374749499,1
68,0.0,0,1,487.8102632374047,2500000.0,28746500.0,0.0,0,541536.8236472945,1
68,0.0,0,1,490.3691433654759,2500000.0,25151500.0,0.0,0,626928.8577154309,1
68,0.0,0,1,495.4121824297073,2500000.0,31141500.0,0.0,0,541536.8236472945,1
68,0.0,0,1,493.98006825716294,2500000.0,33281500.0,0.0,0,431283.81763527053,1
38,0.0,0,2,8234.133242607855,0.0,45650.0,0.0,1,35670.09018036072,2
38,0.0,0,2,8354.712446670328,0.0,44650.0,0.0,1,35670.09018036072,2
38,0.0,0,2,8268.042031280906,0.0,76650.0,0.0,1,34589.178356713426,2
38,0.0,0,2,8266.333043111528,0.0,44650.0,0.0,1,35670.09018036072,2
38,0.0,0,2,8274.123232600139,0.0,51250.0,0.0,1,35670.09018036072,2
37,0.0,0,1,1956.964817954146,0.0,3140600.0,0.0,1,589096.9438877755,1
37,0.0,0,1,4000.239465464293,0.0,3229600.0,0.0,1,562074.1482965932,1
37,0.0,0,1,1891.6929662162827,0.0,2940400.0,0.0,1,640980.7114228457,1
37,0.0,0,1,1956.4997900408434,0.0,2875500.0,0.0,1,714482.7154308617,1
37,0.0,0,1,1926.267845594058,0.0,2734500.0,0.0,1,649628.006012024,1
61,160000.0,0,1,12137.3690419519,90000.0,194000.0,160000.0,1,81068.3867735471,1
61,160000.0,0,1,11500.487416932003,90000.0,194000.0,160000.0,1,81068.3867735471,1
61,160000.0,0,1,11718.775974050153,90000.0,193900.0,160000.0,1,81068.3867735471,1
61,160000.0,0,1,11563.133653312685,90000.0,195100.0,160000.0,1,81068.3867735471,1
61,160000.0,0,1,11611.774783919576,90000.0,193500.0,160000.0,1,81068.3867735471,1
73,197000.0,0,1,7184.426430418389,53000.0,935200.0,197000.0,0,92958.41683366733,2
73,197000.0,0,1,7204.224513530496,53000.0,949300.0,197000.0,0,92958.41683366733,2
73,197000.0,0,1,7764.36630230219,53000.0,941200.0,197000.0,0,92958.41683366733,2
73,197000.0,0,1,7394.216113276348,53000.0,940300.0,197000.0,0,92958.41683366733,2
73,197000.0,0,1,7879.817058619423,53000.0,938300.0,197000.0,0,92958.41683366733,2
35,0.0,0,1,2279.703196282627,0.0,17190.0,0.0,1,75663.82765531063,1
35,0.0,0,1,2300.351875345948,0.0,18690.0,0.0,1,75663.82765531063,1
35,0.0,0,1,2244.0720693740213,0.0,21200.0,0.0,1,75663.82765531063,1
35,0.0,0,1,2278.3051215651362,0.0,26800.0,0.0,1,75663.82765531063,1
35,0.0,0,1,2255.8170453368894,0.0,25090.0,0.0,1,75663.82765531063,1
61,0.0,0,1,769.9916298603198,1500000.0,2972900.0,0.0,0,207535.07014028056,1
61,0.0,0,1,900.5155513502428,1080000.0,2524600.0,0.0,0,231315.13026052105,1
61,0.0,0,1,646.0309690369761,1380000.0,2403700.0,0.0,0,205373.24649298599,1
61,0.0,0,1,766.1944350783695,1040000.0,2487500.0,0.0,0,222667.83567134268,1
61,0.0,0,1,694.9429533984313,1470000.0,2597500.0,0.0,0,219425.1002004008,1
59,100000.0,0,2,1773.8705621342572,160000.0,365300.0,100000.0,1,76744.73947895791,2
59,100000.0,0,2,1691.7565821382486,160000.0,333500.0,100000.0,1,72421.09218436874,2
59,100000.0,0,2,1749.049626506069,160000.0,347500.0,100000.0,1,75663.82765531063,2
59,100000.0,0,2,1704.0802789766967,160000.0,373000.0,100000.0,1,70259.26853707415,2
59,100000.0,0,2,1726.2524265889429,160000.0,361500.0,100000.0,1,113495.74148296592,2
39,0.0,0,1,6368.357067525574,0.0,49600.0,0.0,0,2161.823647294589,2
39,0.0,0,1,6374.8196954119685,0.0,47600.0,0.0,0,2161.823647294589,2
39,0.0,0,1,6341.35005330238,0.0,54600.0,0.0,0,2161.823647294589,2
39,0.0,0,1,6285.413162880618,0.0,36600.0,0.0,0,2161.823647294589,2
39,0.0,0,1,6350.5132382529355,0.0,43600.0,0.0,0,2161.823647294589,2
31,64000.0,0,1,13005.308063733231,86000.0,677500.0,64000.0,1,97282.06412825652,1
31,64000.0,0,1,13042.892662498973,86000.0,677600.0,64000.0,1,97282.06412825652,1
31,64000.0,0,1,14063.964115752742,86000.0,676500.0,64000.0,1,97282.06412825652,1
31,64000.0,0,1,13396.247999038951,86000.0,677600.0,64000.0,1,97282.06412825652,1
31,64000.0,0,1,14273.161727788818,86000.0,676500.0,64000.0,1,97282.06412825652,1
47,772000.0,0,1,1117.4331527476315,1228000.0,7154000.0,772000.0,1,495057.61523046094,1
47,771000.0,0,1,1212.643099587508,1229000.0,7183900.0,771000.0,1,486410.32064128254,1
47,772000.0,0,1,1271.4793602118293,1228000.0,6615900.0,772000.0,1,475601.2024048096,1
47,772000.0,0,1,1213.301001976458,1228000.0,7139300.0,772000.0,1,432364.72945891786,1
47,772000.0,0,1,1141.3179841354604,1228000.0,7069000.0,772000.0,1,479924.8496993988,1
55,0.0,0,1,4334.450151283345,900000.0,1941200.0,0.0,1,186997.74549098196,1
55,0.0,0,1,5103.818566802706,900000.0,1945200.0,0.0,1,188078.65731462926,1
55,0.0,0,1,3654.7135930468635,900000.0,1943200.0,0.0,1,188078.65731462926,1
55,0.0,0,1,4379.83814490636,900000.0,1946700.0,0.0,1,186997.74549098196,1
55,0.0,0,1,3941.755810975193,900000.0,2009700.0,0.0,1,186997.74549098196,1
26,0.0,0,2,15082.524922427212,0.0,4250.0,0.0,1,30265.53106212425,2
26,0.0,0,2,14621.424955802539,0.0,4250.0,0.0,1,30265.53106212425,2
26,0.0,0,2,14913.317392690751,0.0,4150.0,0.0,1,30265.53106212425,2
26,0.0,0,2,14762.762303962998,0.0,4250.0,0.0,1,30265.53106212425,2
26,0.0,0,2,14718.132791222704,0.0,4250.0,0.0,1,30265.53106212425,2
39,0.0,0,1,8557.061701862911,0.0,-89970.0,0.0,1,110253.00601202405,1
39,0.0,0,1,8777.933434950464,0.0,-74120.0,0.0,1,110253.00601202405,1
39,0.0,0,1,8656.820111881778,0.0,-70830.0,0.0,1,110253.00601202405,1
39,0.0,0,1,8698.130786689697,0.0,-86770.0,0.0,1,110253.00601202405,1
39,0.0,0,1,8706.292325687886,0.0,-72740.0,0.0,1,110253.00601202405,1
90,0.0,0,2,9785.824428734868,775000.0,838200.0,0.0,0,51883.76753507014,2
90,0.0,0,2,9817.962534402086,775000.0,838200.0,0.0,0,51883.76753507014,2
90,0.0,0,2,10576.549174779086,775000.0,850200.0,0.0,0,51883.76753507014,2
90,0.0,0,2,10079.865005443058,775000.0,853200.0,0.0,0,51883.76753507014,2
90,0.0,0,2,10739.105680119905,775000.0,860300.0,0.0,0,51883.76753507014,2
65,125000.0,0,1,5986.058900942291,125000.0,464100.0,125000.0,1,97282.06412825652,1
65,125000.0,0,1,5998.05033211787,125000.0,464000.0,125000.0,1,97282.06412825652,1
65,125000.0,0,1,6456.914154892259,125000.0,464000.0,125000.0,1,97282.06412825652,1
65,125000.0,0,1,6152.493463634504,125000.0,464000.0,125000.0,1,97282.06412825652,1
65,125000.0,0,1,6550.7085045916565,125000.0,464100.0,125000.0,1,97282.06412825652,1
48,0.0,0,2,2170.030546996294,94000.0,121210.0,0.0,1,18375.501002004006,2
48,0.0,0,2,2087.119218406662,95000.0,116820.0,0.0,1,37831.91382765531,2
48,0.0,0,2,2050.395342944007,80000.0,101520.0,0.0,1,16213.677354709418,2
48,0.0,0,2,2095.360047709916,79000.0,100730.0,0.0,1,19456.412825651303,2
48,0.0,0,2,2018.6778587296928,80000.0,103310.0,0.0,1,61611.9739478958,2
48,0.0,0,1,1162.6008845481479,0.0,899000.0,0.0,1,324273.5470941884,1
48,0.0,0,1,1174.1631744792676,0.0,900000.0,0.0,1,324273.5470941884,1
48,0.0,0,1,1266.8503611183128,0.0,899000.0,0.0,1,324273.5470941884,1
48,0.0,0,1,1217.8020038090735,0.0,900000.0,0.0,1,324273.5470941884,1
48,0.0,0,1,1288.923860324378,0.0,900000.0,0.0,1,324273.5470941884,1
59,0.0,0,2,3456.0531992642987,135000.0,299000.0,0.0,1,37831.91382765531,2
59,0.0,0,2,3319.2902154423346,135000.0,298000.0,0.0,1,37831.91382765531,2
59,0.0,0,2,3364.872226716698,135000.0,299000.0,0.0,1,37831.91382765531,2
59,0.0,0,2,3349.03734888128,135000.0,299000.0,0.0,1,37831.91382765531,2
59,0.0,0,2,3331.786318702251,135000.0,299000.0,0.0,1,37831.91382765531,2
72,0.0,0,1,55.29755254817663,4460000.0,183688300.0,0.0,1,123126665.83166333,1
72,0.0,0,1,55.61699908689934,5440000.0,178484400.0,0.0,1,124650751.50300601,1
72,0.0,0,1,56.05388530787859,4450000.0,185511000.0,0.0,1,127536786.07214428,1
72,0.0,0,1,57.30580939982993,4460000.0,186507000.0,0.0,1,123645503.50701402,1
72,0.0,0,1,55.81412753154856,4690000.0,196034700.0,0.0,1,123169902.30460922,1
57,0.0,0,1,6884.379639586967,0.0,4300.0,0.0,1,32427.354709418836,2
57,0.0,0,1,6865.63600004436,0.0,4300.0,0.0,1,32427.354709418836,2
57,0.0,0,1,6956.339428527988,0.0,4300.0,0.0,1,33508.26653306613,2
57,0.0,0,1,6729.258489606259,0.0,4300.0,0.0,1,32427.354709418836,2
57,0.0,0,1,6950.334769795607,0.0,4300.0,0.0,1,32427.354709418836,2
36,0.0,0,1,7895.752816926164,0.0,2000.0,0.0,0,17294.589178356713,2
36,0.0,0,1,7873.700288501173,0.0,1995.0,0.0,0,17294.589178356713,2
36,0.0,0,1,7910.9151672764465,0.0,2000.0,0.0,0,17294.589178356713,2
36,0.0,0,1,7841.470302432061,0.0,1985.0,0.0,0,17294.589178356713,2
36,0.0,0,1,7895.824786514919,0.0,1990.0,0.0,0,17294.589178356713,2
59,199000.0,0,1,7583.424867611053,226000.0,1198920.0,199000.0,1,124304.85971943887,1
59,199000.0,0,1,7612.321514756377,226000.0,1182720.0,199000.0,1,123223.9478957916,1
59,199000.0,0,1,8196.979703404233,226000.0,1199415.0,199000.0,1,123223.9478957916,1
59,199000.0,0,1,7817.259091857774,226000.0,1199515.0,199000.0,1,123223.9478957916,1
59,199000.0,0,1,8321.668576330816,226000.0,1206915.0,199000.0,1,123223.9478957916,1
55,0.0,0,2,1839.309613855184,0.0,300.0,0.0,1,29184.619238476953,2
55,0.0,0,2,1862.1949819632223,0.0,300.0,0.0,1,28103.70741482966,2
55,0.0,0,2,1863.534579801641,0.0,300.0,0.0,1,28103.70741482966,2
55,0.0,0,2,1853.4241635173234,0.0,300.0,0.0,1,24860.971943887776,2
55,0.0,0,2,1860.3308365155233,0.0,300.0,0.0,1,25941.88376753507,2
73,0.0,0,2,6100.1824990489085,0.0,-67740.0,0.0,1,17294.589178356713,2
73,0.0,0,2,6130.929008092123,0.0,-34590.0,0.0,1,17294.589178356713,2
73,0.0,0,2,6039.056682268524,0.0,-59360.0,0.0,1,17294.589178356713,2
73,0.0,0,2,6136.065618000184,0.0,-72990.0,0.0,1,18375.501002004006,2
73,0.0,0,2,6052.885839217127,0.0,-34750.0,0.0,1,17294.589178356713,2
50,480000.0,0,1,7611.589133273216,1020000.0,3174000.0,480000.0,1,464792.08416833665,1
50,480000.0,0,1,7981.237599557108,1020000.0,3175000.0,480000.0,1,464792.08416833665,1
50,480000.0,0,1,8189.527172191216,1020000.0,3175000.0,480000.0,1,464792.08416833665,1
50,480000.0,0,1,7876.736830901221,1020000.0,3175000.0,480000.0,1,464792.08416833665,1
50,480000.0,0,1,7842.057050537207,1020000.0,3174000.0,480000.0,1,464792.08416833665,1
53,197000.0,0,1,3291.344781279863,83000.0,109100.0,197000.0,1,107010.27054108217,2
53,197000.0,0,1,3123.0696641033824,83000.0,108100.0,197000.0,1,107010.27054108217,2
53,197000.0,0,1,3139.7155488562857,83000.0,109100.0,197000.0,1,107010.27054108217,2
53,197000.0,0,1,3178.4508055150063,83000.0,109100.0,197000.0,1,107010.27054108217,2
53,197000.0,0,1,3103.5135301754963,83000.0,109100.0,197000.0,1,107010.27054108217,2
31,0.0,0,2,4730.0695458585005,0.0,6560.0,0.0,1,5728.832665330661,2
31,0.0,0,2,4724.719667457454,0.0,6470.0,0.0,1,6809.744488977956,2
31,0.0,0,2,4737.513907990807,0.0,6750.0,0.0,1,9944.38877755511,2
31,0.0,0,2,4719.639257640214,0.0,6580.0,0.0,1,6053.10621242485,2
31,0.0,0,2,4736.439259378482,0.0,6660.0,0.0,1,7890.65631262525,2
63,120000.0,0,1,9964.960958264062,330000.0,394110.0,120000.0,0,115657.56513026053,1
63,120000.0,0,1,9202.901657166205,330000.0,394020.0,120000.0,0,116738.47695390781,1
63,120000.0,0,1,9518.31424742376,330000.0,394170.0,120000.0,0,128628.50701402806,1
63,120000.0,0,1,9418.379974986943,330000.0,394010.0,120000.0,0,117819.38877755511,1
63,120000.0,0,1,9292.634692587135,330000.0,394170.0,120000.0,0,119981.2124248497,1
41,355000.0,0,1,3624.6030741236746,165000.0,303200.0,355000.0,1,286441.6332665331,1
41,355000.0,0,1,3639.480471992876,165000.0,303200.0,355000.0,1,286441.6332665331,1
41,355000.0,0,1,3918.9057152136966,165000.0,303300.0,355000.0,1,286441.6332665331,1
41,355000.0,0,1,3738.5356098281104,165000.0,303300.0,355000.0,1,286441.6332665331,1
41,355000.0,0,1,3978.5126456572725,165000.0,303300.0,355000.0,1,286441.6332665331,1
52,82000.0,0,1,659.0319229599627,1318000.0,23687970.0,0.0,1,0.0,1
52,82000.0,0,1,675.0204837925231,1318000.0,23670790.0,0.0,1,0.0,1
52,82000.0,0,1,683.6383178075913,1318000.0,23687300.0,0.0,1,0.0,1
52,82000.0,0,1,682.5536958557398,1318000.0,23667900.0,0.0,1,0.0,1
52,82000.0,0,1,661.869870263102,1318000.0,23680340.0,0.0,1,0.0,1
64,120000.0,0,1,4510.754819803158,230000.0,393800.0,120000.0,1,91877.50501002005,1
64,120000.0,0,1,4495.840988263938,230000.0,381800.0,120000.0,1,91877.50501002005,1
64,120000.0,0,1,4935.540999591595,230000.0,376100.0,120000.0,1,91877.50501002005,1
64,120000.0,0,1,4608.320380745474,230000.0,398800.0,120000.0,1,91877.50501002005,1
64,120000.0,0,1,4995.517762523724,230000.0,376500.0,120000.0,1,90796.59318637275,1
27,0.0,0,2,1746.3272211862145,0.0,200.0,0.0,1,25941.88376753507,2
27,0.0,0,2,1765.3712856605248,0.0,200.0,0.0,1,25941.88376753507,2
27,0.0,0,2,1760.8028544233061,0.0,200.0,0.0,1,24860.971943887776,2
27,0.0,0,2,1763.3332804555225,0.0,200.0,0.0,1,25941.88376753507,2
27,0.0,0,2,1765.4211787712752,0.0,200.0,0.0,1,25941.88376753507,2
64,0.0,0,1,1525.2079231599032,0.0,147300.0,0.0,1,62692.885771543086,2
64,0.0,0,1,1565.202428642588,0.0,138300.0,0.0,1,67016.53306613227,2
64,0.0,0,1,1537.8090884199212,0.0,140300.0,0.0,1,71340.18036072144,2
64,0.0,0,1,1556.4313478134245,0.0,156300.0,0.0,1,68097.44488977955,2
64,0.0,0,1,1543.4474939009192,0.0,139300.0,0.0,1,70259.26853707415,2
61,45000.0,0,2,8438.149011933117,125000.0,294960.0,45000.0,1,89715.68136272545,2
61,45000.0,0,2,7835.457408454803,125000.0,317470.0,45000.0,1,89715.68136272545,2
61,45000.0,0,2,8226.850473276067,125000.0,287460.0,45000.0,1,89715.68136272545,2
61,45000.0,0,2,8055.556280778814,125000.0,307460.0,45000.0,1,89715.68136272545,2
61,45000.0,0,2,8099.552523398229,125000.0,313190.0,45000.0,1,89715.68136272545,2
67,194000.0,0,1,3801.939325455708,1176000.0,6932200.0,194000.0,0,236719.68937875752,1
67,194000.0,0,1,4088.5737540378964,1216000.0,6972200.0,194000.0,0,222667.83567134268,1
67,194000.0,0,1,4242.9397819320975,1286000.0,7041200.0,194000.0,0,247528.80761523047,1
67,194000.0,0,1,4082.3416178758243,1156000.0,6912100.0,194000.0,0,222667.83567134268,1
67,194000.0,0,1,3880.5404850756363,1136000.0,6892200.0,194000.0,0,214020.54108216433,1
57,305000.0,0,1,10256.481700868198,110000.0,135570.0,305000.0,0,34589.178356713426,1
57,304000.0,0,1,9781.700422463533,111000.0,142370.0,304000.0,0,33508.26653306613,1
57,312000.0,0,1,10112.967581234452,103000.0,133370.0,312000.0,0,34589.178356713426,1
57,301000.0,0,1,9852.955774352631,114000.0,144370.0,301000.0,0,34589.178356713426,1
57,301000.0,0,1,9981.1546582556,114000.0,145370.0,301000.0,0,34589.178356713426,1
45,0.0,0,1,5260.235805666448,0.0,6900.0,0.0,1,45398.29659318637,1
45,0.0,0,1,5067.255916276403,0.0,6900.0,0.0,1,45398.29659318637,1
45,0.0,0,1,5188.717427741652,0.0,6900.0,0.0,1,45398.29659318637,1
45,0.0,0,1,5171.340995196895,0.0,6900.0,0.0,1,45398.29659318637,1
45,0.0,0,1,5105.107973417025,0.0,6900.0,0.0,1,45398.29659318637,1
59,0.0,0,2,10894.429632267495,263000.0,322700.0,0.0,0,23780.06012024048,2
59,0.0,0,2,10928.907286046962,263000.0,351500.0,0.0,0,28103.70741482966,2
59,0.0,0,2,10977.772401149454,262000.0,328810.0,0.0,0,28103.70741482966,2
59,0.0,0,2,10911.925448909595,262000.0,324660.0,0.0,0,18375.501002004006,2
59,0.0,0,2,10966.53585423306,262000.0,355500.0,0.0,0,17294.589178356713,2
74,0.0,0,1,3279.439373946323,200000.0,255180.0,0.0,0,43236.47294589179,1
74,0.0,0,1,3105.096226936591,200000.0,215300.0,0.0,0,43236.47294589179,1
74,0.0,0,1,3217.7230818341773,200000.0,250200.0,0.0,0,43236.47294589179,1
74,0.0,0,1,3117.150745533907,200000.0,242900.0,0.0,0,43236.47294589179,1
74,0.0,0,1,3142.4638678263022,200000.0,224870.0,0.0,0,43236.47294589179,1
66,0.0,0,1,2624.0268407444946,0.0,25850.0,0.0,0,61611.9739478958,1
66,0.0,0,1,2599.0434289111918,0.0,25850.0,0.0,0,92958.41683366733,1
66,0.0,0,1,2526.4520611043,0.0,26850.0,0.0,0,90796.59318637275,1
66,0.0,0,1,2676.6600574274103,0.0,26850.0,0.0,0,62692.885771543086,1
66,0.0,0,1,2561.5571051497286,0.0,25750.0,0.0,0,77825.65130260521,1
64,0.0,0,1,46.161938256000624,4820000.0,236905000.0,0.0,1,5880160.320641283,1
64,0.0,0,1,45.75884913775086,4700000.0,233617600.0,0.0,1,6593562.124248497,1
64,0.0,0,1,46.11743584700928,4450000.0,250936400.0,0.0,1,6388188.877755511,1
64,0.0,0,1,47.05250852805342,4160000.0,230783100.0,0.0,1,7458291.583166333,1
64,0.0,0,1,46.43479652968802,4350000.0,260937900.0,0.0,1,7944701.903807616,1
64,78000.0,0,1,13270.593404548024,272000.0,764700.0,0.0,1,88634.76953907816,1
64,78000.0,0,1,13916.530515290444,272000.0,755800.0,0.0,1,88634.76953907816,1
64,78000.0,0,1,15087.66631696092,272000.0,727200.0,0.0,1,87553.85771543086,1
64,78000.0,0,1,13731.080098863324,272000.0,762700.0,0.0,1,87553.85771543086,1
64,78000.0,0,1,15323.510657882365,272000.0,749000.0,0.0,1,88634.76953907816,1
49,0.0,0,2,6864.325337313608,0.0,19090.0,0.0,1,48641.03206412826,2
49,0.0,0,2,6765.950794306719,0.0,21980.0,0.0,1,48641.03206412826,2
49,0.0,0,2,6841.396227658307,0.0,18190.0,0.0,1,48641.03206412826,2
49,0.0,0,2,6760.362198956582,0.0,16090.0,0.0,1,48641.03206412826,2
49,0.0,0,2,6820.210458457825,0.0,13760.0,0.0,1,48641.03206412826,2
64,0.0,0,1,1683.2077995415766,1800000.0,3938840.0,0.0,0,412908.3166332665,1
64,0.0,0,1,1790.0154537031835,1800000.0,3928050.0,0.0,0,412908.3166332665,1
64,0.0,0,1,1863.0235200725783,1800000.0,3925340.0,0.0,0,412908.3166332665,1
64,0.0,0,1,1789.8724125521671,1800000.0,3922840.0,0.0,0,411827.40480961924,1
64,0.0,0,1,1694.2100209850719,1800000.0,3921340.0,0.0,0,411827.40480961924,1
58,0.0,0,2,2647.755265288426,0.0,690.0,0.0,0,33508.26653306613,2
58,0.0,0,2,2623.8902919670695,0.0,690.0,0.0,0,28103.70741482966,2
58,0.0,0,2,2621.136597271167,0.0,2690.0,0.0,0,28103.70741482966,2
58,0.0,0,2,2668.26498009943,0.0,690.0,0.0,0,36751.00200400801,2
58,0.0,0,2,2615.6414169932677,0.0,690.0,0.0,0,31346.442885771543,2
51,224000.0,0,1,13152.228041162389,43000.0,30250.0,224000.0,1,75663.82765531063,1
51,224000.0,0,1,12657.340358122265,43000.0,30250.0,224000.0,1,75663.82765531063,1
51,224000.0,0,1,12674.40123286483,43000.0,30150.0,224000.0,1,75663.82765531063,1
51,225000.0,0,1,12933.86232616896,42000.0,29250.0,225000.0,1,75663.82765531063,1
51,224000.0,0,1,12526.824565311803,43000.0,30150.0,224000.0,1,75663.82765531063,1
44,240000.0,0,1,8301.825235248127,260000.0,387890.0,240000.0,1,116738.47695390781,1
44,240000.0,0,1,8330.2184174745,260000.0,382900.0,240000.0,1,116738.47695390781,1
44,240000.0,0,1,8973.719692705648,260000.0,326880.0,240000.0,1,116738.47695390781,1
44,240000.0,0,1,8555.019944113714,260000.0,352880.0,240000.0,1,116738.47695390781,1
44,240000.0,0,1,9109.071139284779,260000.0,393890.0,240000.0,1,116738.47695390781,1
77,153000.0,0,1,8684.704132927567,97000.0,718000.0,140000.0,1,144842.18436873748,1
77,153000.0,0,1,8707.286641432522,97000.0,651500.0,140000.0,1,143761.27254509018,1
77,153000.0,0,1,9384.176195680271,97000.0,680000.0,140000.0,1,141599.44889779558,1
77,153000.0,0,1,8937.554360899307,97000.0,659300.0,140000.0,1,142680.36072144288,1
77,153000.0,0,1,9527.214494456162,97000.0,667600.0,140000.0,1,143761.27254509018,1
35,0.0,0,1,1750.5908863713908,0.0,3380.0,0.0,1,42155.561122244486,1
35,0.0,0,1,1771.263361143893,0.0,3160.0,0.0,1,41074.64929859719,1
35,0.0,0,1,1753.1199068602014,0.0,1930.0,0.0,1,38912.825651302606,1
35,0.0,0,1,1771.2375000928246,0.0,2911.0,0.0,1,33508.26653306613,1
35,0.0,0,1,1763.0578960608268,0.0,3070.0,0.0,1,50802.855711422846,1
65,480000.0,0,1,144.95821075926045,1020000.0,48114500.0,480000.0,1,1707840.6813627256,1
65,480000.0,0,1,144.41315865981318,1020000.0,47091000.0,480000.0,1,2032114.228456914,1
65,480000.0,99000,1,146.19301945920614,1020000.0,48023900.0,480000.0,1,1740268.0360721443,1
65,480000.0,0,1,146.5434253399453,1020000.0,49367900.0,480000.0,1,1967259.519038076,1
65,480000.0,0,1,147.05312026160982,1020000.0,48107200.0,480000.0,1,1751077.1543086173,1
74,0.0,0,1,19696.765493100567,0.0,70500.0,0.0,0,11890.03006012024,1
74,0.0,0,1,17009.22656978053,0.0,215600.0,0.0,0,12970.941883767535,1
74,0.0,0,1,19739.968869037348,0.0,56100.0,0.0,0,12970.941883767535,1
74,0.0,0,1,19701.63385143435,0.0,27100.0,0.0,0,12970.941883767535,1
74,0.0,0,1,19742.394752664382,0.0,28300.0,0.0,0,11890.03006012024,1
61,0.0,0,1,6036.965486227621,470000.0,4514000.0,0.0,1,235638.77755511022,1
61,0.0,0,1,6469.601533184704,470000.0,3742000.0,0.0,1,235638.77755511022,1
61,0.0,0,1,6651.042549723391,470000.0,3815000.0,0.0,1,235638.77755511022,1
61,0.0,0,1,6404.497593546506,470000.0,3714000.0,0.0,1,235638.77755511022,1
61,0.0,0,1,6167.227020414267,470000.0,4242000.0,0.0,1,236719.68937875752,1
61,0.0,0,2,7248.644201351734,0.0,240.0,0.0,0,24860.971943887776,2
61,0.0,0,2,7250.999664687862,0.0,240.0,0.0,0,23780.06012024048,2
61,0.0,0,2,7264.026866348865,0.0,240.0,0.0,0,23780.06012024048,2
61,0.0,0,2,7255.369998427716,0.0,240.0,0.0,0,24860.971943887776,2
61,0.0,0,2,7266.460431344167,0.0,240.0,0.0,0,24860.971943887776,2
49,236000.0,0,2,6560.483813869444,664000.0,2431820.0,236000.0,1,33508.26653306613,2
49,235000.0,0,2,7722.194642186827,665000.0,2432830.0,235000.0,1,32427.354709418836,2
49,236000.0,0,2,5526.036196668924,664000.0,2440830.0,236000.0,1,30265.53106212425,2
49,236000.0,0,2,6628.0690727157225,664000.0,2431920.0,236000.0,1,32427.354709418836,2
49,236000.0,0,2,5956.3551746689245,664000.0,2432920.0,236000.0,1,31346.442885771543,2
46,0.0,0,2,9844.388619082978,0.0,-300.0,0.0,0,7890.65631262525,2
46,0.0,0,2,9813.357416057946,0.0,-300.0,0.0,0,7890.65631262525,2
46,0.0,0,2,9860.570880057248,0.0,-300.0,0.0,0,7782.565130260521,2
46,0.0,0,2,9770.814496086354,0.0,-300.0,0.0,0,7890.65631262525,2
46,0.0,0,2,9844.348248167338,0.0,-300.0,0.0,0,7890.65631262525,2
26,0.0,0,2,5128.703991496697,0.0,6700.0,0.0,1,103767.53507014028,2
26,0.0,0,2,5142.1087561233835,0.0,6700.0,0.0,1,103767.53507014028,2
26,0.0,0,2,5067.400981726032,0.0,6700.0,0.0,1,103767.53507014028,2
26,0.0,0,2,5123.64162713989,0.0,6700.0,0.0,1,103767.53507014028,2
26,0.0,0,2,5094.965281678708,0.0,6700.0,0.0,1,103767.53507014028,2
26,0.0,0,1,7386.8361682345785,0.0,42950.0,0.0,1,37831.91382765531,1
26,0.0,0,1,7180.476654084295,0.0,36750.0,0.0,1,37831.91382765531,1
26,0.0,0,1,7307.012591255606,0.0,53750.0,0.0,1,37831.91382765531,1
26,0.0,0,1,7400.587007516389,0.0,107750.0,0.0,1,37831.91382765531,1
26,0.0,0,1,7378.184040168604,0.0,102750.0,0.0,1,37831.91382765531,1
45,0.0,0,2,2123.1493555230027,0.0,39900.0,0.0,1,30265.53106212425,2
45,0.0,0,2,2126.9819216395745,0.0,41800.0,0.0,1,30265.53106212425,2
45,0.0,0,2,2134.7109328557203,0.0,46300.0,0.0,1,30265.53106212425,2
45,0.0,0,2,2140.0182386141996,0.0,40400.0,0.0,1,30265.53106212425,2
45,0.0,0,2,2130.167347653891,0.0,55400.0,0.0,1,30265.53106212425,2
68,0.0,0,1,3668.565395394272,0.0,20700.0,0.0,1,64854.70941883767,1
68,0.0,0,1,3556.2554275043212,0.0,20600.0,0.0,1,64854.70941883767,1
68,0.0,0,1,3543.271410280236,0.0,20600.0,0.0,1,64854.70941883767,1
68,0.0,0,1,3633.3352588299385,0.0,20700.0,0.0,1,64854.70941883767,1
68,0.0,0,1,3581.5021279146467,0.0,20700.0,0.0,1,64854.70941883767,1
56,0.0,0,1,5964.8019456691345,0.0,26150.0,0.0,1,71340.18036072144,1
56,0.0,0,1,5989.485643188264,0.0,27610.0,0.0,1,71340.18036072144,1
56,0.0,0,1,5922.037735496342,0.0,31710.0,0.0,1,71340.18036072144,1
56,0.0,0,1,5946.731616284383,0.0,23510.0,0.0,1,71340.18036072144,1
56,0.0,0,1,5928.464974944116,0.0,60210.0,0.0,1,71340.18036072144,1
83,0.0,0,1,764.1809197393907,1000000.0,41253000.0,0.0,1,1515438.376753507,1
83,0.0,0,1,766.6806096028556,1000000.0,41253000.0,0.0,1,1705678.857715431,1
83,0.0,0,1,762.7431416205453,1000000.0,41254000.0,0.0,1,1653795.0901803607,1
83,0.0,0,1,771.9244471255341,1000000.0,41252000.0,0.0,1,1757562.625250501,1
83,0.0,0,1,775.6178677309955,1000000.0,41253000.0,0.0,1,1559755.761523046,1
71,980000.0,0,1,662.8559514530607,1520000.0,10322000.0,980000.0,0,645304.3587174349,2
71,980000.0,0,1,700.5176329667868,1520000.0,11523000.0,980000.0,0,791227.4549098196,2
71,980000.0,0,1,721.4548989567647,1520000.0,10781000.0,980000.0,0,637737.9759519038,2
71,980000.0,0,1,696.0582161897488,1520000.0,6111000.0,980000.0,0,607472.4448897796,2
71,980000.0,0,1,675.1779797142136,1520000.0,13085000.0,980000.0,0,1012814.378757515,2
39,0.0,0,1,3008.1047039272353,77000.0,182700.0,0.0,1,116738.47695390781,2
39,0.0,0,1,2860.7841947480924,78000.0,216500.0,0.0,1,121062.124248497,2
39,0.0,0,1,2858.60390161898,77000.0,238800.0,0.0,1,156732.21442885773,2
39,0.0,0,1,2942.6471432790513,77000.0,277700.0,0.0,1,118900.3006012024,2
39,0.0,0,1,2829.4944750264112,78000.0,237700.0,0.0,1,117819.38877755511,2
61,340000.0,0,1,2446.601870737358,310000.0,387800.0,340000.0,1,78906.5631262525,1
61,340000.0,0,1,2454.7408608766636,310000.0,387800.0,340000.0,1,78906.5631262525,1
61,340000.0,0,1,2639.516178416369,310000.0,386800.0,340000.0,1,78906.5631262525,1
61,340000.0,0,1,2520.235157589789,310000.0,386800.0,340000.0,1,78906.5631262525,1
61,340000.0,0,1,2678.4838523522353,310000.0,386900.0,340000.0,1,78906.5631262525,1
78,43000.0,0,2,11686.133590982874,-4000.0,-1790.0,43000.0,0,21618.236472945893,2
78,43000.0,0,2,11690.386049726143,-4000.0,-1695.0,43000.0,0,20537.324649298596,2
78,43000.0,0,2,11678.800075894922,-4000.0,-1790.0,43000.0,0,21618.236472945893,2
78,43000.0,0,2,11685.31531963156,-4000.0,-1690.0,43000.0,0,20537.324649298596,2
78,43000.0,0,2,11681.086852101042,-4000.0,-1690.0,43000.0,0,20537.324649298596,2
71,0.0,0,1,79.49974020785461,2500000.0,41481220.0,0.0,0,3621054.6092184368,1
71,0.0,0,1,79.79200795134274,2500000.0,41483000.0,0.0,0,3621054.6092184368,1
71,0.0,0,1,79.09199927811201,2500000.0,41484020.0,0.0,0,3621054.6092184368,1
71,0.0,0,1,80.11839538606628,2500000.0,41481620.0,0.0,0,3621054.6092184368,1
71,0.0,0,1,80.75191332041221,2500000.0,41482500.0,0.0,0,3621054.6092184368,1
74,0.0,0,1,1996.346845152319,0.0,4701.0,0.0,0,28103.70741482966,1
74,0.0,0,1,2006.4089533494807,0.0,4701.0,0.0,0,27022.795591182366,1
74,0.0,0,1,1976.3427991248586,0.0,4701.0,0.0,0,28103.70741482966,1
74,0.0,0,1,2008.0899612515127,0.0,4701.0,0.0,0,27022.795591182366,1
74,0.0,0,1,1980.86853156807,0.0,4701.0,0.0,0,27022.795591182366,1
42,3320000.0,0,1,2125.1887678557155,2260000.0,23503200.0,3320000.0,1,8420303.106212424,1
42,3340000.0,0,1,2117.4658339452644,1900000.0,24403200.0,3340000.0,1,8420303.106212424,1
42,3280000.0,0,1,2144.8293033135647,1730000.0,24043200.0,3280000.0,1,8441921.342685372,1
42,3210000.0,0,1,2105.7345859646807,1600000.0,24075200.0,3210000.0,1,8441921.342685372,1
42,3340000.0,0,1,2127.8827503882176,1650000.0,24058200.0,3340000.0,1,8441921.342685372,1
49,60000.0,0,1,2558.802319203695,40000.0,79400.0,60000.0,1,46479.208416833666,2
49,60000.0,0,1,2445.293567692902,40000.0,78700.0,60000.0,1,46479.208416833666,2
49,60000.0,0,1,2497.220570838623,40000.0,82000.0,60000.0,1,46479.208416833666,2
49,60000.0,0,1,2494.561361305443,40000.0,77500.0,60000.0,1,46479.208416833666,2
49,60000.0,0,1,2460.163974738638,40000.0,80000.0,60000.0,1,46479.208416833666,2
34,233000.0,0,1,9614.051010012387,159000.0,259800.0,233000.0,1,115657.56513026053,1
34,233000.0,0,1,9837.822555752824,159000.0,258900.0,233000.0,1,115657.56513026053,1
34,233000.0,0,1,9547.299854305431,159000.0,259900.0,233000.0,1,115657.56513026053,1
34,233000.0,0,1,9782.73845151619,159000.0,259800.0,233000.0,1,115657.56513026053,1
34,233000.0,0,1,9558.096984997941,159000.0,258800.0,233000.0,1,115657.56513026053,1
38,0.0,0,2,2850.9061394879113,0.0,31380.0,0.0,1,67016.53306613227,2
38,0.0,0,2,2789.0741996571774,0.0,54380.0,0.0,1,77825.65130260521,2
38,0.0,0,2,2809.604326739291,0.0,54380.0,0.0,1,78906.5631262525,2
38,0.0,0,2,2808.763682055911,0.0,37370.0,0.0,1,65935.62124248497,2
38,0.0,0,2,2776.9249359995147,0.0,37380.0,0.0,1,65935.62124248497,2
34,262000.0,0,1,7114.054367469672,415000.0,683490.0,262000.0,1,338325.4008016032,1
34,278000.0,0,1,7136.0388674326705,353000.0,606980.0,278000.0,1,345891.7835671343,1
34,290000.0,0,1,7680.372544502597,382000.0,630190.0,290000.0,1,294008.0160320641,1
34,284000.0,0,1,7329.291362320172,307000.0,570090.0,284000.0,1,305898.0460921844,1
34,264000.0,0,1,7792.148236027393,331000.0,605490.0,264000.0,1,342649.04809619236,1
58,0.0,0,2,7802.070291653258,75000.0,79300.0,0.0,1,14051.85370741483,2
58,0.0,0,2,7760.58800889685,75000.0,79300.0,0.0,1,14051.85370741483,2
58,0.0,0,2,7757.782560605771,75000.0,79300.0,0.0,1,14051.85370741483,2
58,0.0,0,2,7693.2458325510015,75000.0,79200.0,0.0,1,14051.85370741483,2
58,0.0,0,2,7740.418263288579,75000.0,79200.0,0.0,1,14051.85370741483,2
51,79000.0,0,2,8017.2932550071155,271000.0,683320.0,79000.0,1,54045.59118236473,2
51,79000.0,0,2,7991.967586952956,271000.0,683320.0,79000.0,1,54045.59118236473,2
51,79000.0,0,2,8775.211425705722,271000.0,682320.0,79000.0,1,54045.59118236473,2
51,79000.0,0,2,8196.384023613087,271000.0,682570.0,79000.0,1,54045.59118236473,2
51,79000.0,0,2,8883.56736901579,271000.0,682770.0,79000.0,1,54045.59118236473,2
35,0.0,0,2,2110.811426036306,0.0,-8000.0,0.0,1,8214.92985971944,2
35,0.0,0,2,2121.3715952711527,0.0,-8000.0,0.0,1,8214.92985971944,2
35,0.0,0,2,2089.9626659174505,0.0,-8000.0,0.0,1,7566.382765531062,2
35,0.0,0,2,2121.1406729764485,0.0,-8000.0,0.0,1,7134.018036072144,2
35,0.0,0,2,2094.0098377558015,0.0,-8000.0,0.0,1,7458.291583166333,2
40,373000.0,0,2,348.8590849478428,427000.0,1610300.0,373000.0,1,118900.3006012024,2
40,373000.0,0,2,368.11150656425764,427000.0,1610300.0,373000.0,1,118900.3006012024,2
40,373000.0,0,2,335.310114457582,427000.0,1610300.0,373000.0,1,118900.3006012024,2
40,373000.0,0,2,347.6143823778269,427000.0,1610200.0,373000.0,1,118900.3006012024,2
40,373000.0,0,2,338.6117583605775,427000.0,1610200.0,373000.0,1,118900.3006012024,2
85,0.0,0,1,4883.220771932266,566000.0,3419580.0,0.0,0,290765.2805611222,2
85,0.0,0,1,5352.011300916924,567000.0,3419580.0,0.0,0,290765.2805611222,2
85,0.0,0,1,5805.842469746338,566000.0,3419590.0,0.0,0,291846.19238476956,2
85,0.0,0,1,5199.850384415278,566000.0,3419580.0,0.0,0,290765.2805611222,2
85,0.0,0,1,5031.459493807834,566000.0,3414580.0,0.0,0,290765.2805611222,2
39,367000.0,0,1,9123.43446483492,233000.0,393240.0,367000.0,1,125385.77154308617,1
39,367000.0,0,1,9161.986088879978,233000.0,375650.0,367000.0,1,125385.77154308617,1
39,367000.0,0,1,9863.158294567142,233000.0,408750.0,367000.0,1,125385.77154308617,1
39,367000.0,0,1,9414.261838373415,233000.0,501140.0,367000.0,1,125385.77154308617,1
39,367000.0,0,1,10014.702974905715,233000.0,418350.0,367000.0,1,125385.77154308617,1
70,0.0,0,2,113.70305427081568,2420000.0,149936000.0,0.0,1,1102530.0601202406,2
70,0.0,0,2,114.01827395650699,2310000.0,167523000.0,0.0,1,1102530.0601202406,2
70,0.0,0,2,114.62642847660678,2460000.0,158961000.0,0.0,1,1102530.0601202406,2
70,0.0,0,2,117.31235199230602,2560000.0,141588000.0,0.0,1,1102530.0601202406,2
70,0.0,0,2,115.1324799610431,2470000.0,168274000.0,0.0,1,1113339.1783567134,2
43,1100000.0,0,1,1713.4126500537484,400000.0,3465380.0,1100000.0,1,653951.6533066132,1
43,1100000.0,0,1,1822.136947679333,400000.0,3403890.0,1100000.0,1,719887.2745490982,1
43,1100000.0,0,1,1896.4551302040065,400000.0,3851890.0,1100000.0,1,692864.4789579158,1
43,1100000.0,0,1,1821.991339681499,400000.0,3652020.0,1100000.0,1,624767.0340681362,1
43,1100000.0,0,1,1724.6123043121886,400000.0,3345990.0,1100000.0,1,617200.6513026052,1
64,0.0,0,1,34.75138512346753,1600000.0,20327000.0,0.0,1,2507715.4308617236,1
64,0.0,0,1,36.971498628407595,1600000.0,20327000.0,0.0,1,2734706.9138276554,1
64,0.0,0,1,38.42154655579137,1600000.0,20327000.0,0.0,1,2010495.9919839676,1
64,0.0,0,1,36.98340299346769,1600000.0,20327000.0,0.0,1,2032114.228456914,1
64,0.0,0,1,35.392439125327925,1600000.0,20328000.0,0.0,1,1967259.519038076,1
74,0.0,0,2,5915.995195356254,0.0,1221800.0,0.0,1,231315.13026052105,2
74,0.0,0,2,5911.60780910108,0.0,1220800.0,0.0,1,202130.51102204408,2
74,0.0,0,2,6405.6568295819725,0.0,1220800.0,0.0,1,251852.45490981961,2
74,0.0,0,2,6048.4195116931605,0.0,1220800.0,0.0,1,247528.80761523047,2
74,0.0,0,2,6492.348596561985,0.0,1220800.0,0.0,1,181593.1863727455,2
34,0.0,0,2,9273.705668595963,0.0,83340.0,0.0,1,22699.148296593186,2
34,0.0,0,2,9297.944119852029,0.0,83340.0,0.0,1,24860.971943887776,2
34,0.0,0,2,9162.857768199527,0.0,83340.0,0.0,1,21618.236472945893,2
34,0.0,0,2,9264.551918036354,0.0,83340.0,0.0,1,28103.70741482966,2
34,0.0,0,2,9212.69944460469,0.0,83340.0,0.0,1,27022.795591182366,2
65,0.0,0,1,138.25271961303443,1800000.0,21079460.0,0.0,1,2940080.1603206415,1
65,0.0,0,1,140.45738558662424,1800000.0,21077900.0,0.0,1,3621054.6092184368,1
65,0.0,0,1,142.5189236881136,1800000.0,21079700.0,0.0,1,3091407.8156312625,1
65,0.0,0,1,142.933134875907,1800000.0,21078500.0,0.0,1,3599436.372745491,1
65,0.0,0,1,140.29402156903402,1800000.0,21078840.0,0.0,1,4226365.230460922,1
23,0.0,0,2,13304.923765513964,0.0,5320.0,0.0,1,10809.118236472947,1
23,0.0,0,2,13281.4251732673,0.0,5320.0,0.0,1,10809.118236472947,1
23,0.0,0,2,13336.274274176903,0.0,4310.0,0.0,1,10809.118236472947,1
23,0.0,0,2,13469.794908908068,0.0,4330.0,0.0,1,10809.118236472947,1
23,0.0,0,2,13346.995681792012,0.0,4310.0,0.0,1,10809.118236472947,1
48,0.0,0,1,6523.196595253443,0.0,-65200.0,0.0,1,98362.9759519038,1
48,0.0,0,1,6317.196680093454,0.0,-64400.0,0.0,1,98362.9759519038,1
48,0.0,0,1,6358.259741705436,0.0,-73300.0,0.0,1,99443.8877755511,1
48,0.0,0,1,6453.70848549686,0.0,-53200.0,0.0,1,99443.8877755511,1
48,0.0,0,1,6268.9347171944255,0.0,-66500.0,0.0,1,98362.9759519038,1
80,0.0,0,1,3603.1395611240137,2000000.0,20525760.0,0.0,0,474520.2905811623,1
80,0.0,0,1,3945.8745828358706,2000000.0,20598050.0,0.0,0,474520.2905811623,1
80,0.0,0,1,4283.327082700453,2000000.0,20415960.0,0.0,0,406422.84569138277,1
80,0.0,0,1,3831.6435072816166,2000000.0,20490150.0,0.0,0,474520.2905811623,1
80,0.0,0,1,3710.9875410204586,2000000.0,20429000.0,0.0,0,483167.58517034067,1
55,450000.0,0,1,494.2522654319343,1150000.0,8771500.0,450000.0,1,1664604.2084168338,1
55,450000.0,0,1,529.3853646508612,1150000.0,8770500.0,450000.0,1,1675413.3266533066,1
55,450000.0,0,1,555.4171831290566,1150000.0,8771500.0,450000.0,1,1664604.2084168338,1
55,450000.0,0,1,528.9228353232214,1150000.0,8770500.0,450000.0,1,1664604.2084168338,1
55,450000.0,0,1,497.53603272580983,1150000.0,8769500.0,450000.0,1,1664604.2084168338,1
53,0.0,0,1,1369.6281568164773,0.0,-5040.0,0.0,1,19456.412825651303,2
53,0.0,0,1,1360.8464262759867,0.0,-9040.0,0.0,1,16213.677354709418,2
53,0.0,0,1,1349.4404714861817,0.0,-7930.0,0.0,1,17294.589178356713,2
53,0.0,0,1,1365.8466284221295,0.0,-8390.0,0.0,1,18375.501002004006,2
53,0.0,0,1,1350.3512136690485,0.0,-5520.0,0.0,1,17294.589178356713,2
63,0.0,0,2,13832.40336420939,0.0,215700.0,0.0,1,165379.50901803607,2
63,0.0,0,2,13749.4896703693,0.0,216700.0,0.0,1,138356.7134268537,2
63,0.0,0,2,14041.824376537066,0.0,215700.0,0.0,1,73502.00400801603,2
63,0.0,0,2,14074.44854871883,0.0,216700.0,0.0,1,63773.79759519038,2
63,0.0,0,2,13467.380795075089,0.0,216700.0,0.0,1,76744.73947895791,2
56,0.0,0,1,9883.164336299993,0.0,800.0,0.0,0,23780.06012024048,2
56,0.0,0,1,9851.661702392656,0.0,800.0,0.0,0,18375.501002004006,2
56,0.0,0,1,9898.668097463273,0.0,800.0,0.0,0,16213.677354709418,2
56,0.0,0,1,9818.430781974315,0.0,800.0,0.0,0,16213.677354709418,2
56,0.0,0,1,9882.625831283414,0.0,800.0,0.0,0,19456.412825651303,2
40,0.0,0,2,7673.211072085073,0.0,-12329.0,0.0,1,28103.70741482966,1
40,0.0,0,2,8028.757919808573,0.0,-11344.0,0.0,1,28103.70741482966,1
40,0.0,0,2,7828.042800064761,0.0,-11339.0,0.0,1,28103.70741482966,1
40,0.0,0,2,7682.744799399568,0.0,-11344.0,0.0,1,28103.70741482966,1
40,0.0,0,2,7975.02046588799,0.0,-11329.0,0.0,1,28103.70741482966,1
25,0.0,0,1,3289.6355196225513,0.0,6080.0,0.0,1,54045.59118236473,2
25,0.0,0,1,3343.1396831973966,0.0,8550.0,0.0,1,55126.503006012026,2
25,0.0,0,1,3277.5994877928506,0.0,9870.0,0.0,1,54045.59118236473,2
25,0.0,0,1,3342.777552470225,0.0,6860.0,0.0,1,54045.59118236473,2
25,0.0,0,1,3293.0934257188683,0.0,6610.0,0.0,1,55126.503006012026,2
73,0.0,0,1,11264.696697106665,0.0,8070.0,0.0,0,18375.501002004006,2
73,0.0,0,1,11232.298912968718,0.0,5380.0,0.0,0,18375.501002004006,2
73,0.0,0,1,11285.910099224686,0.0,9570.0,0.0,0,18375.501002004006,2
73,0.0,0,1,11193.444332202747,0.0,6170.0,0.0,0,18375.501002004006,2
73,0.0,0,1,11266.639725480485,0.0,8970.0,0.0,0,19456.412825651303,2
55,525000.0,0,1,163.41270814401003,775000.0,6776000.0,450000.0,1,252933.36673346694,1
55,525000.0,0,1,170.82415902619235,775000.0,6776000.0,450000.0,1,252933.36673346694,1
55,525000.0,0,1,177.45881538934606,775000.0,6776000.0,450000.0,1,252933.36673346694,1
55,525000.0,0,1,171.73885808645753,775000.0,6776000.0,450000.0,1,252933.36673346694,1
55,525000.0,0,1,166.33906399348714,775000.0,6776000.0,450000.0,1,252933.36673346694,1
68,0.0,0,2,2368.3630987007646,0.0,309900.0,0.0,0,110253.00601202405,2
68,0.0,0,2,2284.5156776082918,0.0,310000.0,0.0,0,110253.00601202405,2
68,0.0,0,2,2296.999373180285,0.0,309900.0,0.0,0,110253.00601202405,2
68,0.0,0,2,2385.9224396532013,0.0,310000.0,0.0,0,110253.00601202405,2
68,0.0,0,2,2322.0163371068493,0.0,310000.0,0.0,0,110253.00601202405,2
65,161000.0,0,1,5799.3420269331145,239000.0,420480.0,161000.0,1,63773.79759519038,2
65,161000.0,0,1,5818.428450375084,239000.0,420490.0,161000.0,1,63773.79759519038,2
65,161000.0,0,1,6268.287817063467,239000.0,420480.0,161000.0,1,63773.79759519038,2
65,161000.0,0,1,5972.837926133026,239000.0,420480.0,161000.0,1,63773.79759519038,2
65,161000.0,0,1,6363.917172243666,239000.0,420480.0,161000.0,1,63773.79759519038,2
33,0.0,0,2,3084.3158442481385,0.0,1000.0,0.0,1,57288.32665330661,2
33,0.0,0,2,3134.4805930365014,0.0,1000.0,0.0,1,62692.885771543086,2
33,0.0,0,2,3073.031030641041,0.0,1000.0,0.0,1,56207.41482965932,2
33,0.0,0,2,3134.1410643766094,0.0,1000.0,0.0,1,57288.32665330661,2
33,0.0,0,2,3087.557928210686,0.0,1000.0,0.0,1,62692.885771543086,2
29,347000.0,0,1,11760.681184266094,203000.0,318800.0,347000.0,1,129709.41883767534,1
29,347000.0,0,1,11794.668882316486,203000.0,283400.0,347000.0,1,129709.41883767534,1
29,347000.0,0,1,12718.022313794192,203000.0,362120.0,347000.0,1,129709.41883767534,1
29,347000.0,0,1,12114.20759969561,203000.0,332000.0,347000.0,1,129709.41883767534,1
29,347000.0,0,1,12907.199410377316,203000.0,367100.0,347000.0,1,129709.41883767534,1
77,0.0,6340000,1,44.83861618297097,5000000.0,123999000.0,0.0,0,4481460.420841684,1
77,0.0,651000,1,45.23864951293122,5000000.0,110743000.0,0.0,0,3745359.4689378757,1
77,0.0,775000,1,45.5944851037373,5000000.0,128203000.0,0.0,0,4042610.220440882,1
77,0.0,1120000,1,46.5160824967832,5000000.0,110462000.0,0.0,0,3881554.358717435,1
77,0.0,1050000,1,45.09143498773187,5000000.0,104234000.0,0.0,0,3996131.012024048,1
82,0.0,0,1,469.34944763289894,1990000.0,41164600.0,0.0,1,1318712.4248496995,1
82,0.0,0,1,557.1757593891973,1540000.0,96666500.0,0.0,1,1437612.7254509018,1
82,0.0,0,1,562.30632658236,1340000.0,61203200.0,0.0,1,1318712.4248496995,1
82,0.0,0,1,574.039811179559,1400000.0,70962400.0,0.0,1,1805122.745490982,1
82,0.0,0,1,569.8251236578731,1230000.0,115545000.0,0.0,1,1232239.478957916,1
81,79000.0,0,1,2992.824918823622,421000.0,468200.0,79000.0,1,83230.21042084169,1
81,79000.0,0,1,3013.6177505093465,421000.0,464900.0,79000.0,1,84311.12224448897,1
81,79000.0,0,1,3113.7407400253073,421000.0,457900.0,79000.0,1,84311.12224448897,1
81,79000.0,0,1,3114.5151703502797,421000.0,459400.0,79000.0,1,83230.21042084169,1
81,79000.0,0,1,3196.2310440420347,421000.0,465100.0,79000.0,1,84311.12224448897,1
33,0.0,0,1,2192.8148916822875,0.0,14650.0,0.0,1,43236.47294589179,1
33,0.0,0,1,2216.7279978119955,0.0,14550.0,0.0,1,47560.12024048096,1
33,0.0,0,1,2210.9915447996013,0.0,14650.0,0.0,1,31346.442885771543,1
33,0.0,0,1,2214.1689309265707,0.0,14550.0,0.0,1,48641.03206412826,1
33,0.0,0,1,2216.790647214078,0.0,14650.0,0.0,1,35670.09018036072,1
25,0.0,0,1,2741.01861460286,0.0,-20300.0,0.0,1,79987.4749498998,2
25,0.0,0,1,2770.9099972649956,0.0,-20300.0,0.0,1,79987.4749498998,2
25,0.0,0,1,2763.7394309995025,0.0,-20300.0,0.0,1,79987.4749498998,2
25,0.0,0,1,2767.711163658215,0.0,-20200.0,0.0,1,79987.4749498998,2
25,0.0,0,1,2770.988309017598,0.0,-20300.0,0.0,1,79987.4749498998,2
51,527000.0,0,1,486.2039948613691,473000.0,928500.0,451000.0,1,1415994.488977956,1
51,528000.0,0,1,510.61783847515335,472000.0,923500.0,452000.0,1,1405185.370741483,1
51,527000.0,0,1,463.5314228080173,473000.0,920500.0,451000.0,1,1405185.370741483,1
51,527000.0,0,1,481.9062336698774,473000.0,920500.0,451000.0,1,1405185.370741483,1
51,528000.0,0,1,476.87461092423416,472000.0,918500.0,452000.0,1,1405185.370741483,1
42,0.0,0,2,12036.137779159779,0.0,-85080.0,0.0,1,37831.91382765531,2
42,0.0,0,2,11837.516715475307,0.0,-76700.0,0.0,1,37831.91382765531,2
42,0.0,0,2,11721.20833459375,0.0,-84000.0,0.0,1,37831.91382765531,2
42,0.0,0,2,11933.568943515838,0.0,-77100.0,0.0,1,37831.91382765531,2
42,0.0,0,2,11609.190364041755,0.0,-86680.0,0.0,1,37831.91382765531,2
71,0.0,0,1,678.8693074694265,3000000.0,79885000.0,0.0,1,1859168.3366733466,1
71,0.0,0,1,671.8323703623448,3000000.0,79878000.0,0.0,1,1859168.3366733466,1
71,0.0,0,1,619.9533487808426,3000000.0,79938000.0,0.0,1,1859168.3366733466,1
71,0.0,0,1,691.5135947966958,3000000.0,80108500.0,0.0,1,1869977.4549098196,1
71,0.0,0,1,671.7729155681716,3000000.0,79865000.0,0.0,1,1859168.3366733466,1
74,0.0,0,1,1339.923556287317,30000.0,703260.0,0.0,1,135113.97795591183,1
74,0.0,0,1,1334.2164800208184,30000.0,699860.0,0.0,1,136194.8897795591,1
74,0.0,0,1,1466.513223526513,30000.0,707060.0,0.0,1,140518.5370741483,1
74,0.0,0,1,1367.1262180144465,30000.0,695160.0,0.0,1,129709.41883767534,1
74,0.0,0,1,1483.5073731924567,30000.0,690560.0,0.0,1,138356.7134268537,1
29,0.0,0,1,3705.8760410431787,0.0,442000.0,0.0,1,476682.1142284569,1
29,0.0,0,1,3707.286917699923,0.0,423800.0,0.0,1,449659.31863727455,1
29,0.0,0,1,3228.680565346035,0.0,586600.0,0.0,1,502623.9979959919,1
29,0.0,0,1,3812.5836793478165,0.0,411700.0,0.0,1,405341.9338677355,1
29,0.0,0,1,3762.953618301651,0.0,515800.0,0.0,1,303736.2224448898,1
32,590000.0,0,1,4102.448206812093,710000.0,19516000.0,590000.0,1,1178193.887775551,1
32,590000.0,0,1,4497.041541509058,710000.0,19522000.0,590000.0,1,1178193.887775551,1
32,590000.0,0,1,4881.965312483821,710000.0,19518000.0,590000.0,1,1178193.887775551,1
32,590000.0,0,1,4370.585417422148,710000.0,19509000.0,590000.0,1,1178193.887775551,1
32,590000.0,0,1,4228.632347455933,710000.0,19511000.0,590000.0,1,1167384.7695390782,1
68,0.0,261000,1,49.8307207898742,2350000.0,70926770.0,0.0,1,12679095.691382766,1
68,0.0,1750000,1,50.643470554019586,2690000.0,126757000.0,0.0,1,10171380.260521041,1
68,0.0,0,1,51.00520428914508,2670000.0,471040000.0,0.0,1,10571317.635270542,1
68,0.0,0,1,52.009493101995474,2700000.0,297585000.0,0.0,1,9209368.73747495,1
68,0.0,0,1,50.17377854145026,2600000.0,111501000.0,0.0,1,8766194.889779558,1
42,685000.0,0,1,1041.036951660209,215000.0,455550.0,685000.0,1,379400.0501002004,1
42,685000.0,0,1,1217.8633539803081,215000.0,455550.0,685000.0,1,379400.0501002004,1
42,685000.0,0,1,873.6739111907387,215000.0,455550.0,685000.0,1,379400.0501002004,1
42,685000.0,0,1,1036.5042413490528,215000.0,456550.0,685000.0,1,379400.0501002004,1
42,685000.0,0,1,939.8197294859608,215000.0,455550.0,685000.0,1,378319.13827655313,1
70,0.0,0,2,8757.858452987428,0.0,-11060.0,0.0,0,15132.765531062125,2
70,0.0,0,2,8731.842946069006,0.0,-12570.0,0.0,0,15132.765531062125,2
70,0.0,0,2,8770.412683463077,0.0,-11060.0,0.0,0,15132.765531062125,2
70,0.0,0,2,8699.973614722094,0.0,-12570.0,0.0,0,15132.765531062125,2
70,0.0,0,2,8757.364588102746,0.0,-10860.0,0.0,0,15132.765531062125,2
36,0.0,0,1,1551.903036557897,0.0,74410.0,0.0,1,90796.59318637275,1
36,0.0,0,1,1609.311323887337,0.0,113710.0,0.0,1,90796.59318637275,1
36,0.0,0,1,1558.9441183188897,0.0,60790.0,0.0,1,90796.59318637275,1
36,0.0,0,1,1594.6806244779632,0.0,113650.0,0.0,1,90796.59318637275,1
36,0.0,0,1,1562.7131343178414,0.0,75041.0,0.0,1,90796.59318637275,1
38,0.0,0,2,5048.760741009497,0.0,513640.0,0.0,1,43236.47294589179,2
38,0.0,0,2,5179.077498520826,0.0,513440.0,0.0,1,43236.47294589179,2
38,0.0,0,2,5107.6193027023655,0.0,514640.0,0.0,1,43236.47294589179,2
38,0.0,0,2,5131.9930562665595,0.0,513540.0,0.0,1,43236.47294589179,2
38,0.0,0,2,5136.808454251983,0.0,512540.0,0.0,1,43236.47294589179,2
47,709000.0,0,1,4992.288259118099,291000.0,1513000.0,709000.0,1,279956.1623246493,1
47,709000.0,0,1,5839.411633846136,291000.0,1619000.0,709000.0,1,279956.1623246493,1
47,709000.0,0,1,2515.5395358450905,291000.0,2445000.0,709000.0,1,278875.250501002,1
47,709000.0,0,1,2231.1132126110724,291000.0,2768000.0,709000.0,1,279956.1623246493,1
47,709000.0,0,1,4508.075183631702,291000.0,1244200.0,709000.0,1,279956.1623246493,1
59,0.0,0,1,45.8077840817505,900000.0,29267500.0,0.0,0,686379.008016032,1
59,0.0,0,1,45.69696658253655,900000.0,27147500.0,0.0,0,687459.9198396794,1
59,0.0,0,1,45.80158982970991,900000.0,29267500.0,0.0,0,687459.9198396794,1
59,0.0,0,1,46.33935583759582,900000.0,28266500.0,0.0,0,687459.9198396794,1
59,0.0,0,1,46.57330326851754,900000.0,32766500.0,0.0,0,687459.9198396794,1
71,0.0,0,2,2238.435003339825,0.0,2580.0,0.0,1,32427.354709418836,2
71,0.0,0,2,2237.853447437146,0.0,4290.0,0.0,1,42155.561122244486,2
71,0.0,0,2,2242.5791260826863,0.0,3530.0,0.0,1,32427.354709418836,2
71,0.0,0,2,2237.3850994608033,0.0,2580.0,0.0,1,49721.94388777555,2
71,0.0,0,2,2243.006759385594,0.0,2340.0,0.0,1,47560.12024048096,2
28,0.0,0,1,3595.9134927979635,0.0,-10150.0,0.0,1,7890.65631262525,2
28,0.0,0,1,3594.7295675909154,0.0,-10350.0,0.0,1,11890.03006012024,2
28,0.0,0,1,3602.0599827516394,0.0,-10150.0,0.0,1,9728.206412825652,2
28,0.0,0,1,3592.783029882334,0.0,-10250.0,0.0,1,9728.206412825652,2
28,0.0,0,1,3602.2420416599175,0.0,-10150.0,0.0,1,6485.470941883767,2
26,0.0,0,2,15175.505193739958,0.0,11590.0,0.0,1,69178.35671342685,2
26,0.0,0,2,14896.205268555528,0.0,11490.0,0.0,1,69178.35671342685,2
26,0.0,0,2,15123.534309835566,0.0,11590.0,0.0,1,70259.26853707415,2
26,0.0,0,2,15134.076360257011,0.0,11590.0,0.0,1,70259.26853707415,2
26,0.0,0,2,15100.34053516531,0.0,11590.0,0.0,1,69178.35671342685,2
59,0.0,0,1,10095.357956505877,0.0,22880.0,0.0,1,62692.885771543086,1
59,0.0,0,1,10193.254653883909,0.0,27900.0,0.0,1,61611.9739478958,1
59,0.0,0,1,10224.054553123213,0.0,25000.0,0.0,1,64854.70941883767,1
59,0.0,0,1,10110.333074257058,0.0,32210.0,0.0,1,60531.0621242485,1
59,0.0,0,1,10189.350032084705,0.0,33150.0,0.0,1,65935.62124248497,1
59,0.0,0,2,3066.5501662186007,43000.0,43001.0,0.0,0,11890.03006012024,2
59,0.0,0,2,3049.5937355991036,40000.0,40001.0,0.0,0,11890.03006012024,2
59,0.0,0,2,3103.2864665160096,38000.0,38001.0,0.0,0,11890.03006012024,2
59,0.0,0,2,3044.0335672411525,48000.0,48001.0,0.0,0,11890.03006012024,2
59,0.0,0,2,3094.445587656901,46000.0,46001.0,0.0,0,11890.03006012024,2
63,520000.0,0,1,1120.8335096687351,1280000.0,3739000.0,520000.0,1,198887.7755511022,2
63,520000.0,0,1,1216.3331810446155,1280000.0,3750600.0,520000.0,1,198887.7755511022,2
63,520000.0,0,1,1275.3484808226733,1280000.0,3725600.0,520000.0,1,198887.7755511022,2
63,520000.0,0,1,1216.9930854351487,1280000.0,3809900.0,520000.0,1,198887.7755511022,2
63,520000.0,0,1,1144.791022765997,1280000.0,3773000.0,520000.0,1,199968.6873747495,2
35,0.0,0,1,5652.831714943713,0.0,61200.0,0.0,1,67016.53306613227,2
35,0.0,0,1,5658.5682255524525,0.0,61200.0,0.0,1,67016.53306613227,2
35,0.0,0,1,5628.85911025022,0.0,61200.0,0.0,1,67016.53306613227,2
35,0.0,0,1,5579.207084640055,0.0,61200.0,0.0,1,67016.53306613227,2
35,0.0,0,1,5636.992753189702,0.0,61200.0,0.0,1,67016.53306613227,2
88,0.0,0,2,2103.635999993148,100000.0,100900.0,0.0,0,19456.412825651303,2
88,0.0,0,2,2089.6797890349358,100000.0,100380.0,0.0,0,19456.412825651303,2
88,0.0,0,2,2129.070383332254,100000.0,100350.0,0.0,0,20537.324649298596,2
88,0.0,0,2,2179.7504348626526,100000.0,110000.0,0.0,0,20537.324649298596,2
88,0.0,0,2,2216.4273937132084,100000.0,109300.0,0.0,0,20537.324649298596,2
73,0.0,0,1,585.9424726804552,1500000.0,115364000.0,0.0,1,2864416.3326653307,1
73,0.0,0,1,592.2560554802579,1500000.0,122459000.0,0.0,1,2821179.859719439,1
73,0.0,0,1,597.2982445790557,1500000.0,111709000.0,0.0,1,2875225.4509018036,1
73,0.0,0,1,609.4116907871451,1500000.0,108678000.0,0.0,1,2853607.214428858,1
73,0.0,0,1,591.3488881663263,1500000.0,113238000.0,0.0,1,2896843.6873747497,1
71,0.0,0,1,47.354643384641555,30450000.0,169154000.0,0.0,1,4788439.378757515,1
71,0.0,0,1,46.941139485799845,30640000.0,171044000.0,0.0,1,4777630.260521042,1
71,0.0,0,1,47.308991148466895,30650000.0,171120000.0,0.0,1,4701966.432865731,1
71,0.0,0,1,48.26822368987367,30650000.0,170223000.0,0.0,1,4691157.314629259,1
71,0.0,0,1,47.6345516106211,30650000.0,170335000.0,0.0,1,4756012.0240480965,1
46,0.0,0,1,1502.2684514910911,160000.0,1158500.0,0.0,1,231315.13026052105,1
46,0.0,0,1,1496.6440032997084,160000.0,677900.0,0.0,1,229153.30661322645,1
46,0.0,0,1,1644.6250280286854,160000.0,687400.0,0.0,1,229153.30661322645,1
46,0.0,0,1,1534.8738084667466,160000.0,673500.0,0.0,1,229153.30661322645,1
46,0.0,0,1,1664.3581682014246,160000.0,669000.0,0.0,1,230234.21843687375,1
70,0.0,0,1,7584.599879072941,0.0,722000.0,0.0,0,105929.35871743486,1
70,0.0,0,1,7580.606684118298,0.0,811500.0,0.0,0,105929.35871743486,1
70,0.0,0,1,8215.174500284,0.0,643100.0,0.0,0,105929.35871743486,1
70,0.0,0,1,7759.930724672426,0.0,949000.0,0.0,0,105929.35871743486,1
70,0.0,0,1,8325.791215915979,0.0,659000.0,0.0,0,107010.27054108217,1
62,780000.0,0,1,507.39199588858474,2220000.0,8146200.0,740000.0,1,0.0,1
62,780000.0,0,1,544.5119939846672,2220000.0,8445500.0,740000.0,1,0.0,1
62,780000.0,0,1,572.5986121499456,2220000.0,8777500.0,740000.0,1,0.0,1
62,780000.0,0,1,545.5955164036651,2220000.0,9269700.0,740000.0,1,0.0,1
62,780000.0,0,1,511.05918115347424,2220000.0,8890500.0,740000.0,1,0.0,1
56,200000.0,0,2,10831.81212751364,800000.0,1568100.0,200000.0,1,260499.74949899802,2
56,200000.0,0,2,12666.441762662627,800000.0,1677220.0,200000.0,1,247528.80761523047,2
56,200000.0,0,2,9253.53086333218,800000.0,1567340.0,200000.0,1,265904.30861723446,2
56,200000.0,0,2,10853.703338374446,800000.0,1863860.0,200000.0,1,251852.45490981961,2
56,200000.0,0,2,9945.849240781301,800000.0,1717170.0,200000.0,1,248609.71943887774,2
66,0.0,0,1,7205.125601772697,950000.0,1089880.0,0.0,1,168622.24448897794,1
66,0.0,0,1,7179.133098651326,950000.0,1090000.0,0.0,1,136194.8897795591,1
66,0.0,0,1,7886.00586123506,950000.0,1176100.0,0.0,1,193483.21643286574,1
66,0.0,0,1,7359.680559029916,950000.0,1205780.0,0.0,1,184835.92184368736,1
66,0.0,0,1,7981.645476917527,950000.0,1164900.0,0.0,1,157813.126252505,1
23,0.0,0,2,18441.863787275688,0.0,-10280.0,0.0,1,38912.825651302606,2
23,0.0,0,2,18449.153433934945,0.0,-10270.0,0.0,1,38912.825651302606,2
23,0.0,0,2,18485.047103719684,0.0,-11280.0,0.0,1,38912.825651302606,2
23,0.0,0,2,18451.171157049987,0.0,-11270.0,0.0,1,38912.825651302606,2
23,0.0,0,2,18488.68975868295,0.0,-10270.0,0.0,1,38912.825651302606,2
63,0.0,0,1,2975.550394059343,1000000.0,14262000.0,0.0,1,525323.1462925852,2
63,0.0,0,1,3098.21938811522,1000000.0,14253000.0,0.0,1,525323.1462925852,2
63,0.0,0,1,3194.318829274255,1000000.0,14252000.0,0.0,1,525323.1462925852,2
63,0.0,0,1,3071.578899570214,1000000.0,14252000.0,0.0,1,525323.1462925852,2
63,0.0,0,1,2998.46291723332,1000000.0,14262000.0,0.0,1,524242.2344689379,2
69,900000.0,0,1,680.5807513408627,1500000.0,3374000.0,900000.0,1,236719.68937875752,1
69,900000.0,0,1,727.5475708703335,1500000.0,3894500.0,900000.0,1,254014.27855711424,1
69,900000.0,0,1,758.4140501473285,1500000.0,3186000.0,900000.0,1,233476.95390781562,1
69,900000.0,0,1,731.8435821155437,1500000.0,3708700.0,900000.0,1,367510.0200400802,1
69,900000.0,0,1,685.3884034136324,1500000.0,3762000.0,900000.0,1,275632.51503006014,1
52,1120000.0,0,1,1736.1434546128573,1780000.0,6934000.0,1120000.0,1,1134957.4148296593,1
52,1120000.0,0,1,1849.887122869172,1780000.0,5749000.0,1120000.0,1,1124148.2965931864,1
52,1120000.0,0,1,1929.7553178670273,1780000.0,6145000.0,1120000.0,1,1167384.7695390782,1
52,1120000.0,0,1,1855.040854667826,1780000.0,6433000.0,1120000.0,1,1156575.6513026052,1
52,1120000.0,0,1,1748.5048095503892,1780000.0,5916000.0,1120000.0,1,1134957.4148296593,1
95,0.0,0,1,11987.683616481707,300000.0,296200.0,0.0,0,42155.561122244486,2
95,0.0,0,1,11342.50935090985,300000.0,296200.0,0.0,0,42155.561122244486,2
95,0.0,0,1,11259.182518914098,300000.0,296200.0,0.0,0,42155.561122244486,2
95,0.0,0,1,11568.436053606782,300000.0,296200.0,0.0,0,42155.561122244486,2
95,0.0,0,1,11196.243990341245,300000.0,296200.0,0.0,0,42155.561122244486,2
28,0.0,0,2,1652.482523190795,0.0,-300.0,0.0,1,23780.06012024048,2
28,0.0,0,2,1656.8015751988278,0.0,1700.0,0.0,1,23780.06012024048,2
28,0.0,0,2,1632.7305249407532,0.0,-4300.0,0.0,1,24860.971943887776,2
28,0.0,0,2,1650.851415480247,0.0,2400.0,0.0,1,24860.971943887776,2
28,0.0,0,2,1641.6118181507554,0.0,200.0,0.0,1,24860.971943887776,2
71,0.0,0,1,123.3378703135173,3200000.0,97032000.0,0.0,1,4399311.122244489,1
71,0.0,0,1,124.58553929373954,3200000.0,96711000.0,0.0,1,4215556.1122244485,1
71,0.0,0,1,125.16020986868473,3200000.0,106426000.0,0.0,1,4572257.0140280565,1
71,0.0,0,1,128.0272971731568,3200000.0,97794000.0,0.0,1,4496593.186372746,1
71,0.0,0,1,125.04316498010294,3200000.0,98513000.0,0.0,1,3621054.6092184368,1
34,0.0,0,2,5083.441407328087,0.0,54930.0,0.0,1,37831.91382765531,2
34,0.0,0,2,5265.592795692402,0.0,107260.0,0.0,1,37831.91382765531,2
34,0.0,0,2,5064.842245743752,0.0,56770.0,0.0,1,37831.91382765531,2
34,0.0,0,2,5165.561267913265,0.0,14020.0,0.0,1,37831.91382765531,2
34,0.0,0,2,5088.784875602252,0.0,28940.0,0.0,1,37831.91382765531,2
80,0.0,0,1,3334.5295425963122,300000.0,306620.0,0.0,0,18375.501002004006,1
80,0.0,0,1,3354.9776217172903,300000.0,306610.0,0.0,0,19456.412825651303,1
80,0.0,0,1,3346.649211021019,300000.0,306630.0,0.0,0,16213.677354709418,1
80,0.0,0,1,3357.8151184536096,300000.0,306605.0,0.0,0,16213.677354709418,1
80,0.0,0,1,3347.3172742784786,300000.0,306605.0,0.0,0,17294.589178356713,1
45,89000.0,0,1,2558.802319203695,58000.0,77070.0,89000.0,1,84311.12224448897,2
45,89000.0,0,1,2445.293567692902,58000.0,77070.0,89000.0,1,84311.12224448897,2
45,89000.0,0,1,2497.220570838623,58000.0,77070.0,89000.0,1,84311.12224448897,2
45,89000.0,0,1,2494.561361305443,58000.0,77070.0,89000.0,1,84311.12224448897,2
45,89000.0,0,1,2460.163974738638,58000.0,77070.0,89000.0,1,84311.12224448897,2
74,0.0,0,1,45.181719726372926,19890000.0,180803800.0,0.0,1,8733767.53507014,1
74,0.0,0,1,45.58481409756662,16580000.0,160015000.0,0.0,1,8495966.933867736,1
74,0.0,0,1,45.94337253003171,18780000.0,176716700.0,0.0,1,8690531.062124249,1
74,0.0,0,1,46.87202195451973,19710000.0,163104800.0,0.0,1,8787813.126252506,1
74,0.0,0,1,45.43647309190169,16190000.0,175279000.0,0.0,1,8906713.426853707,1
66,9400.0,0,1,11318.897819345615,70600.0,91750.0,9400.0,0,32427.354709418836,2
66,9400.0,0,1,10351.412905533485,70600.0,91750.0,9400.0,0,32427.354709418836,2
66,9400.0,0,1,10435.932291002293,70600.0,91850.0,9400.0,0,32427.354709418836,2
66,9400.0,0,1,10779.01698765495,70600.0,91750.0,9400.0,0,32427.354709418836,2
66,9400.0,0,1,10446.027095793546,70600.0,91750.0,9400.0,0,32427.354709418836,2
53,30000.0,0,1,1109.2426202920146,1870000.0,4558400.0,30000.0,1,282117.9859719439,1
53,30000.0,0,1,1203.7546997402064,1870000.0,4561000.0,30000.0,1,282117.9859719439,1
53,30000.0,0,1,1262.159703871891,1870000.0,4562400.0,30000.0,1,282117.9859719439,1
53,30000.0,0,1,1204.4077798533397,1870000.0,4561400.0,30000.0,1,282117.9859719439,1
53,30000.0,0,1,1132.952381264045,1870000.0,4556400.0,30000.0,1,282117.9859719439,1
41,0.0,0,1,8850.30443855625,0.0,234410.0,0.0,1,43236.47294589179,1
41,0.0,0,1,8729.918768124428,0.0,446370.0,0.0,1,43236.47294589179,1
41,0.0,0,1,8783.916898765026,0.0,410850.0,0.0,1,43236.47294589179,1
41,0.0,0,1,8774.462339462672,0.0,147160.0,0.0,1,43236.47294589179,1
41,0.0,0,1,8710.30441428003,0.0,162220.0,0.0,1,43236.47294589179,1
94,0.0,0,1,4215.260159375697,227000.0,12132000.0,0.0,0,447497.49498997995,2
94,0.0,0,1,4616.220837622105,210000.0,12115000.0,0.0,0,446416.5831663327,2
94,0.0,0,1,5011.001570988195,211000.0,12116000.0,0.0,0,446416.5831663327,2
94,0.0,0,1,4482.58357667841,210000.0,12115000.0,0.0,0,446416.5831663327,2
94,0.0,0,1,4341.42993026984,242000.0,12147000.0,0.0,0,446416.5831663327,2
81,0.0,0,1,46.19766487404768,571000.0,283226000.0,0.0,1,14851728.456913827,1
81,0.0,0,1,46.60982312711551,571000.0,286689000.0,0.0,1,15100338.176352706,1
81,0.0,0,1,46.976444017181294,571000.0,303500000.0,0.0,1,15186811.122244488,1
81,0.0,0,1,47.92597482649517,571000.0,276809000.0,0.0,1,15186811.122244488,1
81,0.0,0,1,46.458146561719346,571000.0,293704000.0,0.0,1,15176002.004008016,1
69,0.0,0,1,12445.339660501593,200000.0,215900.0,0.0,0,32427.354709418836,2
69,0.0,0,1,12521.744462470666,200000.0,216000.0,0.0,0,32427.354709418836,2
69,0.0,0,1,12491.253172939192,200000.0,218900.0,0.0,0,32427.354709418836,2
69,0.0,0,1,12530.652199994374,200000.0,216400.0,0.0,0,32427.354709418836,2
69,0.0,0,1,12492.350549006898,200000.0,219500.0,0.0,0,32427.354709418836,2
30,212000.0,0,1,10113.634717827546,138000.0,157400.0,212000.0,1,118900.3006012024,1
30,212000.0,0,1,10342.799559886302,138000.0,156400.0,212000.0,1,118900.3006012024,1
30,212000.0,0,1,10025.376052931464,138000.0,157400.0,212000.0,1,118900.3006012024,1
30,212000.0,0,1,10279.28907535225,138000.0,157500.0,212000.0,1,118900.3006012024,1
30,212000.0,0,1,10030.753287107054,138000.0,156400.0,212000.0,1,118900.3006012024,1
53,305000.0,0,1,7611.589133273216,1295000.0,3268500.0,305000.0,1,378319.13827655313,1
53,305000.0,0,1,7981.237599557108,1295000.0,3268500.0,305000.0,1,378319.13827655313,1
53,305000.0,0,1,8189.527172191216,1295000.0,3267500.0,305000.0,1,378319.13827655313,1
53,305000.0,0,1,7876.736830901221,1295000.0,3268500.0,305000.0,1,378319.13827655313,1
53,305000.0,0,1,7842.057050537207,1295000.0,3268500.0,305000.0,1,378319.13827655313,1
52,240000.0,0,1,2390.2020384521957,320000.0,352600.0,240000.0,1,97282.06412825652,1
52,240000.0,0,1,2398.5080732256743,320000.0,335600.0,240000.0,1,97282.06412825652,1
52,240000.0,0,1,2579.526029764712,320000.0,344600.0,240000.0,1,97282.06412825652,1
52,240000.0,0,1,2463.8454407162963,320000.0,337600.0,240000.0,1,97282.06412825652,1
52,240000.0,0,1,2618.114805005824,320000.0,339600.0,240000.0,1,97282.06412825652,1
65,313000.0,0,1,4006.5903564196315,437000.0,2299780.0,313000.0,1,188078.65731462926,1
65,313000.0,0,1,4113.501985006544,437000.0,2284720.0,313000.0,1,186997.74549098196,1
65,313000.0,0,1,3733.914565919943,437000.0,2293600.0,313000.0,1,186997.74549098196,1
65,313000.0,0,1,3860.455621847794,437000.0,2332470.0,313000.0,1,186997.74549098196,1
65,313000.0,0,1,3942.93355797002,437000.0,2289170.0,313000.0,1,188078.65731462926,1
73,0.0,0,1,6079.512233999097,169000.0,820000.0,0.0,0,74582.91583166333,1
73,0.0,0,1,6099.845779900018,169000.0,825800.0,0.0,0,74582.91583166333,1
73,0.0,0,1,6568.907134489428,169000.0,822900.0,0.0,0,74582.91583166333,1
73,0.0,0,1,6260.9202935714075,169000.0,822700.0,0.0,0,74582.91583166333,1
73,0.0,0,1,6668.883882056932,169000.0,820100.0,0.0,0,74582.91583166333,1
64,0.0,0,1,2336.607569794829,0.0,15260.0,0.0,0,12970.941883767535,2
64,0.0,0,1,2355.6578452183835,0.0,10650.0,0.0,0,14051.85370741483,2
64,0.0,0,1,2353.150112769197,0.0,17010.0,0.0,0,10809.118236472947,2
64,0.0,0,1,2381.1511045672896,0.0,16550.0,0.0,0,16213.677354709418,2
64,0.0,0,1,2360.059717505736,0.0,15020.0,0.0,0,11890.03006012024,2
30,165000.0,0,1,18740.614585251074,20000.0,88501.0,165000.0,1,39993.7374749499,1
30,165000.0,0,1,19213.092027502706,20000.0,89801.0,165000.0,1,38912.825651302606,1
30,165000.0,0,1,18455.57184178134,20000.0,82421.0,165000.0,1,37831.91382765531,1
30,165000.0,0,1,18747.75485907675,20000.0,86501.0,165000.0,1,39993.7374749499,1
30,165000.0,0,1,19087.74679583807,20000.0,91301.0,165000.0,1,41074.64929859719,1
72,0.0,0,1,2652.3875581538273,80000.0,80660.0,0.0,1,59450.1503006012,1
72,0.0,0,1,2410.510948028258,80000.0,81180.0,0.0,1,59450.1503006012,1
72,0.0,0,1,2498.859142218258,80000.0,80660.0,0.0,1,52964.67935871743,1
72,0.0,0,1,2462.064553771175,80000.0,80340.0,0.0,1,52964.67935871743,1
72,0.0,0,1,2404.6724507942167,80000.0,82300.0,0.0,1,56207.41482965932,1
58,0.0,0,1,8746.016717342996,0.0,4200.0,0.0,1,64854.70941883767,2
58,0.0,0,1,8598.103530053753,0.0,4300.0,0.0,1,65935.62124248497,2
58,0.0,0,1,8758.26227777167,0.0,4300.0,0.0,1,72421.09218436874,2
58,0.0,0,1,8704.308312265213,0.0,4300.0,0.0,1,68097.44488977955,2
58,0.0,0,1,8706.959459039053,0.0,4300.0,0.0,1,65935.62124248497,2
69,630000.0,0,2,3422.1773146794158,1070000.0,4115000.0,630000.0,1,444254.7595190381,2
69,630000.0,0,2,3513.2048185804356,1070000.0,4115000.0,630000.0,1,447497.49498997995,2
69,630000.0,0,2,3651.782603639195,1070000.0,4115000.0,630000.0,1,458306.6132264529,2
69,630000.0,0,2,3507.1446854722935,1070000.0,4115000.0,630000.0,1,442092.9358717435,2
69,630000.0,0,2,3443.839315630001,1070000.0,4115000.0,630000.0,1,452902.0541082164,2
73,0.0,0,1,405.75465586993323,700000.0,10057500.0,0.0,1,260499.74949899802,1
73,0.0,0,1,430.2998929946945,700000.0,10056500.0,0.0,1,260499.74949899802,1
73,0.0,0,1,447.3466524223033,700000.0,10056500.0,0.0,1,262661.5731462926,1
73,0.0,0,1,431.2486067642506,700000.0,10056500.0,0.0,1,263742.48496993986,1
73,0.0,0,1,412.93188260079444,700000.0,10056500.0,0.0,1,259418.8376753507,1
62,64000.0,0,1,12433.442129734498,356000.0,369400.0,64000.0,1,79987.4749498998,2
62,64000.0,0,1,11482.608477770373,356000.0,371500.0,64000.0,1,78906.5631262525,2
62,64000.0,0,1,11876.15384180962,356000.0,365670.0,64000.0,1,79987.4749498998,2
62,64000.0,0,1,11751.464242088738,356000.0,366400.0,64000.0,1,78906.5631262525,2
62,64000.0,0,1,11594.569829922619,356000.0,366640.0,64000.0,1,78906.5631262525,2
84,0.0,0,2,2989.459441698084,100000.0,9995800.0,0.0,0,636657.0641282565,2
84,0.0,0,2,3112.7018452601583,100000.0,8705600.0,0.0,0,613957.9158316633,2
84,0.0,0,2,3209.2504980029726,100000.0,7507100.0,0.0,0,633414.3286573146,2
84,0.0,0,2,3085.9368272079273,100000.0,8596000.0,0.0,0,608553.3567134269,2
84,0.0,0,2,3012.479068208971,100000.0,8124900.0,0.0,0,622605.2104208417,2
47,69000.0,0,2,10137.853872967207,0.0,4650.0,69000.0,1,61611.9739478958,2
47,69000.0,0,2,9625.339098462144,0.0,4620.0,69000.0,1,61611.9739478958,2
47,69000.0,0,2,9688.213136471382,0.0,4700.0,69000.0,1,61611.9739478958,2
47,69000.0,0,2,9801.36013785737,0.0,3460.0,69000.0,1,61611.9739478958,2
47,69000.0,0,2,9582.1952796403,0.0,3640.0,69000.0,1,61611.9739478958,2
72,0.0,0,1,44.07692596469304,1610000.0,118713100.0,0.0,1,18007990.98196393,1
72,0.0,0,1,44.4701637799752,1640000.0,111641100.0,0.0,1,16991933.86773547,1
72,0.0,0,1,44.8199546595055,1650000.0,118672900.0,0.0,1,17748572.144288577,1
72,0.0,0,1,45.7258965355165,1610000.0,121159500.0,0.0,1,17478344.188376755,1
72,0.0,0,1,44.32545004256503,1760000.0,121124000.0,0.0,1,18234982.46492986,1
63,148000.0,0,1,6425.789693112792,652000.0,2146600.0,100000.0,1,444254.7595190381,1
63,148000.0,0,1,7567.089627131466,652000.0,2120900.0,100000.0,1,499381.26252505,1
63,148000.0,0,1,5420.518358689251,652000.0,1872600.0,100000.0,1,441012.0240480962,1
63,148000.0,0,1,6494.9346207754115,652000.0,2045400.0,100000.0,1,315626.25250501,1
63,148000.0,0,1,5844.9608523590705,652000.0,1908600.0,100000.0,1,443173.8476953908,1
60,0.0,0,1,4452.532961798141,0.0,18010.0,0.0,1,84311.12224448897,1
60,0.0,0,1,4569.28875046696,0.0,33400.0,0.0,1,84311.12224448897,1
60,0.0,0,1,4489.319489605477,0.0,24100.0,0.0,1,84311.12224448897,1
60,0.0,0,1,4543.683371744869,0.0,23950.0,0.0,1,84311.12224448897,1
60,0.0,0,1,4505.77966259233,0.0,26950.0,0.0,1,84311.12224448897,1
69,0.0,0,1,48.94215104317907,3000000.0,83539900.0,0.0,1,3739954.9098196393,1
69,0.0,0,1,48.514784921768936,3000000.0,84570900.0,0.0,1,3361635.771543086,1
69,0.0,0,1,48.894968370507044,3000000.0,80659900.0,0.0,1,3134644.2885771543,1
69,0.0,0,1,49.88635803309477,3000000.0,72928900.0,0.0,1,3199498.997995992,1
69,0.0,0,1,49.2314428569268,3000000.0,82519900.0,0.0,1,3372444.8897795593,1
61,0.0,0,1,44.69917849306705,575000.0,204429400.0,0.0,1,14203181.362725452,1
61,0.0,0,1,45.09796781221334,575000.0,186167800.0,0.0,1,13176315.130260522,1
61,0.0,0,1,45.45269683691656,575000.0,212296400.0,0.0,1,15003056.112224448,1
61,0.0,0,1,46.37142827596014,575000.0,189697400.0,0.0,1,13997808.116232464,1
61,0.0,0,1,44.951211090020934,575000.0,237240100.0,0.0,1,15003056.112224448,1
58,0.0,0,2,7300.145188579544,0.0,3820.0,0.0,0,36751.00200400801,2
58,0.0,0,2,7271.927369125324,0.0,3730.0,0.0,0,36751.00200400801,2
58,0.0,0,2,7331.662581220371,0.0,3830.0,0.0,0,36751.00200400801,2
58,0.0,0,2,7187.645592686703,0.0,3830.0,0.0,0,36751.00200400801,2
58,0.0,0,2,7311.956214462142,0.0,3720.0,0.0,0,36751.00200400801,2
63,0.0,0,1,2128.7652261716858,0.0,4201.0,0.0,0,24860.971943887776,2
63,0.0,0,1,2140.285392143188,0.0,4401.0,0.0,0,24860.971943887776,2
63,0.0,0,1,2107.2844132412324,0.0,4101.0,0.0,0,24860.971943887776,2
63,0.0,0,1,2142.7444905155603,0.0,4201.0,0.0,0,25941.88376753507,2
63,0.0,0,1,2112.5579700165595,0.0,3901.0,0.0,0,24860.971943887776,2
49,15000.0,0,1,3773.48082502483,135000.0,193200.0,15000.0,1,57288.32665330661,1
49,15000.0,0,1,3489.8593978656136,135000.0,181300.0,15000.0,1,67016.53306613227,1
49,15000.0,0,1,3561.113493586985,135000.0,170700.0,15000.0,1,46479.208416833666,1
49,15000.0,0,1,3615.2129202182996,135000.0,188400.0,15000.0,1,55126.503006012026,1
49,15000.0,0,1,3468.2598486145994,135000.0,176100.0,15000.0,1,64854.70941883767,1
48,0.0,0,1,6869.463442486618,0.0,36800.0,0.0,1,108091.18236472947,1
48,0.0,0,1,6682.333168506893,0.0,36800.0,0.0,1,108091.18236472947,1
48,0.0,0,1,6826.63012877444,0.0,30500.0,0.0,1,108091.18236472947,1
48,0.0,0,1,6838.5452946675605,0.0,21400.0,0.0,1,108091.18236472947,1
48,0.0,0,1,6783.859877892248,0.0,35210.0,0.0,1,108091.18236472947,1
82,0.0,0,2,2551.3379945802217,0.0,2960.0,0.0,0,10376.753507014027,2
82,0.0,0,2,2564.042907313228,0.0,240.0,0.0,0,10376.753507014027,2
82,0.0,0,2,2526.483477046081,0.0,1370.0,0.0,0,10376.753507014027,2
82,0.0,0,2,2566.864962386589,0.0,150.0,0.0,0,10376.753507014027,2
82,0.0,0,2,2532.6427262375823,0.0,100.0,0.0,0,10376.753507014027,2
66,77000.0,0,2,4572.787688005915,123000.0,142900.0,77000.0,1,61611.9739478958,2
66,77000.0,0,2,4244.002515091375,123000.0,142900.0,77000.0,1,61611.9739478958,2
66,77000.0,0,2,4336.091381911259,123000.0,142800.0,77000.0,1,61611.9739478958,2
66,77000.0,0,2,4418.788476277538,123000.0,142800.0,77000.0,1,61611.9739478958,2
66,77000.0,0,2,4337.408011049485,123000.0,142800.0,77000.0,1,61611.9739478958,2
71,83000.0,0,1,7263.178807984475,362000.0,653610.0,83000.0,1,77825.65130260521,1
71,83000.0,0,1,7283.193908576187,362000.0,654190.0,83000.0,1,77825.65130260521,1
71,83000.0,0,1,7849.475713961195,362000.0,650560.0,83000.0,1,77825.65130260521,1
71,83000.0,0,1,7475.268108838932,362000.0,637790.0,83000.0,1,76744.73947895791,1
71,83000.0,0,1,7966.191988359775,362000.0,626550.0,83000.0,1,76744.73947895791,1
31,0.0,0,2,1792.6024091363574,0.0,67060.0,0.0,1,54045.59118236473,2
31,0.0,0,2,1812.1511142371157,0.0,65910.0,0.0,1,54045.59118236473,2
31,0.0,0,2,1807.46162606877,0.0,73100.0,0.0,1,54045.59118236473,2
31,0.0,0,2,1810.0591047923822,0.0,67100.0,0.0,1,54045.59118236473,2
31,0.0,0,2,1812.2023294443502,0.0,73500.0,0.0,1,54045.59118236473,2
53,220000.0,0,1,7156.056013569641,211000.0,555700.0,220000.0,1,216182.36472945893,1
53,220000.0,0,1,7185.25229230854,48000.0,388900.0,220000.0,1,216182.36472945893,1
53,220000.0,0,1,7736.771420804973,34000.0,314300.0,220000.0,1,216182.36472945893,1
53,220000.0,0,1,7385.004840097904,139000.0,718200.0,220000.0,1,216182.36472945893,1
53,220000.0,0,1,7857.1769034294075,141000.0,619700.0,220000.0,1,216182.36472945893,1
65,0.0,0,1,8681.38450987684,230000.0,1964000.0,0.0,0,89715.68136272545,2
65,0.0,0,1,10211.051492306377,230000.0,1963400.0,0.0,0,90796.59318637275,2
65,0.0,0,1,7321.15483656667,230000.0,1958090.0,0.0,0,89715.68136272545,2
65,0.0,0,1,8759.040415467958,230000.0,1966300.0,0.0,0,89715.68136272545,2
65,0.0,0,1,7893.781098355792,230000.0,1964500.0,0.0,0,90796.59318637275,2
57,0.0,0,1,48.34355802836918,0.0,51427000.0,0.0,1,4701966.432865731,1
57,0.0,0,1,47.3827568885785,0.0,51203000.0,0.0,1,4691157.314629259,1
57,0.0,0,1,47.489859219633914,0.0,51540000.0,0.0,1,4701966.432865731,1
57,0.0,0,1,48.05041408862397,0.0,51515000.0,0.0,1,4701966.432865731,1
57,0.0,0,1,49.164771444126345,0.0,51612000.0,0.0,1,4701966.432865731,1
78,0.0,0,2,20768.864090720446,0.0,4990.0,0.0,0,11890.03006012024,2
78,0.0,0,2,20682.09360104237,0.0,9200.0,0.0,0,11890.03006012024,2
78,0.0,0,2,20583.875669078345,0.0,12300.0,0.0,0,11890.03006012024,2
78,0.0,0,2,20612.387153161246,0.0,16490.0,0.0,0,11890.03006012024,2
78,0.0,0,2,20595.01409926533,0.0,11990.0,0.0,0,11890.03006012024,2
67,0.0,0,1,20253.43671390906,0.0,200.0,0.0,1,68097.44488977955,2
67,0.0,0,1,19136.07648797852,0.0,0.0,0.0,1,68097.44488977955,2
67,0.0,0,1,19352.346198882024,0.0,200.0,0.0,1,68097.44488977955,2
67,0.0,0,1,19900.205131950195,0.0,100.0,0.0,1,68097.44488977955,2
67,0.0,0,1,19273.33596879783,0.0,100.0,0.0,1,68097.44488977955,2
58,400000.0,0,1,2997.106005852499,350000.0,1100500.0,400000.0,1,186997.74549098196,2
58,400000.0,0,1,3017.9285806486414,350000.0,1108500.0,400000.0,1,186997.74549098196,2
58,400000.0,0,1,3118.194791115822,350000.0,1086500.0,400000.0,1,186997.74549098196,2
58,400000.0,0,1,3118.970329224816,350000.0,1145500.0,400000.0,1,186997.74549098196,2
58,400000.0,0,1,3200.803093405124,350000.0,1079500.0,400000.0,1,186997.74549098196,2
42,0.0,0,1,1849.4793933601693,0.0,146300.0,0.0,1,153489.47895791582,1
42,0.0,0,1,1838.9939732776716,0.0,147200.0,0.0,1,153489.47895791582,1
42,0.0,0,1,1845.3169116246522,0.0,145300.0,0.0,1,153489.47895791582,1
42,0.0,0,1,1868.1909855008598,0.0,146300.0,0.0,1,153489.47895791582,1
42,0.0,0,1,1834.4865257301458,0.0,145300.0,0.0,1,153489.47895791582,1
69,0.0,0,1,2917.209772957519,85000.0,116050.0,0.0,0,50802.855711422846,1
69,0.0,0,1,2707.461281431098,85000.0,135320.0,0.0,0,38912.825651302606,1
69,0.0,0,1,2766.2093713483673,85000.0,116050.0,0.0,0,39993.7374749499,1
69,0.0,0,1,2818.9659803012105,85000.0,112510.0,0.0,0,47560.12024048096,1
69,0.0,0,1,2767.049314868919,85000.0,130120.0,0.0,0,44317.38476953908,1
40,22000.0,0,2,18948.46927943092,90000.0,179000.0,22000.0,1,117819.38877755511,1
40,22000.0,0,2,18482.575938026224,90000.0,178000.0,22000.0,1,117819.38877755511,1
40,22000.0,0,2,18232.890959735247,90000.0,179100.0,22000.0,1,117819.38877755511,1
40,22000.0,0,2,18673.99999975937,90000.0,179000.0,22000.0,1,117819.38877755511,1
40,22000.0,0,2,18085.876180196017,90000.0,179000.0,22000.0,1,117819.38877755511,1
62,36000.0,0,2,9298.633646284936,92000.0,32300.0,36000.0,0,12970.941883767535,2
62,55000.0,0,2,8868.191970595495,73000.0,14300.0,55000.0,0,12970.941883767535,2
62,35000.0,0,2,9168.522243518973,93000.0,34300.0,35000.0,0,12970.941883767535,2
62,46000.0,0,2,8932.792818320664,82000.0,22300.0,46000.0,0,12970.941883767535,2
62,59000.0,0,2,9049.019268095883,69000.0,10300.0,59000.0,0,12970.941883767535,2
57,58000.0,0,1,2306.6272487645083,703000.0,736600.0,58000.0,1,99443.8877755511,2
57,57000.0,0,1,2315.6956770398388,704000.0,745500.0,57000.0,1,99443.8877755511,2
57,57000.0,0,1,2492.9821874229174,703000.0,753700.0,57000.0,1,99443.8877755511,2
57,57000.0,0,1,2378.7751072415226,703000.0,742400.0,57000.0,1,99443.8877755511,2
57,58000.0,0,1,2531.2898232151606,702000.0,749900.0,58000.0,1,99443.8877755511,2
42,600000.0,0,1,554.867968767163,600000.0,9455100.0,600000.0,1,692864.4789579158,1
42,600000.0,0,1,598.6621163746879,600000.0,9056100.0,600000.0,1,778256.5130260522,1
42,600000.0,0,1,627.649959446506,600000.0,9139100.0,600000.0,1,781499.248496994,1
42,600000.0,0,1,597.4035845129437,600000.0,8997100.0,600000.0,1,766366.4829659319,1
42,600000.0,0,1,559.2465437228245,600000.0,9677100.0,600000.0,1,768528.3066132264,1
38,0.0,0,2,8388.320481646912,70000.0,148270.0,0.0,1,82149.29859719439,2
38,0.0,0,2,8141.019746151307,70000.0,149480.0,0.0,1,75663.82765531063,2
38,0.0,0,2,8179.045412688382,70000.0,144860.0,0.0,1,82149.29859719439,2
38,0.0,0,2,8195.336477153518,70000.0,147700.0,0.0,1,82149.29859719439,2
38,0.0,0,2,8094.384602877624,70000.0,147760.0,0.0,1,83230.21042084169,2
63,0.0,0,1,7925.173872672965,0.0,7400.0,0.0,1,37831.91382765531,1
63,0.0,0,1,8023.781806883768,0.0,25800.0,0.0,1,37831.91382765531,1
63,0.0,0,1,8029.553834447232,0.0,20800.0,0.0,1,37831.91382765531,1
63,0.0,0,1,7985.990311278141,0.0,4910.0,0.0,1,37831.91382765531,1
63,0.0,0,1,8015.749620956138,0.0,9810.0,0.0,1,37831.91382765531,1
63,280000.0,0,1,1336.7819358203292,820000.0,3253000.0,280000.0,1,70259.26853707415,1
63,280000.0,0,1,1455.6250635485499,820000.0,3253000.0,280000.0,1,71340.18036072144,1
63,280000.0,0,1,1581.1063762700503,820000.0,3253000.0,280000.0,1,87553.85771543086,1
63,280000.0,0,1,1401.8280387008297,820000.0,3253000.0,280000.0,1,77825.65130260521,1
63,280000.0,0,1,1366.5047458777287,820000.0,3253000.0,280000.0,1,65935.62124248497,1
57,0.0,0,1,125.72632054918677,1300000.0,11440000.0,0.0,1,1491658.3166332666,1
57,0.0,0,1,131.93857075677911,1300000.0,9890000.0,0.0,1,1534894.7895791584,1
57,0.0,0,1,138.26680503795706,1300000.0,13640000.0,0.0,1,1545703.9078156312,1
57,0.0,0,1,132.12880995289652,1300000.0,13140000.0,0.0,1,2021305.110220441,1
57,0.0,0,1,127.99857201586353,1300000.0,12740000.0,0.0,1,1686222.4448897797,1
28,215000.0,0,1,8233.326874993832,75000.0,372680.0,179000.0,1,111333.91783567134,1
28,215000.0,0,1,8257.120720213601,75000.0,338730.0,179000.0,1,111333.91783567134,1
28,215000.0,0,1,8903.534860975604,75000.0,377950.0,179000.0,1,111333.91783567134,1
28,214000.0,0,1,8480.82091820199,76000.0,362020.0,179000.0,1,111333.91783567134,1
28,215000.0,0,1,9035.9725020465,75000.0,385950.0,179000.0,1,111333.91783567134,1
46,179000.0,0,2,15762.186072875222,151000.0,152970.0,179000.0,1,14051.85370741483,2
46,179000.0,0,2,14831.847525235211,151000.0,152970.0,179000.0,1,18375.501002004006,2
46,179000.0,0,2,15175.088796154561,151000.0,152870.0,179000.0,1,17294.589178356713,2
46,179000.0,0,2,15686.771293928943,151000.0,152970.0,179000.0,1,19456.412825651303,2
46,179000.0,0,2,14421.509091826147,151000.0,152870.0,179000.0,1,16213.677354709418,2
73,600000.0,0,1,404.95732388597384,2400000.0,13536000.0,600000.0,0,707997.244488978,1
73,600000.0,0,1,429.45432816280555,2400000.0,13536000.0,600000.0,0,705835.4208416834,1
73,600000.0,0,1,446.46758969626114,2400000.0,13536000.0,600000.0,0,704754.5090180361,1
73,600000.0,0,1,430.40117765348975,2400000.0,13536000.0,600000.0,0,704754.5090180361,1
73,600000.0,0,1,412.12044694027657,2400000.0,13536000.0,600000.0,0,712320.8917835671,1
65,13000.0,0,2,2243.8738367215274,180000.0,296560.0,13000.0,1,39993.7374749499,2
65,13000.0,0,2,2040.7104341365016,180000.0,293160.0,13000.0,1,39993.7374749499,2
65,13000.0,0,2,2073.715871760349,181000.0,302860.0,13000.0,1,39993.7374749499,2
65,13000.0,0,2,2171.071242390516,184000.0,306260.0,13000.0,1,39993.7374749499,2
65,13000.0,0,2,2074.697360334142,186000.0,299160.0,13000.0,1,39993.7374749499,2
83,0.0,0,2,2204.51083656622,0.0,1200.0,0.0,0,18375.501002004006,2
83,0.0,0,2,2210.4867793044423,0.0,1200.0,0.0,0,18375.501002004006,2
83,0.0,0,2,2129.125554314208,0.0,1200.0,0.0,0,18375.501002004006,2
83,0.0,0,2,2226.296164789018,0.0,1200.0,0.0,0,18375.501002004006,2
83,0.0,0,2,2139.0527930446265,0.0,1200.0,0.0,0,18375.501002004006,2
70,0.0,0,1,44.019844856913025,7000000.0,48072030.0,0.0,1,1588940.380761523,1
70,0.0,0,1,43.998429258020295,7000000.0,50494000.0,0.0,1,1610558.617234469,1
70,0.0,0,1,44.20036068788865,7000000.0,46686000.0,0.0,1,1610558.617234469,1
70,0.0,0,1,44.74481825661824,7000000.0,46561000.0,0.0,1,1610558.617234469,1
70,0.0,0,1,44.781432138135585,7000000.0,47507000.0,0.0,1,1567322.1442885771,1
56,0.0,0,1,3148.672804821933,175000.0,261090.0,0.0,1,142680.36072144288,1
56,0.0,0,1,3022.251636923841,179000.0,274200.0,0.0,1,114576.65330661323,1
56,0.0,0,1,3060.0953519384293,173000.0,270700.0,0.0,1,157813.126252505,1
56,0.0,0,1,3047.6767385312332,171000.0,236400.0,0.0,1,111333.91783567134,1
56,0.0,0,1,3028.206789034906,174000.0,245400.0,0.0,1,137275.8016032064,1
25,0.0,0,1,9287.040556434968,0.0,25640.0,0.0,1,64854.70941883767,2
25,0.0,0,1,9438.089307609302,0.0,24635.0,0.0,1,64854.70941883767,2
25,0.0,0,1,9253.0613769562,0.0,28140.0,0.0,1,64854.70941883767,2
25,0.0,0,1,9437.066968590305,0.0,24635.0,0.0,1,64854.70941883767,2
25,0.0,0,1,9296.802645263739,0.0,8430.0,0.0,1,64854.70941883767,2
68,0.0,0,1,8060.146326004343,0.0,9800.0,0.0,0,23780.06012024048,2
68,0.0,0,1,8035.775168502121,0.0,7520.0,0.0,0,16213.677354709418,2
68,0.0,0,1,8074.411053643955,0.0,11300.0,0.0,0,16213.677354709418,2
68,0.0,0,1,8007.4734839722005,0.0,29500.0,0.0,0,16213.677354709418,2
68,0.0,0,1,8062.687215229533,0.0,14500.0,0.0,0,18375.501002004006,2
54,0.0,0,1,5.08461728370847,3880000.0,266091800.0,0.0,1,138345904.30861723,1
54,0.0,0,1,5.00686340691882,3880000.0,390056000.0,0.0,1,135654433.86773548,1
54,0.0,0,1,5.053723288136309,3890000.0,342721000.0,0.0,1,135643624.749499,1
54,0.0,0,1,5.143877365957818,3890000.0,328197000.0,0.0,1,131028131.26252504,1
54,0.0,0,1,5.111322398704262,3880000.0,288446000.0,0.0,1,170784068.13627255,1
39,272000.0,0,1,10073.716661118542,553000.0,875000.0,272000.0,1,205373.24649298599,1
39,272000.0,0,1,10115.064827448534,553000.0,876000.0,272000.0,1,205373.24649298599,1
39,272000.0,0,1,10891.660407876663,553000.0,876000.0,272000.0,1,205373.24649298599,1
39,272000.0,0,1,10390.364873267052,553000.0,876000.0,272000.0,1,205373.24649298599,1
39,272000.0,0,1,11057.323603555755,553000.0,876000.0,272000.0,1,205373.24649298599,1
41,0.0,0,1,2252.4120511717983,414000.0,742230.0,0.0,1,429121.99398797593,1
41,0.0,0,1,2276.8624861617827,413000.0,726100.0,0.0,1,366429.10821643285,1
41,0.0,0,1,2373.1705543204016,333000.0,674500.0,0.0,1,317788.0761523046,1
41,0.0,0,1,2343.9349551257874,494000.0,840500.0,0.0,1,335082.66533066134,1
41,0.0,0,1,2405.8867988336556,414000.0,731500.0,0.0,1,409665.58116232464,1
35,0.0,0,1,2908.457313392543,0.0,4200.0,0.0,1,20537.324649298596,1
35,0.0,0,1,2907.593581411599,0.0,5500.0,0.0,1,16213.677354709418,1
35,0.0,0,1,2914.2633525730103,0.0,7000.0,0.0,1,21618.236472945893,1
35,0.0,0,1,2904.235402710953,0.0,8800.0,0.0,1,23780.06012024048,1
35,0.0,0,1,2913.7911130684925,0.0,6800.0,0.0,1,16213.677354709418,1
53,0.0,0,2,9621.793394567407,0.0,380.0,0.0,0,15132.765531062125,2
53,0.0,0,2,9592.372819469932,0.0,370.0,0.0,0,16213.677354709418,2
53,0.0,0,2,9641.937522222064,0.0,360.0,0.0,0,16213.677354709418,2
53,0.0,0,2,9552.614958135475,0.0,370.0,0.0,0,15132.765531062125,2
53,0.0,0,2,9623.95628152101,0.0,380.0,0.0,0,16213.677354709418,2
65,123000.0,0,2,2143.184843721315,17000.0,22800.0,123000.0,1,131871.24248496993,2
65,123000.0,0,2,1962.3709560040675,17000.0,23300.0,123000.0,1,131871.24248496993,2
65,123000.0,0,2,2015.3317837825591,17000.0,-5700.0,123000.0,1,131871.24248496993,2
65,123000.0,0,2,2036.072418656803,17000.0,29900.0,123000.0,1,131871.24248496993,2
65,123000.0,0,2,2017.3729538284072,17000.0,14000.0,123000.0,1,131871.24248496993,2
27,0.0,0,1,1511.9896828394158,0.0,80500.0,0.0,1,62692.885771543086,1
27,0.0,0,1,1481.570943045553,0.0,81500.0,0.0,1,62692.885771543086,1
27,0.0,0,1,1503.563149793405,0.0,80500.0,0.0,1,62692.885771543086,1
27,0.0,0,1,1517.1485756516515,0.0,81500.0,0.0,1,62692.885771543086,1
27,0.0,0,1,1490.1431273530868,0.0,80500.0,0.0,1,62692.885771543086,1
51,0.0,0,2,1667.9464313558249,0.0,5600.0,0.0,1,25941.88376753507,2
51,0.0,0,2,1626.9213797307038,0.0,5500.0,0.0,1,25941.88376753507,2
51,0.0,0,2,1658.2378905279081,0.0,12060.0,0.0,1,25941.88376753507,2
51,0.0,0,2,1670.7029860977618,0.0,7100.0,0.0,1,25941.88376753507,2
51,0.0,0,2,1650.6186037526118,0.0,5350.0,0.0,1,25941.88376753507,2
80,0.0,0,1,2859.2575408126854,0.0,8142500.0,0.0,0,422636.5230460922,1
80,0.0,0,1,3036.023175721772,0.0,8142500.0,0.0,0,423717.43486973946,1
80,0.0,0,1,3137.4676831097913,0.0,8327500.0,0.0,0,425879.25851703406,1
80,0.0,0,1,3018.445631551676,0.0,8142500.0,0.0,0,426960.1703406814,1
80,0.0,0,1,2882.1641014436514,0.0,8142500.0,0.0,0,423717.43486973946,1
43,585000.0,0,1,9099.427529044606,90000.0,137100.0,585000.0,1,97282.06412825652,1
43,585000.0,0,1,9135.910870512722,90000.0,137100.0,585000.0,1,97282.06412825652,1
43,585000.0,0,1,9833.847174415478,90000.0,137100.0,585000.0,1,97282.06412825652,1
43,585000.0,0,1,9382.766542192716,90000.0,138000.0,585000.0,1,97282.06412825652,1
43,585000.0,0,1,9985.618355454093,90000.0,137000.0,585000.0,1,97282.06412825652,1
50,0.0,0,1,47.19592779970564,16170000.0,131303000.0,0.0,1,7533955.410821644,1
50,0.0,0,1,46.783809815918644,17040000.0,147676800.0,0.0,1,6842171.843687375,1
50,0.0,0,1,47.15042857326456,17570000.0,145117000.0,0.0,1,5999060.621242485,1
50,0.0,0,1,48.10644611519047,16600000.0,132246400.0,0.0,1,6085533.567134269,1
50,0.0,0,1,47.47489787485902,19180000.0,127501500.0,0.0,1,6290906.813627254,1
53,1500000.0,0,1,1147.8870592534704,1500000.0,4429250.0,1500000.0,1,1005247.9959919838,1
53,1500000.0,0,1,1221.5286506368889,1500000.0,4439250.0,1500000.0,1,1005247.9959919838,1
53,1500000.0,0,1,1277.8264929649972,1500000.0,4444250.0,1500000.0,1,1005247.9959919838,1
53,1490000.0,0,1,1218.738265132218,1510000.0,4443250.0,1490000.0,1,1005247.9959919838,1
53,1500000.0,0,1,1172.0609894681927,1500000.0,4435250.0,1500000.0,1,1005247.9959919838,1
69,0.0,0,1,431.28330672762087,750000.0,4666200.0,0.0,0,210669.71442885773,1
69,0.0,0,1,443.5444861632206,750000.0,5751000.0,0.0,0,260499.74949899802,1
69,0.0,0,1,472.7873563067995,750000.0,8533000.0,0.0,0,214020.54108216433,1
69,0.0,0,1,445.2377455010904,750000.0,5909000.0,0.0,0,275632.51503006014,1
69,0.0,0,1,431.14158676011175,750000.0,5899000.0,0.0,0,269147.04408817634,1
57,0.0,0,1,7849.705247065018,0.0,324000.0,0.0,0,139437.625250501,1
57,0.0,0,1,7991.3351422446085,0.0,324000.0,0.0,0,139437.625250501,1
57,0.0,0,1,8006.128375458715,0.0,324000.0,0.0,0,139437.625250501,1
57,0.0,0,1,7910.922184200032,0.0,324000.0,0.0,0,139437.625250501,1
57,0.0,0,1,8005.196756747003,0.0,325000.0,0.0,0,139437.625250501,1
49,0.0,0,1,8794.268784966602,246000.0,666490.0,0.0,1,207535.07014028056,1
49,0.0,0,1,8829.084909954689,246000.0,667590.0,0.0,1,208615.98196392786,1
49,0.0,0,1,9508.948250249317,246000.0,667490.0,0.0,1,208615.98196392786,1
49,0.0,0,1,9071.726303297857,246000.0,666400.0,0.0,1,208615.98196392786,1
49,0.0,0,1,9655.463070918107,246000.0,665490.0,0.0,1,207535.07014028056,1
44,0.0,0,2,2177.4888234114223,0.0,-45100.0,0.0,1,31346.442885771543,2
44,0.0,0,2,2197.2116838047873,0.0,-44200.0,0.0,1,32427.354709418836,2
44,0.0,0,2,2143.4552787221137,0.0,-46600.0,0.0,1,31346.442885771543,2
44,0.0,0,2,2176.153433753419,0.0,-47000.0,0.0,1,31346.442885771543,2
44,0.0,0,2,2154.6736486976815,0.0,-46900.0,0.0,1,31346.442885771543,2
45,0.0,0,2,2480.009552664203,0.0,-1460.0,0.0,1,34589.178356713426,2
45,0.0,0,2,2464.108320259664,0.0,-1460.0,0.0,1,34589.178356713426,2
45,0.0,0,2,2443.4553593116916,0.0,-1460.0,0.0,1,34589.178356713426,2
45,0.0,0,2,2473.162273353408,0.0,-1460.0,0.0,1,34589.178356713426,2
45,0.0,0,2,2445.104456040818,0.0,-1460.0,0.0,1,33508.26653306613,2
37,0.0,0,1,2020.2747955007685,0.0,112380.0,0.0,1,91877.50501002005,1
37,0.0,0,1,2089.088709706246,0.0,113800.0,0.0,1,91877.50501002005,1
37,0.0,0,1,2054.639494499518,0.0,112200.0,0.0,1,91877.50501002005,1
37,0.0,0,1,2092.2866635422147,0.0,112000.0,0.0,1,91877.50501002005,1
37,0.0,0,1,2071.614458444871,0.0,112790.0,0.0,1,91877.50501002005,1
70,15000.0,0,2,7455.853050704643,262000.0,272140.0,15000.0,0,17294.589178356713,1
70,17000.0,0,2,7059.481373634192,260000.0,271140.0,17000.0,0,17294.589178356713,1
70,6800.0,0,2,7315.540164155132,270200.0,280980.0,6800.0,0,17294.589178356713,1
70,8200.0,0,2,7086.887496757741,268800.0,280090.0,8200.0,0,17294.589178356713,1
70,7300.0,0,2,7144.437247963996,269700.0,282060.0,7300.0,0,17294.589178356713,1
55,310000.0,0,1,1760.7780817355895,310000.0,204100.0,310000.0,1,163217.68537074147,1
55,310000.0,0,1,1766.2553243742034,310000.0,208900.0,310000.0,1,249690.631262525,1
55,310000.0,0,1,1898.9668618683586,310000.0,206000.0,310000.0,1,248609.71943887774,1
55,310000.0,0,1,1812.4720139022265,310000.0,204400.0,310000.0,1,195645.0400801603,1
55,310000.0,0,1,1927.1322942533886,310000.0,206200.0,310000.0,1,179431.3627254509,1
31,240000.0,0,1,20085.309757366187,120000.0,121270.0,240000.0,1,112414.82965931864,1
31,240000.0,0,1,20552.80476091887,120000.0,124270.0,240000.0,1,117819.38877755511,1
31,240000.0,0,1,19945.855781342958,120000.0,131500.0,240000.0,1,118900.3006012024,1
31,240000.0,0,1,20437.72514514111,120000.0,130270.0,240000.0,1,108091.18236472947,1
31,240000.0,0,1,19968.412736181665,120000.0,91580.0,240000.0,1,110253.00601202405,1
36,0.0,0,1,2996.3818262099567,0.0,7330.0,0.0,1,50802.855711422846,1
36,0.0,0,1,2931.394733782776,0.0,7550.0,0.0,1,45398.29659318637,1
36,0.0,0,1,2952.9724696564917,0.0,9100.0,0.0,1,55126.503006012026,1
36,0.0,0,1,2952.0889286599327,0.0,7460.0,0.0,1,39993.7374749499,1
36,0.0,0,1,2918.6255189982476,0.0,7270.0,0.0,1,54045.59118236473,1
52,890000.0,0,1,823.2688955195456,610000.0,1246000.0,890000.0,1,319949.8997995992,1
52,890000.0,0,1,962.9664227621608,610000.0,1246000.0,890000.0,1,319949.8997995992,1
52,890000.0,0,1,690.9606544993867,610000.0,1246000.0,890000.0,1,319949.8997995992,1
52,890000.0,0,1,819.7771000564911,610000.0,1246000.0,890000.0,1,319949.8997995992,1
52,890000.0,0,1,743.4182252134544,610000.0,1246000.0,890000.0,1,319949.8997995992,1
28,160000.0,0,1,15357.67340429527,65000.0,263000.0,160000.0,1,92958.41683366733,2
28,160000.0,0,1,15300.978538336954,65000.0,263000.0,160000.0,1,91877.50501002005,2
28,160000.0,0,1,15080.153987618785,65000.0,263000.0,160000.0,1,91877.50501002005,2
28,160000.0,0,1,15529.578556495655,65000.0,263000.0,160000.0,1,92958.41683366733,2
28,160000.0,0,1,15059.893428751539,65000.0,263000.0,160000.0,1,91877.50501002005,2
34,465000.0,0,1,11828.88953733291,166000.0,270500.0,465000.0,1,464792.08416833665,1
34,465000.0,0,1,11872.59686621931,166000.0,269500.0,465000.0,1,464792.08416833665,1
34,465000.0,0,1,12793.513015365766,166000.0,269500.0,465000.0,1,464792.08416833665,1
34,465000.0,0,1,12200.76290659529,166000.0,268500.0,465000.0,1,464792.08416833665,1
34,465000.0,0,1,12987.415296770665,166000.0,269500.0,465000.0,1,464792.08416833665,1
42,489000.0,0,1,8309.221680318853,261000.0,572200.0,489000.0,1,237800.6012024048,1
42,489000.0,0,1,8343.327372554239,261000.0,554600.0,489000.0,1,237800.6012024048,1
42,489000.0,0,1,8983.895799363334,261000.0,556700.0,489000.0,1,237800.6012024048,1
42,489000.0,0,1,8570.406333206089,261000.0,558700.0,489000.0,1,237800.6012024048,1
42,489000.0,0,1,9120.541713029,261000.0,552170.0,489000.0,1,237800.6012024048,1
56,277000.0,0,1,2884.8037216556145,384000.0,3361630.0,277000.0,1,332920.84168336674,1
56,248000.0,0,1,3162.723518486924,326000.0,3217640.0,248000.0,1,340487.2244488978,1
56,249000.0,0,1,3429.010335602293,405000.0,3123990.0,249000.0,1,329678.1062124249,1
56,251000.0,0,1,3072.0020668690713,311000.0,3258600.0,251000.0,1,337244.4889779559,1
56,232000.0,0,1,2971.3882267087693,342000.0,3283740.0,232000.0,1,343729.9599198397,1
35,0.0,0,2,2176.1428633489163,0.0,9690.0,0.0,1,58369.238476953906,2
35,0.0,0,2,2225.7505285052753,0.0,9690.0,0.0,1,58369.238476953906,2
35,0.0,0,2,2160.1124457011615,0.0,8680.0,0.0,1,58369.238476953906,2
35,0.0,0,2,2212.1244965605138,0.0,8630.0,0.0,1,58369.238476953906,2
35,0.0,0,2,2169.87963481636,0.0,8690.0,0.0,1,58369.238476953906,2
33,0.0,0,1,1393.9216048092096,0.0,49100.0,0.0,1,97282.06412825652,1
33,0.0,0,1,1354.9808487695702,0.0,43000.0,0.0,1,97282.06412825652,1
33,0.0,0,1,1378.8586189800915,0.0,42000.0,0.0,1,97282.06412825652,1
33,0.0,0,1,1372.80282502521,0.0,41700.0,0.0,1,97282.06412825652,1
33,0.0,0,1,1363.0996291441083,0.0,46200.0,0.0,1,97282.06412825652,1
31,0.0,0,1,10623.4158464572,0.0,0.0,0.0,0,6485.470941883767,2
31,0.0,0,1,10582.628284063105,0.0,0.0,0.0,0,6485.470941883767,2
31,0.0,0,1,10635.697439844243,0.0,0.0,0.0,0,6485.470941883767,2
31,0.0,0,1,10534.870986702548,0.0,0.0,0.0,0,6485.470941883767,2
31,0.0,0,1,10615.441054392151,0.0,0.0,0.0,0,6485.470941883767,2
56,0.0,0,1,540.2354521327755,13230000.0,78582000.0,0.0,1,16894651.803607214,1
56,0.0,0,1,543.1369230660077,13500000.0,82381100.0,0.0,1,16883842.685370743,1
56,0.0,0,1,549.412034826005,13260000.0,79408900.0,0.0,1,16894651.803607214,1
56,0.0,0,1,561.1615343211159,11120000.0,80365300.0,0.0,1,16883842.685370743,1
56,0.0,0,1,544.8611148470143,11620000.0,86322800.0,0.0,1,16894651.803607214,1
48,300000.0,0,1,1340.2423295445792,700000.0,1266500.0,300000.0,1,423717.43486973946,1
48,300000.0,0,1,1336.0067232037159,700000.0,1155500.0,300000.0,1,321030.81162324647,1
48,300000.0,0,1,1440.8568585668215,700000.0,841100.0,300000.0,1,311302.60521042085,1
48,300000.0,0,1,1318.0508909552827,700000.0,1435400.0,300000.0,1,239962.4248496994,1
48,300000.0,0,1,1459.6405885468328,700000.0,1313660.0,300000.0,1,287522.54509018036,1
91,0.0,0,1,2436.4939330966813,4500000.0,6619850.0,0.0,1,65935.62124248497,1
91,0.0,0,1,2670.0762547638105,4500000.0,6766850.0,0.0,1,71988.72745490982,1
91,0.0,0,1,2897.149703770229,4500000.0,6444480.0,0.0,1,65935.62124248497,1
91,0.0,0,1,2593.3609895622576,4500000.0,6437040.0,0.0,1,65935.62124248497,1
91,0.0,0,1,2510.345673341256,4500000.0,6618880.0,0.0,1,65935.62124248497,1
67,90000.0,0,1,6943.236526625073,285000.0,308560.0,90000.0,0,45398.29659318637,1
67,90000.0,0,1,6941.173543858301,285000.0,309550.0,90000.0,0,45398.29659318637,1
67,90000.0,0,1,7070.237397004343,285000.0,312560.0,90000.0,0,45398.29659318637,1
67,90000.0,0,1,6938.34097482589,285000.0,308550.0,90000.0,0,45398.29659318637,1
67,90000.0,0,1,7052.185843038232,285000.0,310550.0,90000.0,0,45398.29659318637,1
87,0.0,0,2,16863.60999248086,12000.0,80000.0,0.0,0,34589.178356713426,2
87,0.0,0,2,15617.945819380406,12000.0,80700.0,0.0,0,34589.178356713426,2
87,0.0,0,2,15681.62425710959,12000.0,77700.0,0.0,0,34589.178356713426,2
87,0.0,0,2,16346.647983020608,12000.0,83700.0,0.0,0,34589.178356713426,2
87,0.0,0,2,15493.440335362553,12000.0,80300.0,0.0,0,34589.178356713426,2
71,70000.0,0,2,9128.971790549194,655000.0,969750.0,70000.0,0,76744.73947895791,2
71,70000.0,0,2,9161.476482764903,655000.0,969750.0,70000.0,0,77825.65130260521,2
71,70000.0,0,2,9867.21321469335,655000.0,969750.0,70000.0,0,74582.91583166333,2
71,70000.0,0,2,9408.109847940492,655000.0,969750.0,70000.0,0,74582.91583166333,2
71,70000.0,0,2,10016.710155606406,655000.0,969750.0,70000.0,0,74582.91583166333,2
30,0.0,0,1,6372.207402577603,0.0,31420.0,0.0,1,50802.855711422846,2
30,0.0,0,1,6424.231430684096,0.0,31410.0,0.0,1,51883.76753507014,2
30,0.0,0,1,6422.347980114113,0.0,31410.0,0.0,1,51883.76753507014,2
30,0.0,0,1,6394.73341367986,0.0,31410.0,0.0,1,50802.855711422846,2
30,0.0,0,1,6428.387181626262,0.0,31420.0,0.0,1,50802.855711422846,2
43,1290000.0,0,1,485.9120547485545,1060000.0,3136000.0,1290000.0,1,798793.8376753507,1
43,1290000.0,0,1,529.2658033584904,1060000.0,3136000.0,1290000.0,1,798793.8376753507,1
43,1290000.0,0,1,574.8758760283954,1060000.0,3135000.0,1290000.0,1,799874.749498998,1
43,1290000.0,0,1,509.85161205950965,1060000.0,3134000.0,1290000.0,1,798793.8376753507,1
43,1290000.0,0,1,496.8479598819552,1060000.0,3135000.0,1290000.0,1,798793.8376753507,1
59,0.0,0,2,11893.846193531595,17000.0,25990.0,0.0,0,20537.324649298596,2
59,0.0,0,2,11911.407693414394,17000.0,25980.0,0.0,0,20537.324649298596,2
59,0.0,0,2,11885.078779974847,17000.0,25980.0,0.0,0,21618.236472945893,2
59,0.0,0,2,11909.489050172899,17000.0,25980.0,0.0,0,20537.324649298596,2
59,0.0,0,2,11889.660143105712,17000.0,25990.0,0.0,0,20537.324649298596,2
61,0.0,0,1,12345.811765323415,0.0,401.0,0.0,0,21618.236472945893,1
61,0.0,0,1,12313.686876888683,0.0,301.0,0.0,0,20537.324649298596,1
61,0.0,0,1,12362.62990510531,0.0,201.0,0.0,0,21618.236472945893,1
61,0.0,0,1,12272.558681909017,0.0,301.0,0.0,0,21618.236472945893,1
61,0.0,0,1,12346.855711131302,0.0,401.0,0.0,0,21618.236472945893,1
75,0.0,0,1,6384.629615167797,700000.0,800200.0,0.0,0,74582.91583166333,1
75,0.0,0,1,6401.132028297325,700000.0,802500.0,0.0,0,79987.4749498998,1
75,0.0,0,1,6885.041663519945,700000.0,802900.0,0.0,0,67016.53306613227,1
75,0.0,0,1,6567.053771645808,700000.0,799550.0,0.0,0,75663.82765531063,1
75,0.0,0,1,6988.2475894825475,700000.0,800200.0,0.0,0,75663.82765531063,1
77,0.0,0,2,5772.374914647617,467000.0,1600250.0,0.0,0,126466.68336673347,2
77,0.0,0,2,5787.384603361087,462000.0,1598250.0,0.0,0,126466.68336673347,2
77,0.0,0,2,4810.911269660169,398000.0,1760250.0,0.0,0,127547.59519038076,2
77,0.0,0,2,5756.827383557429,308000.0,1670250.0,0.0,0,127547.59519038076,2
77,0.0,0,2,6332.357799704056,483000.0,1562250.0,0.0,0,127547.59519038076,2
61,90000.0,0,1,8357.872568215007,400000.0,1214000.0,90000.0,0,75663.82765531063,1
61,90000.0,0,1,9726.639277004411,400000.0,1885000.0,90000.0,0,75663.82765531063,1
61,90000.0,0,1,6964.996955720681,400000.0,1638000.0,90000.0,0,75663.82765531063,1
61,90000.0,0,1,8613.122736302616,400000.0,1389000.0,90000.0,0,75663.82765531063,1
61,90000.0,0,1,9169.409677709416,400000.0,1247000.0,90000.0,0,75663.82765531063,1
66,100000.0,0,2,9587.854690502212,89000.0,131500.0,100000.0,0,59450.1503006012,2
66,100000.0,0,2,8898.484293847965,89000.0,139500.0,100000.0,0,63773.79759519038,2
66,100000.0,0,2,9091.568848374285,89000.0,133200.0,100000.0,0,59450.1503006012,2
66,100000.0,0,2,9264.961487221335,89000.0,128280.0,100000.0,0,62692.885771543086,2
66,100000.0,0,2,9094.329450816364,89000.0,142900.0,100000.0,0,68097.44488977955,2
60,310000.0,0,1,1251.7999991932106,490000.0,1251600.0,280000.0,1,163217.68537074147,1
60,310000.0,0,1,1251.3638527403534,490000.0,1254200.0,280000.0,1,164298.59719438877,1
60,310000.0,0,1,1287.5564082764226,490000.0,1254700.0,280000.0,1,163217.68537074147,1
60,310000.0,0,1,1281.1951554324878,490000.0,1256000.0,280000.0,1,164298.59719438877,1
60,310000.0,0,1,1342.4631870854996,490000.0,1252500.0,280000.0,1,163217.68537074147,1
26,0.0,0,1,5114.726472668559,0.0,4000.0,0.0,1,82149.29859719439,2
26,0.0,0,1,4958.360067310596,0.0,4000.0,0.0,1,82149.29859719439,2
26,0.0,0,1,5057.345481344551,0.0,5000.0,0.0,1,82149.29859719439,2
26,0.0,0,1,5006.289832381839,0.0,4000.0,0.0,1,82149.29859719439,2
26,0.0,0,1,4991.155247725151,0.0,4000.0,0.0,1,82149.29859719439,2
35,0.0,0,2,2320.2535608030753,0.0,8940.0,0.0,1,50802.855711422846,2
35,0.0,0,2,2373.1463941095412,0.0,8930.0,0.0,1,49721.94388777555,2
35,0.0,0,2,2303.1615608913035,0.0,8930.0,0.0,1,50802.855711422846,2
35,0.0,0,2,2358.618005522592,0.0,8940.0,0.0,1,49721.94388777555,2
35,0.0,0,2,2313.5755625201764,0.0,8940.0,0.0,1,50802.855711422846,2
29,0.0,0,1,3081.0469095988874,0.0,-2000.0,0.0,1,37831.91382765531,1
29,0.0,0,1,3079.369552804547,0.0,-2000.0,0.0,1,38912.825651302606,1
29,0.0,0,1,3085.259893754151,0.0,-2000.0,0.0,1,38912.825651302606,1
29,0.0,0,1,3076.160489120485,0.0,-2000.0,0.0,1,37831.91382765531,1
29,0.0,0,1,3085.6249857986195,0.0,-1000.0,0.0,1,37831.91382765531,1
47,0.0,0,1,6437.333880663254,0.0,208000.0,0.0,1,94039.32865731463,2
47,0.0,0,1,6397.5229810183255,0.0,212100.0,0.0,1,95120.24048096192,2
47,0.0,0,1,6461.3115829031685,0.0,214100.0,0.0,1,94039.32865731463,2
47,0.0,0,1,6379.816144198731,0.0,206100.0,0.0,1,95120.24048096192,2
47,0.0,0,1,6462.489560600519,0.0,197000.0,0.0,1,95120.24048096192,2
62,34000.0,0,1,13734.21922483479,155000.0,183710.0,34000.0,1,129709.41883767534,1
62,34000.0,0,1,12683.910091920168,153000.0,186890.0,34000.0,1,115657.56513026053,1
62,23000.0,0,1,13118.627867435149,186000.0,217230.0,23000.0,1,110253.00601202405,1
62,30000.0,0,1,12980.893338271411,180000.0,240970.0,30000.0,1,118900.3006012024,1
62,46000.0,0,1,12807.584754103256,158000.0,188900.0,46000.0,1,127547.59519038076,1
66,112000.0,0,1,7297.606028089351,137000.0,1537560.0,112000.0,1,118900.3006012024,1
66,112000.0,0,1,8588.491085462258,137000.0,1550460.0,112000.0,1,118900.3006012024,1
66,112000.0,0,1,6152.923064879322,137000.0,1538070.0,112000.0,1,118900.3006012024,1
66,112000.0,0,1,7367.452629333791,137000.0,1540960.0,112000.0,1,118900.3006012024,1
66,112000.0,0,1,6636.466191577619,137000.0,1524460.0,112000.0,1,118900.3006012024,1
52,230000.0,0,1,19886.28424071942,95000.0,113780.0,230000.0,1,129709.41883767534,1
52,230000.0,0,1,18596.607179312072,95000.0,116940.0,230000.0,1,129709.41883767534,1
52,230000.0,0,1,18643.930311099473,95000.0,120650.0,230000.0,1,129709.41883767534,1
52,230000.0,0,1,19035.823096011318,95000.0,116610.0,230000.0,1,129709.41883767534,1
52,230000.0,0,1,18406.140317413443,95000.0,118870.0,230000.0,1,129709.41883767534,1
43,120000.0,0,1,3158.5395929512874,80000.0,85901.0,120000.0,1,73502.00400801603,1
43,120000.0,0,1,3085.1569222920116,80000.0,85301.0,120000.0,1,73502.00400801603,1
43,120000.0,0,1,3035.5762806323596,80000.0,85401.0,120000.0,1,73502.00400801603,1
43,120000.0,0,1,3109.2192150136666,80000.0,85501.0,120000.0,1,73502.00400801603,1
43,120000.0,0,1,3012.109574973514,80000.0,86101.0,120000.0,1,73502.00400801603,1
39,0.0,0,1,9517.595736388943,0.0,10400.0,0.0,1,97282.06412825652,1
39,0.0,0,1,9527.254221138655,0.0,9400.0,0.0,1,97282.06412825652,1
39,0.0,0,1,9477.233388502706,0.0,10400.0,0.0,1,97282.06412825652,1
39,0.0,0,1,9393.634949511305,0.0,11400.0,0.0,1,97282.06412825652,1
39,0.0,0,1,9490.927892295818,0.0,11400.0,0.0,1,97282.06412825652,1
21,185000.0,0,1,8253.097413027708,100000.0,206400.0,185000.0,1,56207.41482965932,2
21,185000.0,0,1,8284.60186723053,100000.0,206400.0,185000.0,1,55126.503006012026,2
21,185000.0,0,1,8915.713908133064,100000.0,206400.0,185000.0,1,56207.41482965932,2
21,185000.0,0,1,8514.500005041535,100000.0,206400.0,185000.0,1,55126.503006012026,2
21,185000.0,0,1,9046.793285793396,100000.0,206400.0,185000.0,1,56207.41482965932,2
53,0.0,0,1,12519.03392633298,85000.0,233500.0,0.0,1,57288.32665330661,2
53,0.0,0,1,12047.971861843713,85000.0,259100.0,0.0,1,57288.32665330661,2
53,0.0,0,1,12064.211366591246,85000.0,233700.0,0.0,1,57288.32665330661,2
53,0.0,0,1,12311.18109821938,85000.0,231200.0,0.0,1,57288.32665330661,2
53,0.0,0,1,11923.73955435918,85000.0,272800.0,0.0,1,57288.32665330661,2
65,0.0,0,1,1697.4747190712037,0.0,570.0,0.0,0,46479.208416833666,2
65,0.0,0,1,1628.3714825556985,0.0,290.0,0.0,0,46479.208416833666,2
65,0.0,0,1,1635.4200614046854,0.0,1700.0,0.0,0,46479.208416833666,2
65,0.0,0,1,1709.8482478782232,0.0,360.0,0.0,0,46479.208416833666,2
65,0.0,0,1,1650.5815373515125,0.0,150.0,0.0,0,46479.208416833666,2
42,74000.0,0,1,1493.5956246398123,51000.0,6260.0,74000.0,1,113495.74148296592,1
42,76000.0,0,1,1419.6155001496013,64000.0,22750.0,76000.0,1,109172.09418837675,1
42,79000.0,0,1,1432.284025246559,64000.0,23740.0,79000.0,1,119981.2124248497,1
42,69000.0,0,1,1491.204145357592,71000.0,28930.0,69000.0,1,112414.82965931864,1
42,71000.0,0,1,1371.6383464555179,58000.0,21640.0,71000.0,1,114576.65330661323,1
40,0.0,0,1,116.80942378701221,500000.0,17940850.0,0.0,1,1189003.0060120241,1
40,0.0,0,1,124.76415350347267,500000.0,17937050.0,0.0,1,1178193.887775551,1
40,0.0,0,1,130.75207856099868,500000.0,17940850.0,0.0,1,1178193.887775551,1
40,0.0,0,1,124.9399661819098,500000.0,17959150.0,0.0,1,1178193.887775551,1
40,0.0,0,1,118.88830760032381,500000.0,17955150.0,0.0,1,1178193.887775551,1
37,176000.0,0,1,11518.064136701776,51000.0,166525.0,176000.0,1,135113.97795591183,1
37,176000.0,0,1,11257.245682943943,51000.0,155830.0,176000.0,1,135113.97795591183,1
37,176000.0,0,1,11089.578779100806,51000.0,166830.0,176000.0,1,136194.8897795591,1
37,176000.0,0,1,11351.224550865521,51000.0,174930.0,176000.0,1,135113.97795591183,1
37,176000.0,0,1,11010.388920031171,51000.0,161830.0,176000.0,1,135113.97795591183,1
61,0.0,0,1,1705.4406609235393,275000.0,5256000.0,0.0,1,222667.83567134268,1
61,0.0,0,1,1813.6590973843697,275000.0,5317000.0,0.0,1,222667.83567134268,1
61,0.0,0,1,1887.6314999574092,275000.0,5264000.0,0.0,1,222667.83567134268,1
61,0.0,0,1,1813.5141668563658,275000.0,5239000.0,0.0,1,222667.83567134268,1
61,0.0,0,1,1716.5882065892208,275000.0,5225000.0,0.0,1,222667.83567134268,1
24,0.0,0,2,3250.477804254503,0.0,-23700.0,0.0,1,30265.53106212425,2
24,0.0,0,2,3270.8073085376495,0.0,-23700.0,0.0,1,30265.53106212425,2
24,0.0,0,2,3220.87227797972,0.0,-23700.0,0.0,1,29184.619238476953,2
24,0.0,0,2,3332.1377827396864,0.0,-23700.0,0.0,1,29184.619238476953,2
24,0.0,0,2,3235.6570213030473,0.0,-23700.0,0.0,1,29184.619238476953,2
63,152000.0,0,1,9032.81854845399,333000.0,904750.0,152000.0,1,220506.0120240481,1
63,153000.0,0,1,9068.330774009552,332000.0,900450.0,153000.0,1,219425.1002004008,1
63,154000.0,0,1,9762.589840027566,331000.0,889450.0,154000.0,1,219425.1002004008,1
63,150000.0,0,1,9315.351634210034,335000.0,902750.0,150000.0,1,219425.1002004008,1
63,157000.0,0,1,9912.603641918153,328000.0,884350.0,157000.0,1,219425.1002004008,1
39,4000.0,0,2,6875.80946604421,14000.0,546300.0,4000.0,1,89715.68136272545,2
39,6900.0,0,2,9693.399754820219,10100.0,86800.0,6900.0,1,89715.68136272545,2
39,3200.0,0,2,9977.581777701385,14800.0,272000.0,3200.0,1,89715.68136272545,2
39,8500.0,0,2,9911.31652351074,9500.0,230300.0,8500.0,1,89715.68136272545,2
39,4200.0,0,2,9881.304925694487,12800.0,222800.0,4200.0,1,89715.68136272545,2
57,0.0,0,2,3287.94024755217,0.0,129440.0,0.0,1,81068.3867735471,2
57,0.0,0,2,3244.5147265176574,0.0,117490.0,0.0,1,81068.3867735471,2
57,0.0,0,2,3252.322216846589,0.0,202200.0,0.0,1,81068.3867735471,2
57,0.0,0,2,3272.54680905489,0.0,107710.0,0.0,1,81068.3867735471,2
57,0.0,0,2,3151.0224582594788,0.0,98710.0,0.0,1,81068.3867735471,2
49,0.0,0,1,2319.0350236040476,0.0,25800.0,0.0,1,75663.82765531063,1
49,0.0,0,1,2335.5376129922615,0.0,25900.0,0.0,1,75663.82765531063,1
49,0.0,0,1,2304.033698449677,0.0,24900.0,0.0,1,75663.82765531063,1
49,0.0,0,1,2352.3132260379757,0.0,25900.0,0.0,1,75663.82765531063,1
49,0.0,0,1,2303.9552837694455,0.0,25000.0,0.0,1,75663.82765531063,1
59,50000.0,0,1,9159.739937526118,217000.0,1047000.0,50000.0,1,108091.18236472947,1
59,50000.0,0,1,9188.375623526228,217000.0,1033000.0,50000.0,1,108091.18236472947,1
59,50000.0,0,1,9898.426604746692,217000.0,910000.0,50000.0,1,108091.18236472947,1
59,50000.0,0,1,9433.625549731556,217000.0,1012000.0,50000.0,1,108091.18236472947,1
59,50000.0,0,1,10047.740014637757,217000.0,1092000.0,50000.0,1,108091.18236472947,1
48,160000.0,0,1,14402.943306332858,190000.0,248010.0,160000.0,1,135113.97795591183,1
48,160000.0,0,1,13495.705569349177,190000.0,250005.0,160000.0,1,135113.97795591183,1
48,160000.0,0,1,13724.153922622489,190000.0,249010.0,160000.0,1,135113.97795591183,1
48,160000.0,0,1,14075.388037613917,190000.0,249005.0,160000.0,1,135113.97795591183,1
48,160000.0,0,1,13530.828086469151,190000.0,249010.0,160000.0,1,135113.97795591183,1
41,0.0,0,1,1546.5808621495612,0.0,68560.0,0.0,1,148084.91983967935,1
41,0.0,0,1,1594.9113811987945,0.0,51690.0,0.0,1,150246.74348697395,1
41,0.0,0,1,1546.0707084096844,0.0,82260.0,0.0,1,143761.27254509018,1
41,0.0,0,1,1582.0667968556768,0.0,52560.0,0.0,1,142680.36072144288,1
41,0.0,0,1,1558.1697701759306,0.0,112880.0,0.0,1,147004.00801603205,1
80,0.0,0,1,6210.984228440541,0.0,3129205.0,0.0,0,221586.9238476954,1
80,0.0,0,1,7339.90592864596,0.0,3129210.0,0.0,0,232396.04208416832,1
80,0.0,0,1,5189.216223918999,0.0,3129205.0,0.0,0,215101.45290581163,1
80,0.0,0,1,6308.63699541161,0.0,3129210.0,0.0,0,218344.1883767535,1
80,0.0,0,1,5609.115310212268,0.0,3129210.0,0.0,0,221586.9238476954,1
35,0.0,0,2,5439.418915833319,0.0,-56050.0,0.0,1,60531.0621242485,2
35,0.0,0,2,5321.445960337013,0.0,-56050.0,0.0,1,60531.0621242485,2
35,0.0,0,2,5360.616650682841,0.0,-55850.0,0.0,1,60531.0621242485,2
35,0.0,0,2,5359.012733062078,0.0,-56050.0,0.0,1,60531.0621242485,2
35,0.0,0,2,5298.265634040892,0.0,-56050.0,0.0,1,60531.0621242485,2
78,0.0,0,2,7686.080478234151,580000.0,1073890.0,0.0,0,45398.29659318637,2
78,0.0,0,2,7718.38372776351,580000.0,732890.0,0.0,0,42155.561122244486,2
78,0.0,0,2,8240.173836288828,580000.0,883900.0,0.0,0,49721.94388777555,2
78,0.0,0,2,7923.708306754704,580000.0,788900.0,0.0,0,42155.561122244486,2
78,0.0,0,2,8376.914143111579,580000.0,738890.0,0.0,0,43236.47294589179,2
60,0.0,0,1,762.783182622738,650000.0,25004000.0,0.0,1,953364.2284569138,1
60,0.0,0,1,765.2783003891878,650000.0,25011800.0,0.0,1,953364.2284569138,1
60,0.0,0,1,761.3480342945488,650000.0,24975700.0,0.0,1,953364.2284569138,1
60,0.0,0,1,770.5125465884639,650000.0,25014500.0,0.0,1,953364.2284569138,1
60,0.0,0,1,774.1992116849427,650000.0,25018000.0,0.0,1,953364.2284569138,1
84,0.0,0,2,2833.0638888795775,500000.0,4694300.0,0.0,1,306978.95791583165,2
84,0.0,0,2,3008.2101742028167,500000.0,4694300.0,0.0,1,308059.869739479,2
84,0.0,0,2,3108.725348685661,500000.0,4694300.0,0.0,1,308059.869739479,2
84,0.0,0,2,2990.79365787553,500000.0,4694300.0,0.0,1,309140.78156312625,2
84,0.0,0,2,2855.7606025598607,500000.0,4694300.0,0.0,1,308059.869739479,2
65,0.0,0,1,2866.18175162446,1500000.0,7498500.0,0.0,0,144842.18436873748,1
65,0.0,0,1,3043.375456584218,1500000.0,7479000.0,0.0,0,165379.50901803607,1
65,0.0,0,1,3145.065630249174,1500000.0,7467000.0,0.0,0,208615.98196392786,1
65,0.0,0,1,3025.7553452023044,1500000.0,7433830.0,0.0,0,198887.7755511022,1
65,0.0,0,1,2889.143784647301,1500000.0,7498200.0,0.0,0,317788.0761523046,1
47,0.0,0,1,1652.1483314732006,0.0,3400.0,0.0,1,31346.442885771543,1
47,0.0,0,1,1655.1306782865704,0.0,3740.0,0.0,1,32427.354709418836,1
47,0.0,0,1,1661.1450799354595,0.0,3840.0,0.0,1,31346.442885771543,1
47,0.0,0,1,1665.2750090573456,0.0,3940.0,0.0,1,31346.442885771543,1
47,0.0,0,1,1657.60944703682,0.0,3860.0,0.0,1,31346.442885771543,1
69,0.0,0,1,44.5493630630773,7590000.0,645352000.0,0.0,1,77652705.41082165,1
69,0.0,0,1,44.94681578510174,7840000.0,734306000.0,0.0,1,77296004.50901803,1
69,0.0,0,1,45.30035588680553,7810000.0,644560000.0,0.0,1,74928807.61523046,1
69,0.0,0,1,46.216008071370055,7850000.0,721160000.0,0.0,1,78203970.44088176,1
69,0.0,0,1,44.800550938200544,7870000.0,717500000.0,0.0,1,79101127.25450902,1
89,0.0,0,2,13270.593404548024,400000.0,559700.0,0.0,0,54802.229458917835,2
89,0.0,0,2,13916.530515290444,400000.0,541700.0,0.0,0,51559.493987975955,2
89,0.0,0,2,15087.66631696092,400000.0,588700.0,0.0,0,51559.493987975955,2
89,0.0,0,2,13731.080098863324,400000.0,627700.0,0.0,0,55883.14128256513,2
89,0.0,0,2,15323.510657882365,400000.0,599700.0,0.0,0,59125.876753507015,2
53,199000.0,38000,1,1835.0416045934846,1000.0,380960.0,199000.0,0,54045.59118236473,2
53,39000.0,7700,1,2211.840388612549,161000.0,580190.0,39000.0,0,99443.8877755511,2
53,39000.0,55000,1,2723.063081098267,161000.0,479760.0,39000.0,0,72421.09218436874,2
53,82000.0,42000,1,1874.869497220508,118000.0,609030.0,82000.0,0,91877.50501002005,2
53,32000.0,1080000,1,1665.5630671740084,168000.0,1646800.0,32000.0,0,112414.82965931864,2
67,0.0,0,1,2752.838029762248,0.0,935400.0,0.0,1,18375.501002004006,2
67,0.0,0,1,2750.3892528959577,0.0,968400.0,0.0,1,18375.501002004006,2
67,0.0,0,1,2980.3506266485056,0.0,1165400.0,0.0,1,16213.677354709418,2
67,0.0,0,1,2813.8639435541854,0.0,918400.0,0.0,1,18375.501002004006,2
67,0.0,0,1,3021.458676240579,0.0,1113400.0,0.0,1,19456.412825651303,2
31,0.0,0,1,1373.2579120110165,978000.0,1748800.0,0.0,1,70259.26853707415,2
31,0.0,0,1,1605.6652244385455,978000.0,1740800.0,0.0,1,59450.1503006012,2
31,0.0,0,1,1152.9846484973532,978000.0,1756900.0,0.0,1,59450.1503006012,2
31,0.0,0,1,1366.69669278592,978000.0,1748900.0,0.0,1,62692.885771543086,2
31,0.0,0,1,1240.0224794600315,978000.0,1728700.0,0.0,1,65935.62124248497,2
58,270000.0,0,1,232.819402454077,330000.0,960000.0,270000.0,1,286441.6332665331,1
58,270000.0,0,1,241.4167769713973,330000.0,958000.0,270000.0,1,286441.6332665331,1
58,270000.0,0,1,247.97204090063337,330000.0,957000.0,270000.0,1,286441.6332665331,1
58,270000.0,0,1,247.6394774820999,330000.0,963000.0,270000.0,1,286441.6332665331,1
58,270000.0,0,1,249.57432312284286,330000.0,959000.0,270000.0,1,286441.6332665331,1
43,0.0,0,1,1882.7097679447477,0.0,7200.0,0.0,1,72421.09218436874,2
43,0.0,0,1,1874.880849698477,0.0,7300.0,0.0,1,71340.18036072144,2
43,0.0,0,1,1847.9003153188198,0.0,7300.0,0.0,1,71340.18036072144,2
43,0.0,0,1,1901.8915961948958,0.0,7200.0,0.0,1,72421.09218436874,2
43,0.0,0,1,1851.6678085970786,0.0,7300.0,0.0,1,71340.18036072144,2
77,0.0,0,1,7.285044298637483,25130000.0,1433345000.0,0.0,0,453258755.01002,1
77,0.0,0,1,7.301398369232446,26220000.0,1429189000.0,0.0,0,434050951.90380764,1
77,0.0,0,1,7.3699473383008485,25630000.0,1432256000.0,0.0,0,446957039.0781563,1
77,0.0,0,1,7.5009577384461625,25050000.0,1482471000.0,0.0,0,458230949.3987976,1
77,0.0,0,1,7.321322660485284,24970000.0,1513381000.0,0.0,0,446600338.1763527,1
73,0.0,0,1,12489.281749926886,0.0,1686000.0,0.0,1,171324.52404809618,2
73,0.0,0,1,15222.86299863659,0.0,1686000.0,0.0,1,171756.8887775551,2
73,0.0,0,1,10296.941343485509,0.0,1686000.0,0.0,1,172189.25350701401,2
73,0.0,0,1,13056.377149239639,0.0,1686000.0,0.0,1,172405.43587174348,2
73,0.0,0,1,11356.17180202316,0.0,1686000.0,0.0,1,174026.80360721442,2
43,0.0,0,1,1744.9793728867414,0.0,6300.0,0.0,1,28103.70741482966,2
43,0.0,0,1,1743.437260707417,0.0,6300.0,0.0,1,27022.795591182366,2
43,0.0,0,1,1748.8232849319952,0.0,6300.0,0.0,1,27022.795591182366,2
43,0.0,0,1,1741.3658299825688,0.0,6300.0,0.0,1,27022.795591182366,2
43,0.0,0,1,1747.9364219716542,0.0,6300.0,0.0,1,27022.795591182366,2
27,300000.0,0,1,3290.1898355455583,78000.0,360300.0,300000.0,1,162136.7735470942,1
27,300000.0,0,1,3299.698296569786,78000.0,366200.0,300000.0,1,163217.68537074147,1
27,300000.0,0,1,3558.017353711515,78000.0,362530.0,300000.0,1,163217.68537074147,1
27,300000.0,0,1,3389.0930368498484,78000.0,368600.0,300000.0,1,162136.7735470942,1
27,300000.0,0,1,3610.9418867843533,78000.0,360950.0,300000.0,1,163217.68537074147,1
43,22000.0,0,1,5139.681005877646,1000.0,26820.0,22000.0,1,75663.82765531063,1
43,22000.0,0,1,4915.196186909914,1000.0,27410.0,22000.0,1,74582.91583166333,1
43,22000.0,0,1,4872.74287512307,1000.0,30220.0,22000.0,1,74582.91583166333,1
43,22000.0,0,1,4948.582123588922,1000.0,27930.0,22000.0,1,73502.00400801603,1
43,22000.0,0,1,4825.504843316592,1000.0,24420.0,22000.0,1,73502.00400801603,1
69,0.0,0,1,2934.3868735596097,0.0,4444000.0,0.0,1,154570.39078156312,2
69,0.0,0,1,8076.737560137114,0.0,1824000.0,0.0,1,154570.39078156312,2
69,0.0,0,1,5824.225679467365,0.0,3000000.0,0.0,1,154570.39078156312,2
69,0.0,0,1,3100.3046866945388,0.0,4678000.0,0.0,1,154570.39078156312,2
69,0.0,0,1,6270.124208725718,0.0,2604000.0,0.0,1,154570.39078156312,2
54,40000.0,0,1,11472.50746577768,384000.0,829800.0,40000.0,1,284279.8096192385,1
54,40000.0,0,1,11517.92662041372,384000.0,942200.0,40000.0,1,284279.8096192385,1
54,40000.0,0,1,12404.838021231031,384000.0,1158500.0,40000.0,1,284279.8096192385,1
54,40000.0,0,1,11834.462908387406,384000.0,987600.0,40000.0,1,284279.8096192385,1
54,40000.0,0,1,12595.972999598207,384000.0,882200.0,40000.0,1,284279.8096192385,1
58,0.0,0,1,7.717830314416209,28340000.0,398170000.0,0.0,1,110847507.51503006,1
58,0.0,0,1,7.599809390939174,28100000.0,383939900.0,0.0,1,111020453.40681362,1
58,0.0,0,1,7.670936988477161,23550000.0,384670500.0,0.0,1,110847507.51503006,1
58,0.0,0,1,7.807779908200627,24640000.0,379928000.0,0.0,1,111020453.40681362,1
58,0.0,0,1,7.758365429364757,26290000.0,369701000.0,0.0,1,110847507.51503006,1
46,491000.0,0,1,3251.2104102787503,759000.0,2633830.0,491000.0,1,273470.69138276554,1
46,491000.0,0,1,3565.724186355887,759000.0,2629840.0,491000.0,1,273470.69138276554,1
46,490000.0,0,1,3867.1421908901902,760000.0,2635130.0,490000.0,1,272389.7795591182,1
46,491000.0,0,1,3467.06890534998,759000.0,2658230.0,491000.0,1,272389.7795591182,1
46,490000.0,0,1,3351.4702897802586,760000.0,2657730.0,490000.0,1,273470.69138276554,1
56,390000.0,0,1,2979.381081480215,334000.0,538300.0,390000.0,1,190240.48096192384,1
56,390000.0,0,1,3000.0805112949065,334000.0,539300.0,390000.0,1,190240.48096192384,1
56,390000.0,0,1,3099.7537460734884,334000.0,538300.0,390000.0,1,189159.56913827657,1
56,390000.0,0,1,3100.5246976398953,334000.0,538300.0,390000.0,1,190240.48096192384,1
56,390000.0,0,1,3181.8735017756007,334000.0,538300.0,390000.0,1,189159.56913827657,1
39,0.0,0,1,6046.071931441022,0.0,10800.0,0.0,1,23780.06012024048,1
39,0.0,0,1,6151.28835345066,0.0,8800.0,0.0,1,23780.06012024048,1
39,0.0,0,1,6073.50334036238,0.0,9800.0,0.0,1,23780.06012024048,1
39,0.0,0,1,6107.233955895145,0.0,9800.0,0.0,1,23780.06012024048,1
39,0.0,0,1,6088.187081101078,0.0,8800.0,0.0,1,23780.06012024048,1
50,0.0,0,1,47.996510102285114,1670000.0,47135000.0,0.0,1,9782252.004008016,1
50,0.0,0,1,47.042606345652466,1680000.0,48165000.0,0.0,1,9890343.186372746,1
50,0.0,0,1,47.148939812284425,1570000.0,45746000.0,0.0,1,9684969.93987976,1
50,0.0,0,1,47.705470579353275,1650000.0,44402000.0,0.0,1,9684969.93987976,1
50,0.0,0,1,48.81182820490368,1620000.0,46959000.0,0.0,1,9879534.068136273,1
38,214000.0,0,1,13184.691363379123,187000.0,263060.0,214000.0,1,151327.65531062125,1
38,215000.0,0,1,12546.535949978974,209000.0,281650.0,215000.0,1,151327.65531062125,1
38,216000.0,0,1,12551.965410852566,186000.0,256440.0,216000.0,1,151327.65531062125,1
38,210000.0,0,1,12912.59150993197,224000.0,298430.0,210000.0,1,151327.65531062125,1
38,219000.0,0,1,12431.530371945171,214000.0,289350.0,219000.0,1,151327.65531062125,1
80,0.0,0,2,7310.9468965084525,0.0,130.0,0.0,0,14051.85370741483,2
80,0.0,0,2,7347.353261526769,0.0,120.0,0.0,0,14051.85370741483,2
80,0.0,0,2,7239.725420476486,0.0,130.0,0.0,0,14051.85370741483,2
80,0.0,0,2,7355.439957536544,0.0,130.0,0.0,0,12970.941883767535,2
80,0.0,0,2,7257.374961171244,0.0,130.0,0.0,0,12970.941883767535,2
30,0.0,0,1,2192.0514231168727,0.0,12350.0,0.0,1,36751.00200400801,1
30,0.0,0,1,2197.7807327875403,0.0,15050.0,0.0,1,36751.00200400801,1
30,0.0,0,1,2165.849998735208,0.0,16450.0,0.0,1,36751.00200400801,1
30,0.0,0,1,2189.8877258141865,0.0,14250.0,0.0,1,36751.00200400801,1
30,0.0,0,1,2177.6312134511813,0.0,17320.0,0.0,1,36751.00200400801,1
65,0.0,0,1,49.675758813241515,2530000.0,114738800.0,0.0,1,2388815.130260521,1
65,0.0,0,1,50.485981114248474,2250000.0,120757700.0,0.0,1,2399624.248496994,1
65,0.0,0,1,50.84658994141111,2250000.0,126478900.0,0.0,1,2507715.4308617236,1
65,0.0,0,1,51.84775564913515,2020000.0,120951400.0,0.0,1,2410433.3667334667,1
65,0.0,0,1,50.01774973482917,2310000.0,126510600.0,0.0,1,2540142.785571142,1
53,0.0,0,2,7459.170575175723,0.0,9520.0,0.0,1,21618.236472945893,2
53,0.0,0,2,7255.976156123846,0.0,9630.0,0.0,1,21618.236472945893,2
53,0.0,0,2,7412.660247847521,0.0,9630.0,0.0,1,21618.236472945893,2
53,0.0,0,2,7425.598267763109,0.0,9640.0,0.0,1,21618.236472945893,2
53,0.0,0,2,7366.218396959986,0.0,9520.0,0.0,1,21618.236472945893,2
40,78000.0,0,1,5386.954662261255,22000.0,154700.0,78000.0,1,211858.71743486973,1
40,47000.0,0,1,5157.905323682813,53000.0,202700.0,47000.0,1,103767.53507014028,1
40,30000.0,0,1,5116.207499734747,70000.0,192700.0,30000.0,1,210777.80561122246,1
40,50000.0,0,1,5136.127821478547,50000.0,192860.0,50000.0,1,189159.56913827657,1
40,45000.0,0,1,5070.285766763713,55000.0,202200.0,45000.0,1,137275.8016032064,1
79,0.0,0,1,7.285044298637483,7510000.0,1211146000.0,0.0,0,174886236.5981964,1
79,0.0,0,1,7.301398369232446,7450000.0,1228875000.0,0.0,0,152240161.0721443,1
79,0.0,0,1,7.3699473383008485,7490000.0,1240346000.0,0.0,0,162041653.30661324,1
79,0.0,0,1,7.5009577384461625,7270000.0,1189024000.0,0.0,0,157720167.83567134,1
79,0.0,0,1,7.321322660485284,7890000.0,1167606000.0,0.0,0,162025980.08517033,1
56,91000.0,0,1,12765.691774298137,141000.0,215970.0,47000.0,1,88634.76953907816,1
56,94000.0,0,1,11937.417315056282,122000.0,198470.0,47000.0,1,88634.76953907816,1
56,94000.0,0,1,12289.627531882537,137000.0,216380.0,47000.0,1,98362.9759519038,1
56,96000.0,0,1,12293.177375064017,134000.0,213980.0,46000.0,1,97282.06412825652,1
56,95000.0,0,1,12138.70999462564,134000.0,207770.0,47000.0,1,101605.71142284569,1
53,1960000.0,0,1,11.873560026927347,2440000.0,13999000.0,1960000.0,1,2648233.967935872,1
53,1960000.0,0,1,12.711853129451235,2440000.0,14409000.0,1960000.0,1,2648233.967935872,1
53,1960000.0,0,1,13.303699641325304,2440000.0,14659000.0,1960000.0,1,2659043.0861723446,1
53,1960000.0,0,1,12.73139270597078,2440000.0,13929000.0,1960000.0,1,2648233.967935872,1
53,1950000.0,0,1,12.10122746542508,2450000.0,13959000.0,1950000.0,1,2659043.0861723446,1
73,0.0,0,1,678.8693074694265,3000000.0,87756000.0,0.0,0,2686065.881763527,1
73,0.0,0,1,671.8323703623448,3000000.0,91768000.0,0.0,0,2686065.881763527,1
73,0.0,0,1,1049.1354036523217,3000000.0,46588000.0,0.0,0,2653638.527054108,1
73,0.0,0,1,1061.6677791394552,3000000.0,42361030.0,0.0,0,2880630.01002004,1
73,0.0,0,1,1062.204628592166,3000000.0,43298000.0,0.0,0,2621211.1723446893,1
59,0.0,0,2,3006.242735495438,400000.0,1340950.0,0.0,1,25941.88376753507,2
59,0.0,0,2,3032.993465914141,400000.0,1352710.0,0.0,1,25941.88376753507,2
59,0.0,0,2,3140.9514116074165,400000.0,952850.0,0.0,1,25941.88376753507,2
59,0.0,0,2,3143.523531359429,400000.0,1092300.0,0.0,1,25941.88376753507,2
59,0.0,0,2,3212.4221443292217,400000.0,1164840.0,0.0,1,25941.88376753507,2
21,0.0,0,2,25383.998207447345,0.0,-2200.0,0.0,1,24860.971943887776,2
21,0.0,0,2,25004.136961792374,0.0,-2300.0,0.0,1,21618.236472945893,2
21,0.0,0,2,24988.102404538055,0.0,-2200.0,0.0,1,23780.06012024048,2
21,0.0,0,2,25163.343613265803,0.0,-2200.0,0.0,1,21618.236472945893,2
21,0.0,0,2,24786.373877689355,0.0,-2200.0,0.0,1,21618.236472945893,2
46,410000.0,0,1,8231.626874521697,890000.0,2516670.0,410000.0,1,570721.4428857715,1
46,410000.0,0,1,9626.349501594806,890000.0,2531990.0,410000.0,1,542617.7354709419,1
46,410000.0,0,1,6906.3570144993455,890000.0,2309830.0,410000.0,1,554507.7655310621,1
46,410000.0,0,1,8190.8443877796935,890000.0,2504970.0,410000.0,1,580449.6492985972,1
46,410000.0,0,1,7431.18972841193,890000.0,2515660.0,410000.0,1,548022.2945891784,1
69,101000.0,0,1,6119.498471607169,129000.0,663270.0,101000.0,1,202130.51102204408,1
69,101000.0,0,1,6096.68767882039,129000.0,778650.0,101000.0,1,201049.59919839678,1
69,101000.0,0,1,6698.508060121012,129000.0,669060.0,101000.0,1,171864.97995991984,1
69,101000.0,0,1,6248.07724544837,129000.0,672310.0,101000.0,1,176188.62725450902,1
69,101000.0,0,1,6778.713521970189,129000.0,682310.0,101000.0,1,191321.39278557114,1
38,71000.0,0,1,2069.9920102100614,79000.0,76580.0,71000.0,1,64854.70941883767,1
38,71000.0,0,1,1981.977476855469,79000.0,76580.0,71000.0,1,64854.70941883767,1
38,71000.0,0,1,1965.9546647422867,79000.0,76680.0,71000.0,1,64854.70941883767,1
38,71000.0,0,1,1973.6092505770907,79000.0,77580.0,71000.0,1,64854.70941883767,1
38,71000.0,0,1,1948.308772711493,79000.0,76680.0,71000.0,1,64854.70941883767,1
85,500000.0,0,2,712.117762944549,100000.0,168000.0,500000.0,0,38804.73446893787,2
85,500000.0,0,2,709.5428243893834,100000.0,180000.0,500000.0,0,33508.26653306613,2
85,500000.0,0,2,765.5109606255628,100000.0,162000.0,500000.0,0,63449.524048096195,2
85,500000.0,0,2,722.1274068812755,100000.0,208000.0,500000.0,0,18915.956913827657,2
85,500000.0,0,2,775.4085182229971,100000.0,162000.0,500000.0,0,37615.731462925854,2
63,0.0,0,2,9055.385574949618,0.0,360.0,0.0,0,8323.021042084169,2
63,0.0,0,2,9216.659941993044,0.0,360.0,0.0,0,8214.92985971944,2
63,0.0,0,2,9065.934001781938,0.0,360.0,0.0,0,8323.021042084169,2
63,0.0,0,2,9182.857421492026,0.0,360.0,0.0,0,8214.92985971944,2
63,0.0,0,2,9069.343525425209,0.0,360.0,0.0,0,8214.92985971944,2
70,0.0,0,1,7020.881751326531,350000.0,906900.0,0.0,0,86472.94589178357,1
70,0.0,0,1,7044.363803152528,350000.0,906800.0,0.0,0,84311.12224448897,1
70,0.0,0,1,7586.055994554375,350000.0,906800.0,0.0,0,84311.12224448897,1
70,0.0,0,1,7230.3795672651295,350000.0,906800.0,0.0,0,86472.94589178357,1
70,0.0,0,1,7701.513435141171,350000.0,906800.0,0.0,0,88634.76953907816,1
78,0.0,0,1,5991.661723504722,450000.0,3913300.0,0.0,0,171000.250501002,1
78,0.0,0,1,6566.071631532504,450000.0,3909700.0,0.0,0,171000.250501002,1
78,0.0,0,1,7124.475358442984,450000.0,3912700.0,0.0,0,169919.3386773547,1
78,0.0,0,1,6377.418619976483,450000.0,3909900.0,0.0,0,171000.250501002,1
78,0.0,0,1,6173.272947414172,450000.0,3915600.0,0.0,0,171000.250501002,1
28,42000.0,0,2,17128.48043249481,58000.0,54850.0,42000.0,1,39993.7374749499,2
28,42000.0,0,2,17065.24840010126,58000.0,54850.0,42000.0,1,39993.7374749499,2
28,42000.0,0,2,16818.96181121387,58000.0,52750.0,42000.0,1,39993.7374749499,2
28,42000.0,0,2,17320.207001890794,58000.0,53750.0,42000.0,1,39993.7374749499,2
28,42000.0,0,2,16796.365121144143,58000.0,53850.0,42000.0,1,39993.7374749499,2
62,0.0,0,1,23896.566948638672,339000.0,464400.0,0.0,1,111333.91783567134,1
62,0.0,0,1,21443.337237860764,339000.0,473900.0,0.0,1,111333.91783567134,1
62,0.0,0,1,22206.068402063604,339000.0,481000.0,0.0,1,111333.91783567134,1
62,0.0,0,1,21984.431682862945,339000.0,466700.0,0.0,1,111333.91783567134,1
62,0.0,0,1,21660.861193149736,339000.0,472600.0,0.0,1,111333.91783567134,1
31,0.0,0,2,4987.4333916628375,0.0,-5500.0,0.0,1,17294.589178356713,2
31,0.0,0,2,4984.718176500171,0.0,-5500.0,0.0,1,18375.501002004006,2
31,0.0,0,2,4994.253144321926,0.0,-6400.0,0.0,1,17294.589178356713,2
31,0.0,0,2,4979.523516424079,0.0,-5490.0,0.0,1,18375.501002004006,2
31,0.0,0,2,4994.8441357307,0.0,-5500.0,0.0,1,17294.589178356713,2
30,0.0,0,1,4494.050894852595,0.0,-33700.0,0.0,1,73502.00400801603,1
30,0.0,0,1,4567.14423080352,0.0,-34600.0,0.0,1,65935.62124248497,1
30,0.0,0,1,4477.608179757838,0.0,-33800.0,0.0,1,55126.503006012026,1
30,0.0,0,1,4566.649515231297,0.0,-34700.0,0.0,1,56207.41482965932,1
30,0.0,0,1,4498.774824264767,0.0,-34800.0,0.0,1,78906.5631262525,1
37,0.0,0,1,8750.517338320615,0.0,29501.0,0.0,1,47560.12024048096,1
37,0.0,0,1,8668.176010126657,0.0,29501.0,0.0,1,48641.03206412826,1
37,0.0,0,1,8691.723506326362,0.0,27501.0,0.0,1,48641.03206412826,1
37,0.0,0,1,8783.855828879972,0.0,19901.0,0.0,1,48641.03206412826,1
37,0.0,0,1,8691.20250581085,0.0,19801.0,0.0,1,44317.38476953908,1
66,0.0,0,1,10317.848379267842,0.0,1698000.0,0.0,1,54045.59118236473,2
66,0.0,0,1,10483.776006109623,0.0,1697000.0,0.0,1,86472.94589178357,2
66,0.0,0,1,9555.851648640251,0.0,1697000.0,0.0,1,103767.53507014028,2
66,0.0,0,1,9931.832308860266,0.0,1697000.0,0.0,1,59450.1503006012,2
66,0.0,0,1,10114.41409939953,0.0,1697000.0,0.0,1,68097.44488977955,2
54,1000000.0,0,1,3526.679762558405,400000.0,2649000.0,1000000.0,1,834463.9278557114,1
54,1000000.0,0,1,3867.841738919683,400000.0,2651000.0,1000000.0,1,834463.9278557114,1
54,1000000.0,0,1,4194.798361998018,400000.0,2651000.0,1000000.0,1,834463.9278557114,1
54,1000000.0,0,1,3760.827569091404,400000.0,2651000.0,1000000.0,1,834463.9278557114,1
54,1000000.0,0,1,3635.4344856967937,400000.0,2650000.0,1000000.0,1,834463.9278557114,1
58,109000.0,0,1,5944.797962262148,116000.0,299900.0,109000.0,1,158894.0380761523,1
58,109000.0,0,1,5925.14277839921,116000.0,288900.0,109000.0,1,158894.0380761523,1
58,109000.0,0,1,6504.630654767841,116000.0,287100.0,109000.0,1,158894.0380761523,1
58,109000.0,0,1,6073.38121962087,116000.0,295900.0,109000.0,1,158894.0380761523,1
58,109000.0,0,1,6583.675017032149,116000.0,296500.0,109000.0,1,158894.0380761523,1
51,0.0,0,1,2058.296047735463,0.0,400.0,0.0,1,61611.9739478958,1
51,0.0,0,1,2007.6699004979357,0.0,400.0,0.0,1,61611.9739478958,1
51,0.0,0,1,2046.315416439567,0.0,400.0,0.0,1,61611.9739478958,1
51,0.0,0,1,2061.6977191704887,0.0,400.0,0.0,1,61611.9739478958,1
51,0.0,0,1,2036.9129874638315,0.0,400.0,0.0,1,61611.9739478958,1
60,0.0,0,2,2025.1081097636707,0.0,17230.0,0.0,1,20537.324649298596,2
60,0.0,0,2,2033.4884644645063,0.0,-2890.0,0.0,1,12970.941883767535,2
60,0.0,0,2,2010.5892456643464,0.0,-2850.0,0.0,1,21618.236472945893,2
60,0.0,0,2,2018.9730576837396,0.0,9130.0,0.0,1,19456.412825651303,2
60,0.0,0,2,2012.7713557909913,0.0,-2850.0,0.0,1,16213.677354709418,2
66,600000.0,0,1,656.2342707541899,7400000.0,16367100.0,600000.0,1,350215.43086172343,1
66,600000.0,0,1,693.5197262884709,7400000.0,16365000.0,600000.0,1,352377.25450901804,1
66,600000.0,0,1,714.2478368959121,7400000.0,16367000.0,600000.0,1,346972.69539078156,1
66,600000.0,0,1,689.1048574014171,7400000.0,16366000.0,600000.0,1,350215.43086172343,1
66,600000.0,0,1,668.4332066051006,7400000.0,16366000.0,600000.0,1,350215.43086172343,1
21,0.0,0,2,2867.926186130657,0.0,1500.0,0.0,1,32427.354709418836,2
21,0.0,0,2,2868.7141125767967,0.0,1500.0,0.0,1,32427.354709418836,2
21,0.0,0,2,2874.9509205061718,0.0,1500.0,0.0,1,36751.00200400801,2
21,0.0,0,2,2868.139349031665,0.0,1500.0,0.0,1,33508.26653306613,2
21,0.0,0,2,2875.0795556763087,0.0,1500.0,0.0,1,30265.53106212425,2
57,0.0,0,1,10564.050604892607,0.0,-71810.0,0.0,1,270227.95591182366,1
57,0.0,0,1,10959.223855767526,0.0,2390.0,0.0,1,270227.95591182366,1
57,0.0,0,1,10767.421350121174,0.0,68791.0,0.0,1,270227.95591182366,1
57,0.0,0,1,10897.810560908792,0.0,141172.0,0.0,1,270227.95591182366,1
57,0.0,0,1,10580.334008171718,0.0,-64238.0,0.0,1,270227.95591182366,1
80,0.0,0,2,4483.102525231445,0.0,78805.0,0.0,1,15132.765531062125,2
80,0.0,0,2,4517.283197594408,0.0,84790.0,0.0,1,18375.501002004006,2
80,0.0,0,2,4514.406122791877,0.0,84785.0,0.0,1,16213.677354709418,2
80,0.0,0,2,4565.076145653357,0.0,75800.0,0.0,1,16213.677354709418,2
80,0.0,0,2,4528.366338577299,0.0,78795.0,0.0,1,21618.236472945893,2
67,160000.0,0,2,8579.371455267892,440000.0,852031.0,160000.0,1,113495.74148296592,2
67,104000.0,0,2,8601.73997443511,496000.0,908031.0,104000.0,1,117819.38877755511,2
67,133000.0,0,2,9270.864437884693,467000.0,879041.0,133000.0,1,109172.09418837675,2
67,192000.0,0,2,8828.031039456711,408000.0,820031.0,192000.0,1,114576.65330661323,2
67,150000.0,0,2,9411.123793584598,450000.0,862041.0,150000.0,1,102686.62324649299,2
60,0.0,0,1,56.41861076211673,19620000.0,113432100.0,0.0,1,11598183.867735472,1
60,0.0,0,1,55.643838338513355,21430000.0,141966000.0,0.0,1,11490092.685370741,1
60,0.0,0,1,55.95091125972046,20560000.0,124430500.0,0.0,1,11630611.22244489,1
60,0.0,0,1,57.17147698243175,19510000.0,145955200.0,0.0,1,11522520.04008016,1
60,0.0,0,1,56.9280832177775,19020000.0,108801900.0,0.0,1,11425237.975951904,1
39,340000.0,0,1,12489.281749926886,460000.0,1296800.0,340000.0,1,543698.6472945892,1
39,340000.0,0,1,15222.86299863659,460000.0,1296800.0,340000.0,1,542617.7354709419,1
39,340000.0,0,1,10296.941343485509,460000.0,1296800.0,340000.0,1,542617.7354709419,1
39,340000.0,0,1,13056.377149239639,460000.0,1297800.0,340000.0,1,543698.6472945892,1
39,340000.0,0,1,11356.17180202316,460000.0,1296800.0,340000.0,1,542617.7354709419,1
64,0.0,0,2,9232.026922622761,0.0,31000.0,0.0,1,37831.91382765531,2
64,0.0,0,2,9196.341650320699,0.0,31000.0,0.0,1,37831.91382765531,2
64,0.0,0,2,9271.884954192628,0.0,31000.0,0.0,1,37831.91382765531,2
64,0.0,0,2,9089.755875782259,0.0,31000.0,0.0,1,37831.91382765531,2
64,0.0,0,2,9246.963571979064,0.0,30000.0,0.0,1,37831.91382765531,2
73,0.0,0,1,2056.0310526764074,750000.0,8212000.0,0.0,0,365348.1963927856,1
73,0.0,0,1,2135.9170616769757,750000.0,8212000.0,0.0,0,365348.1963927856,1
73,0.0,0,1,2277.6658228894185,750000.0,8213000.0,0.0,0,365348.1963927856,1
73,0.0,0,1,2136.5529623445686,750000.0,8212000.0,0.0,0,365348.1963927856,1
73,0.0,0,1,2035.351059013777,750000.0,8212000.0,0.0,0,365348.1963927856,1
36,0.0,0,1,1915.245340009847,0.0,1300.0,0.0,0,39993.7374749499,1
36,0.0,0,1,1873.7064997848756,0.0,1300.0,0.0,0,42155.561122244486,1
36,0.0,0,1,1887.4986866545878,0.0,1300.0,0.0,0,45398.29659318637,1
36,0.0,0,1,1886.9339396114824,0.0,1300.0,0.0,0,44317.38476953908,1
36,0.0,0,1,1865.5445963526322,0.0,1300.0,0.0,0,41074.64929859719,1
59,1200000.0,0,1,2806.6974811872674,1600000.0,9567000.0,1200000.0,1,1318712.4248496995,2
59,1200000.0,0,1,2980.2137367809432,1600000.0,13363000.0,1200000.0,1,1448421.8436873748,2
59,1200000.0,0,1,3079.7934491021033,1600000.0,12957000.0,1200000.0,1,1307903.3066132264,2
59,1200000.0,0,1,2962.9593103281086,1600000.0,17403000.0,1200000.0,1,1275475.9519038077,2
59,1200000.0,0,1,2829.182963907134,1600000.0,17315000.0,1200000.0,1,1307903.3066132264,2
40,0.0,0,1,5306.176314729016,0.0,12370.0,0.0,1,28103.70741482966,2
40,0.0,0,1,5326.0021346681915,0.0,5860.0,0.0,1,28103.70741482966,2
40,0.0,0,1,5285.8785206961165,0.0,6360.0,0.0,1,28103.70741482966,2
40,0.0,0,1,5269.438506899762,0.0,21900.0,0.0,1,28103.70741482966,2
40,0.0,0,1,5302.414586457518,0.0,9180.0,0.0,1,28103.70741482966,2
47,0.0,0,2,1898.7462483414051,0.0,-148410.0,0.0,1,82149.29859719439,2
47,0.0,0,2,1861.8629180873559,0.0,-150820.0,0.0,1,82149.29859719439,2
47,0.0,0,2,1865.3256219247069,0.0,-132220.0,0.0,1,81068.3867735471,2
47,0.0,0,2,1913.9694142886044,0.0,-140520.0,0.0,1,82149.29859719439,2
47,0.0,0,2,1860.651883772689,0.0,-148860.0,0.0,1,82149.29859719439,2
63,0.0,0,2,9869.325867207112,424000.0,580300.0,0.0,0,45398.29659318637,2
63,0.0,0,2,9908.126793451509,421000.0,577400.0,0.0,0,45398.29659318637,2
63,0.0,0,2,17624.240669105096,343000.0,498400.0,0.0,0,45398.29659318637,2
63,0.0,0,2,17439.201005280687,336000.0,491400.0,0.0,0,45398.29659318637,2
63,0.0,0,2,17206.369322861865,382000.0,537400.0,0.0,0,45398.29659318637,2
46,315000.0,0,1,10568.511932585603,335000.0,755400.0,315000.0,1,111333.91783567134,1
46,315000.0,0,1,10611.6308265202,335000.0,744700.0,315000.0,1,111333.91783567134,1
46,315000.0,0,1,11426.148834695523,335000.0,747100.0,315000.0,1,111333.91783567134,1
46,315000.0,0,1,10906.63790596076,335000.0,751310.0,315000.0,1,111333.91783567134,1
46,315000.0,0,1,11603.97119626621,335000.0,755400.0,315000.0,1,111333.91783567134,1
46,0.0,0,1,1277.1741329737613,0.0,9850.0,0.0,1,125385.77154308617,1
46,0.0,0,1,1276.0103788246324,0.0,9750.0,0.0,1,125385.77154308617,1
46,0.0,0,1,1283.5933623079916,0.0,8850.0,0.0,1,125385.77154308617,1
46,0.0,0,1,1279.4131298611874,0.0,9850.0,0.0,1,125385.77154308617,1
46,0.0,0,1,1278.7118981537085,0.0,9950.0,0.0,1,125385.77154308617,1
47,51000.0,0,1,14276.047008697798,14000.0,291600.0,51000.0,1,74582.91583166333,1
47,48000.0,0,1,13738.872637557419,12000.0,358900.0,48000.0,1,70259.26853707415,1
47,46000.0,0,1,13757.391313562126,14000.0,359600.0,46000.0,1,74582.91583166333,1
47,58000.0,0,1,14039.022589521259,2000.0,290100.0,58000.0,1,76744.73947895791,1
47,45000.0,0,1,13597.204656458833,15000.0,360100.0,45000.0,1,74582.91583166333,1
67,0.0,0,2,2985.5456837066195,1000.0,1380.0,0.0,0,15132.765531062125,2
67,0.0,0,2,2967.50100579146,1000.0,1380.0,0.0,0,14051.85370741483,2
67,0.0,0,2,3021.184514283997,4600.0,4980.0,0.0,0,14051.85370741483,2
67,0.0,0,2,2960.9834088568164,4600.0,4980.0,0.0,0,17294.589178356713,2
67,0.0,0,2,3012.7095665042134,10000.0,10380.0,0.0,0,16213.677354709418,2
40,0.0,0,2,2166.7159857224096,0.0,108000.0,0.0,1,0.0,2
40,0.0,0,2,2172.689292717472,0.0,108000.0,0.0,1,0.0,2
40,0.0,0,2,2183.762560999286,0.0,108000.0,0.0,1,0.0,2
40,0.0,0,2,2166.5878087523574,0.0,108000.0,0.0,1,0.0,2
40,0.0,0,2,2180.2955367068407,0.0,108000.0,0.0,1,0.0,2
79,0.0,0,1,382.83713084555086,1100000.0,15230000.0,0.0,1,477763.0260521042,1
79,0.0,0,1,402.910833164654,1100000.0,17946900.0,0.0,1,476682.1142284569,1
79,0.0,0,1,420.5470017639829,1100000.0,16914000.0,0.0,1,476682.1142284569,1
79,0.0,0,1,405.4788113000642,1100000.0,21002600.0,0.0,1,477763.0260521042,1
79,0.0,0,1,390.5489924042614,1100000.0,16869500.0,0.0,1,476682.1142284569,1
70,0.0,0,2,11316.905405578394,0.0,2080.0,0.0,0,20537.324649298596,2
70,0.0,0,2,11276.665505868503,0.0,3960.0,0.0,0,20537.324649298596,2
70,0.0,0,2,11335.464518888304,0.0,2420.0,0.0,0,20537.324649298596,2
70,0.0,0,2,11235.135102354772,0.0,10400.0,0.0,0,20537.324649298596,2
70,0.0,0,2,11314.693886869765,0.0,6000.0,0.0,0,19456.412825651303,2
51,1180000.0,0,1,1485.7569304001922,920000.0,14761114.0,1180000.0,0,1139281.0621242486,1
51,1170000.0,0,1,1606.1167340907998,930000.0,14849314.0,1170000.0,0,1139281.0621242486,1
51,1170000.0,0,1,1669.3813458983536,930000.0,14902104.0,1170000.0,0,1140361.9739478957,1
51,1170000.0,0,1,1613.2667940264532,930000.0,14912104.0,1170000.0,0,1140361.9739478957,1
51,1170000.0,0,1,1517.2682867298756,930000.0,14831104.0,1170000.0,0,1140361.9739478957,1
61,650000.0,0,1,447.0381522516729,850000.0,18050000.0,650000.0,1,2248296.593186373,1
61,650000.0,0,1,451.7027681786186,850000.0,14550000.0,650000.0,1,2259105.7114228457,1
61,650000.0,0,1,481.46951716434234,850000.0,18050000.0,650000.0,1,2248296.593186373,1
61,650000.0,0,1,453.4419861118422,850000.0,16550000.0,650000.0,1,2259105.7114228457,1
61,650000.0,0,1,447.01233971937955,850000.0,15180000.0,650000.0,1,2259105.7114228457,1
68,6280000.0,0,1,46.01726343412899,22580000.0,157838000.0,6280000.0,1,23207176.853707414,1
68,6290000.0,0,1,46.42781221315671,25240000.0,164233000.0,6290000.0,1,23163940.380761523,1
68,6280000.0,0,1,46.79300145214982,25250000.0,160947000.0,6280000.0,1,23250413.326653305,1
68,5810000.0,0,1,47.738824352726,25380000.0,164327000.0,5810000.0,1,23228795.09018036,1
68,5870000.0,0,1,46.276727943299164,20740000.0,157583000.0,5870000.0,1,23163940.380761523,1
67,200000.0,0,1,3021.110179692684,450000.0,727620.0,200000.0,1,152949.0230460922,1
67,200000.0,0,1,3047.9932064782233,450000.0,729510.0,200000.0,1,152949.0230460922,1
67,200000.0,0,1,3156.485060732606,450000.0,728520.0,200000.0,1,152949.0230460922,1
67,200000.0,0,1,3159.0699009633854,450000.0,728520.0,200000.0,1,152949.0230460922,1
67,200000.0,0,1,3228.309253645076,450000.0,728520.0,200000.0,1,152949.0230460922,1
50,0.0,0,1,6868.286026855759,285000.0,1323000.0,0.0,1,196725.9519038076,1
50,0.0,0,1,6890.776981405281,285000.0,1323000.0,0.0,1,196725.9519038076,1
50,0.0,0,1,7424.644672684187,285000.0,1323100.0,0.0,1,196725.9519038076,1
50,0.0,0,1,7078.560514108634,285000.0,1323000.0,0.0,1,196725.9519038076,1
50,0.0,0,1,7538.101201889362,285000.0,1323000.0,0.0,1,196725.9519038076,1
44,42000.0,0,1,6991.8274626819375,18000.0,77990.0,42000.0,1,75663.82765531063,1
44,42000.0,0,1,6785.697513574395,18000.0,106190.0,42000.0,1,75663.82765531063,1
44,42000.0,0,1,6817.392642553126,18000.0,106090.0,42000.0,1,75663.82765531063,1
44,42000.0,0,1,6830.971560069796,18000.0,96290.0,42000.0,1,75663.82765531063,1
44,42000.0,0,1,6746.826219114386,18000.0,75390.0,42000.0,1,75663.82765531063,1
70,0.0,0,1,5963.872658975178,350000.0,373800.0,0.0,0,41074.64929859719,1
70,0.0,0,1,6001.374699215276,350000.0,373800.0,0.0,0,41074.64929859719,1
70,0.0,0,1,5986.5521989609015,350000.0,396900.0,0.0,0,41074.64929859719,1
70,0.0,0,1,6006.022317655398,350000.0,368480.0,0.0,0,41074.64929859719,1
70,0.0,0,1,5985.546219648621,350000.0,377900.0,0.0,0,41074.64929859719,1
48,0.0,0,1,7422.166627832485,0.0,40900.0,0.0,1,37831.91382765531,2
48,0.0,0,1,7315.797507160855,0.0,64900.0,0.0,1,37831.91382765531,2
48,0.0,0,1,7397.374144357903,0.0,47900.0,0.0,1,37831.91382765531,2
48,0.0,0,1,7309.754744927726,0.0,43900.0,0.0,1,37831.91382765531,2
48,0.0,0,1,7374.466676920427,0.0,48900.0,0.0,1,37831.91382765531,2
66,0.0,0,1,38.798286613426015,4000000.0,20679000.0,0.0,1,506947.64529058116,1
66,0.0,0,1,40.84913210943682,4000000.0,20665000.0,0.0,1,541536.8236472945,1
66,0.0,0,1,42.48129606326379,4000000.0,21415900.0,0.0,1,489653.05611222447,1
66,0.0,0,1,45.840462449539146,4000000.0,22422000.0,0.0,1,584773.2965931863,1
66,0.0,0,1,39.610425921248364,4000000.0,21189000.0,0.0,1,459387.5250501002,1
76,0.0,0,1,13270.593404548024,175000.0,1049700.0,0.0,0,24104.333667334668,2
76,0.0,0,1,13916.530515290444,175000.0,1049700.0,0.0,0,23996.24248496994,2
76,0.0,0,1,15087.66631696092,175000.0,1049700.0,0.0,0,23996.24248496994,2
76,0.0,0,1,13731.080098863324,175000.0,1049700.0,0.0,0,24104.333667334668,2
76,0.0,0,1,15323.510657882365,175000.0,1049600.0,0.0,0,24212.4248496994,2
48,0.0,0,1,5921.313476875147,0.0,32505.0,0.0,1,59450.1503006012,2
48,0.0,0,1,5899.388615935181,0.0,32610.0,0.0,1,59450.1503006012,2
48,0.0,0,1,5935.230292676779,0.0,32610.0,0.0,1,59450.1503006012,2
48,0.0,0,1,5978.274737764061,0.0,32705.0,0.0,1,59450.1503006012,2
48,0.0,0,1,5941.805917849945,0.0,32805.0,0.0,1,59450.1503006012,2
44,0.0,0,1,13723.1484835096,60000.0,35001.0,0.0,0,12970.941883767535,1
44,0.0,0,1,13209.369274254248,60000.0,43001.0,0.0,0,16213.677354709418,1
44,0.0,0,1,13050.323909235896,60000.0,20001.0,0.0,0,14051.85370741483,1
44,0.0,0,1,13225.278501577248,60000.0,27001.0,0.0,0,12970.941883767535,1
44,0.0,0,1,12881.654652287845,60000.0,34001.0,0.0,0,16213.677354709418,1
50,0.0,0,2,1328.8875656360592,0.0,-31570.0,0.0,1,32427.354709418836,2
50,0.0,0,2,1338.3441221846165,0.0,-16570.0,0.0,1,32427.354709418836,2
50,0.0,0,2,1320.2912856045814,0.0,-16670.0,0.0,1,32427.354709418836,2
50,0.0,0,2,1347.9571307659721,0.0,-34470.0,0.0,1,32427.354709418836,2
50,0.0,0,2,1320.2463512709198,0.0,-20680.0,0.0,1,32427.354709418836,2
44,150000.0,0,1,5685.005537591014,250000.0,1025501.0,150000.0,1,261580.6613226453,1
44,150000.0,0,1,5704.448900178485,250000.0,1023501.0,150000.0,1,261580.6613226453,1
44,150000.0,0,1,6145.112032618736,250000.0,1027501.0,150000.0,1,261580.6613226453,1
44,150000.0,0,1,5858.390700636617,250000.0,1025101.0,150000.0,1,261580.6613226453,1
44,150000.0,0,1,6237.799327462798,250000.0,1025701.0,150000.0,1,261580.6613226453,1
27,0.0,0,1,2477.6167919080845,0.0,63530.0,0.0,1,57288.32665330661,1
27,0.0,0,1,2504.6357224700673,0.0,64020.0,0.0,1,54045.59118236473,1
27,0.0,0,1,2498.154221289364,0.0,63610.0,0.0,1,62692.885771543086,1
27,0.0,0,1,2501.74428502544,0.0,63150.0,0.0,1,55126.503006012026,1
27,0.0,0,1,2504.706508750838,0.0,64490.0,0.0,1,61611.9739478958,1
74,0.0,0,2,5894.567003549681,400000.0,659000.0,0.0,0,47560.12024048096,2
74,0.0,0,2,5910.810628364609,400000.0,659000.0,0.0,0,47560.12024048096,2
74,0.0,0,2,6370.387093846022,400000.0,660000.0,0.0,0,46479.208416833666,2
74,0.0,0,2,6066.691995605263,400000.0,659000.0,0.0,0,45398.29659318637,2
74,0.0,0,2,6465.110343546387,400000.0,660000.0,0.0,0,45398.29659318637,2
24,0.0,0,1,21715.11617093375,0.0,20940.0,0.0,1,43236.47294589179,1
24,0.0,0,1,21408.074324140427,0.0,21080.0,0.0,1,43236.47294589179,1
24,0.0,0,1,21596.05158672406,0.0,21050.0,0.0,1,43236.47294589179,1
24,0.0,0,1,21577.02487183553,0.0,20980.0,0.0,1,43236.47294589179,1
24,0.0,0,1,21363.3014237869,0.0,21100.0,0.0,1,43236.47294589179,1
41,0.0,0,1,2356.520475745507,0.0,11060.0,0.0,1,86472.94589178357,1
41,0.0,0,1,2397.5296889440842,0.0,11940.0,0.0,1,86472.94589178357,1
41,0.0,0,1,2367.2121574745283,0.0,13950.0,0.0,1,86472.94589178357,1
41,0.0,0,1,2380.359021597845,0.0,4500.0,0.0,1,86472.94589178357,1
41,0.0,0,1,2372.9353007159007,0.0,21010.0,0.0,1,86472.94589178357,1
43,0.0,0,2,4584.7699385681535,0.0,5210.0,0.0,1,41074.64929859719,2
43,0.0,0,2,4485.333056009043,0.0,5250.0,0.0,1,44317.38476953908,2
43,0.0,0,2,4518.349193642378,0.0,5060.0,0.0,1,42155.561122244486,2
43,0.0,0,2,4516.997285762989,0.0,5150.0,0.0,1,42155.561122244486,2
43,0.0,0,2,4465.794854445032,0.0,5360.0,0.0,1,42155.561122244486,2
81,246000.0,0,1,8598.419229844072,454000.0,1339720.0,246000.0,0,95984.96993987975,1
81,223000.0,0,1,10001.333216986588,477000.0,2383940.0,223000.0,0,58044.96492985972,1
81,527000.0,0,1,7164.7642302316235,173000.0,1472940.0,527000.0,0,117062.75050100201,1
81,269000.0,0,1,8580.580957115993,431000.0,2252290.0,269000.0,0,76625.83917835672,1
81,245000.0,0,1,9433.870650499342,455000.0,1096180.0,245000.0,0,84311.12224448897,1
47,214000.0,0,1,7425.139369918504,1186000.0,2259100.0,214000.0,1,194564.12825651304,1
47,214000.0,0,1,7723.644154979236,1186000.0,2259130.0,214000.0,1,194564.12825651304,1
47,214000.0,0,1,7118.3587611945895,1186000.0,2259900.0,214000.0,1,194564.12825651304,1
47,215000.0,0,1,7309.1880810382545,1185000.0,2260000.0,215000.0,1,194564.12825651304,1
47,214000.0,0,1,7282.168912506652,1186000.0,2258100.0,214000.0,1,194564.12825651304,1
65,0.0,0,1,5594.766953319786,0.0,28250.0,0.0,1,91877.50501002005,1
65,0.0,0,1,5541.499065683972,0.0,29250.0,0.0,1,91877.50501002005,1
65,0.0,0,1,5386.724815895027,0.0,29250.0,0.0,1,91877.50501002005,1
65,0.0,0,1,5706.98782574842,0.0,29250.0,0.0,1,91877.50501002005,1
65,0.0,0,1,5461.573341554347,0.0,29250.0,0.0,1,91877.50501002005,1
35,257000.0,0,1,5755.8363092862255,156000.0,412400.0,257000.0,1,148084.91983967935,1
35,257000.0,0,1,5775.521921132262,156000.0,412500.0,257000.0,1,147004.00801603205,1
35,257000.0,0,1,6221.675375353559,156000.0,414500.0,257000.0,1,147004.00801603205,1
35,257000.0,0,1,5931.381717351439,156000.0,413400.0,257000.0,1,148084.91983967935,1
35,258000.0,0,1,6315.5174821985465,155000.0,413400.0,258000.0,1,148084.91983967935,1
67,55000.0,0,1,8509.624767391966,545000.0,1163320.0,55000.0,0,125385.77154308617,1
67,55000.0,0,1,8536.822077343528,545000.0,1150320.0,55000.0,0,125385.77154308617,1
67,55000.0,0,1,9193.600770147912,545000.0,1151320.0,55000.0,0,128628.50701402806,1
67,55000.0,0,1,8761.69619974979,545000.0,1145320.0,55000.0,0,127547.59519038076,1
67,55000.0,0,1,9335.913318249182,545000.0,1157320.0,55000.0,0,127547.59519038076,1
38,0.0,0,1,4993.196916133914,0.0,300.0,0.0,1,25941.88376753507,2
38,0.0,0,1,5011.853330302687,0.0,300.0,0.0,1,24860.971943887776,2
38,0.0,0,1,4974.096366782009,0.0,300.0,0.0,1,24860.971943887776,2
38,0.0,0,1,4958.626050433622,0.0,300.0,0.0,1,24860.971943887776,2
38,0.0,0,1,4989.657069568237,0.0,300.0,0.0,1,25941.88376753507,2
63,0.0,0,1,576.6068044700065,650000.0,1908000.0,0.0,0,270227.95591182366,1
63,0.0,0,1,616.4505678055209,650000.0,1908000.0,0.0,0,270227.95591182366,1
63,0.0,0,1,563.5097023618744,650000.0,1908000.0,0.0,0,270227.95591182366,1
63,0.0,0,1,577.3674923098441,650000.0,1909000.0,0.0,0,270227.95591182366,1
63,0.0,0,1,567.2938385173753,650000.0,1909000.0,0.0,0,270227.95591182366,1
22,0.0,0,1,13734.426040768856,0.0,35500.0,0.0,1,45398.29659318637,2
22,0.0,0,1,13892.118278841235,0.0,33790.0,0.0,1,45398.29659318637,2
22,0.0,0,1,13806.893397380521,0.0,34840.0,0.0,1,45398.29659318637,2
22,0.0,0,1,13755.940937758442,0.0,34700.0,0.0,1,45398.29659318637,2
22,0.0,0,1,13862.05155674199,0.0,32980.0,0.0,1,45398.29659318637,2
73,0.0,0,1,46.688700301761955,4130000.0,99614000.0,0.0,0,4993488.351703407,1
73,0.0,0,1,47.196499808784,4650000.0,74650000.0,0.0,0,5251177.730460922,1
73,0.0,0,1,47.67689187088784,4290000.0,96556000.0,0.0,0,5208049.348697395,1
73,0.0,0,1,48.66830798049493,4500000.0,69416000.0,0.0,0,4139676.102204409,1
73,0.0,0,1,46.97917140429781,4750000.0,87810000.0,0.0,0,4798167.585170341,1
54,0.0,0,2,1646.669182026577,0.0,40770.0,0.0,0,17294.589178356713,2
54,0.0,0,2,1646.097441090539,0.0,27670.0,0.0,0,17294.589178356713,2
54,0.0,0,2,1650.8051799541777,0.0,40770.0,0.0,0,17294.589178356713,2
54,0.0,0,2,1644.9353826510883,0.0,28870.0,0.0,0,18375.501002004006,2
54,0.0,0,2,1650.4963064829699,0.0,25970.0,0.0,0,17294.589178356713,2
35,0.0,0,2,1477.182113765448,0.0,9610.0,0.0,1,31346.442885771543,2
35,0.0,0,2,1490.561864004407,0.0,9610.0,0.0,1,31346.442885771543,2
35,0.0,0,2,1454.094168173001,0.0,9605.0,0.0,1,31346.442885771543,2
35,0.0,0,2,1476.2762015529486,0.0,9710.0,0.0,1,31346.442885771543,2
35,0.0,0,2,1461.7045748466617,0.0,9610.0,0.0,1,31346.442885771543,2
71,0.0,0,1,7629.980203565639,433000.0,2853000.0,0.0,1,148084.91983967935,1
71,0.0,0,1,8975.717677432502,427000.0,2833000.0,0.0,1,147004.00801603205,1
71,0.0,0,1,6435.2165528013375,442000.0,2862000.0,0.0,1,148084.91983967935,1
71,0.0,0,1,7699.85607024903,428000.0,2848000.0,0.0,1,148084.91983967935,1
71,0.0,0,1,6936.773534155489,444000.0,2846100.0,0.0,1,147004.00801603205,1
45,653000.0,0,1,4568.9584910480635,947000.0,3052000.0,479000.0,1,1340330.6613226454,1
45,653000.0,0,1,5010.9478446795965,947000.0,3052000.0,479000.0,1,1372758.016032064,1
45,653000.0,0,1,5434.533579647055,947000.0,3052000.0,479000.0,1,1307903.3066132264,1
45,653000.0,0,1,4872.3065920514655,947000.0,3052000.0,479000.0,1,924179.6092184369,1
45,653000.0,0,1,4709.854701982808,947000.0,3052000.0,479000.0,1,1340330.6613226454,1
77,0.0,0,1,10165.601538128836,0.0,14201.0,0.0,0,37831.91382765531,1
77,0.0,0,1,10163.572769284818,0.0,15501.0,0.0,0,38912.825651302606,1
77,0.0,0,1,10186.191657628191,0.0,10001.0,0.0,0,38912.825651302606,1
77,0.0,0,1,10167.26264988483,0.0,15601.0,0.0,0,37831.91382765531,1
77,0.0,0,1,10191.189617823977,0.0,6001.0,0.0,0,38912.825651302606,1
35,0.0,0,1,5456.533326630141,0.0,41100.0,0.0,1,58369.238476953906,2
35,0.0,0,1,5381.121247760072,0.0,40100.0,0.0,1,59450.1503006012,2
35,0.0,0,1,5405.931179567945,0.0,40100.0,0.0,1,58369.238476953906,2
35,0.0,0,1,5477.199564237142,0.0,39100.0,0.0,1,63773.79759519038,2
35,0.0,0,1,5356.584241541325,0.0,40100.0,0.0,1,57288.32665330661,2
62,0.0,0,2,1442.0470096479044,0.0,-3000.0,0.0,1,50802.855711422846,2
62,0.0,0,2,1429.0494286914784,0.0,-5200.0,0.0,1,48641.03206412826,2
62,0.0,0,2,1427.5496838873537,0.0,-5600.0,0.0,1,45398.29659318637,2
62,0.0,0,2,1453.2172160864202,0.0,-2600.0,0.0,1,44317.38476953908,2
62,0.0,0,2,1424.556843729086,0.0,-2300.0,0.0,1,47560.12024048096,2
78,0.0,0,1,804.004373430829,0.0,72500.0,0.0,0,77825.65130260521,2
78,0.0,0,1,831.6735308845255,0.0,72200.0,0.0,0,79987.4749498998,2
78,0.0,0,1,802.5019598980216,0.0,72400.0,0.0,0,76744.73947895791,2
78,0.0,0,1,813.4812211488359,0.0,72400.0,0.0,0,81068.3867735471,2
78,0.0,0,1,818.9120418187027,0.0,70900.0,0.0,0,78906.5631262525,2
44,336000.0,0,1,6467.690687278292,314000.0,2825200.0,336000.0,1,272389.7795591182,1
44,336000.0,0,1,7617.9419892618,314000.0,2825300.0,336000.0,1,271308.86773547094,1
44,336000.0,0,1,5454.8707773036,314000.0,2825200.0,336000.0,1,272389.7795591182,1
44,336000.0,0,1,6539.209332979387,314000.0,2826200.0,336000.0,1,272389.7795591182,1
44,336000.0,0,1,5883.289335294538,314000.0,2825200.0,336000.0,1,272389.7795591182,1
37,512000.0,0,1,1809.900233084313,438000.0,2245640.0,512000.0,1,291846.19238476956,1
37,512000.0,0,1,2131.7832977244307,438000.0,2245540.0,512000.0,1,291846.19238476956,1
37,512000.0,0,1,1526.4755797159519,438000.0,2245630.0,512000.0,1,292927.10420841683,1
37,513000.0,0,1,1829.9138082200097,437000.0,2243630.0,513000.0,1,292927.10420841683,1
37,512000.0,0,1,1646.3630148851412,438000.0,2247730.0,512000.0,1,292927.10420841683,1
48,160000.0,0,1,7647.412681522194,600000.0,656400.0,160000.0,1,81068.3867735471,1
48,160000.0,0,1,7678.613665955202,600000.0,682300.0,160000.0,1,85392.03406813627,1
48,160000.0,0,1,8268.001782729008,600000.0,613400.0,160000.0,1,103767.53507014028,1
48,160000.0,0,1,7892.081833928462,600000.0,622300.0,160000.0,1,108091.18236472947,1
48,160000.0,0,1,8396.674673634401,600000.0,638800.0,160000.0,1,87553.85771543086,1
55,0.0,0,2,3630.2994872180097,6000.0,10250.0,0.0,1,7350.200400801603,2
55,0.0,0,2,3633.4694027242595,6000.0,11050.0,0.0,1,7350.200400801603,2
55,0.0,0,2,3621.1079219079015,6000.0,16050.0,0.0,1,7350.200400801603,2
55,0.0,0,2,3630.9064620906406,6000.0,13250.0,0.0,1,7350.200400801603,2
55,0.0,0,2,3620.352441188735,6000.0,10150.0,0.0,1,7350.200400801603,2
71,3000.0,0,1,3243.1385635875863,247000.0,3029500.0,0.0,0,126466.68336673347,1
71,3000.0,0,1,3430.6148799224648,247000.0,3104850.0,0.0,0,128628.50701402806,1
71,3000.0,0,1,3081.814158774426,247000.0,2154700.0,0.0,0,116738.47695390781,1
71,3000.0,0,1,3188.166330854514,247000.0,2542750.0,0.0,0,136194.8897795591,1
71,3000.0,0,1,3193.24068837665,247000.0,2841250.0,0.0,0,124304.85971943887,1
57,0.0,0,1,2281.4489292439403,0.0,84700.0,0.0,1,49721.94388777555,1
57,0.0,0,1,2238.949263057673,0.0,79500.0,0.0,1,49721.94388777555,1
57,0.0,0,1,2279.717862613412,0.0,84200.0,0.0,1,49721.94388777555,1
57,0.0,0,1,2284.5529938579357,0.0,79100.0,0.0,1,49721.94388777555,1
57,0.0,0,1,2249.5857034457686,0.0,80900.0,0.0,1,49721.94388777555,1
52,2610000.0,0,1,50.23431284775829,4840000.0,50894000.0,1580000.0,1,8366257.515030061,2
52,2630000.0,0,1,49.06465790876399,4130000.0,36144000.0,1600000.0,1,8106838.67735471,2
52,2598000.0,0,1,50.336207180723534,4872000.0,40983000.0,1680000.0,1,8225738.977955912,2
52,2480000.0,0,1,49.77026134437752,5170000.0,43585000.0,1390000.0,1,7944701.903807616,2
52,2700000.0,0,1,50.077856923474215,5030000.0,27231000.0,1590000.0,1,8182502.505010021,2
74,0.0,0,1,7433.609147645414,1000000.0,2747700.0,0.0,0,57288.32665330661,2
74,0.0,0,1,8751.731080723572,1000000.0,2752300.0,0.0,0,57288.32665330661,2
74,0.0,0,1,6270.442805828276,1000000.0,2754700.0,0.0,0,57288.32665330661,2
74,0.0,0,1,7511.720070258263,1000000.0,2750900.0,0.0,0,57288.32665330661,2
74,0.0,0,1,6761.032706389633,1000000.0,2755600.0,0.0,0,57288.32665330661,2
66,890000.0,0,1,125.21051072971056,3450000.0,18415400.0,890000.0,1,603148.7975951903,1
66,890000.0,0,1,131.39727431171715,3430000.0,18096400.0,890000.0,1,526404.0581162325,1
66,890000.0,0,1,137.69954612642098,3510000.0,19207400.0,890000.0,1,674488.9779559118,1
66,890000.0,0,1,131.58673302491758,3150000.0,19120400.0,890000.0,1,532889.5290581163,1
66,890000.0,0,1,127.47343996685174,3090000.0,19639400.0,890000.0,1,580449.6492985972,1
46,310000.0,0,1,10893.953737132002,315000.0,1475300.0,310000.0,1,354539.07815631264,1
46,310000.0,0,1,11348.78455973324,315000.0,1478000.0,310000.0,1,355619.9899799599,1
46,310000.0,0,1,10296.941343485509,315000.0,1478600.0,310000.0,1,353458.1663326653,1
46,310000.0,0,1,10737.729736558353,315000.0,1476500.0,310000.0,1,354539.07815631264,1
46,310000.0,0,1,10689.496357653003,315000.0,1477700.0,310000.0,1,351296.34268537076,1
74,126000.0,0,1,8351.102165404913,474000.0,1476100.0,106000.0,1,144842.18436873748,1
74,126000.0,0,1,8379.827343679837,474000.0,1325000.0,106000.0,1,145923.09619238478,1
74,126000.0,0,1,9027.409815454255,474000.0,1408000.0,106000.0,1,145923.09619238478,1
74,126000.0,0,1,8336.85926585487,474000.0,1586000.0,106000.0,1,144842.18436873748,1
74,126000.0,0,1,9162.787420031671,474000.0,1349800.0,106000.0,1,145923.09619238478,1
25,0.0,0,1,3450.128481114407,0.0,3000.0,0.0,1,96201.15230460922,1
25,0.0,0,1,3478.296048447497,0.0,3000.0,0.0,1,96201.15230460922,1
25,0.0,0,1,3477.2762846445075,0.0,4000.0,0.0,1,96201.15230460922,1
25,0.0,0,1,3462.324824949411,0.0,3000.0,0.0,1,96201.15230460922,1
25,0.0,0,1,3480.5461124802787,0.0,4000.0,0.0,1,96201.15230460922,1
38,0.0,0,1,1416.3678893714891,0.0,33500.0,0.0,1,162136.7735470942,1
38,0.0,0,1,1423.6877430352065,0.0,96000.0,0.0,1,162136.7735470942,1
38,0.0,0,1,1403.232946003259,0.0,53000.0,0.0,1,162136.7735470942,1
38,0.0,0,1,1421.7322835002346,0.0,50000.0,0.0,1,162136.7735470942,1
38,0.0,0,1,1390.4238208177496,0.0,36300.0,0.0,1,162136.7735470942,1
39,0.0,0,1,3136.8644669217074,0.0,9630.0,0.0,1,94039.32865731463,1
39,0.0,0,1,3165.2769847214904,0.0,11530.0,0.0,1,94039.32865731463,1
39,0.0,0,1,3087.8361477535623,0.0,10530.0,0.0,1,94039.32865731463,1
39,0.0,0,1,3134.9407204837703,0.0,10530.0,0.0,1,94039.32865731463,1
39,0.0,0,1,3103.9971979388897,0.0,10520.0,0.0,1,94039.32865731463,1
56,0.0,0,2,5689.140477627133,500000.0,866100.0,0.0,1,172945.89178356715,2
56,0.0,0,2,5710.277797423283,500000.0,866100.0,0.0,1,172945.89178356715,2
56,0.0,0,2,6146.673612217208,500000.0,866100.0,0.0,1,172945.89178356715,2
56,0.0,0,2,5862.88733142709,500000.0,866100.0,0.0,1,172945.89178356715,2
56,0.0,0,2,6241.5476339984125,500000.0,867100.0,0.0,1,172945.89178356715,2
25,0.0,0,2,3527.59456772274,0.0,886320.0,0.0,1,119981.2124248497,2
25,0.0,0,2,3561.9743691439203,0.0,842200.0,0.0,1,116738.47695390781,2
25,0.0,0,2,3839.523352695869,0.0,731970.0,0.0,1,115657.56513026053,2
25,0.0,0,2,3693.115538704272,0.0,927400.0,0.0,1,116738.47695390781,2
25,0.0,0,2,3907.616297325031,0.0,670120.0,0.0,1,114576.65330661323,2
68,0.0,0,2,8149.669849479231,0.0,-6300.0,0.0,0,20537.324649298596,2
68,0.0,0,2,8119.489593131288,0.0,-8000.0,0.0,0,19456.412825651303,2
68,0.0,0,2,8162.110997500534,0.0,-9000.0,0.0,0,19456.412825651303,2
68,0.0,0,2,8089.0770267215385,0.0,-6100.0,0.0,0,19456.412825651303,2
68,0.0,0,2,8149.240223365441,0.0,-7300.0,0.0,0,21618.236472945893,2
42,0.0,0,1,1434.1545854638925,0.0,9700.0,0.0,1,56207.41482965932,1
42,0.0,0,1,1459.1123788547607,0.0,9800.0,0.0,1,56207.41482965932,1
42,0.0,0,1,1440.6614350906266,0.0,9600.0,0.0,1,56207.41482965932,1
42,0.0,0,1,1448.6624839510073,0.0,9700.0,0.0,1,56207.41482965932,1
42,0.0,0,1,1444.1444823237655,0.0,9600.0,0.0,1,56207.41482965932,1
51,0.0,0,1,4638.132023501679,0.0,7760.0,0.0,1,68097.44488977955,1
51,0.0,0,1,4596.407179268129,0.0,-12830.0,0.0,1,65935.62124248497,1
51,0.0,0,1,4613.109569768541,0.0,-15080.0,0.0,1,70259.26853707415,1
51,0.0,0,1,4624.578655632724,0.0,-140.0,0.0,1,73502.00400801603,1
51,0.0,0,1,4701.865327988109,0.0,10520.0,0.0,1,64854.70941883767,1
46,0.0,0,2,1600.2482837516939,0.0,-9200.0,0.0,1,12970.941883767535,2
46,0.0,0,2,1611.6358825059851,0.0,-5700.0,0.0,1,12970.941883767535,2
46,0.0,0,2,1589.896631194514,0.0,-13500.0,0.0,1,14051.85370741483,2
46,0.0,0,2,1623.2118810191791,0.0,-5500.0,0.0,1,12970.941883767535,2
46,0.0,0,2,1589.8425212064435,0.0,-5500.0,0.0,1,14051.85370741483,2
64,0.0,0,1,301.2312007897291,390000.0,2752000.0,0.0,1,392370.99198396795,1
64,0.0,0,1,320.8039429614245,390000.0,2753000.0,0.0,1,392370.99198396795,1
64,0.0,0,1,293.89873167849714,390000.0,2752000.0,0.0,1,392370.99198396795,1
64,0.0,0,1,300.5295736363261,390000.0,2643000.0,0.0,1,392370.99198396795,1
64,0.0,0,1,292.62303785516724,390000.0,2829000.0,0.0,1,391290.0801603206,1
74,270000.0,0,1,6216.421824061466,430000.0,2339100.0,270000.0,0,297250.75150300603,1
74,270000.0,0,1,7312.8429914576645,430000.0,2339000.0,270000.0,0,290765.2805611222,1
74,270000.0,0,1,5243.004510378831,430000.0,2338000.0,270000.0,0,281037.0741482966,1
74,270000.0,0,1,6273.3522289952625,430000.0,2338000.0,270000.0,0,291846.19238476956,1
74,270000.0,0,1,5651.641188550455,430000.0,2339100.0,270000.0,0,294008.0160320641,1
67,400000.0,0,1,1460.805485072771,1900000.0,5732900.0,400000.0,0,90796.59318637275,1
67,400000.0,0,1,1589.8516000473558,1900000.0,5734000.0,400000.0,0,90796.59318637275,1
67,400000.0,0,1,1727.7251216358327,1900000.0,5732700.0,400000.0,0,90796.59318637275,1
67,400000.0,0,1,1530.5215696870187,1900000.0,5733400.0,400000.0,0,90796.59318637275,1
67,400000.0,0,1,1493.2885524157016,1900000.0,5732000.0,400000.0,0,90796.59318637275,1
50,1400000.0,0,1,1720.2386483101873,1100000.0,5778000.0,1400000.0,1,1318712.4248496995,1
50,1400000.0,0,1,1832.940311076134,1100000.0,5810000.0,1400000.0,1,1318712.4248496995,1
50,1400000.0,0,1,1912.0768337183388,1100000.0,5789000.0,1400000.0,1,1318712.4248496995,1
50,1400000.0,0,1,1838.0468295493145,1100000.0,5788000.0,1400000.0,1,1318712.4248496995,1
50,1400000.0,0,1,1732.4867609027976,1100000.0,5775000.0,1400000.0,1,1318712.4248496995,1
44,1090000.0,0,1,485.9120547485545,1790000.0,2664170.0,1090000.0,1,727453.6573146293,1
44,1090000.0,0,1,529.2658033584904,1790000.0,2668420.0,1090000.0,1,727453.6573146293,1
44,1090000.0,0,1,574.8758760283954,1790000.0,2664520.0,1090000.0,1,727453.6573146293,1
44,1090000.0,0,1,509.85161205950965,1790000.0,2665120.0,1090000.0,1,727453.6573146293,1
44,1080000.0,0,1,496.8479598819552,1800000.0,2674420.0,1080000.0,1,727453.6573146293,1
69,0.0,0,1,83.58703658346077,1600000.0,43548800.0,0.0,1,535807.9909819639,1
69,0.0,0,1,82.42638242661427,1600000.0,43334400.0,0.0,1,536888.9028056113,1
69,0.0,0,1,81.70088755210482,1600000.0,42488800.0,0.0,1,536888.9028056113,1
69,0.0,0,1,82.76624966381317,1600000.0,43748700.0,0.0,1,535916.0821643287,1
69,0.0,0,1,84.92659179223057,1600000.0,43106300.0,0.0,1,536996.993987976,1
61,88000.0,0,1,14194.803568241541,182000.0,198550.0,88000.0,1,69178.35671342685,1
61,89000.0,0,1,13449.962612006915,181000.0,192250.0,89000.0,1,69178.35671342685,1
61,93000.0,0,1,13705.2537858006,177000.0,186950.0,93000.0,1,69178.35671342685,1
61,78000.0,0,1,13523.22816211418,192000.0,208450.0,78000.0,1,69178.35671342685,1
61,92000.0,0,1,13580.114567389945,178000.0,188850.0,92000.0,1,69178.35671342685,1
29,0.0,0,1,9105.466259378753,0.0,19200.0,0.0,1,38912.825651302606,2
29,0.0,0,1,9034.261478142182,0.0,26700.0,0.0,1,21618.236472945893,2
29,0.0,0,1,9126.094550118056,0.0,23500.0,0.0,1,32427.354709418836,2
29,0.0,0,1,9308.949257645658,0.0,15000.0,0.0,1,17294.589178356713,2
29,0.0,0,1,9150.530316307133,0.0,42600.0,0.0,1,43236.47294589179,2
72,0.0,0,2,678.8693074694265,0.0,65472100.0,0.0,0,241043.3366733467,2
72,0.0,0,2,671.8323703623448,0.0,63820190.0,0.0,0,304817.13426853705,2
72,0.0,0,2,619.9533487808426,0.0,62561850.0,0.0,0,269147.04408817634,2
72,0.0,0,2,691.5135947966958,0.0,67029390.0,0.0,0,308059.869739479,2
72,0.0,0,2,671.7729155681716,0.0,63951200.0,0.0,0,266985.2204408818,2
62,950000.0,0,1,811.8447732098066,650000.0,4054000.0,950000.0,1,1145766.5330661323,1
62,950000.0,0,1,831.1179103854341,650000.0,4128000.0,950000.0,1,1134957.4148296593,1
62,950000.0,0,1,862.9298325196216,650000.0,4055000.0,950000.0,1,1145766.5330661323,1
62,950000.0,0,1,831.5799841923761,650000.0,4060000.0,950000.0,1,1134957.4148296593,1
62,950000.0,0,1,826.0355979540715,650000.0,4043000.0,950000.0,1,1145766.5330661323,1
52,107000.0,0,2,8292.548013093017,142000.0,191200.0,107000.0,1,65935.62124248497,2
52,107000.0,0,2,7873.321870335562,142000.0,187200.0,107000.0,1,65935.62124248497,2
52,107000.0,0,2,7924.751490993137,142000.0,178200.0,107000.0,1,65935.62124248497,2
52,107000.0,0,2,8017.303322306539,142000.0,164600.0,107000.0,1,65935.62124248497,2
52,107000.0,0,2,7838.031147710108,142000.0,173200.0,107000.0,1,65935.62124248497,2
46,0.0,0,1,3109.1213333273704,0.0,21090.0,0.0,1,43236.47294589179,1
46,0.0,0,1,3114.733709603877,0.0,22550.0,0.0,1,43236.47294589179,1
46,0.0,0,1,3126.0520059805017,0.0,21700.0,0.0,1,43236.47294589179,1
46,0.0,0,1,3133.8239780809363,0.0,21750.0,0.0,1,43236.47294589179,1
46,0.0,0,1,3119.398419578748,0.0,21760.0,0.0,1,43236.47294589179,1
63,0.0,0,2,10613.85730908682,0.0,-128530.0,0.0,1,97282.06412825652,1
63,0.0,0,2,10416.138488032891,0.0,-138300.0,0.0,1,201049.59919839678,1
63,0.0,0,2,10605.80396457692,0.0,-137510.0,0.0,1,115657.56513026053,1
63,0.0,0,2,10628.298175357744,0.0,-161310.0,0.0,1,98362.9759519038,1
63,0.0,0,2,10465.62180502008,0.0,-154800.0,0.0,1,171864.97995991984,1
61,0.0,0,1,3936.7428186990737,775000.0,2988500.0,0.0,1,238881.5130260521,1
61,0.0,0,1,4033.97532461583,775000.0,2987300.0,0.0,1,243205.16032064127,1
61,0.0,0,1,3653.3429549004286,775000.0,2987700.0,0.0,1,237800.6012024048,1
61,0.0,0,1,3775.001555070319,775000.0,2987700.0,0.0,1,239962.4248496994,1
61,0.0,0,1,3871.9509663272606,775000.0,2990700.0,0.0,1,237800.6012024048,1
20,0.0,0,2,22400.924902651524,0.0,13400.0,0.0,0,6485.470941883767,2
20,0.0,0,2,22084.186032923753,0.0,14400.0,0.0,0,6485.470941883767,2
20,0.0,0,2,22278.10001014568,0.0,13400.0,0.0,0,6485.470941883767,2
20,0.0,0,2,22258.472391854022,0.0,13400.0,0.0,0,6485.470941883767,2
20,0.0,0,2,22037.999110846133,0.0,13400.0,0.0,0,6485.470941883767,2
21,0.0,0,1,6505.351501847782,0.0,6420.0,0.0,1,98362.9759519038,1
21,0.0,0,1,6687.764953961341,0.0,6420.0,0.0,1,90796.59318637275,1
21,0.0,0,1,6597.324824433264,0.0,6420.0,0.0,1,92958.41683366733,1
21,0.0,0,1,6668.303803029962,0.0,6420.0,0.0,1,91877.50501002005,1
21,0.0,0,1,6630.114399130403,0.0,6420.0,0.0,1,88634.76953907816,1
65,0.0,0,1,62.048096314015254,800000.0,70589000.0,0.0,1,2881710.9218436875,1
65,0.0,0,1,62.74200413417416,800000.0,68750000.0,0.0,1,2881710.9218436875,1
65,0.0,0,1,63.044824973966094,800000.0,68309000.0,0.0,1,2881710.9218436875,1
65,0.0,0,1,64.38314555623599,800000.0,68751000.0,0.0,1,2881710.9218436875,1
65,0.0,0,1,62.66899975517879,800000.0,68150000.0,0.0,1,2881710.9218436875,1
70,150000.0,0,1,2885.897291721013,600000.0,10112900.0,150000.0,1,524242.2344689379,1
70,150000.0,0,1,3058.384623189363,600000.0,10144400.0,150000.0,1,558831.4128256514,1
70,150000.0,0,1,3153.340149334424,600000.0,9133900.0,150000.0,1,505866.7334669339,1
70,150000.0,0,1,3031.987602148145,600000.0,8262400.0,150000.0,1,552345.9418837675,1
70,150000.0,0,1,2907.3317253619352,600000.0,8799400.0,150000.0,1,539375.0,1
52,0.0,0,2,7201.111625473828,0.0,9620.0,0.0,1,39993.7374749499,1
52,0.0,0,2,7214.1105868260465,0.0,9610.0,0.0,1,39993.7374749499,1
52,0.0,0,2,7240.32516865809,0.0,10000.0,0.0,1,39993.7374749499,1
52,0.0,0,2,7258.326022483054,0.0,11000.0,0.0,1,38912.825651302606,1
52,0.0,0,2,7224.914635181905,0.0,10000.0,0.0,1,38912.825651302606,1
43,116000.0,0,1,11898.62699071483,234000.0,754600.0,116000.0,1,235638.77755511022,1
43,116000.0,0,1,11947.465609514738,234000.0,786000.0,116000.0,1,235638.77755511022,1
43,128000.0,0,1,12864.74583934463,222000.0,728600.0,128000.0,1,235638.77755511022,1
43,136000.0,0,1,12272.637804238502,214000.0,776000.0,136000.0,1,235638.77755511022,1
43,146000.0,0,1,13060.41985299675,204000.0,747600.0,146000.0,1,234557.86573146292,1
69,0.0,0,1,49.12130731893448,1200000.0,31265000.0,0.0,1,2637424.849699399,1
69,0.0,0,1,48.14504884759182,1200000.0,30362000.0,0.0,1,2648233.967935872,1
69,0.0,0,1,48.25387423680418,1200000.0,29612000.0,0.0,1,2648233.967935872,1
69,0.0,0,1,48.82344729083191,1200000.0,31506000.0,0.0,1,2637424.849699399,1
69,0.0,0,1,49.95573238434168,1200000.0,29682000.0,0.0,1,2637424.849699399,1
68,0.0,0,1,3689.634915613806,0.0,22800.0,0.0,0,51883.76753507014,1
68,0.0,0,1,3654.505828067904,0.0,17410.0,0.0,0,51883.76753507014,1
68,0.0,0,1,3552.435361000394,0.0,22700.0,0.0,0,51883.76753507014,1
68,0.0,0,1,3763.6422965517463,0.0,22500.0,0.0,0,51883.76753507014,1
68,0.0,0,1,3601.7964400156648,0.0,17920.0,0.0,0,51883.76753507014,1
64,525000.0,0,1,425.3255447255524,1375000.0,13254400.0,525000.0,1,1189003.0060120241,2
64,525000.0,0,1,450.03329141834485,1375000.0,13259400.0,525000.0,1,1189003.0060120241,2
64,525000.0,0,1,468.3204543747373,1375000.0,13268400.0,525000.0,1,1189003.0060120241,2
64,525000.0,0,1,451.051952760529,1375000.0,18406800.0,525000.0,1,1189003.0060120241,2
64,525000.0,0,1,434.17919288533574,1375000.0,13251400.0,525000.0,1,1189003.0060120241,2
57,44000.0,0,1,1773.8705621342572,156000.0,184420.0,44000.0,1,54045.59118236473,1
57,44000.0,0,1,1691.7565821382486,156000.0,184330.0,44000.0,1,54045.59118236473,1
57,44000.0,0,1,1749.049626506069,156000.0,184820.0,44000.0,1,54045.59118236473,1
57,44000.0,0,1,1704.0802789766967,156000.0,180920.0,44000.0,1,54045.59118236473,1
57,44000.0,0,1,1726.2524265889429,156000.0,183620.0,44000.0,1,54045.59118236473,1
70,0.0,0,2,9263.741841886327,150000.0,445000.0,0.0,1,42155.561122244486,2
70,0.0,0,2,8714.403046259027,150000.0,325000.0,0.0,1,44317.38476953908,2
70,0.0,0,2,8900.471061006812,150000.0,529000.0,0.0,1,44317.38476953908,2
70,0.0,0,2,8732.277066410894,150000.0,322000.0,0.0,1,43236.47294589179,2
70,0.0,0,2,8726.674982287057,150000.0,388000.0,0.0,1,42155.561122244486,2
81,0.0,0,2,10563.21945082463,150000.0,153350.0,0.0,0,17294.589178356713,2
81,0.0,0,2,10634.402137117799,150000.0,150290.0,0.0,0,16213.677354709418,2
81,0.0,0,2,10620.688179769302,150000.0,152450.0,0.0,0,16213.677354709418,2
81,0.0,0,2,10649.193485767571,150000.0,150270.0,0.0,0,17294.589178356713,2
81,0.0,0,2,10629.120671058763,150000.0,153270.0,0.0,0,16213.677354709418,2
38,0.0,0,1,6305.87664577338,0.0,32900.0,0.0,1,209696.89378757516,1
38,0.0,0,1,6169.111502950569,0.0,32800.0,0.0,1,131871.24248496993,1
38,0.0,0,1,6214.521783951654,0.0,32800.0,0.0,1,202130.51102204408,1
38,0.0,0,1,6212.6623745509405,0.0,32800.0,0.0,1,140518.5370741483,1
38,0.0,0,1,6142.238728396176,0.0,32900.0,0.0,1,163217.68537074147,1
80,0.0,0,1,60.28635534769901,1230000.0,107672000.0,0.0,1,1567322.1442885771,1
80,0.0,0,1,59.25163181411169,2300000.0,120685000.0,0.0,1,0.0,1
80,0.0,0,1,60.984793341187846,1220000.0,151030000.0,0.0,1,652870.7414829659,1
80,0.0,0,1,60.8957501233416,2720000.0,165796600.0,0.0,1,0.0,1
80,0.0,0,1,59.62838647916684,3270000.0,117711000.0,0.0,1,0.0,1
80,0.0,0,1,7611.589133273216,2000000.0,3782100.0,0.0,1,140518.5370741483,2
80,0.0,0,1,7981.237599557108,2000000.0,3782100.0,0.0,1,142680.36072144288,2
80,0.0,0,1,8189.527172191216,2000000.0,3782100.0,0.0,1,142680.36072144288,2
80,0.0,0,1,7876.736830901221,2000000.0,3782000.0,0.0,1,148084.91983967935,2
80,0.0,0,1,7842.057050537207,2000000.0,3782000.0,0.0,1,155651.30260521043,2
77,95000.0,0,1,8219.77764623966,605000.0,1275500.0,95000.0,0,99443.8877755511,1
77,95000.0,0,1,8247.766411868917,605000.0,1275500.0,95000.0,0,96201.15230460922,1
77,95000.0,0,1,8883.005455074495,605000.0,1276500.0,95000.0,0,98362.9759519038,1
77,95000.0,0,1,8470.405759144687,605000.0,1275500.0,95000.0,0,100524.79959919839,1
77,95000.0,0,1,9020.906761679056,605000.0,1277500.0,95000.0,0,95120.24048096192,1
60,0.0,0,2,1705.5961511758458,0.0,89361.0,0.0,1,73502.00400801603,2
60,0.0,0,2,1755.093180013629,0.0,214650.0,0.0,1,73502.00400801603,2
60,0.0,0,2,1749.5165038481487,0.0,81510.0,0.0,1,73502.00400801603,2
60,0.0,0,2,1762.1208129270367,0.0,163690.0,0.0,1,73502.00400801603,2
60,0.0,0,2,1756.6909327514907,0.0,216870.0,0.0,1,73502.00400801603,2
38,0.0,0,1,5928.719058635061,0.0,30200.0,0.0,1,71340.18036072144,1
38,0.0,0,1,5904.065520630721,0.0,25000.0,0.0,1,72421.09218436874,1
38,0.0,0,1,5819.10287205242,0.0,34500.0,0.0,1,71340.18036072144,1
38,0.0,0,1,5989.123308223811,0.0,27200.0,0.0,1,71340.18036072144,1
38,0.0,0,1,5830.966840457106,0.0,24800.0,0.0,1,72421.09218436874,1
67,0.0,0,1,2524.0879371250835,0.0,410640.0,0.0,1,46479.208416833666,1
67,0.0,0,1,2434.727372330498,0.0,409530.0,0.0,1,46479.208416833666,1
67,0.0,0,1,2448.0318970553158,0.0,409530.0,0.0,1,46479.208416833666,1
67,0.0,0,1,2542.8018415539395,0.0,410930.0,0.0,1,46479.208416833666,1
67,0.0,0,1,2474.6937788018986,0.0,410640.0,0.0,1,47560.12024048096,1
40,53000.0,0,1,4979.891792197274,197000.0,250420.0,53000.0,1,144842.18436873748,1
40,53000.0,0,1,4677.29985154385,197000.0,250620.0,53000.0,1,144842.18436873748,1
40,52000.0,0,1,4695.382861498236,198000.0,254920.0,52000.0,1,144842.18436873748,1
40,50000.0,0,1,4781.299603219837,200000.0,255520.0,50000.0,1,144842.18436873748,1
40,52000.0,0,1,4593.787367788969,198000.0,251820.0,52000.0,1,144842.18436873748,1
69,0.0,0,2,11067.697726333037,0.0,1090.0,0.0,1,55126.503006012026,2
69,0.0,0,2,10541.124086715847,0.0,670.0,0.0,1,63773.79759519038,2
69,0.0,0,2,10454.333669282472,0.0,8880.0,0.0,1,60531.0621242485,2
69,0.0,0,2,11011.41850210454,0.0,1890.0,0.0,1,62692.885771543086,2
69,0.0,0,2,10451.042171502411,0.0,-4850.0,0.0,1,68097.44488977955,2
25,0.0,0,1,4734.826338854822,0.0,-25750.0,0.0,1,43236.47294589179,2
25,0.0,0,1,4760.145081048706,0.0,-25750.0,0.0,1,43236.47294589179,2
25,0.0,0,1,4759.3775515514535,0.0,-25750.0,0.0,1,43236.47294589179,2
25,0.0,0,1,4788.877447513221,0.0,-25650.0,0.0,1,43236.47294589179,2
25,0.0,0,1,4787.336940130434,0.0,-25750.0,0.0,1,43236.47294589179,2
40,0.0,0,1,2803.1847989259204,0.0,1681.0,0.0,1,61611.9739478958,1
40,0.0,0,1,2742.387864428193,0.0,1681.0,0.0,1,70259.26853707415,1
40,0.0,0,1,2762.5743375496595,0.0,3181.0,0.0,1,58369.238476953906,1
40,0.0,0,1,2761.7477644243268,0.0,-19.0,0.0,1,58369.238476953906,1
40,0.0,0,1,2730.4419673916036,0.0,1481.0,0.0,1,67016.53306613227,1
26,0.0,0,1,2145.6278652055066,0.0,18130.0,0.0,1,31346.442885771543,1
26,0.0,0,1,2169.026386918461,0.0,18030.0,0.0,1,32427.354709418836,1
26,0.0,0,1,2163.4133762272595,0.0,17040.0,0.0,1,33508.26653306613,1
26,0.0,0,1,2166.5223884099128,0.0,18030.0,0.0,1,32427.354709418836,1
26,0.0,0,1,2169.08768817255,0.0,18130.0,0.0,1,32427.354709418836,1
83,0.0,0,1,18291.283493949904,48000.0,57380.0,0.0,0,15132.765531062125,1
83,0.0,0,1,17388.199294717997,46000.0,55210.0,0.0,0,14051.85370741483,1
83,0.0,0,1,17171.08485777695,46000.0,55140.0,0.0,0,14051.85370741483,1
83,0.0,0,1,17821.486051203363,45000.0,54140.0,0.0,0,15132.765531062125,1
83,0.0,0,1,16996.96222761325,48000.0,57390.0,0.0,0,14051.85370741483,1
62,0.0,0,2,9011.405452695337,0.0,5900.0,0.0,0,15132.765531062125,2
62,0.0,0,2,9054.854352689385,0.0,5800.0,0.0,0,18375.501002004006,2
62,0.0,0,2,8922.312840003486,0.0,5900.0,0.0,0,14051.85370741483,2
62,0.0,0,2,9064.957032240465,0.0,5800.0,0.0,0,14051.85370741483,2
62,0.0,0,2,8941.554178324423,0.0,5900.0,0.0,0,15132.765531062125,2
43,127000.0,0,1,2717.004698647579,73000.0,269550.0,127000.0,1,81068.3867735471,2
43,127000.0,0,1,2655.4800399945707,73000.0,273460.0,127000.0,1,81068.3867735471,2
43,127000.0,0,1,2615.928969593954,73000.0,266150.0,127000.0,1,81068.3867735471,2
43,127000.0,0,1,2677.648784905694,73000.0,276660.0,127000.0,1,81068.3867735471,2
43,127000.0,0,1,2597.24881495826,73000.0,275060.0,127000.0,1,81068.3867735471,2
60,0.0,0,1,475.3980510771852,300000.0,15705000.0,0.0,1,1426803.607214429,1
60,0.0,0,1,492.493828834532,300000.0,15704000.0,0.0,1,1534894.7895791584,1
60,0.0,0,1,524.5873449163065,300000.0,15704500.0,0.0,1,1049565.380761523,1
60,0.0,0,1,493.7660707525788,300000.0,15704000.0,0.0,1,1134957.4148296593,1
60,0.0,0,1,475.8306880628169,300000.0,15703140.0,0.0,1,1167384.7695390782,1
72,0.0,0,1,8457.385913297065,278000.0,572300.0,0.0,1,78690.38076152305,1
72,0.0,0,1,8485.672499136654,329000.0,703100.0,0.0,1,59882.51503006012,1
72,0.0,0,1,9138.197362988602,366000.0,680500.0,0.0,1,69610.72144288577,1
72,0.0,0,1,8709.747929941319,263000.0,558900.0,0.0,1,57720.69138276553,1
72,0.0,0,1,9277.277918136764,294000.0,583100.0,0.0,1,65935.62124248497,1
74,69000.0,0,1,2833.0638888795775,1931000.0,6683400.0,69000.0,1,967416.0821643287,1
74,69000.0,0,1,3008.2101742028167,1931000.0,6676400.0,69000.0,1,966335.1703406813,1
74,68000.0,0,1,3108.725348685661,1932000.0,6683400.0,68000.0,1,966335.1703406813,1
74,68000.0,0,1,2990.79365787553,1932000.0,6691800.0,68000.0,1,963092.4348697395,1
74,69000.0,0,1,2855.7606025598607,1931000.0,6691500.0,69000.0,1,964173.3466933868,1
60,484000.0,0,1,5799.783044910813,416000.0,1049000.0,484000.0,0,163217.68537074147,1
60,484000.0,0,1,5821.331443908987,416000.0,1049000.0,484000.0,0,192402.30460921844,1
60,484000.0,0,1,6266.2142970333125,416000.0,1049000.0,484000.0,0,158894.0380761523,1
60,484000.0,0,1,5976.908932509899,416000.0,1049000.0,484000.0,0,149165.83166332665,1
60,484000.0,0,1,6362.933431512943,416000.0,1049000.0,484000.0,0,145923.09619238478,1
55,0.0,0,2,3329.500051268624,0.0,187600.0,0.0,1,70259.26853707415,2
55,0.0,0,2,3282.090503515433,0.0,190600.0,0.0,1,67016.53306613227,2
55,0.0,0,2,3335.5530243325943,0.0,187600.0,0.0,1,67016.53306613227,2
55,0.0,0,2,3334.104653090959,0.0,187600.0,0.0,1,67016.53306613227,2
55,0.0,0,2,3321.5885137985542,0.0,188600.0,0.0,1,70259.26853707415,2
23,200000.0,0,2,28265.283116438066,219000.0,234630.0,200000.0,1,18375.501002004006,2
23,200000.0,0,2,27467.898527412402,272000.0,288960.0,200000.0,1,11890.03006012024,2
23,200000.0,0,2,26909.730207828758,159000.0,176000.0,200000.0,1,25941.88376753507,2
23,200000.0,0,2,27676.994735542765,90000.0,106515.0,200000.0,1,20537.324649298596,2
23,200000.0,0,2,26603.41652220855,190000.0,205180.0,200000.0,1,12970.941883767535,2
55,118000.0,0,2,7193.935093511046,67000.0,402650.0,118000.0,1,85392.03406813627,2
55,118000.0,0,2,7220.663297404462,67000.0,402650.0,118000.0,1,84311.12224448897,2
55,118000.0,0,2,7772.487106124466,67000.0,402650.0,118000.0,1,84311.12224448897,2
55,119000.0,0,2,7413.638508087302,66000.0,399750.0,119000.0,1,84311.12224448897,2
55,118000.0,0,2,7892.4555894899895,67000.0,402750.0,118000.0,1,85392.03406813627,2
75,31000.0,0,2,1873.2020963249586,68000.0,75020.0,31000.0,0,12970.941883767535,2
75,31000.0,0,2,1861.8674715875272,68000.0,75020.0,31000.0,0,11890.03006012024,2
75,31000.0,0,2,1895.4595934311142,68000.0,75020.0,31000.0,0,11890.03006012024,2
75,31000.0,0,2,1858.0276682334497,68000.0,75020.0,31000.0,0,11890.03006012024,2
75,31000.0,0,2,1890.3537423819312,68000.0,75020.0,31000.0,0,12970.941883767535,2
44,2610000.0,0,1,47.319677378465336,1390000.0,14534000.0,2610000.0,1,275632.51503006014,1
44,2600000.0,0,1,47.832748100749015,1400000.0,14544000.0,2600000.0,1,275632.51503006014,1
44,2610000.0,0,1,50.79847851713168,1390000.0,14545000.0,2610000.0,1,275632.51503006014,1
44,2610000.0,0,1,47.88581067418058,1390000.0,14533000.0,2610000.0,1,275632.51503006014,1
44,2610000.0,0,1,47.35351197192502,1390000.0,14533000.0,2610000.0,1,275632.51503006014,1
56,698000.0,0,1,663.3113978526577,802000.0,3137500.0,698000.0,1,281037.0741482966,1
56,698000.0,0,1,709.0864607726846,802000.0,3137500.0,698000.0,1,281037.0741482966,1
56,698000.0,0,1,739.1697205117764,802000.0,3137500.0,698000.0,1,281037.0741482966,1
56,698000.0,0,1,713.2734631506341,802000.0,3137500.0,698000.0,1,281037.0741482966,1
56,698000.0,0,1,667.9970584601544,802000.0,3138500.0,698000.0,1,282117.9859719439,1
26,0.0,0,1,13194.402536283716,0.0,81160.0,0.0,1,112414.82965931864,1
26,0.0,0,1,13338.290262222214,0.0,78850.0,0.0,1,112414.82965931864,1
26,0.0,0,1,13303.773408810139,0.0,72780.0,0.0,1,112414.82965931864,1
26,0.0,0,1,13322.892082133394,0.0,85940.0,0.0,1,112414.82965931864,1
26,0.0,0,1,13338.66723039808,0.0,75980.0,0.0,1,112414.82965931864,1
72,0.0,0,1,46.36699898564084,11140000.0,142477600.0,0.0,1,8560821.643286573,1
72,0.0,0,1,45.96211926344721,9750000.0,141742000.0,0.0,1,8593248.997995991,1
72,0.0,0,1,46.32229888788678,11160000.0,145556700.0,0.0,1,9674160.821643287,1
72,0.0,0,1,47.26152535218799,10890000.0,143101600.0,0.0,1,9533642.284569139,1
72,0.0,0,1,46.641069351341784,9510000.0,142690500.0,0.0,1,8560821.643286573,1
85,0.0,0,1,7.285044298637483,10360000.0,1914217000.0,0.0,1,247993599.6993988,1
85,0.0,0,1,7.301398369232446,10940000.0,2005214000.0,0.0,1,312469989.9799599,1
85,0.0,0,1,7.3699473383008485,10620000.0,1896857000.0,0.0,1,267050075.1503006,1
85,0.0,0,1,7.5009577384461625,10860000.0,2011663000.0,0.0,1,391657590.18036073,1
85,0.0,0,1,7.321322660485284,10700000.0,1884856000.0,0.0,1,236481888.7775551,1
27,0.0,0,1,2039.5658829810232,0.0,-10250.0,0.0,1,37831.91382765531,2
27,0.0,0,1,2034.1129122858965,0.0,-10150.0,0.0,1,37831.91382765531,2
27,0.0,0,1,2039.3529005510493,0.0,-10250.0,0.0,1,37831.91382765531,2
27,0.0,0,1,2024.6871931320334,0.0,-10250.0,0.0,1,37831.91382765531,2
27,0.0,0,1,2046.151434845664,0.0,-10250.0,0.0,1,37831.91382765531,2
36,0.0,0,1,1780.8328170233985,0.0,114000.0,0.0,1,135113.97795591183,1
36,0.0,0,1,1826.799019481598,0.0,114100.0,0.0,1,135113.97795591183,1
36,0.0,0,1,1801.5938044423613,0.0,113000.0,0.0,1,135113.97795591183,1
36,0.0,0,1,1810.1910785949253,0.0,116100.0,0.0,1,135113.97795591183,1
36,0.0,0,1,1811.8895981325645,0.0,115100.0,0.0,1,135113.97795591183,1
58,49000.0,0,1,17442.78849121542,91000.0,110650.0,49000.0,1,72421.09218436874,1
58,49000.0,0,1,16290.384827794463,91000.0,109050.0,49000.0,1,72421.09218436874,1
58,49000.0,0,1,16938.39419114071,91000.0,108550.0,49000.0,1,72421.09218436874,1
58,49000.0,0,1,16941.822264424634,91000.0,111450.0,49000.0,1,72421.09218436874,1
58,49000.0,0,1,16060.870090199347,91000.0,116550.0,49000.0,1,72421.09218436874,1
33,0.0,0,2,3600.9901483499816,0.0,-6300.0,0.0,1,19456.412825651303,2
33,0.0,0,2,3640.2597008854746,0.0,-6300.0,0.0,1,19456.412825651303,2
33,0.0,0,2,3630.8394297707246,0.0,-6300.0,0.0,1,19456.412825651303,2
33,0.0,0,2,3636.0572601421445,0.0,-6300.0,0.0,1,19456.412825651303,2
33,0.0,0,2,3640.362582291721,0.0,-6300.0,0.0,1,19456.412825651303,2
52,143000.0,0,1,10342.322206090697,64000.0,89720.0,143000.0,1,79987.4749498998,1
52,143000.0,0,1,9947.168471505734,64000.0,90740.0,143000.0,1,78906.5631262525,1
52,143000.0,0,1,9948.679779491149,64000.0,89840.0,143000.0,1,79987.4749498998,1
52,143000.0,0,1,10158.948587715267,64000.0,91820.0,143000.0,1,79987.4749498998,1
52,143000.0,0,1,9827.001057300247,64000.0,92850.0,143000.0,1,79987.4749498998,1
60,0.0,0,1,14701.92399900686,435000.0,495901.0,0.0,1,59450.1503006012,1
60,0.0,0,1,13577.610720269373,435000.0,501061.0,0.0,1,60531.0621242485,1
60,0.0,0,1,14042.958447141365,435000.0,466771.0,0.0,1,60531.0621242485,1
60,0.0,0,1,13895.519226414306,435000.0,464161.0,0.0,1,60531.0621242485,1
60,0.0,0,1,13709.999424297825,435000.0,511061.0,0.0,1,60531.0621242485,1
52,0.0,0,1,653.7589223187261,5000000.0,17098541.0,0.0,1,2183441.883767535,1
52,0.0,0,1,690.9037352530461,5000000.0,17125831.0,0.0,1,2183441.883767535,1
52,0.0,0,1,711.5536583923086,5000000.0,17576700.0,0.0,1,2183441.883767535,1
52,0.0,0,1,686.5055194718713,5000000.0,17143190.0,0.0,1,2172632.765531062,1
52,0.0,0,1,665.9118431745067,5000000.0,17148350.0,0.0,1,2183441.883767535,1
52,1680000.0,0,1,59.3406445715716,1200000.0,49101830.0,1680000.0,1,0.0,1
52,1610000.0,0,1,48.22636620157441,1190000.0,49672200.0,1610000.0,1,0.0,1
52,1600000.0,0,1,60.28244005585077,1240000.0,53693620.0,1600000.0,1,0.0,1
52,1670000.0,0,1,49.06012396795419,1140000.0,49827500.0,1670000.0,1,0.0,1
52,1620000.0,0,1,58.727024960748494,1270000.0,49510200.0,1620000.0,1,0.0,1
27,120000.0,0,2,6340.503263665969,45000.0,91900.0,120000.0,1,76744.73947895791,2
27,120000.0,0,2,6484.172722721059,45000.0,93900.0,120000.0,1,75663.82765531063,2
27,120000.0,0,2,6285.171588315467,45000.0,95200.0,120000.0,1,76744.73947895791,2
27,120000.0,0,2,6444.356331710283,45000.0,93900.0,120000.0,1,75663.82765531063,2
27,120000.0,0,2,6288.542717666192,45000.0,90400.0,120000.0,1,75663.82765531063,2
59,0.0,0,1,2946.915079968944,0.0,4900.0,0.0,0,23780.06012024048,1
59,0.0,0,1,2939.52549595956,0.0,4400.0,0.0,0,24860.971943887776,1
59,0.0,0,1,2952.2546441116833,0.0,4400.0,0.0,0,24860.971943887776,1
59,0.0,0,1,2930.2678126916426,0.0,3600.0,0.0,0,24860.971943887776,1
59,0.0,0,1,2947.838850377487,0.0,4900.0,0.0,0,24860.971943887776,1
75,400000.0,0,1,8274.78070098741,100000.0,182080.0,400000.0,1,71340.18036072144,1
75,400000.0,0,1,8301.169623691245,100000.0,176090.0,400000.0,1,72421.09218436874,1
75,400000.0,0,1,8939.39422489447,100000.0,185080.0,400000.0,1,72421.09218436874,1
75,400000.0,0,1,8520.980313340016,100000.0,181090.0,400000.0,1,71340.18036072144,1
75,400000.0,0,1,9078.786310327321,100000.0,186190.0,400000.0,1,71340.18036072144,1
71,60000.0,0,1,2028.756571326249,362000.0,663900.0,60000.0,1,157813.126252505,1
71,60000.0,0,1,2035.9801786989688,386000.0,729390.0,60000.0,1,158894.0380761523,1
71,60000.0,0,1,2192.8179984859007,427000.0,817170.0,60000.0,1,158894.0380761523,1
71,60000.0,0,1,2090.7901914570616,416000.0,735960.0,60000.0,1,158894.0380761523,1
71,60000.0,0,1,2226.0411158565253,378000.0,749080.0,60000.0,1,158894.0380761523,1
61,82000.0,0,1,8373.259341809618,478000.0,901500.0,70000.0,1,216182.36472945893,1
61,82000.0,0,1,8404.369183646,478000.0,901600.0,70000.0,1,216182.36472945893,1
61,82000.0,0,1,9046.655192810234,478000.0,901000.0,70000.0,1,216182.36472945893,1
61,82000.0,0,1,8628.97942332487,478000.0,902200.0,70000.0,1,216182.36472945893,1
61,82000.0,0,1,9186.290484344794,478000.0,902400.0,70000.0,1,216182.36472945893,1
54,0.0,0,1,6044.065720308346,0.0,7650.0,0.0,1,34589.178356713426,2
54,0.0,0,1,6054.976060377319,0.0,7650.0,0.0,1,34589.178356713426,2
54,0.0,0,1,6076.978587718069,0.0,8650.0,0.0,1,34589.178356713426,2
54,0.0,0,1,6092.087136119798,0.0,7650.0,0.0,1,34589.178356713426,2
54,0.0,0,1,6064.044157319074,0.0,8650.0,0.0,1,34589.178356713426,2
69,82000.0,0,1,13270.593404548024,568000.0,943800.0,82000.0,0,189159.56913827657,1
69,82000.0,0,1,13916.530515290444,568000.0,858000.0,82000.0,0,189159.56913827657,1
69,82000.0,0,1,15087.66631696092,568000.0,985800.0,82000.0,0,189159.56913827657,1
69,82000.0,0,1,13731.080098863324,568000.0,866600.0,82000.0,0,189159.56913827657,1
69,82000.0,0,1,15323.510657882365,568000.0,851000.0,82000.0,0,189159.56913827657,1
61,0.0,0,1,3368.1151037177515,900000.0,14075100.0,0.0,1,1686222.4448897797,1
61,0.0,0,1,3550.8669668155817,900000.0,10616400.0,0.0,1,1329521.5430861723,1
61,0.0,0,1,3709.677806755078,900000.0,12630600.0,0.0,1,1405185.370741483,1
61,0.0,0,1,3570.455176753671,900000.0,11256000.0,0.0,1,1253857.7154308618,1
61,0.0,0,1,3411.1609528842732,900000.0,10256600.0,0.0,1,1567322.1442885771,1
63,0.0,0,2,15036.59773089228,0.0,15.0,0.0,1,22699.148296593186,2
63,0.0,0,2,14599.067138499691,0.0,60.0,0.0,1,20537.324649298596,2
63,0.0,0,2,14939.886419413926,0.0,280.0,0.0,1,21618.236472945893,2
63,0.0,0,2,14687.719034818878,0.0,280.0,0.0,1,22699.148296593186,2
63,0.0,0,2,14680.501175468573,0.0,60.0,0.0,1,23780.06012024048,2
50,0.0,0,2,2399.7342490889996,0.0,-18739.0,0.0,1,29184.619238476953,2
50,0.0,0,2,2409.974796723337,0.0,-18639.0,0.0,1,27022.795591182366,2
50,0.0,0,2,2376.6769736221654,0.0,-18739.0,0.0,1,25941.88376753507,2
50,0.0,0,2,2410.254605144502,0.0,-18639.0,0.0,1,21618.236472945893,2
50,0.0,0,2,2380.9217856996042,0.0,-18739.0,0.0,1,29184.619238476953,2
41,315000.0,0,1,1747.522617567322,585000.0,11733100.0,315000.0,1,2918461.9238476953,1
41,315000.0,0,1,1858.4113571677146,585000.0,11748100.0,315000.0,1,2918461.9238476953,1
41,315000.0,0,1,1934.2090378106636,585000.0,11748100.0,315000.0,1,2918461.9238476953,1
41,315000.0,0,1,1858.2628504612271,585000.0,11783100.0,315000.0,1,2918461.9238476953,1
41,315000.0,0,1,1758.9452302840812,585000.0,11805100.0,315000.0,1,2918461.9238476953,1
39,0.0,0,1,4422.060377495031,0.0,12050.0,0.0,1,41074.64929859719,1
39,0.0,0,1,4380.449314884796,0.0,13040.0,0.0,1,41074.64929859719,1
39,0.0,0,1,4392.349005601131,0.0,12050.0,0.0,1,41074.64929859719,1
39,0.0,0,1,4438.907932039311,0.0,12050.0,0.0,1,41074.64929859719,1
39,0.0,0,1,4392.085718797936,0.0,12050.0,0.0,1,41074.64929859719,1
39,0.0,0,1,2910.0039548340405,0.0,111240.0,0.0,1,87553.85771543086,1
39,0.0,0,1,2929.8219671754673,0.0,111600.0,0.0,1,88634.76953907816,1
39,0.0,0,1,2926.341277646744,0.0,110460.0,0.0,1,87553.85771543086,1
39,0.0,0,1,2994.9152839924536,0.0,110850.0,0.0,1,88634.76953907816,1
39,0.0,0,1,2943.2254284235705,0.0,111980.0,0.0,1,87553.85771543086,1
72,0.0,0,1,442.31167835208987,1000000.0,26503050.0,0.0,0,567478.7074148296,1
72,0.0,0,1,400.4802427315291,1000000.0,17924040.0,0.0,0,560993.2364729459,1
72,0.0,0,1,418.010019794205,1000000.0,20355040.0,0.0,0,631252.50501002,1
72,0.0,0,1,450.6451685961039,1000000.0,29609040.0,0.0,0,563155.0601202404,1
72,0.0,0,1,388.1929757214923,1000000.0,16455050.0,0.0,0,567478.7074148296,1
59,458000.0,0,1,502.4564308222374,3442000.0,6201500.0,458000.0,1,853920.3406813628,1
59,458000.0,0,1,539.2153507630662,3442000.0,6201500.0,458000.0,1,880943.1362725451,1
59,458000.0,0,1,567.0287613638349,3442000.0,6201500.0,458000.0,1,852839.4288577155,1
59,458000.0,0,1,540.288333411151,3442000.0,6201500.0,458000.0,1,858243.9879759519,1
59,458000.0,0,1,506.0879441970854,3442000.0,6201500.0,458000.0,1,860405.8116232465,1
37,495000.0,0,1,2147.3372229581496,355000.0,2103730.0,495000.0,0,553426.8537074148,2
37,495000.0,0,1,2296.0608290079417,355000.0,2172730.0,495000.0,0,553426.8537074148,2
37,495000.0,0,1,2080.6022062858056,355000.0,2101730.0,495000.0,0,553426.8537074148,2
37,495000.0,0,1,4400.830854749258,355000.0,3342730.0,495000.0,0,553426.8537074148,2
37,495000.0,0,1,2115.046796267343,355000.0,2121730.0,495000.0,0,553426.8537074148,2
75,0.0,0,1,7373.128941212148,385000.0,3106200.0,0.0,1,231315.13026052105,2
75,0.0,0,1,7654.71277369358,385000.0,2303400.0,0.0,1,231315.13026052105,2
75,0.0,0,1,7038.677310800704,385000.0,2241800.0,0.0,1,231315.13026052105,2
75,0.0,0,1,7223.252963649863,385000.0,2350100.0,0.0,1,231315.13026052105,2
75,0.0,0,1,7842.057050537207,385000.0,3619500.0,0.0,1,231315.13026052105,2
41,110000.0,0,1,19321.49466354918,60000.0,102600.0,110000.0,1,46479.208416833666,1
41,110000.0,0,1,18482.575938026224,60000.0,100800.0,110000.0,1,46479.208416833666,1
41,110000.0,0,1,18232.890959735247,60000.0,101700.0,110000.0,1,46479.208416833666,1
41,110000.0,0,1,18673.99999975937,60000.0,101500.0,110000.0,1,46479.208416833666,1
41,110000.0,0,1,18085.876180196017,60000.0,102600.0,110000.0,1,46479.208416833666,1
59,0.0,0,1,23896.566948638672,190000.0,430250.0,0.0,1,82149.29859719439,1
59,0.0,0,1,21443.337237860764,190000.0,430350.0,0.0,1,82149.29859719439,1
59,0.0,0,1,22206.068402063604,190000.0,431250.0,0.0,1,82149.29859719439,1
59,0.0,0,1,21984.431682862945,190000.0,430350.0,0.0,1,82149.29859719439,1
59,0.0,0,1,21660.861193149736,190000.0,431350.0,0.0,1,81068.3867735471,1
47,33000.0,0,1,2269.785139721241,97000.0,136900.0,33000.0,1,55126.503006012026,1
47,33000.0,0,1,2183.062442749173,97000.0,136000.0,33000.0,1,55126.503006012026,1
47,33000.0,0,1,2183.3941230370697,97000.0,136000.0,33000.0,1,55126.503006012026,1
47,33000.0,0,1,2229.5409174168594,97000.0,137000.0,33000.0,1,55126.503006012026,1
47,33000.0,0,1,2156.6898152476124,97000.0,136900.0,33000.0,1,55126.503006012026,1
66,0.0,0,2,7850.649078225547,0.0,2451800.0,0.0,0,182674.0981963928,2
66,0.0,0,2,8021.788259371603,0.0,1441900.0,0.0,0,182674.0981963928,2
66,0.0,0,2,8648.86368332024,0.0,1402400.0,0.0,0,182674.0981963928,2
66,0.0,0,2,8323.535969115208,0.0,1337400.0,0.0,0,182674.0981963928,2
66,0.0,0,2,7213.601181037717,0.0,2260900.0,0.0,0,182674.0981963928,2
44,72000.0,0,1,13270.593404548024,393000.0,1308500.0,72000.0,1,189159.56913827657,1
44,72000.0,0,1,13916.530515290444,393000.0,1308400.0,72000.0,1,189159.56913827657,1
44,72000.0,0,1,15087.66631696092,393000.0,1305300.0,72000.0,1,190240.48096192384,1
44,72000.0,0,1,13731.080098863324,393000.0,1307400.0,72000.0,1,190240.48096192384,1
44,72000.0,0,1,15323.510657882365,393000.0,1308400.0,72000.0,1,189159.56913827657,1
79,0.0,0,1,52.60254939109031,4590000.0,67659200.0,0.0,1,9062689.003006011,1
79,0.0,0,1,52.906427258313,4650000.0,63377700.0,0.0,1,9235418.71242485,1
79,0.0,0,1,53.3220212214875,4230000.0,70454400.0,0.0,1,9030477.830661323,1
79,0.0,0,1,54.51293105105715,4950000.0,64402400.0,0.0,1,9117166.958917836,1
79,0.0,0,1,53.09394837395398,4740000.0,67228400.0,0.0,1,9051987.975951904,1
65,0.0,0,1,2125.1887678557155,750000.0,44693000.0,0.0,1,1048484.4689378758,1
65,0.0,0,1,2117.4658339452644,750000.0,44764000.0,0.0,1,1036594.4388777555,1
65,0.0,0,1,2144.8293033135647,750000.0,44664000.0,0.0,1,1037675.3507014028,1
65,0.0,0,1,2105.7345859646807,750000.0,44780000.0,0.0,1,1007409.8196392785,1
65,0.0,0,1,2203.16836073048,750000.0,44642000.0,0.0,1,1008490.7314629258,1
39,19000.0,0,1,3447.1649394784827,36000.0,37170.0,19000.0,1,12970.941883767535,1
39,22000.0,0,1,3318.1117920780534,33000.0,34130.0,22000.0,1,18375.501002004006,1
39,21000.0,0,1,3337.504841107864,34000.0,35210.0,21000.0,1,15132.765531062125,1
39,22000.0,0,1,3346.7541919063187,33000.0,34190.0,22000.0,1,10701.027054108217,1
39,20000.0,0,1,3292.13005164403,35000.0,36100.0,20000.0,1,21618.236472945893,1
34,1070000.0,0,1,9518.726381956505,130000.0,859310.0,1070000.0,1,165379.50901803607,1
34,1010000.0,0,1,11129.65583433003,190000.0,930510.0,1010000.0,1,164298.59719438877,1
34,1060000.0,0,1,7991.903993890521,140000.0,870210.0,1060000.0,1,163217.68537074147,1
34,1070000.0,0,1,9473.24734266645,130000.0,862910.0,1070000.0,1,159974.9498997996,1
34,1020000.0,0,1,8595.206032470782,180000.0,915510.0,1020000.0,1,159974.9498997996,1
64,0.0,0,1,44.198604353663924,3620000.0,247941000.0,0.0,1,18872720.440881763,1
64,0.0,0,1,44.67932087300996,3690000.0,240347000.0,0.0,1,18872720.440881763,1
64,0.0,0,1,45.134091696578324,3540000.0,256581000.0,0.0,1,18818674.8496994,1
64,0.0,0,1,46.072631602276196,3700000.0,243361000.0,0.0,1,18818674.8496994,1
64,0.0,0,1,44.47358346540138,3680000.0,257336000.0,0.0,1,19034857.214428857,1
53,675000.0,0,1,726.1669462236154,1825000.0,5850500.0,675000.0,1,572883.2665330662,1
53,675000.0,0,1,790.8418751738884,1825000.0,5779000.0,675000.0,1,739343.6873747495,1
53,675000.0,0,1,859.1742966071664,1825000.0,5821000.0,675000.0,1,644223.4468937876,1
53,675000.0,0,1,762.0294166643218,1825000.0,5777300.0,675000.0,1,642061.6232464929,1
53,675000.0,0,1,742.703375840165,1825000.0,5905000.0,675000.0,1,760961.9238476953,1
48,490000.0,0,1,12489.281749926886,610000.0,1290100.0,490000.0,1,336163.5771543086,1
48,490000.0,0,1,15222.86299863659,610000.0,1545000.0,490000.0,1,362105.4609218437,1
48,490000.0,0,1,10296.941343485509,610000.0,1514000.0,490000.0,1,395613.7274549098,1
48,490000.0,0,1,13056.377149239639,610000.0,1295900.0,490000.0,1,346972.69539078156,1
48,490000.0,0,1,11356.17180202316,610000.0,1529000.0,490000.0,1,471277.55511022045,1
51,0.0,0,1,12446.853101345685,375000.0,943500.0,0.0,1,164298.59719438877,1
51,0.0,0,1,12496.129647682956,375000.0,925000.0,0.0,1,166460.42084168337,1
51,0.0,0,1,13458.365318726253,375000.0,926600.0,0.0,1,168622.24448897794,1
51,0.0,0,1,12839.54896463754,375000.0,928700.0,0.0,1,172945.89178356715,1
51,0.0,0,1,13665.733150506858,375000.0,942600.0,0.0,1,170784.06813627254,1
53,274000.0,0,1,1802.5264381711652,526000.0,564000.0,274000.0,1,70259.26853707415,1
53,256000.0,0,1,1808.4009552852615,544000.0,584000.0,256000.0,1,70259.26853707415,1
53,264000.0,0,1,1944.6376212162256,536000.0,571100.0,264000.0,1,70259.26853707415,1
53,274000.0,0,1,1856.7328247560206,526000.0,569000.0,274000.0,1,70259.26853707415,1
53,273000.0,0,1,1973.8624906482103,527000.0,568000.0,273000.0,1,70259.26853707415,1
49,800000.0,0,1,1950.2408729651465,800000.0,13855200.0,800000.0,1,1621367.735470942,1
49,800000.0,0,1,1976.094621442719,800000.0,14356200.0,800000.0,1,1361948.8977955913,1
49,800000.0,0,1,2108.68827853451,800000.0,14204200.0,800000.0,1,1145766.5330661323,1
49,800000.0,0,1,1979.1811308337383,800000.0,13882200.0,800000.0,1,941474.1983967936,1
49,800000.0,0,1,1928.7581921637698,800000.0,14252200.0,800000.0,1,1210621.24248497,1
67,0.0,0,1,1903.8415281742557,0.0,161100.0,0.0,0,182674.0981963928,1
67,0.0,0,1,1875.7622268450239,0.0,159100.0,0.0,0,182674.0981963928,1
67,0.0,0,1,1830.6734609575954,0.0,161100.0,0.0,0,181593.1863727455,1
67,0.0,0,1,1921.3088355137334,0.0,160100.0,0.0,0,181593.1863727455,1
67,0.0,0,1,1863.5360228890072,0.0,161100.0,0.0,0,182674.0981963928,1
43,0.0,0,2,1602.9415096708285,0.0,1000.0,0.0,1,25941.88376753507,2
43,0.0,0,2,1610.9608587263106,0.0,1000.0,0.0,1,21618.236472945893,2
43,0.0,0,2,1587.109047041782,0.0,1000.0,0.0,1,28103.70741482966,2
43,0.0,0,2,1610.7854972860969,0.0,1000.0,0.0,1,19456.412825651303,2
43,0.0,0,2,1590.1824526792748,0.0,1000.0,0.0,1,29184.619238476953,2
66,88000.0,0,2,10518.477442684172,247000.0,290600.0,88000.0,0,47560.12024048096,2
66,88000.0,0,2,9830.969147168425,247000.0,418390.0,88000.0,0,49613.85270541082,2
66,88000.0,0,2,9848.68441503149,247000.0,291201.0,88000.0,0,47560.12024048096,2
66,88000.0,0,2,10252.894836109292,247000.0,289000.0,88000.0,0,49397.67034068136,2
66,88000.0,0,2,9883.629691546503,247000.0,284900.0,88000.0,0,46479.208416833666,2
43,110000.0,0,1,348.8635561494148,190000.0,2925500.0,110000.0,1,20537.324649298596,1
43,110000.0,0,1,367.4044250966309,190000.0,2923500.0,110000.0,1,22699.148296593186,1
43,110000.0,0,1,333.8998191895957,190000.0,2924500.0,110000.0,1,20537.324649298596,1
43,110000.0,0,1,345.9551268623194,190000.0,2923500.0,110000.0,1,22699.148296593186,1
43,110000.0,0,1,338.4198967024801,190000.0,2924500.0,110000.0,1,22699.148296593186,1
61,0.0,0,2,2710.8147089739714,230000.0,270200.0,0.0,1,34589.178356713426,2
61,0.0,0,2,2601.9738154587767,230000.0,270200.0,0.0,1,35670.09018036072,2
61,0.0,0,2,2634.5549395268786,230000.0,270200.0,0.0,1,35670.09018036072,2
61,0.0,0,2,2623.8632729180995,230000.0,270200.0,0.0,1,35670.09018036072,2
61,0.0,0,2,2607.100837203345,230000.0,270200.0,0.0,1,35670.09018036072,2
70,21000.0,0,2,6016.0709920843665,279000.0,822600.0,21000.0,1,81068.3867735471,2
70,21000.0,0,2,6032.6494447504465,279000.0,822700.0,21000.0,1,79987.4749498998,2
70,21000.0,0,2,6501.699103692724,279000.0,822700.0,21000.0,1,79987.4749498998,2
70,21000.0,0,2,6191.743975544348,279000.0,822600.0,21000.0,1,81068.3867735471,2
70,21000.0,0,2,6598.374872151236,279000.0,822700.0,21000.0,1,81068.3867735471,2
38,0.0,0,1,3973.0187705007397,0.0,1270000.0,0.0,1,162136.7735470942,1
38,0.0,0,1,4657.727359123552,0.0,1264000.0,0.0,1,162136.7735470942,1
38,0.0,0,1,3359.232810547453,0.0,1268000.0,0.0,1,162136.7735470942,1
38,0.0,0,1,3980.072319285414,0.0,1264000.0,0.0,1,162136.7735470942,1
38,0.0,0,1,3614.2128742784907,0.0,1264000.0,0.0,1,162136.7735470942,1
41,0.0,0,1,11613.915799389311,0.0,-1280.0,0.0,1,52964.67935871743,1
41,0.0,0,1,11878.668291440144,0.0,-2880.0,0.0,1,55126.503006012026,1
41,0.0,0,1,11528.36262917899,0.0,5120.0,0.0,1,54045.59118236473,1
41,0.0,0,1,11805.947152423232,0.0,4820.0,0.0,1,46479.208416833666,1
41,0.0,0,1,11580.489405362268,0.0,-1980.0,0.0,1,54045.59118236473,1
32,187000.0,0,1,5185.706548042224,83000.0,151600.0,187000.0,1,98362.9759519038,1
32,187000.0,0,1,5303.209469118695,83000.0,159300.0,187000.0,1,100524.79959919839,1
32,188000.0,0,1,5140.452438195216,82000.0,149800.0,188000.0,1,94039.32865731463,1
32,187000.0,0,1,5270.644842779459,83000.0,150600.0,187000.0,1,82149.29859719439,1
32,187000.0,0,1,5143.209583302063,83000.0,151500.0,187000.0,1,102686.62324649299,1
64,75000.0,0,1,8884.504295379134,250000.0,387100.0,75000.0,0,91877.50501002005,1
64,75000.0,0,1,8418.309561283166,250000.0,387300.0,75000.0,0,91877.50501002005,1
64,75000.0,0,1,8578.095888669688,250000.0,390700.0,75000.0,0,91877.50501002005,1
64,75000.0,0,1,8464.166349050745,250000.0,387000.0,75000.0,0,91877.50501002005,1
64,75000.0,0,1,8499.771456905282,250000.0,386800.0,75000.0,0,91877.50501002005,1
81,0.0,0,2,3552.426537630363,250000.0,1882500.0,0.0,1,185916.83366733466,2
81,0.0,0,2,3785.301075865099,250000.0,1864500.0,0.0,1,186997.74549098196,2
81,0.0,0,2,3397.9990638332238,250000.0,1845400.0,0.0,1,186997.74549098196,2
81,0.0,0,2,3513.4606428953966,250000.0,1902500.0,0.0,1,186997.74549098196,2
81,0.0,0,2,3502.104004749025,250000.0,1895400.0,0.0,1,185916.83366733466,2
36,0.0,0,2,2103.0441332190467,0.0,-155140.0,0.0,1,61611.9739478958,2
36,0.0,0,2,2122.0927021001417,0.0,-154110.0,0.0,1,60531.0621242485,2
36,0.0,0,2,2070.174138332293,0.0,-155000.0,0.0,1,60531.0621242485,2
36,0.0,0,2,2101.7543982933703,0.0,-154090.0,0.0,1,51883.76753507014,2
36,0.0,0,2,2081.008971056915,0.0,-153040.0,0.0,1,54045.59118236473,2
36,600000.0,0,1,1544.531679795447,600000.0,1955300.0,600000.0,1,256176.10220440885,1
36,600000.0,0,1,1806.8796970988624,600000.0,1985100.0,600000.0,1,256176.10220440885,1
36,600000.0,0,1,1296.2239539075786,600000.0,2048900.0,600000.0,1,255095.19038076152,1
36,600000.0,0,1,1537.8067363054474,600000.0,2118900.0,600000.0,1,256176.10220440885,1
36,600000.0,0,1,1394.3610197245378,600000.0,1966900.0,600000.0,1,256176.10220440885,1
79,0.0,0,1,47.354643384641555,1110000.0,217259500.0,0.0,1,9719559.118236473,1
79,0.0,0,1,46.941139485799845,1070000.0,223855700.0,0.0,1,5420772.795591182,1
79,0.0,0,1,47.308991148466895,1100000.0,231965100.0,0.0,1,8226819.88977956,1
79,0.0,0,1,48.26822368987367,1120000.0,212106700.0,0.0,1,5386183.617234469,1
79,0.0,0,1,47.6345516106211,1060000.0,237765600.0,0.0,1,7463696.142284569,1
63,0.0,0,1,9744.921669837606,450000.0,598100.0,0.0,1,76744.73947895791,1
63,0.0,0,1,9781.127758707062,450000.0,605800.0,0.0,1,76744.73947895791,1
63,0.0,0,1,10528.629608755506,450000.0,600300.0,0.0,1,77825.65130260521,1
63,0.0,0,1,10042.532440272917,450000.0,602300.0,0.0,1,77825.65130260521,1
63,0.0,0,1,10691.139203024813,450000.0,603000.0,0.0,1,77825.65130260521,1
29,0.0,0,1,2231.7347480329245,0.0,36880.0,0.0,1,122143.03607214428,1
29,0.0,0,1,2219.732975757274,0.0,36880.0,0.0,1,122143.03607214428,1
29,0.0,0,1,2230.570951667043,0.0,35880.0,0.0,1,122143.03607214428,1
29,0.0,0,1,2201.8439354233637,0.0,37880.0,0.0,1,122143.03607214428,1
29,0.0,0,1,2234.251326135607,0.0,35880.0,0.0,1,122143.03607214428,1
59,0.0,0,1,43.89384839442622,2300000.0,51335000.0,0.0,1,4874912.324649299,1
59,0.0,0,1,43.78766105951244,2300000.0,51336000.0,0.0,1,4788439.378757515,1
59,0.0,0,1,43.887912949928406,2300000.0,51336000.0,0.0,1,4972194.388777555,1
59,0.0,0,1,44.40321007889872,2300000.0,51337000.0,0.0,1,4885721.442885771,1
59,0.0,0,1,44.62738274454913,2300000.0,51337000.0,0.0,1,4972194.388777555,1
43,445000.0,0,1,7226.748674443537,105000.0,532080.0,445000.0,1,229153.30661322645,1
43,445000.0,0,1,7251.464973113191,105000.0,531970.0,445000.0,1,229153.30661322645,1
43,445000.0,0,1,7811.633593386544,105000.0,522080.0,445000.0,1,229153.30661322645,1
43,445000.0,0,1,7447.154967616463,105000.0,621980.0,445000.0,1,229153.30661322645,1
43,445000.0,0,1,7929.45718752783,105000.0,521970.0,445000.0,1,229153.30661322645,1
40,520000.0,0,1,8855.484022537279,380000.0,712680.0,520000.0,1,248609.71943887774,1
40,520000.0,0,1,8892.903405784864,380000.0,646290.0,520000.0,1,248609.71943887774,1
40,520000.0,0,1,9573.482554836955,380000.0,689280.0,520000.0,1,248609.71943887774,1
40,520000.0,0,1,9137.769950014836,380000.0,899580.0,520000.0,1,248609.71943887774,1
40,520000.0,0,1,9720.576448108326,380000.0,708980.0,520000.0,1,248609.71943887774,1
30,193000.0,0,1,19942.544987646215,15000.0,46010.0,193000.0,1,116738.47695390781,1
30,193000.0,0,1,20406.71707423451,15000.0,47440.0,193000.0,1,116738.47695390781,1
30,193000.0,0,1,19804.08223929206,15000.0,47410.0,193000.0,1,116738.47695390781,1
30,193000.0,0,1,20292.455435129486,15000.0,44210.0,193000.0,1,115657.56513026053,1
30,193000.0,0,1,19826.478861106174,15000.0,47100.0,193000.0,1,116738.47695390781,1
71,0.0,0,1,1150.0480494704639,2200000.0,9337000.0,0.0,1,1556513.0260521043,1
71,0.0,0,1,1223.82827710495,2200000.0,9339000.0,0.0,1,1545703.9078156312,1
71,0.0,0,1,1280.2321046739648,2200000.0,9338000.0,0.0,1,1556513.0260521043,1
71,0.0,0,1,1221.0326384739117,2200000.0,9339000.0,0.0,1,1545703.9078156312,1
71,0.0,0,1,1174.2674890637263,2200000.0,9338000.0,0.0,1,1556513.0260521043,1
53,575000.0,0,1,511.58392962447977,425000.0,4101100.0,575000.0,1,844192.134268537,1
53,575000.0,0,1,547.9490213304289,425000.0,4053600.0,575000.0,1,839868.4869739478,1
53,575000.0,0,1,574.8936828398868,425000.0,3377300.0,575000.0,1,898237.7254509018,1
53,575000.0,0,1,547.4702727488843,425000.0,3754700.0,575000.0,1,830140.2805611222,1
53,575000.0,0,1,514.982846925759,425000.0,3858900.0,575000.0,1,807441.132264529,1
67,0.0,0,1,1097.783864073625,1300000.0,5038650.0,0.0,1,596663.3266533066,1
67,0.0,0,1,1191.3196098881479,1300000.0,4598050.0,0.0,1,455063.877755511,1
67,0.0,0,1,1249.1212755868905,1300000.0,4699750.0,0.0,1,577206.9138276553,1
67,0.0,0,1,1191.9659435188883,1300000.0,4416060.0,0.0,1,433445.64128256514,1
67,0.0,0,1,1121.2486972309414,1300000.0,5022300.0,0.0,1,455063.877755511,1
78,14000.0,0,2,2653.349680795677,95000.0,96600.0,0.0,0,16213.677354709418,2
78,14000.0,0,2,2668.053694926114,100000.0,101600.0,0.0,0,16213.677354709418,2
78,14000.0,0,2,2663.542561254389,91000.0,92600.0,0.0,0,16213.677354709418,2
78,14000.0,0,2,2670.2215656564053,108000.0,109600.0,0.0,0,16213.677354709418,2
78,14000.0,0,2,2663.154805654483,107000.0,108600.0,0.0,0,16213.677354709418,2
61,87000.0,0,1,8218.772137883087,193000.0,786500.0,62000.0,1,129709.41883767534,1
61,87000.0,0,1,8244.466118263763,193000.0,787500.0,62000.0,1,129709.41883767534,1
61,87000.0,0,1,8881.57451443373,193000.0,786500.0,62000.0,1,129709.41883767534,1
61,87000.0,0,1,8464.521848455008,193000.0,787500.0,62000.0,1,130790.33066132265,1
61,87000.0,0,1,9015.549157971094,193000.0,786500.0,62000.0,1,129709.41883767534,1
42,15000.0,0,1,2232.6110292215244,109000.0,170100.0,15000.0,1,126466.68336673347,1
42,15000.0,0,1,2180.7405507784965,109000.0,171300.0,15000.0,1,159974.9498997996,1
42,15000.0,0,1,2145.6945163224946,109000.0,171300.0,15000.0,1,137275.8016032064,1
42,15000.0,0,1,2197.748961956439,109000.0,170700.0,15000.0,1,122143.03607214428,1
42,15000.0,0,1,2129.1070953541594,109000.0,170500.0,15000.0,1,117819.38877755511,1
71,0.0,0,1,4632.531750541939,0.0,270530.0,0.0,0,118900.3006012024,1
71,0.0,0,1,4550.784364895653,0.0,256270.0,0.0,0,118900.3006012024,1
71,0.0,0,1,4639.0106924944275,0.0,231510.0,0.0,0,118900.3006012024,1
71,0.0,0,1,4618.798190566475,0.0,267650.0,0.0,0,118900.3006012024,1
71,0.0,0,1,4544.565940148998,0.0,266360.0,0.0,0,118900.3006012024,1
67,0.0,0,2,2955.694085160473,0.0,-26780.0,0.0,0,20537.324649298596,2
67,0.0,0,2,2912.1144554002567,0.0,-26780.0,0.0,0,20537.324649298596,2
67,0.0,0,2,2879.912418252734,0.0,-26780.0,0.0,0,21618.236472945893,2
67,0.0,0,2,2995.9427726783583,0.0,-26780.0,0.0,0,19456.412825651303,2
67,0.0,0,2,2913.813093294462,0.0,-26790.0,0.0,0,18375.501002004006,2
40,350000.0,0,2,2056.801192936278,62000.0,134400.0,350000.0,1,63773.79759519038,2
40,350000.0,0,2,1919.4634676113074,62000.0,132200.0,350000.0,1,63773.79759519038,2
40,350000.0,0,2,1932.5195120391054,86000.0,152900.0,350000.0,1,65935.62124248497,2
40,350000.0,0,2,1154.6445659135302,93000.0,176900.0,350000.0,1,67016.53306613227,2
40,350000.0,0,2,1886.9945627289076,58000.0,128600.0,350000.0,1,65935.62124248497,2
61,0.0,0,1,841.3754775251728,750000.0,1202000.0,0.0,1,184835.92184368736,1
61,0.0,0,1,838.67190572736,750000.0,1353100.0,0.0,1,184835.92184368736,1
61,0.0,0,1,904.6447280544177,750000.0,1249710.0,0.0,1,184835.92184368736,1
61,0.0,0,1,853.4868453761086,750000.0,1241400.0,0.0,1,184835.92184368736,1
61,0.0,0,1,916.0591168284773,750000.0,1292700.0,0.0,1,184835.92184368736,1
52,150000.0,0,1,10232.542660795127,400000.0,623100.0,150000.0,1,157813.126252505,1
52,150000.0,0,1,10272.079378527978,400000.0,652700.0,150000.0,1,157813.126252505,1
52,150000.0,0,1,11059.139505373962,400000.0,621700.0,150000.0,1,157813.126252505,1
52,150000.0,0,1,10552.358581287723,400000.0,643700.0,150000.0,1,156732.21442885773,1
52,150000.0,0,1,11232.011532963219,400000.0,580200.0,150000.0,1,157813.126252505,1
69,130000.0,0,1,1514.7767567331127,215000.0,3138700.0,130000.0,1,386966.4328657315,1
69,130000.0,0,1,1605.7244672600195,215000.0,3138700.0,130000.0,1,386966.4328657315,1
69,130000.0,0,1,1665.1040981015874,215000.0,3138700.0,130000.0,1,386966.4328657315,1
69,130000.0,0,1,1608.3158637012775,215000.0,3139700.0,130000.0,1,386966.4328657315,1
69,130000.0,0,1,1546.4261720520442,215000.0,3139700.0,130000.0,1,386966.4328657315,1
69,500000.0,0,1,658.8360213865398,-100000.0,5540000.0,0.0,1,164298.59719438877,1
69,500000.0,0,1,696.2693013515718,-100000.0,5540000.0,0.0,1,147004.00801603205,1
69,500000.0,0,1,717.0795920237916,-100000.0,5540000.0,0.0,1,135113.97795591183,1
69,500000.0,0,1,691.8369289776833,-100000.0,5540000.0,0.0,1,122143.03607214428,1
69,500000.0,0,1,671.083321960962,-100000.0,5540000.0,0.0,1,91877.50501002005,1
40,0.0,0,2,6986.683507618274,0.0,11000.0,0.0,1,54045.59118236473,2
40,0.0,0,2,6920.939646147502,0.0,10000.0,0.0,1,54045.59118236473,2
40,0.0,0,2,6939.740694929355,0.0,10000.0,0.0,1,54045.59118236473,2
40,0.0,0,2,7013.301988921075,0.0,11200.0,0.0,1,54045.59118236473,2
40,0.0,0,2,6939.324712014464,0.0,11000.0,0.0,1,54045.59118236473,2
59,0.0,0,2,3079.1873942699794,0.0,-6960.0,0.0,1,25941.88376753507,2
59,0.0,0,2,3142.572081663892,0.0,-6970.0,0.0,1,25941.88376753507,2
59,0.0,0,2,3136.2465167839705,0.0,-6960.0,0.0,1,25941.88376753507,2
59,0.0,0,2,3161.2989796652605,0.0,-6960.0,0.0,1,27022.795591182366,2
59,0.0,0,2,3138.7835682030327,0.0,-6960.0,0.0,1,24860.971943887776,2
80,57000.0,0,2,3330.788620814107,293000.0,691650.0,10000.0,0,57612.600200400804,2
80,57000.0,0,2,3378.491154218159,293000.0,666240.0,10000.0,0,57612.600200400804,2
80,57000.0,0,2,3488.232446804712,293000.0,667470.0,10000.0,0,58693.5120240481,2
80,57000.0,0,2,3487.311422546483,293000.0,695580.0,10000.0,0,58693.5120240481,2
80,57000.0,0,2,3561.571850773688,293000.0,668930.0,10000.0,0,59774.42384769539,2
65,0.0,0,2,6643.065697350945,109000.0,155000.0,0.0,0,37831.91382765531,2
65,0.0,0,2,6165.426748638097,110000.0,189000.0,0.0,0,32427.354709418836,2
65,0.0,0,2,6299.207810436279,116000.0,222000.0,0.0,0,33508.26653306613,2
65,0.0,0,2,6419.345080814294,101000.0,211000.0,0.0,0,34589.178356713426,2
65,0.0,0,2,6301.120528555082,113000.0,156000.0,0.0,0,35670.09018036072,2
63,195000.0,0,1,699.438904080731,805000.0,4602000.0,195000.0,1,1249209.7945891784,2
63,195000.0,0,1,726.2452803697529,805000.0,4986000.0,195000.0,1,1212783.0661322644,2
63,195000.0,0,1,747.9297590591593,805000.0,4604000.0,195000.0,1,1266828.6573146293,2
63,195000.0,0,1,721.6456602509402,805000.0,4736000.0,195000.0,1,1256019.5390781562,2
63,195000.0,0,1,712.6340186014625,805000.0,4598000.0,195000.0,1,1248345.0651302605,2
37,0.0,0,1,1357.0889773806068,0.0,488400.0,0.0,1,329678.1062124249,1
37,0.0,0,1,1351.755043259375,0.0,489500.0,0.0,1,329678.1062124249,1
37,0.0,0,1,1356.9601094039326,0.0,492500.0,0.0,1,328597.19438877754,1
37,0.0,0,1,1362.4280476541746,0.0,489500.0,0.0,1,329678.1062124249,1
37,0.0,0,1,1359.0573378471186,0.0,489500.0,0.0,1,329678.1062124249,1
64,0.0,0,1,5997.30559946559,480000.0,1308200.0,0.0,0,91877.50501002005,1
64,0.0,0,1,6020.158337740957,480000.0,1307500.0,0.0,0,91877.50501002005,1
64,0.0,0,1,6482.531723086541,480000.0,1308800.0,0.0,0,90796.59318637275,1
64,0.0,0,1,6182.231978628536,480000.0,1307600.0,0.0,0,95120.24048096192,1
64,0.0,0,1,6581.141162600803,480000.0,1308300.0,0.0,0,94039.32865731463,1
57,0.0,0,1,9664.066931799189,100000.0,114200.0,0.0,0,44317.38476953908,1
57,0.0,0,1,9156.966370668395,100000.0,122600.0,0.0,0,42155.561122244486,1
57,0.0,0,1,9330.773002002094,99000.0,117600.0,0.0,0,46479.208416833666,1
57,0.0,0,1,9206.846819991115,98000.0,124000.0,0.0,0,43236.47294589179,1
57,0.0,0,1,9245.57606520057,100000.0,113800.0,0.0,0,43236.47294589179,1
81,18000.0,0,1,18377.430868894146,152000.0,196360.0,18000.0,1,65935.62124248497,1
81,19000.0,0,1,17625.10804622508,151000.0,195400.0,19000.0,1,70259.26853707415,1
81,19000.0,0,1,17405.513818159066,151000.0,195410.0,19000.0,1,61611.9739478958,1
81,18000.0,0,1,18039.012483165974,152000.0,196500.0,18000.0,1,63773.79759519038,1
81,18000.0,0,1,17295.955298616547,152000.0,196320.0,18000.0,1,64854.70941883767,1
45,262000.0,0,1,6900.640607450946,23000.0,252650.0,262000.0,1,44317.38476953908,2
45,262000.0,0,1,6919.066624213998,23000.0,253050.0,262000.0,1,44317.38476953908,2
45,262000.0,0,1,7446.221968882821,23000.0,254850.0,262000.0,1,44317.38476953908,2
45,262000.0,0,1,7103.751831573706,23000.0,254550.0,262000.0,1,44317.38476953908,2
45,262000.0,0,1,7555.518519462334,23000.0,252050.0,262000.0,1,44317.38476953908,2
46,0.0,0,1,1774.1555112907001,0.0,5650.0,0.0,1,27022.795591182366,2
46,0.0,0,1,1722.8129460551766,0.0,5550.0,0.0,1,27022.795591182366,2
46,0.0,0,1,1759.2920832844597,0.0,5650.0,0.0,1,27022.795591182366,2
46,0.0,0,1,1777.0478355357022,0.0,5650.0,0.0,1,27022.795591182366,2
46,0.0,0,1,1735.3269423222487,0.0,5650.0,0.0,1,27022.795591182366,2
49,422000.0,0,1,168.0718912003893,4858000.0,71894000.0,422000.0,1,1686222.4448897797,1
49,359000.0,0,1,171.4898359334623,6071000.0,92554000.0,359000.0,1,1599749.498997996,1
49,403000.0,0,1,174.17282913441153,4687000.0,85798000.0,403000.0,1,998762.5250501,1
49,422000.0,0,1,176.3068924859954,6038000.0,102388000.0,422000.0,1,1999686.8737474948,1
49,428000.0,0,1,169.12103009893445,6042000.0,91519000.0,428000.0,1,1783504.509018036,1
52,0.0,0,1,2125.1887678557155,800000.0,26097000.0,0.0,1,3804809.6192384767,1
52,0.0,0,1,2117.4658339452644,800000.0,26095000.0,0.0,1,3804809.6192384767,1
52,0.0,0,1,2144.8293033135647,800000.0,26096000.0,0.0,1,3804809.6192384767,1
52,0.0,0,1,2105.7345859646807,800000.0,26096000.0,0.0,1,3804809.6192384767,1
52,0.0,0,1,2203.16836073048,800000.0,26096000.0,0.0,1,3804809.6192384767,1
57,0.0,0,1,7660.697096855758,425000.0,1257500.0,0.0,1,129709.41883767534,1
57,0.0,0,1,7684.646392152757,425000.0,1257500.0,0.0,1,129709.41883767534,1
57,0.0,0,1,8278.493545844362,425000.0,1258500.0,0.0,1,129709.41883767534,1
57,0.0,0,1,7889.759791714256,425000.0,1258500.0,0.0,1,129709.41883767534,1
57,0.0,0,1,8403.370978334333,425000.0,1258500.0,0.0,1,129709.41883767534,1
41,0.0,0,1,7962.761429010789,444000.0,645900.0,0.0,1,139437.625250501,1
41,0.0,0,1,7995.44505463663,436000.0,651100.0,0.0,1,126466.68336673347,1
41,0.0,0,1,8609.304421720193,456000.0,685300.0,0.0,1,166460.42084168337,1
41,0.0,0,1,8213.055759800656,489000.0,679700.0,0.0,1,126466.68336673347,1
41,0.0,0,1,8740.252764733614,487000.0,657100.0,0.0,1,122143.03607214428,1
28,0.0,0,1,9291.0853459229,0.0,34070.0,0.0,1,64854.70941883767,1
28,0.0,0,1,9120.086133121144,0.0,34080.0,0.0,1,64854.70941883767,1
28,0.0,0,1,9259.266575365065,0.0,34070.0,0.0,1,64854.70941883767,1
28,0.0,0,1,9265.720863966086,0.0,34080.0,0.0,1,64854.70941883767,1
28,0.0,0,1,9245.06636672593,0.0,34070.0,0.0,1,64854.70941883767,1
67,125000.0,0,1,2404.6519507027147,350000.0,452220.0,125000.0,0,122143.03607214428,1
67,125000.0,0,1,2388.2226419830213,350000.0,448220.0,125000.0,0,122143.03607214428,1
67,125000.0,0,1,2489.168727124542,350000.0,448220.0,125000.0,0,122143.03607214428,1
67,125000.0,0,1,2458.6559140575496,350000.0,452320.0,125000.0,0,122143.03607214428,1
67,125000.0,0,1,2569.195944629355,350000.0,448220.0,125000.0,0,122143.03607214428,1
66,1640000.0,10810000,1,50.37821480022433,4150000.0,1075640050.0,0.0,1,19315894.288577154,1
66,1920000.0,10280000,1,51.199894309328855,3690000.0,776483200.0,0.0,1,10171380.260521041,1
66,266500.0,10490000,1,51.56560244117553,5943500.0,836936200.0,266500.0,1,14440981.963927856,1
66,0.0,17080000,1,52.58092545343105,6470000.0,841883350.0,0.0,1,11338765.03006012,1
66,0.0,14270000,1,50.725041754035786,5610000.0,927900200.0,0.0,1,24774498.99799599,1
29,0.0,0,2,13294.491883962663,25000.0,24200.0,0.0,1,21618.236472945893,2
29,0.0,0,2,13218.052957634354,25000.0,24200.0,0.0,1,21618.236472945893,2
29,0.0,0,2,13165.571098182516,25000.0,24200.0,0.0,1,21618.236472945893,2
29,0.0,0,2,13101.943123085934,25000.0,24200.0,0.0,1,21618.236472945893,2
29,0.0,0,2,13104.058742978239,25000.0,24200.0,0.0,1,21618.236472945893,2
39,0.0,0,1,9162.702131133075,0.0,6410.0,0.0,1,7025.926853707415,2
39,0.0,0,1,9234.773511608519,0.0,6930.0,0.0,1,8431.112224448898,2
39,0.0,0,1,9206.269159112517,0.0,6620.0,0.0,1,8539.203406813627,2
39,0.0,0,1,8984.5498126618,0.0,5230.0,0.0,1,6593.562124248497,2
39,0.0,0,1,9214.624894678074,0.0,6830.0,0.0,1,9836.29759519038,2
80,0.0,0,2,4200.084833503077,400000.0,4823400.0,0.0,0,64854.70941883767,2
80,0.0,0,2,4602.303311107442,400000.0,4812300.0,0.0,0,65935.62124248497,2
80,0.0,0,2,4991.932322608214,400000.0,4812400.0,0.0,0,67016.53306613227,2
80,0.0,0,2,4469.217334874339,400000.0,4822300.0,0.0,0,65935.62124248497,2
80,0.0,0,2,4326.401898747595,400000.0,4813300.0,0.0,0,65935.62124248497,2
35,0.0,0,1,2412.6355610320725,0.0,28850.0,0.0,1,139437.625250501,1
35,0.0,0,1,2360.309062177215,0.0,27300.0,0.0,1,139437.625250501,1
35,0.0,0,1,2377.683087223058,0.0,13650.0,0.0,1,139437.625250501,1
35,0.0,0,1,2376.9716750761554,0.0,11050.0,0.0,1,139437.625250501,1
35,0.0,0,1,2350.0275081355594,0.0,12950.0,0.0,1,139437.625250501,1
44,290000.0,0,1,1059.7275897797765,310000.0,397600.0,290000.0,1,108091.18236472947,1
44,290000.0,0,1,1056.7591647540253,310000.0,397600.0,290000.0,1,108091.18236472947,1
44,290000.0,0,1,1139.5978543670212,310000.0,397600.0,290000.0,1,108091.18236472947,1
44,290000.0,0,1,1076.0687554399549,310000.0,397600.0,290000.0,1,108091.18236472947,1
44,290000.0,0,1,1154.1508661816993,310000.0,397600.0,290000.0,1,109172.09418837675,1
65,0.0,0,1,3400.0010654601983,400000.0,6354200.0,0.0,0,686379.008016032,1
65,0.0,0,1,3725.6259707278973,400000.0,6347280.0,0.0,0,704754.5090180361,1
65,0.0,0,1,4041.2276237022843,400000.0,6353300.0,0.0,0,684217.1843687375,1
65,0.0,0,1,3617.405350225319,400000.0,6353200.0,0.0,0,700430.8617234469,1
65,0.0,0,1,3502.05490403549,400000.0,6370700.0,0.0,0,709078.1563126253,1
60,0.0,0,1,3567.0125865247987,1000000.0,10739500.0,0.0,1,998762.5250501,1
60,0.0,0,1,3687.6115692674625,1000000.0,10750190.0,0.0,1,998762.5250501,1
60,0.0,0,1,3843.6061037238205,1000000.0,10748300.0,0.0,1,997681.613226453,1
60,0.0,0,1,3697.4778865830754,1000000.0,10740100.0,0.0,1,998762.5250501,1
60,0.0,0,1,3611.4854666638375,1000000.0,10749800.0,0.0,1,997681.613226453,1
66,0.0,0,1,9703.327224528908,44000.0,78620.0,0.0,1,41074.64929859719,1
66,0.0,0,1,8873.933510286774,45000.0,76620.0,0.0,1,41074.64929859719,1
66,0.0,0,1,8946.389262349334,44000.0,79420.0,0.0,1,41074.64929859719,1
66,0.0,0,1,9240.504743421978,46000.0,72820.0,0.0,1,41074.64929859719,1
66,0.0,0,1,8955.0432139726,47000.0,80520.0,0.0,1,41074.64929859719,1
77,0.0,0,1,57.16637596372372,3120000.0,113802500.0,0.0,1,1477606.4629258518,1
77,0.0,5870000,1,56.38133480344444,3460000.0,104812200.0,0.0,1,1617044.0881763527,1
77,0.0,5000000,1,56.6924776306938,3850000.0,126090500.0,0.0,1,1615963.1763527053,1
77,0.0,7120000,1,57.929220578639615,3300000.0,110565600.0,0.0,1,1646228.7074148296,1
77,0.0,9200000,1,57.682600903509375,3550000.0,115374000.0,0.0,1,1443017.2845691382,1
67,4200000.0,0,1,529.9486967127696,6650000.0,34568000.0,4200000.0,1,1340330.6613226454,1
67,4390000.0,0,1,508.3471219947784,6660000.0,43998000.0,4390000.0,1,1351139.7795591182,1
67,4430000.0,0,1,523.4197791250206,6390000.0,38730000.0,4430000.0,1,1351139.7795591182,1
67,4440000.0,0,1,517.086466311711,6200000.0,34957000.0,4440000.0,1,1351139.7795591182,1
67,4270000.0,0,1,528.033232813035,6100000.0,34209000.0,4270000.0,1,1351139.7795591182,1
40,0.0,0,2,2641.56398536801,180000.0,196250.0,0.0,1,132952.15430861723,1
40,0.0,0,2,2529.246633246989,180000.0,196350.0,0.0,1,132952.15430861723,1
40,0.0,0,2,2508.7995575028635,180000.0,196350.0,0.0,1,131871.24248496993,1
40,0.0,0,2,2518.5677489569325,180000.0,196350.0,0.0,1,131871.24248496993,1
40,0.0,0,2,2486.2812324811616,180000.0,196350.0,0.0,1,132952.15430861723,1
63,0.0,0,1,537.9789273369004,8500000.0,81984900.0,0.0,0,3664291.0821643285,1
63,0.0,0,1,540.8682790338264,8500000.0,81983900.0,0.0,0,3577818.136272545,1
63,0.0,0,1,547.1171801013793,8500000.0,81983900.0,0.0,0,3275162.8256513025,1
63,0.0,0,1,558.8176027785119,8500000.0,81983900.0,0.0,0,3361635.771543086,1
63,0.0,0,1,542.5852689892378,8500000.0,81983900.0,0.0,0,3588627.2545090183,1
38,0.0,0,1,8030.066377078714,362000.0,519880.0,0.0,1,157813.126252505,1
38,0.0,0,1,8063.026259847885,362000.0,694500.0,0.0,1,157813.126252505,1
38,0.0,0,1,8682.074250650861,362000.0,450780.0,0.0,1,156732.21442885773,1
38,0.0,0,1,8282.476311492484,362000.0,504100.0,0.0,1,156732.21442885773,1
38,0.0,0,1,11478.901927126099,362000.0,446500.0,0.0,1,157813.126252505,1
61,77000.0,0,1,9606.496120423177,53000.0,218650.0,77000.0,1,112414.82965931864,1
61,77000.0,0,1,9038.738944942666,53000.0,217650.0,77000.0,1,112414.82965931864,1
61,77000.0,0,1,9393.225612373826,53000.0,218650.0,77000.0,1,112414.82965931864,1
61,77000.0,0,1,9072.867159053512,53000.0,218650.0,77000.0,1,112414.82965931864,1
61,77000.0,0,1,9277.366476511768,53000.0,218650.0,77000.0,1,112414.82965931864,1
40,79000.0,0,1,11165.038346566278,396000.0,467650.0,79000.0,1,109172.09418837675,1
40,82000.0,0,1,11205.46212041608,329000.0,417960.0,82000.0,1,107010.27054108217,1
40,95000.0,0,1,12048.615158756662,383000.0,453890.0,95000.0,1,103767.53507014028,1
40,79000.0,0,1,11507.737072364018,359000.0,425780.0,79000.0,1,110253.00601202405,1
40,83000.0,0,1,12226.47345876968,340000.0,413000.0,83000.0,1,116738.47695390781,1
23,0.0,0,1,14645.670982623731,0.0,19490.0,0.0,1,50802.855711422846,1
23,0.0,0,1,15015.5189812906,0.0,21401.0,0.0,1,50802.855711422846,1
23,0.0,0,1,14846.537981518024,0.0,16970.0,0.0,1,50802.855711422846,1
23,0.0,0,1,14920.303050018021,0.0,21240.0,0.0,1,50802.855711422846,1
23,0.0,0,1,14895.289308076051,0.0,23160.0,0.0,1,49721.94388777555,1
45,0.0,0,1,5797.216306182927,0.0,162960.0,0.0,1,90796.59318637275,2
45,0.0,0,1,5839.806288616051,0.0,162970.0,0.0,1,90796.59318637275,2
45,0.0,0,1,5867.655641369093,0.0,162960.0,0.0,1,90796.59318637275,2
45,0.0,0,1,5844.0001288704025,0.0,162960.0,0.0,1,90796.59318637275,2
45,0.0,0,1,5864.567636432004,0.0,161960.0,0.0,1,90796.59318637275,2
25,0.0,0,1,7674.300591965721,0.0,19100.0,0.0,1,25941.88376753507,1
25,0.0,0,1,7670.1226159019225,0.0,19070.0,0.0,1,25941.88376753507,1
25,0.0,0,1,7684.7943324848775,0.0,18930.0,0.0,1,25941.88376753507,1
25,0.0,0,1,7662.129449925281,0.0,18960.0,0.0,1,25941.88376753507,1
25,0.0,0,1,7685.703707179644,0.0,18950.0,0.0,1,25941.88376753507,1
47,0.0,0,2,1928.952778161527,0.0,8170.0,0.0,0,44317.38476953908,2
47,0.0,0,2,1928.5153963110138,0.0,11330.0,0.0,0,21618.236472945893,2
47,0.0,0,2,1933.5898037875936,0.0,14490.0,0.0,0,24860.971943887776,2
47,0.0,0,2,1927.7509681997558,0.0,13430.0,0.0,0,36751.00200400801,2
47,0.0,0,2,1933.5224685759713,0.0,14360.0,0.0,0,32427.354709418836,2
41,0.0,0,1,7842.520162292271,0.0,6660.0,0.0,1,54045.59118236473,1
41,0.0,0,1,7672.427493130153,0.0,6660.0,0.0,1,54045.59118236473,1
41,0.0,0,1,7728.903549407762,0.0,6660.0,0.0,1,54045.59118236473,1
41,0.0,0,1,7726.591031016712,0.0,6660.0,0.0,1,54045.59118236473,1
41,0.0,0,1,7639.006243699146,0.0,6660.0,0.0,1,54045.59118236473,1
28,0.0,0,1,3069.3479705304344,0.0,9330.0,0.0,1,10592.935871743486,1
28,0.0,0,1,3102.8198536550476,0.0,9430.0,0.0,1,10701.027054108217,1
28,0.0,0,1,3094.7903704194,0.0,9430.0,0.0,1,10701.027054108217,1
28,0.0,0,1,3099.237851917906,0.0,9420.0,0.0,1,11890.03006012024,1
28,0.0,0,1,3102.9075458792577,0.0,9430.0,0.0,1,15132.765531062125,1
35,0.0,0,1,7844.3949082871695,0.0,-8650.0,0.0,1,74582.91583166333,1
35,0.0,0,1,7852.355423809249,0.0,-8900.0,0.0,1,71340.18036072144,1
35,0.0,0,1,7811.128292955442,0.0,-9300.0,0.0,1,72421.09218436874,1
35,0.0,0,1,7742.226525394787,0.0,-9690.0,0.0,1,75663.82765531063,1
35,0.0,0,1,7822.415292193657,0.0,-8780.0,0.0,1,71340.18036072144,1
59,0.0,0,1,2718.1392391702216,0.0,5210.0,0.0,1,108091.18236472947,1
59,0.0,0,1,2766.548683660996,0.0,8190.0,0.0,1,92958.41683366733,1
59,0.0,0,1,2721.3055419904754,0.0,5890.0,0.0,1,87553.85771543086,1
59,0.0,0,1,2756.4022402438486,0.0,5980.0,0.0,1,94039.32865731463,1
59,0.0,0,1,2722.32897273508,0.0,5770.0,0.0,1,105929.35871743486,1
36,0.0,0,2,10181.99797709105,0.0,8150.0,0.0,0,45398.29659318637,2
36,0.0,0,2,10058.838570227217,0.0,8150.0,0.0,0,45398.29659318637,2
36,0.0,0,2,10109.36785382615,0.0,8150.0,0.0,0,45398.29659318637,2
36,0.0,0,2,10158.000656113876,0.0,8050.0,0.0,0,45398.29659318637,2
36,0.0,0,2,10091.798278925417,0.0,9150.0,0.0,0,45398.29659318637,2
41,0.0,0,1,421.2179008938162,825000.0,3264300.0,0.0,1,706916.3326653306,1
41,0.0,0,1,438.882407210182,825000.0,3265300.0,0.0,1,706916.3326653306,1
41,0.0,0,1,456.2559080970931,825000.0,3264300.0,0.0,1,706916.3326653306,1
41,0.0,0,1,439.86441373711807,825000.0,3262300.0,0.0,1,707997.244488978,1
41,0.0,0,1,428.7847976883669,825000.0,3265300.0,0.0,1,706916.3326653306,1
41,0.0,0,1,1528.885859071353,0.0,150.0,0.0,1,48641.03206412826,2
41,0.0,0,1,1563.7385606271632,0.0,150.0,0.0,1,48641.03206412826,2
41,0.0,0,1,1517.6234188752426,0.0,150.0,0.0,1,48641.03206412826,2
41,0.0,0,1,1554.1653621453593,0.0,150.0,0.0,1,48641.03206412826,2
41,0.0,0,1,1524.4855222658823,0.0,150.0,0.0,1,48641.03206412826,2
67,0.0,0,1,6042.527430385007,200000.0,1260890.0,0.0,0,97282.06412825652,1
67,0.0,0,1,6058.281776883436,200000.0,1209900.0,0.0,0,121062.124248497,1
67,0.0,0,1,6529.552072827221,200000.0,1359810.0,0.0,0,114576.65330661323,1
67,0.0,0,1,6217.660581586488,200000.0,1230850.0,0.0,0,104848.44689378758,1
67,0.0,0,1,6628.3379813991605,200000.0,1361030.0,0.0,0,107010.27054108217,1
69,0.0,0,1,2812.7127045087846,0.0,5060.0,0.0,0,8647.294589178357,1
69,0.0,0,1,2826.47101137389,0.0,7930.0,0.0,0,10052.47995991984,1
69,0.0,0,1,2784.2132611372426,0.0,8601.0,0.0,0,8647.294589178357,1
69,0.0,0,1,2828.660879312818,0.0,8110.0,0.0,0,8106.838677354709,1
69,0.0,0,1,2791.3031868517382,0.0,8410.0,0.0,0,8106.838677354709,1
58,0.0,0,1,11810.113679809529,0.0,1640000.0,0.0,1,86472.94589178357,2
58,0.0,0,1,13849.78322768564,0.0,1640000.0,0.0,1,86472.94589178357,2
58,0.0,0,1,9978.950864499726,0.0,1640000.0,0.0,1,86472.94589178357,2
58,0.0,0,1,11847.392640950706,0.0,1640000.0,0.0,1,86472.94589178357,2
58,0.0,0,1,10744.825850266,0.0,1640000.0,0.0,1,86472.94589178357,2
46,208000.0,0,1,11989.67970485902,111000.0,-151580.0,208000.0,1,174026.80360721442,1
46,203000.0,0,1,11457.816198210192,65000.0,-193470.0,203000.0,1,184835.92184368736,1
46,218000.0,0,1,11701.128520962871,99000.0,-165630.0,218000.0,1,167541.33266533067,1
46,221000.0,0,1,11688.668367112119,53000.0,-207750.0,221000.0,1,169703.15631262524,1
46,182000.0,0,1,11527.493881484585,100000.0,-162570.0,182000.0,1,171864.97995991984,1
70,0.0,0,2,7893.720129611244,460000.0,1278300.0,0.0,0,34589.178356713426,2
70,0.0,0,2,7920.121478010027,460000.0,1200300.0,0.0,0,34589.178356713426,2
70,0.0,0,2,8529.157024651171,460000.0,1197300.0,0.0,0,34589.178356713426,2
70,0.0,0,2,8129.262784416911,460000.0,1409300.0,0.0,0,34589.178356713426,2
70,0.0,0,2,8658.96817304449,460000.0,1217300.0,0.0,0,34589.178356713426,2
39,0.0,0,1,6447.753530669799,0.0,500.0,0.0,1,32427.354709418836,1
39,0.0,0,1,6594.737445902259,0.0,260.0,0.0,1,32427.354709418836,1
39,0.0,0,1,6400.256565407437,0.0,170.0,0.0,1,32427.354709418836,1
39,0.0,0,1,6554.364501156507,0.0,50.0,0.0,1,32427.354709418836,1
39,0.0,0,1,6429.196038620757,0.0,540.0,0.0,1,32427.354709418836,1
28,0.0,0,1,4183.537349182781,0.0,7800.0,0.0,1,43236.47294589179,2
28,0.0,0,1,4251.580348267928,0.0,7800.0,0.0,1,43236.47294589179,2
28,0.0,0,1,4168.2307328737215,0.0,7800.0,0.0,1,43236.47294589179,2
28,0.0,0,1,4251.119814748827,0.0,7800.0,0.0,1,43236.47294589179,2
28,0.0,0,1,4187.934881741514,0.0,7800.0,0.0,1,43236.47294589179,2
78,0.0,0,1,18013.596554745665,140000.0,283050.0,0.0,1,63773.79759519038,1
78,0.0,0,1,17276.168134899104,140000.0,295500.0,0.0,1,62692.885771543086,1
78,0.0,0,1,17060.921408718925,140000.0,283060.0,0.0,1,62692.885771543086,1
78,0.0,0,1,17681.878138243068,140000.0,284310.0,0.0,1,62692.885771543086,1
78,0.0,0,1,16953.53191645239,140000.0,296500.0,0.0,1,62692.885771543086,1
25,0.0,0,2,19207.311659824838,0.0,-10500.0,0.0,1,8106.838677354709,2
25,0.0,0,2,19366.10955251614,0.0,-10480.0,0.0,1,8214.92985971944,2
25,0.0,0,2,19180.232694941118,0.0,-10510.0,0.0,1,8214.92985971944,2
25,0.0,0,2,19270.211783956085,0.0,-10490.0,0.0,1,8214.92985971944,2
25,0.0,0,2,19252.270582107878,0.0,-10510.0,0.0,1,8106.838677354709,2
52,50000.0,0,1,12856.193555311223,103000.0,70710.0,50000.0,1,65935.62124248497,1
52,50000.0,0,1,12120.845745627794,103000.0,77230.0,50000.0,1,65935.62124248497,1
52,50000.0,0,1,12221.085852940769,103000.0,76490.0,50000.0,1,65935.62124248497,1
52,50000.0,0,1,12231.242767564636,103000.0,77200.0,50000.0,1,64854.70941883767,1
52,50000.0,0,1,12056.465752217333,103000.0,72380.0,50000.0,1,64854.70941883767,1
63,0.0,0,2,5338.962614608491,5000.0,30100.0,0.0,1,16213.677354709418,2
63,0.0,0,2,5382.490980089773,5000.0,30100.0,0.0,1,16213.677354709418,2
63,0.0,0,2,5376.761010724474,5000.0,30100.0,0.0,1,16213.677354709418,2
63,0.0,0,2,5440.741051838138,5000.0,30100.0,0.0,1,17294.589178356713,2
63,0.0,0,2,5392.548908464332,5000.0,30100.0,0.0,1,16213.677354709418,2
85,0.0,250000,1,378.8153437532186,500000.0,8838500.0,0.0,0,1163061.122244489,1
85,0.0,250000,1,397.90727266124134,500000.0,8837500.0,0.0,0,1163061.122244489,1
85,0.0,250000,1,414.37353824824714,500000.0,8838500.0,0.0,0,1163061.122244489,1
85,0.0,250000,1,399.29892541590755,500000.0,8837500.0,0.0,0,1163061.122244489,1
85,0.0,250000,1,386.2222752157411,500000.0,8838500.0,0.0,0,1163061.122244489,1
39,950000.0,0,1,3456.9488982576427,650000.0,15746600.0,950000.0,1,421555.6112224449,1
39,950000.0,0,1,3555.776847399826,650000.0,15741000.0,950000.0,1,428041.08216432866,1
39,950000.0,0,1,3704.5153888655286,650000.0,15740500.0,950000.0,1,392370.99198396795,1
39,950000.0,0,1,3559.8169493797022,650000.0,15742000.0,950000.0,1,375076.4028056112,1
39,950000.0,0,1,3480.8478783346873,650000.0,15746800.0,950000.0,1,406422.84569138277,1
68,0.0,0,2,2203.4479122199127,0.0,-2919.0,0.0,0,11890.03006012024,2
68,0.0,0,2,2220.26319782202,0.0,-2879.0,0.0,0,11890.03006012024,2
68,0.0,0,2,2218.9543988650057,0.0,-2439.0,0.0,0,12970.941883767535,2
68,0.0,0,2,2243.4523762679896,0.0,-3149.0,0.0,0,12970.941883767535,2
68,0.0,0,2,2225.5674979492683,0.0,-3069.0,0.0,0,12970.941883767535,2
39,385000.0,0,1,9763.213724369756,115000.0,2306200.0,385000.0,1,1048484.4689378758,1
39,385000.0,0,1,11499.559793004253,115000.0,2308800.0,385000.0,1,1044160.8216432867,1
39,385000.0,0,1,8234.325327645724,115000.0,2320400.0,385000.0,1,1047403.5571142285,1
39,385000.0,0,1,9871.173714576262,115000.0,2314400.0,385000.0,1,1044160.8216432867,1
39,385000.0,0,1,8881.038682905453,115000.0,2307500.0,385000.0,1,1045241.7334669338,1
41,60000.0,0,1,7775.755820176356,29000.0,39940.0,60000.0,1,44317.38476953908,2
41,60000.0,0,1,7484.651164719175,29000.0,39930.0,60000.0,1,44317.38476953908,2
41,59000.0,0,1,7528.395985901804,30000.0,40940.0,59000.0,1,44317.38476953908,2
41,60000.0,0,1,7549.259708574388,29000.0,39830.0,60000.0,1,44317.38476953908,2
41,59000.0,0,1,7426.044259350517,30000.0,40940.0,59000.0,1,44317.38476953908,2
75,0.0,0,1,77.24367040833643,0.0,46833000.0,0.0,1,0.0,1
75,0.0,0,1,77.67784404752248,0.0,46557000.0,0.0,1,0.0,1
75,0.0,0,1,77.17307095835764,0.0,46387000.0,0.0,1,0.0,1
75,0.0,0,1,78.21912750722412,0.0,46159000.0,0.0,1,0.0,1
75,0.0,0,1,78.50579690425761,0.0,47412000.0,0.0,1,0.0,1
25,0.0,0,1,2835.4697585395056,0.0,159000.0,0.0,1,113495.74148296592,1
25,0.0,0,1,2890.082883527053,0.0,160000.0,0.0,1,86472.94589178357,1
25,0.0,0,1,2879.2401789743117,0.0,160000.0,0.0,1,111333.91783567134,1
25,0.0,0,1,2881.136422938062,0.0,159000.0,0.0,1,110253.00601202405,1
25,0.0,0,1,2896.2872365835938,0.0,160000.0,0.0,1,88634.76953907816,1
48,0.0,0,1,3032.8564971322126,181000.0,233100.0,0.0,1,54045.59118236473,1
48,0.0,0,1,2916.9787911953113,178000.0,217100.0,0.0,1,54045.59118236473,1
48,0.0,0,1,2917.4219779527334,192000.0,242100.0,0.0,1,54045.59118236473,1
48,0.0,0,1,2979.0827064099485,185000.0,223300.0,0.0,1,54045.59118236473,1
48,0.0,0,1,2881.7400396215044,177000.0,213700.0,0.0,1,54045.59118236473,1
68,0.0,0,2,3749.317602133598,0.0,200.0,0.0,0,12970.941883767535,2
68,0.0,0,2,3694.0365519820325,0.0,210.0,0.0,0,12970.941883767535,2
68,0.0,0,2,3653.1880537196644,0.0,190.0,0.0,0,12970.941883767535,2
68,0.0,0,2,3800.3733299002934,0.0,210.0,0.0,0,12970.941883767535,2
68,0.0,0,2,3696.1912854466245,0.0,200.0,0.0,0,12970.941883767535,2
82,0.0,0,1,6102.806513051337,1800000.0,14789000.0,0.0,0,483167.58517034067,1
82,0.0,0,1,6552.831755066761,1800000.0,14787000.0,0.0,0,483167.58517034067,1
82,0.0,0,1,6752.065871056811,1800000.0,14789000.0,0.0,0,483167.58517034067,1
82,0.0,0,1,6505.482410014201,1800000.0,14788000.0,0.0,0,483167.58517034067,1
82,0.0,0,1,6238.103212638916,1800000.0,14788000.0,0.0,0,483167.58517034067,1
55,0.0,0,2,8571.48904173132,0.0,140100.0,0.0,0,81068.3867735471,2
55,0.0,0,2,8796.253455991671,0.0,140000.0,0.0,0,81068.3867735471,2
55,0.0,0,2,8642.306107587825,0.0,140100.0,0.0,0,81068.3867735471,2
55,0.0,0,2,8746.961013912332,0.0,140100.0,0.0,0,82149.29859719439,2
55,0.0,0,2,8673.993282863636,0.0,139100.0,0.0,0,82149.29859719439,2
64,583000.0,0,1,137.11633960457067,417000.0,21372000.0,580000.0,1,1178193.887775551,1
64,583000.0,0,1,139.03352433943002,417000.0,21329000.0,580000.0,1,2572570.140280561,1
64,583000.0,0,1,140.75117384546405,417000.0,21141000.0,580000.0,1,1740268.0360721443,1
64,583000.0,0,1,141.07982579159733,417000.0,21467000.0,580000.0,1,1740268.0360721443,1
64,583000.0,0,1,139.0602416665712,417000.0,21159000.0,580000.0,1,2194251.002004008,1
68,0.0,0,1,3744.2207304323456,400000.0,435301.0,0.0,0,15132.765531062125,2
68,0.0,0,1,3913.953314022738,400000.0,436501.0,0.0,0,15132.765531062125,2
68,0.0,0,1,3766.081333223213,400000.0,431501.0,0.0,0,16213.677354709418,2
68,0.0,0,1,3829.2087664452106,400000.0,437201.0,0.0,0,15132.765531062125,2
68,0.0,0,1,3768.3948465574044,400000.0,436501.0,0.0,0,15132.765531062125,2
33,276000.0,0,1,13270.593404548024,281000.0,472870.0,276000.0,1,103767.53507014028,1
33,275000.0,0,1,13916.530515290444,282000.0,478280.0,275000.0,1,103767.53507014028,1
33,275000.0,0,1,15087.66631696092,282000.0,477870.0,275000.0,1,102686.62324649299,1
33,275000.0,0,1,13731.080098863324,282000.0,478180.0,275000.0,1,103767.53507014028,1
33,275000.0,0,1,15323.510657882365,282000.0,477270.0,275000.0,1,103767.53507014028,1
61,0.0,0,1,867.3230620913788,0.0,37110.0,0.0,0,46479.208416833666,2
61,0.0,0,1,864.9616596566045,0.0,86790.0,0.0,0,45398.29659318637,2
61,0.0,0,1,876.3888585406173,0.0,43570.0,0.0,0,46479.208416833666,2
61,0.0,0,1,1473.4596429368933,0.0,151880.0,0.0,0,46479.208416833666,2
61,0.0,0,1,875.632366413333,0.0,43610.0,0.0,0,46479.208416833666,2
57,165000.0,0,1,5456.368996444086,195000.0,247920.0,165000.0,1,54045.59118236473,1
57,165000.0,0,1,5237.2923937697715,195000.0,240030.0,165000.0,1,60531.0621242485,1
57,165000.0,0,1,5302.87217487616,195000.0,238630.0,165000.0,1,57288.32665330661,1
57,165000.0,0,1,5281.351826026298,195000.0,256920.0,165000.0,1,60531.0621242485,1
57,165000.0,0,1,5247.612140965531,195000.0,240320.0,165000.0,1,55126.503006012026,1
56,814000.0,0,1,678.8693074694265,356000.0,62798800.0,814000.0,1,3199498.997995992,1
56,814000.0,0,1,671.8323703623448,356000.0,62798900.0,814000.0,1,3210308.116232465,1
56,814000.0,0,1,619.9533487808426,356000.0,62795500.0,814000.0,1,3199498.997995992,1
56,814000.0,0,1,691.5135947966958,356000.0,62797700.0,814000.0,1,3199498.997995992,1
56,814000.0,0,1,671.7729155681716,356000.0,62796300.0,814000.0,1,3210308.116232465,1
66,0.0,0,1,2061.4905750991934,75000.0,93000.0,0.0,1,30265.53106212425,2
66,0.0,0,1,1909.8015649854508,74000.0,92000.0,0.0,1,31346.442885771543,2
66,0.0,0,1,1913.190422229401,74000.0,92000.0,0.0,1,31346.442885771543,2
66,0.0,0,1,1994.5583653842266,74000.0,92000.0,0.0,1,31346.442885771543,2
66,0.0,0,1,1912.5478564310354,74000.0,92000.0,0.0,1,30265.53106212425,2
71,0.0,0,2,8309.451057935246,390000.0,827500.0,0.0,1,71340.18036072144,2
71,0.0,0,2,8338.03296943368,390000.0,827500.0,0.0,1,71340.18036072144,2
71,0.0,0,2,8982.385624760744,390000.0,827500.0,0.0,1,71340.18036072144,2
71,0.0,0,2,8559.846949726249,390000.0,827500.0,0.0,1,71340.18036072144,2
71,0.0,0,2,9117.088033771688,390000.0,827500.0,0.0,1,71340.18036072144,2
45,100000.0,0,1,8884.017753602948,300000.0,575860.0,100000.0,1,232396.04208416832,1
45,100000.0,0,1,8855.954206785009,300000.0,495690.0,100000.0,1,232396.04208416832,1
45,100000.0,0,1,9723.87208724098,300000.0,610100.0,100000.0,1,232396.04208416832,1
45,100000.0,0,1,9082.46946507155,300000.0,508100.0,100000.0,1,232396.04208416832,1
45,100000.0,0,1,9843.942052683971,300000.0,506600.0,100000.0,1,232396.04208416832,1
62,0.0,0,2,2190.4033945824867,546000.0,546090.0,0.0,0,8431.112224448898,2
62,0.0,0,2,2186.214137871718,610000.0,610090.0,0.0,0,8431.112224448898,2
62,0.0,0,2,2677.1019678716043,519000.0,519090.0,0.0,0,8431.112224448898,2
62,0.0,0,2,2241.2750579437816,556000.0,556090.0,0.0,0,8431.112224448898,2
62,0.0,0,2,2414.810901230371,610000.0,610090.0,0.0,0,8431.112224448898,2
70,0.0,0,2,4760.283360265843,200000.0,566200.0,0.0,1,52964.67935871743,2
70,0.0,0,2,4776.204611261285,200000.0,566200.0,0.0,1,51883.76753507014,2
70,0.0,0,2,5143.4816024495985,200000.0,566200.0,0.0,1,52964.67935871743,2
70,0.0,0,2,4902.326625278263,200000.0,566200.0,0.0,1,51883.76753507014,2
70,0.0,0,2,5221.763811538274,200000.0,566200.0,0.0,1,51883.76753507014,2
86,0.0,0,1,3480.9230221078287,500000.0,1994000.0,0.0,0,126466.68336673347,1
86,0.0,0,1,3617.7163155554567,500000.0,1994100.0,0.0,0,126466.68336673347,1
86,0.0,0,1,3249.7979683351887,500000.0,1994000.0,0.0,0,128628.50701402806,1
86,0.0,0,1,3362.1547672432353,500000.0,1994200.0,0.0,0,131871.24248496993,1
86,0.0,0,1,3428.2953121953274,500000.0,1994000.0,0.0,0,131871.24248496993,1
54,360000.0,0,1,937.4056706536667,440000.0,741500.0,360000.0,1,68097.44488977955,1
54,360000.0,0,1,934.5317164464319,440000.0,741500.0,360000.0,1,68097.44488977955,1
54,360000.0,0,1,1008.2310321094525,440000.0,741500.0,360000.0,1,68097.44488977955,1
54,360000.0,0,1,951.5588309342274,440000.0,742500.0,360000.0,1,68097.44488977955,1
54,360000.0,0,1,1021.1500728595786,440000.0,741500.0,360000.0,1,68097.44488977955,1
24,83000.0,0,1,23795.91541539975,92000.0,115550.0,83000.0,1,86472.94589178357,1
24,83000.0,0,1,24053.79613495402,92000.0,108560.0,83000.0,1,52964.67935871743,1
24,83000.0,0,1,23099.91615470456,92000.0,100270.0,83000.0,1,84311.12224448897,1
24,83000.0,0,1,23906.61292277849,92000.0,107860.0,83000.0,1,55126.503006012026,1
24,83000.0,0,1,23160.011588146986,92000.0,109170.0,83000.0,1,91877.50501002005,1
62,0.0,0,1,3756.2391130863834,2300000.0,7875100.0,0.0,1,186997.74549098196,1
62,0.0,0,1,4039.428127858083,2300000.0,7880100.0,0.0,1,190240.48096192384,1
62,0.0,0,1,4191.938639487166,2300000.0,7876100.0,0.0,1,197806.8637274549,1
62,0.0,0,1,4033.2709034507097,2300000.0,7894900.0,0.0,1,189159.56913827657,1
62,0.0,0,1,3833.895468126436,2300000.0,7882900.0,0.0,1,203211.42284569138,1
22,78000.0,0,1,23795.91541539975,72000.0,127910.0,78000.0,1,70259.26853707415,1
22,78000.0,0,1,24053.79613495402,72000.0,126900.0,78000.0,1,70259.26853707415,1
22,78000.0,0,1,23099.91615470456,72000.0,114250.0,78000.0,1,70259.26853707415,1
22,78000.0,0,1,23906.61292277849,72000.0,120610.0,78000.0,1,70259.26853707415,1
22,78000.0,0,1,23160.011588146986,72000.0,125900.0,78000.0,1,70259.26853707415,1
62,70000.0,0,2,5958.69281230737,200000.0,1692100.0,70000.0,1,138356.7134268537,2
62,70000.0,0,2,6047.846287268928,200000.0,1402100.0,70000.0,1,138356.7134268537,2
62,70000.0,0,2,6515.206282821419,200000.0,1376100.0,70000.0,1,138356.7134268537,2
62,70000.0,0,2,6017.355160233981,200000.0,1636100.0,70000.0,1,138356.7134268537,2
62,70000.0,0,2,5418.091247409535,200000.0,1556100.0,70000.0,1,138356.7134268537,2
48,318000.0,0,1,10730.548672652694,682000.0,1315900.0,318000.0,1,199968.6873747495,1
48,318000.0,0,1,12637.098407287536,682000.0,1315900.0,318000.0,1,203211.42284569138,1
48,318000.0,0,1,9050.770279227054,682000.0,1317900.0,318000.0,1,206454.15831663326,1
48,318000.0,0,1,10850.432853094439,682000.0,1316900.0,318000.0,1,206454.15831663326,1
48,318000.0,0,1,9763.510052483633,682000.0,1317000.0,318000.0,1,206454.15831663326,1
57,300000.0,0,2,1389.121094528315,450000.0,714960.0,300000.0,1,88634.76953907816,2
57,300000.0,0,2,1393.7422153677508,450000.0,708930.0,300000.0,1,85392.03406813627,2
57,300000.0,0,2,1498.653150985247,450000.0,713640.0,300000.0,1,88634.76953907816,2
57,300000.0,0,2,1430.928285657185,450000.0,709060.0,300000.0,1,94039.32865731463,2
57,300000.0,0,2,1520.7780494071962,450000.0,707960.0,300000.0,1,84311.12224448897,2
28,0.0,0,1,4409.308864917423,0.0,87700.0,0.0,1,140518.5370741483,1
28,0.0,0,1,4445.307380632069,0.0,87600.0,0.0,1,140518.5370741483,1
28,0.0,0,1,4444.004109289786,0.0,87600.0,0.0,1,140518.5370741483,1
28,0.0,0,1,4424.895950234865,0.0,87600.0,0.0,1,140518.5370741483,1
28,0.0,0,1,4448.182991595745,0.0,87700.0,0.0,1,140518.5370741483,1
26,0.0,0,1,8063.953633561419,0.0,-27100.0,0.0,1,110253.00601202405,1
26,0.0,0,1,8129.789430166551,0.0,-25100.0,0.0,1,110253.00601202405,1
26,0.0,0,1,8127.405945589245,0.0,-27100.0,0.0,1,110253.00601202405,1
26,0.0,0,1,8092.460036068684,0.0,-27100.0,0.0,1,110253.00601202405,1
26,0.0,0,1,8135.048484179247,0.0,-26100.0,0.0,1,110253.00601202405,1
83,0.0,0,2,1602.261374531264,160000.0,1040200.0,0.0,0,97282.06412825652,2
83,0.0,0,2,1595.1896340236185,180000.0,1075200.0,0.0,0,97282.06412825652,2
83,0.0,0,2,1753.341596053193,167000.0,1065200.0,0.0,0,97282.06412825652,2
83,0.0,0,2,1634.6530308369104,152000.0,1027200.0,0.0,0,97282.06412825652,2
83,0.0,0,2,1774.3117666494713,191000.0,1091200.0,0.0,0,97282.06412825652,2
30,0.0,0,2,7949.176058616523,0.0,-72700.0,0.0,1,64854.70941883767,1
30,0.0,0,2,7907.00814319159,0.0,-72700.0,0.0,1,64854.70941883767,1
30,0.0,0,2,7909.011349469995,0.0,-72700.0,0.0,1,64854.70941883767,1
30,0.0,0,2,7767.140535520286,0.0,-72700.0,0.0,1,64854.70941883767,1
30,0.0,0,2,8184.373018382389,0.0,-72700.0,0.0,1,64854.70941883767,1
59,0.0,0,2,4871.346976097928,0.0,-5920.0,0.0,0,43236.47294589179,2
59,0.0,0,2,4958.104562919236,0.0,-5920.0,0.0,0,44317.38476953908,2
59,0.0,0,2,4877.021504998649,0.0,-5920.0,0.0,0,44317.38476953908,2
59,0.0,0,2,4939.920488407526,0.0,-5920.0,0.0,0,44317.38476953908,2
59,0.0,0,2,4878.855659110818,0.0,-5925.0,0.0,0,44317.38476953908,2
81,0.0,0,1,3753.933276493023,12000.0,22100.0,0.0,0,15132.765531062125,1
81,0.0,0,1,3756.0494922466264,12000.0,22100.0,0.0,0,15132.765531062125,1
81,0.0,0,1,3745.345851803614,12000.0,22100.0,0.0,0,14051.85370741483,1
81,0.0,0,1,3754.3815789556515,12000.0,22100.0,0.0,0,15132.765531062125,1
81,0.0,0,1,3744.893217857129,12000.0,22100.0,0.0,0,14051.85370741483,1
22,0.0,0,1,3344.1492864145607,0.0,19710.0,0.0,1,20537.324649298596,2
22,0.0,0,1,3404.0713658630752,0.0,18790.0,0.0,1,21618.236472945893,2
22,0.0,0,1,3392.153546414725,0.0,19500.0,0.0,1,21618.236472945893,2
22,0.0,0,1,3323.4782539980683,0.0,19610.0,0.0,1,21618.236472945893,2
22,0.0,0,1,3402.4248556719913,0.0,19400.0,0.0,1,21618.236472945893,2
78,0.0,0,1,10884.912526484355,0.0,994500.0,0.0,0,92526.05210420841,1
78,0.0,0,1,10877.495432573998,0.0,991500.0,0.0,0,93725.8642284569,1
78,0.0,0,1,11787.895384949965,0.0,993500.0,0.0,0,93606.96392785572,1
78,0.0,0,1,11135.603109016465,0.0,992500.0,0.0,0,92526.05210420841,1
78,0.0,0,1,11951.011570932087,0.0,991500.0,0.0,0,92526.05210420841,1
34,162000.0,0,1,12696.079979377244,213000.0,701000.0,162000.0,1,186997.74549098196,1
34,162000.0,0,1,12741.456116083107,213000.0,705000.0,162000.0,1,186997.74549098196,1
34,162000.0,0,1,13732.898264889203,213000.0,700000.0,162000.0,1,188078.65731462926,1
34,162000.0,0,1,13089.583021254211,213000.0,704000.0,162000.0,1,186997.74549098196,1
34,162000.0,0,1,13938.915121643722,213000.0,701000.0,162000.0,1,186997.74549098196,1
25,0.0,0,1,1766.0802477304562,0.0,220.0,0.0,1,3242.7354709418837,2
25,0.0,0,1,1778.2702761440391,0.0,220.0,0.0,1,3242.7354709418837,2
25,0.0,0,1,1778.217425662127,0.0,220.0,0.0,1,3242.7354709418837,2
25,0.0,0,1,1795.399844230451,0.0,220.0,0.0,1,3242.7354709418837,2
25,0.0,0,1,1782.316327124309,0.0,220.0,0.0,1,3242.7354709418837,2
52,780000.0,0,2,2961.8904649911415,3220000.0,3311100.0,780000.0,0,28103.70741482966,2
52,780000.0,0,2,3225.6866297408455,3220000.0,3311100.0,780000.0,0,28103.70741482966,2
52,780000.0,0,2,3504.4009784805035,3220000.0,3311100.0,780000.0,0,28103.70741482966,2
52,780000.0,0,2,3108.1663452164107,3220000.0,3311100.0,780000.0,0,28103.70741482966,2
52,780000.0,0,2,3029.339270614927,3220000.0,3311100.0,780000.0,0,28103.70741482966,2
56,0.0,0,2,4822.913949294054,108000.0,103630.0,0.0,0,16213.677354709418,2
56,0.0,0,2,4623.215992478987,52000.0,29530.0,0.0,0,16213.677354709418,2
56,0.0,0,2,4620.961857338549,52000.0,16530.0,0.0,0,16213.677354709418,2
56,0.0,0,2,4580.802598876508,55000.0,51330.0,0.0,0,15132.765531062125,2
56,0.0,0,2,4610.93127108934,84000.0,23530.0,0.0,0,15132.765531062125,2
64,407000.0,0,1,8702.157863978142,293000.0,1326300.0,407000.0,1,239962.4248496994,1
64,407000.0,0,1,10246.797939127215,293000.0,1345300.0,407000.0,1,239962.4248496994,1
64,407000.0,0,1,7337.469234685757,293000.0,1305300.0,407000.0,1,238881.5130260521,1
64,407000.0,0,1,8793.282106235205,293000.0,1303300.0,407000.0,1,239962.4248496994,1
64,407000.0,0,1,7913.7561008062885,293000.0,1350200.0,407000.0,1,239962.4248496994,1
61,525000.0,0,1,554.867968767163,175000.0,3107000.0,525000.0,1,570721.4428857715,1
61,525000.0,0,1,598.6621163746879,175000.0,2975000.0,525000.0,1,586935.120240481,1
61,525000.0,0,1,627.649959446506,175000.0,3000000.0,525000.0,1,554507.7655310621,1
61,525000.0,0,1,597.4035845129437,175000.0,3283000.0,525000.0,1,571802.3547094188,1
61,525000.0,0,1,559.2465437228245,175000.0,2858000.0,525000.0,1,551265.0300601203,1
25,0.0,0,2,5103.398713179091,0.0,751.0,0.0,1,18375.501002004006,1
25,0.0,0,2,5087.27244439093,0.0,891.0,0.0,1,15132.765531062125,1
25,0.0,0,2,5110.539384562819,0.0,821.0,0.0,1,22699.148296593186,1
25,0.0,0,2,5065.451562230877,0.0,1001.0,0.0,1,18375.501002004006,1
25,0.0,0,2,5101.444216863616,0.0,701.0,0.0,1,22699.148296593186,1
70,0.0,0,1,893.0847610545421,1000000.0,8651000.0,0.0,0,416151.05210420844,1
70,0.0,0,1,943.9676691414037,1000000.0,8652000.0,0.0,0,416151.05210420844,1
70,0.0,0,1,982.1169223694766,1000000.0,8650000.0,0.0,0,416151.05210420844,1
70,0.0,0,1,947.4584681199091,1000000.0,8651000.0,0.0,0,416151.05210420844,1
70,0.0,0,1,915.1229141051044,1000000.0,8651000.0,0.0,0,416151.05210420844,1
73,0.0,0,1,386.529072555492,1700000.0,16496000.0,0.0,0,1266828.6573146293,1
73,0.0,0,1,406.00976597460783,1700000.0,16498000.0,0.0,0,1266828.6573146293,1
73,0.0,0,1,422.8113303007458,1700000.0,16498000.0,0.0,0,1266828.6573146293,1
73,0.0,0,1,407.42975663087543,1700000.0,16498000.0,0.0,0,1266828.6573146293,1
73,0.0,0,1,394.0868296418997,1700000.0,16358000.0,0.0,0,1266828.6573146293,1
65,150000.0,0,1,7611.589133273216,1850000.0,4042000.0,0.0,0,557750.501002004,1
65,150000.0,0,1,7981.237599557108,1850000.0,4064000.0,0.0,0,556669.5891783567,1
65,150000.0,0,1,8189.527172191216,1850000.0,4082000.0,0.0,0,557750.501002004,1
65,150000.0,0,1,7876.736830901221,1850000.0,4055000.0,0.0,0,556669.5891783567,1
65,150000.0,0,1,7842.057050537207,1850000.0,4054000.0,0.0,0,558831.4128256514,1
44,0.0,0,1,1139.1925813653163,0.0,45800.0,0.0,0,177269.53907815632,1
44,0.0,0,1,1120.6499627459025,0.0,46800.0,0.0,0,177269.53907815632,1
44,0.0,0,1,1130.1757302628423,0.0,45800.0,0.0,0,177269.53907815632,1
44,0.0,0,1,1122.4918929824012,0.0,46800.0,0.0,0,177269.53907815632,1
44,0.0,0,1,1118.8237746062846,0.0,45800.0,0.0,0,177269.53907815632,1
75,1710000.0,0,1,44.98350216024359,2450000.0,95916700.0,1710000.0,1,901480.4609218437,1
75,1650000.0,0,1,45.47275545008585,2150000.0,95994800.0,1650000.0,1,929584.1683366733,1
75,1680000.0,0,1,45.935602289336956,2110000.0,95157100.0,1680000.0,1,989034.3186372746,1
75,1890000.0,0,1,46.890809189935275,2020000.0,97124600.0,1890000.0,1,913370.4909819639,1
75,1780000.0,0,1,45.26336446919539,2220000.0,96868100.0,1780000.0,1,996600.7014028056,1
59,0.0,0,1,7300.145188579544,0.0,-25720.0,0.0,1,56207.41482965932,1
59,0.0,0,1,7271.927369125324,0.0,-18700.0,0.0,1,56207.41482965932,1
59,0.0,0,1,7331.662581220371,0.0,-15300.0,0.0,1,56207.41482965932,1
59,0.0,0,1,7187.645592686703,0.0,-15300.0,0.0,1,56207.41482965932,1
59,0.0,0,1,7311.956214462142,0.0,-18400.0,0.0,1,56207.41482965932,1
74,0.0,0,1,8268.419470963767,80000.0,743540.0,0.0,1,94687.875751503,1
74,0.0,0,1,8291.20470754143,80000.0,894570.0,0.0,1,92093.6873747495,1
74,0.0,0,1,8935.861218069667,80000.0,1325200.0,0.0,1,98471.06713426854,1
74,0.0,0,1,8509.862419172652,80000.0,600030.0,0.0,1,98579.15831663327,1
74,0.0,0,1,9068.731293463468,80000.0,1053710.0,0.0,1,98038.70240480962,1
47,196000.0,0,1,8253.831854444212,54000.0,112400.0,196000.0,1,73502.00400801603,1
47,196000.0,0,1,7938.474005701186,54000.0,112400.0,196000.0,1,73502.00400801603,1
47,196000.0,0,1,7939.680125733357,54000.0,113400.0,196000.0,1,73502.00400801603,1
47,196000.0,0,1,8107.488027356672,54000.0,113400.0,196000.0,1,73502.00400801603,1
47,196000.0,0,1,7842.572755336798,54000.0,113400.0,196000.0,1,73502.00400801603,1
41,390000.0,0,2,6263.183815484113,100000.0,185690.0,359000.0,1,179431.3627254509,2
41,390000.0,0,2,6284.604613242571,100000.0,185720.0,359000.0,1,179431.3627254509,2
41,390000.0,0,2,6770.084210567613,100000.0,185660.0,359000.0,1,178350.45090180362,2
41,390000.0,0,2,6454.202652642971,100000.0,183670.0,359000.0,1,178350.45090180362,2
41,390000.0,0,2,6872.198018747707,100000.0,185150.0,359000.0,1,179431.3627254509,2
82,18000.0,0,1,3219.4251389539377,232000.0,306800.0,18000.0,0,38912.825651302606,2
82,18000.0,0,1,3066.030443631229,232000.0,298800.0,18000.0,0,37831.91382765531,2
82,18000.0,0,1,3087.965421557938,232000.0,300500.0,18000.0,0,37831.91382765531,2
82,18000.0,0,1,3132.815683825587,232000.0,302400.0,18000.0,0,41074.64929859719,2
82,18000.0,0,1,3058.607445445069,232000.0,320800.0,18000.0,0,41074.64929859719,2
56,0.0,0,2,8112.286588354693,0.0,-9610.0,0.0,0,18375.501002004006,2
56,0.0,0,2,8173.625483163324,0.0,-9610.0,0.0,0,18375.501002004006,2
56,0.0,0,2,8171.403700216346,0.0,-9610.0,0.0,0,17294.589178356713,2
56,0.0,0,2,8261.807300108721,0.0,-9610.0,0.0,0,18375.501002004006,2
56,0.0,0,2,8192.56907653715,0.0,-9610.0,0.0,0,19456.412825651303,2
61,0.0,0,1,423.5876619456315,1800000.0,16397000.0,0.0,1,251852.45490981961,1
61,0.0,0,1,435.63005785756405,1800000.0,16396000.0,0.0,1,224829.65931863728,1
61,0.0,0,1,464.3511300610873,1800000.0,16396000.0,0.0,1,224829.65931863728,1
61,0.0,0,1,437.29310336108244,1800000.0,16397000.0,0.0,1,251852.45490981961,1
61,0.0,0,1,423.4484707718672,1800000.0,16396000.0,0.0,1,224829.65931863728,1
59,0.0,0,1,4416.641026395707,0.0,100.0,0.0,1,18375.501002004006,2
59,0.0,0,1,4596.868844992156,0.0,350200.0,0.0,1,32427.354709418836,2
59,0.0,0,1,4424.64361127377,0.0,200.0,0.0,1,21618.236472945893,2
59,0.0,0,1,4391.691205434092,0.0,200.0,0.0,1,22699.148296593186,2
59,0.0,0,1,4418.0255122646995,0.0,200.0,0.0,1,20537.324649298596,2
59,0.0,0,1,1237.8245662552818,265000.0,543470.0,0.0,1,97282.06412825652,1
59,0.0,0,1,1233.7301751590758,265000.0,544670.0,0.0,1,97282.06412825652,1
59,0.0,0,1,1330.3083833657854,265000.0,538850.0,0.0,1,97282.06412825652,1
59,0.0,0,1,1255.283592101509,265000.0,542280.0,0.0,1,97282.06412825652,1
59,0.0,0,1,1347.3901046623198,265000.0,539980.0,0.0,1,97282.06412825652,1
53,96000.0,0,1,2747.081103787397,779000.0,898500.0,96000.0,1,136194.8897795591,1
53,220000.0,0,1,2756.627305659267,668000.0,859200.0,220000.0,1,131871.24248496993,1
53,266000.0,0,1,2286.69622267856,573000.0,1408700.0,266000.0,1,122143.03607214428,1
53,72000.0,0,1,2831.720140790867,749000.0,1310300.0,72000.0,1,122143.03607214428,1
53,125000.0,0,1,3009.023334711446,745000.0,919700.0,125000.0,1,124304.85971943887,1
26,0.0,0,1,2906.5462260250397,0.0,-95.0,0.0,1,70259.26853707415,1
26,0.0,0,1,2953.8196469823056,0.0,10.0,0.0,1,70259.26853707415,1
26,0.0,0,1,2895.911831216782,0.0,10.0,0.0,1,71340.18036072144,1
26,0.0,0,1,2953.4996876153464,0.0,10.0,0.0,1,70259.26853707415,1
26,0.0,0,1,2909.6014471442936,0.0,-95.0,0.0,1,70259.26853707415,1
44,0.0,0,1,13906.815983331928,0.0,113500.0,0.0,1,69178.35671342685,1
44,0.0,0,1,13770.837174673867,0.0,79000.0,0.0,1,70259.26853707415,1
44,0.0,0,1,13946.004286917127,0.0,130800.0,0.0,1,70259.26853707415,1
44,0.0,0,1,13812.241251657228,0.0,201600.0,0.0,1,70259.26853707415,1
44,0.0,0,1,13718.330550200839,0.0,86100.0,0.0,1,69178.35671342685,1
67,291000.0,0,1,187.92353666111165,409000.0,950732.5,285000.0,1,145923.09619238478,1
67,291000.0,0,1,192.19637242570664,409000.0,946132.5,285000.0,1,145923.09619238478,1
67,291000.0,0,1,199.14329843211527,409000.0,935932.5,285000.0,1,147004.00801603205,1
67,291000.0,0,1,196.38950477624877,409000.0,941732.5,285000.0,1,147004.00801603205,1
67,291000.0,0,1,201.53480385277052,409000.0,931399.2,285000.0,1,147004.00801603205,1
29,475000.0,0,1,4499.703424235372,1195000.0,2111000.0,475000.0,1,301574.3987975952,1
29,475000.0,0,1,5295.104715378323,1195000.0,2114000.0,475000.0,1,300493.4869739479,1
29,475000.0,0,1,3791.1837800120384,1195000.0,2127000.0,475000.0,1,300493.4869739479,1
29,475000.0,0,1,4545.564821249802,1195000.0,2118000.0,475000.0,1,300493.4869739479,1
29,475000.0,0,1,4085.3943930842993,1195000.0,2170000.0,475000.0,1,301574.3987975952,1
54,0.0,0,1,8196.049071190557,350000.0,1422100.0,0.0,0,275632.51503006014,1
54,0.0,0,1,8222.88793119508,350000.0,1423200.0,0.0,0,275632.51503006014,1
54,0.0,0,1,8859.96183553395,350000.0,1423100.0,0.0,0,275632.51503006014,1
54,0.0,0,1,8446.97339338757,350000.0,1423200.0,0.0,0,275632.51503006014,1
54,0.0,0,1,8995.351549529056,350000.0,1422100.0,0.0,0,275632.51503006014,1
51,103000.0,0,1,2907.8997876634517,407000.0,489200.0,103000.0,1,158894.0380761523,1
51,105000.0,0,1,2918.004840025368,405000.0,484170.0,105000.0,1,159974.9498997996,1
51,106000.0,0,1,3138.229770351346,404000.0,485800.0,106000.0,1,159974.9498997996,1
51,101000.0,0,1,2997.493734267758,409000.0,490900.0,101000.0,1,159974.9498997996,1
51,103000.0,0,1,3185.176551219496,407000.0,491300.0,103000.0,1,158894.0380761523,1
67,0.0,0,1,588.5061680610905,550000.0,3222610.0,0.0,1,192402.30460921844,1
67,0.0,0,1,629.172182232167,550000.0,3222610.0,0.0,1,192402.30460921844,1
67,0.0,0,1,575.1387826701978,550000.0,3223610.0,0.0,1,192402.30460921844,1
67,0.0,0,1,589.2825541221689,550000.0,3222610.0,0.0,1,192402.30460921844,1
67,0.0,0,1,579.0010115773682,550000.0,3223610.0,0.0,1,192402.30460921844,1
75,0.0,0,1,3688.576193831895,180000.0,428850.0,0.0,0,64854.70941883767,1
75,0.0,0,1,3537.5757589196064,180000.0,430750.0,0.0,0,64854.70941883767,1
75,0.0,0,1,3493.5004990138164,180000.0,487700.0,0.0,0,64854.70941883767,1
75,0.0,0,1,3620.651465394209,180000.0,432950.0,0.0,0,64854.70941883767,1
75,0.0,0,1,3471.5107579069686,180000.0,423700.0,0.0,0,64854.70941883767,1
67,0.0,0,1,55.832039581363816,835000.0,262600000.0,0.0,1,9230986.973947896,1
67,0.0,0,1,56.04599178757316,835000.0,264920000.0,0.0,1,10344326.152304608,1
67,0.0,0,1,56.35692226322429,836000.0,264475000.0,0.0,1,9847106.713426854,1
67,0.0,0,1,57.58278982306344,835000.0,264717000.0,0.0,1,9760633.76753507,1
67,0.0,0,1,56.3209550955448,835000.0,264629000.0,0.0,1,10474035.571142284,1
43,0.0,0,2,1527.4221968492573,0.0,-80410.0,0.0,1,31346.442885771543,2
43,0.0,0,2,1541.2570025328937,0.0,-105230.0,0.0,1,32427.354709418836,2
43,0.0,0,2,1503.5490127313853,0.0,-88450.0,0.0,1,36751.00200400801,2
43,0.0,0,2,1526.4854738759198,0.0,-77050.0,0.0,1,32427.354709418836,2
43,0.0,0,2,1511.418255103111,0.0,-88060.0,0.0,1,35670.09018036072,2
52,1000000.0,0,1,1078.6460204126065,100000.0,3047500.0,1000000.0,1,255095.19038076152,1
52,1000000.0,0,1,1168.2877333076335,100000.0,3047500.0,1000000.0,1,255095.19038076152,1
52,1000000.0,0,1,1222.16733441979,100000.0,3047500.0,1000000.0,1,255095.19038076152,1
52,1000000.0,0,1,1165.580887631318,100000.0,3047360.0,1000000.0,1,255095.19038076152,1
52,1000000.0,0,1,1101.0634373894097,100000.0,3047500.0,1000000.0,1,255095.19038076152,1
51,0.0,0,2,1192.0355908914064,0.0,21450.0,0.0,1,24860.971943887776,2
51,0.0,0,2,1197.1224446773974,0.0,20350.0,0.0,1,15132.765531062125,2
51,0.0,0,2,1180.582200585423,0.0,20910.0,0.0,1,11890.03006012024,2
51,0.0,0,2,1197.2614357330888,0.0,22550.0,0.0,1,22699.148296593186,2
51,0.0,0,2,1182.6907536782803,0.0,25170.0,0.0,1,12970.941883767535,2
73,218000.0,0,1,1250.720173393443,172000.0,802500.0,109000.0,1,98914.24098196393,2
73,218000.0,0,1,1247.8668196597457,110000.0,738900.0,109000.0,1,100330.23547094189,2
73,218000.0,0,1,1281.0186023838746,82000.0,709300.0,109000.0,1,100513.99048096192,2
73,218000.0,0,1,1273.963436414044,85000.0,710700.0,109000.0,1,98914.24098196393,2
73,218000.0,0,1,1340.5279722010193,146000.0,774500.0,109000.0,1,100276.18987975952,2
41,70000.0,0,1,12258.358531415459,80000.0,124000.0,70000.0,1,109172.09418837675,1
41,70000.0,0,1,11819.846992600924,80000.0,125000.0,70000.0,1,110253.00601202405,1
41,70000.0,0,1,11704.08356026682,80000.0,124000.0,70000.0,1,110253.00601202405,1
41,70000.0,0,1,11877.005524045728,80000.0,126100.0,70000.0,1,109172.09418837675,1
41,70000.0,0,1,11628.74405740032,80000.0,126000.0,70000.0,1,110253.00601202405,1
64,480000.0,0,1,571.2331992130938,3520000.0,30233200.0,480000.0,1,1199812.124248497,1
64,480000.0,0,1,556.3040073233531,3520000.0,30323200.0,480000.0,1,1232239.478957916,1
64,480000.0,0,1,574.1265905628691,3520000.0,28845200.0,480000.0,1,1243048.5971943887,1
64,480000.0,0,1,532.7458505316727,3520000.0,28444200.0,480000.0,1,1221430.3607214428,1
64,480000.0,0,1,616.143144699938,3520000.0,30534200.0,480000.0,1,1232239.478957916,1
66,268000.0,0,2,8897.63445378785,157000.0,326530.0,268000.0,0,67016.53306613227,2
66,268000.0,0,2,8927.993532016653,157000.0,329600.0,268000.0,0,67016.53306613227,2
66,267000.0,0,2,9616.079651955682,158000.0,327820.0,267000.0,0,67016.53306613227,2
66,267000.0,0,2,9167.763809793665,158000.0,332100.0,267000.0,0,67016.53306613227,2
66,268000.0,0,2,9764.270072274818,157000.0,325920.0,268000.0,0,67016.53306613227,2
84,0.0,0,1,11138.062539823879,850000.0,1641200.0,0.0,0,112209.45641282565,1
84,0.0,0,1,13111.022749426065,850000.0,1658700.0,0.0,0,114155.09769539078,1
84,0.0,0,1,9393.671140228293,850000.0,1631200.0,0.0,0,115408.95541082164,1
84,0.0,0,1,11254.156643417453,850000.0,1650100.0,0.0,0,115484.61923847695,1
84,0.0,0,1,10132.34219909409,850000.0,1650000.0,0.0,0,111009.64428857715,1
66,97000.0,0,1,10618.262808910373,57000.0,296210.0,97000.0,1,81068.3867735471,1
66,97000.0,0,1,9790.926870048557,57000.0,219710.0,97000.0,1,81068.3867735471,1
66,97000.0,0,1,9859.351454217842,57000.0,155810.0,97000.0,1,81068.3867735471,1
66,97000.0,0,1,10175.56445729694,57000.0,204410.0,97000.0,1,81068.3867735471,1
66,97000.0,0,1,9901.349280448117,57000.0,260260.0,97000.0,1,81068.3867735471,1
66,0.0,0,1,1079.5241545744507,2150000.0,6335700.0,0.0,0,1113339.1783567134,1
66,0.0,0,1,1171.5040972821366,2150000.0,6333000.0,0.0,0,1113339.1783567134,1
66,0.0,0,1,1228.3443336332925,2160000.0,6346000.0,0.0,0,1124148.2965931864,1
66,0.0,0,1,1172.1396802863437,2150000.0,6347000.0,0.0,0,1124148.2965931864,1
66,0.0,0,1,1102.598691380253,2150000.0,6334800.0,0.0,0,1113339.1783567134,1
75,0.0,0,1,54.900583402502505,2190000.0,143865300.0,0.0,1,4699804.609218437,1
75,0.0,0,1,55.2177367037541,2200000.0,137898200.0,0.0,1,4764659.318637274,1
75,0.0,0,1,55.65148661323478,1850000.0,135683300.0,0.0,1,4603603.456913828,1
75,0.0,0,1,56.89442341344661,2090000.0,136816300.0,0.0,1,4605765.280561122,1
75,0.0,0,1,55.413450006020796,1940000.0,137655200.0,0.0,1,4730070.1402805615,1
26,182000.0,0,1,2648.0935059851645,118000.0,409590.0,182000.0,1,64854.70941883767,1
26,182000.0,0,1,2638.7125605789447,118000.0,446590.0,182000.0,1,64854.70941883767,1
26,182000.0,0,1,2847.9386426494493,118000.0,412220.0,182000.0,1,64854.70941883767,1
26,182000.0,0,1,2685.8584164504564,118000.0,388580.0,182000.0,1,65935.62124248497,1
26,182000.0,0,1,2883.911103919353,118000.0,401590.0,182000.0,1,64854.70941883767,1
58,8000.0,0,2,5524.9319807441925,181000.0,181620.0,8000.0,1,12970.941883767535,2
58,8000.0,0,2,5526.665273199785,181000.0,181620.0,8000.0,1,12970.941883767535,2
58,8000.0,0,2,5528.660234474666,181000.0,181610.0,8000.0,1,12970.941883767535,2
58,8000.0,0,2,5486.826959147737,181000.0,181630.0,8000.0,1,12970.941883767535,2
58,8000.0,0,2,5516.839138393947,181000.0,181620.0,8000.0,1,12970.941883767535,2
72,29500.0,0,1,5696.479737048327,329500.0,2051600.0,0.0,1,151327.65531062125,1
72,29500.0,0,1,6701.196138237248,329500.0,2044600.0,0.0,1,151327.65531062125,1
72,29500.0,0,1,4804.47913605592,329500.0,2055600.0,0.0,1,150246.74348697395,1
72,29500.0,0,1,5748.648477733213,329500.0,2039600.0,0.0,1,150246.74348697395,1
72,29500.0,0,1,5178.937405282341,330000.0,2041600.0,0.0,1,151327.65531062125,1
74,12000.0,0,1,2830.7224138860124,132000.0,368400.0,0.0,1,116738.47695390781,1
74,12000.0,0,1,2680.23417560094,96000.0,337000.0,0.0,1,75663.82765531063,1
74,12000.0,0,1,1688.2883121089465,103000.0,688300.0,0.0,1,141599.44889779558,1
74,12000.0,0,1,2690.6393065062794,155000.0,454000.0,0.0,1,248609.71943887774,1
74,12000.0,0,1,2712.4889016559205,105000.0,308240.0,0.0,1,81068.3867735471,1
33,0.0,0,2,7033.2653086387245,0.0,2770.0,0.0,1,47560.12024048096,2
33,0.0,0,2,7090.686351141048,0.0,2870.0,0.0,1,47560.12024048096,2
33,0.0,0,2,7088.607509898521,0.0,2870.0,0.0,1,47560.12024048096,2
33,0.0,0,2,7058.128186197202,0.0,2770.0,0.0,1,47560.12024048096,2
33,0.0,0,2,7095.273223018606,0.0,2870.0,0.0,1,48641.03206412826,2
29,0.0,0,1,9019.765215989044,0.0,8850.0,0.0,1,14051.85370741483,2
29,0.0,0,1,9034.894345862967,0.0,8850.0,0.0,1,14051.85370741483,2
29,0.0,0,1,9102.215959047015,0.0,8850.0,0.0,1,14051.85370741483,2
29,0.0,0,1,8842.273838198393,0.0,8850.0,0.0,1,14051.85370741483,2
29,0.0,0,1,9109.7874237884,0.0,8850.0,0.0,1,14051.85370741483,2
61,90000.0,0,1,12980.484675563988,260000.0,403300.0,90000.0,1,75663.82765531063,1
61,90000.0,0,1,12138.27384081735,260000.0,402300.0,90000.0,1,75663.82765531063,1
61,90000.0,0,1,12496.41027422984,260000.0,403300.0,90000.0,1,75663.82765531063,1
61,90000.0,0,1,12500.019846341758,260000.0,402700.0,90000.0,1,75663.82765531063,1
61,90000.0,0,1,12342.953429565838,260000.0,402700.0,90000.0,1,75663.82765531063,1
63,0.0,0,2,11587.100350139688,235000.0,421500.0,0.0,1,51883.76753507014,2
63,0.0,0,2,11128.57545877894,235000.0,432000.0,0.0,1,50802.855711422846,2
63,0.0,0,2,11281.398146493837,235000.0,416500.0,0.0,1,50802.855711422846,2
63,0.0,0,2,11228.308593777963,235000.0,405500.0,0.0,1,50802.855711422846,2
63,0.0,0,2,11170.471110873983,235000.0,416000.0,0.0,1,51883.76753507014,2
56,0.0,0,1,13635.566470175409,0.0,491000.0,0.0,1,486410.32064128254,1
56,0.0,0,1,13515.757633531768,0.0,490500.0,0.0,1,486410.32064128254,1
56,0.0,0,1,13751.453125620177,0.0,491000.0,0.0,1,486410.32064128254,1
56,0.0,0,1,13656.115137880184,0.0,489800.0,0.0,1,486410.32064128254,1
56,0.0,0,1,13715.868292190524,0.0,489400.0,0.0,1,486410.32064128254,1
40,0.0,0,2,1708.7238748628502,0.0,1.0,0.0,1,19456.412825651303,2
40,0.0,0,2,1738.4598446551695,0.0,1.0,0.0,1,19456.412825651303,2
40,0.0,0,2,1716.4764626382791,0.0,1.0,0.0,1,19456.412825651303,2
40,0.0,0,2,1726.0093145011451,0.0,1.0,0.0,1,19456.412825651303,2
40,0.0,0,2,1720.6263402211166,0.0,1.0,0.0,1,19456.412825651303,2
31,900000.0,0,1,3496.8104844338886,750000.0,6944000.0,900000.0,1,558831.4128256514,1
31,900000.0,0,1,3596.7780046045395,750000.0,5250000.0,900000.0,1,581530.5611222445,1
31,900000.0,0,1,3747.231629041629,750000.0,6741000.0,900000.0,1,565316.8837675351,1
31,900000.0,0,1,3600.864692425853,750000.0,5729000.0,900000.0,1,594501.5030060121,1
31,900000.0,0,1,3520.985040251824,750000.0,5309300.0,900000.0,1,553426.8537074148,1
36,0.0,0,2,1755.811058952652,0.0,-14500.0,0.0,1,27022.795591182366,2
36,0.0,0,2,1800.7332047451862,0.0,-14500.0,0.0,1,27022.795591182366,2
36,0.0,0,2,1773.1080509026233,0.0,-14500.0,0.0,1,27022.795591182366,2
36,0.0,0,2,1807.0014403543414,0.0,-14500.0,0.0,1,27022.795591182366,2
36,0.0,0,2,1781.8960523696041,0.0,-14500.0,0.0,1,27022.795591182366,2
29,116000.0,0,1,18189.39103268713,84000.0,64500.0,116000.0,1,111333.91783567134,1
29,116000.0,0,1,18612.757638837098,82000.0,65500.0,116000.0,1,111333.91783567134,1
29,116000.0,0,1,18063.100578041838,81000.0,62400.0,116000.0,1,111333.91783567134,1
29,116000.0,0,1,18508.540768071383,81000.0,62400.0,116000.0,1,111333.91783567134,1
29,117000.0,0,1,18083.52830741341,79000.0,58500.0,117000.0,1,111333.91783567134,1
66,700000.0,0,1,666.9248897329692,14300000.0,19878000.0,700000.0,1,210777.80561122246,1
66,700000.0,0,1,704.8177573094607,14300000.0,18023000.0,700000.0,1,204292.33466933868,1
66,700000.0,0,1,725.8835466126509,14300000.0,20827000.0,700000.0,1,209696.89378757516,1
66,700000.0,0,1,700.3309664225721,14300000.0,20827000.0,700000.0,1,228072.39478957915,1
66,700000.0,0,1,679.3225567092428,14300000.0,18320000.0,700000.0,1,164298.59719438877,1
25,0.0,0,1,10605.238667325135,0.0,49500.0,0.0,1,51883.76753507014,2
25,0.0,0,1,10576.884566999028,0.0,48500.0,0.0,1,51883.76753507014,2
25,0.0,0,1,10604.131211311742,0.0,48500.0,0.0,1,51883.76753507014,2
25,0.0,0,1,10527.873156251271,0.0,49600.0,0.0,1,51883.76753507014,2
25,0.0,0,1,10639.481909901087,0.0,49600.0,0.0,1,51883.76753507014,2
68,0.0,0,1,11226.876701300083,40000.0,42100.0,0.0,0,24860.971943887776,1
68,0.0,0,1,10407.048122676762,40000.0,44300.0,0.0,0,24860.971943887776,1
68,0.0,0,1,10437.981673223974,40000.0,37100.0,0.0,0,24860.971943887776,1
68,0.0,0,1,10874.831925437724,40000.0,40900.0,0.0,0,24860.971943887776,1
68,0.0,0,1,10440.676424421532,40000.0,33000.0,0.0,0,24860.971943887776,1
72,13000.0,0,2,3184.3231897248234,185000.0,208600.0,13000.0,0,22699.148296593186,2
72,13000.0,0,2,2974.533392048812,185000.0,206200.0,13000.0,0,22699.148296593186,2
72,13000.0,0,2,3043.2905921722513,185000.0,207700.0,13000.0,0,22699.148296593186,2
72,13000.0,0,2,2953.765860500533,185000.0,204500.0,13000.0,0,21618.236472945893,2
72,13000.0,0,2,2976.241179819689,185000.0,208100.0,13000.0,0,21618.236472945893,2
43,0.0,0,1,3888.1050430916816,15000.0,73450.0,0.0,0,101605.71142284569,1
43,0.0,0,1,3766.639700096022,15000.0,71150.0,0.0,0,47560.12024048096,1
43,0.0,0,1,3710.436900820789,15000.0,67950.0,0.0,0,101605.71142284569,1
43,0.0,0,1,3803.408605834525,15000.0,67560.0,0.0,0,61611.9739478958,1
43,0.0,0,1,3669.682821070614,15000.0,34450.0,0.0,0,101605.71142284569,1
74,0.0,0,1,4200.869010191519,160000.0,674200.0,0.0,1,47560.12024048096,1
74,0.0,0,1,4212.379975979589,160000.0,1068340.0,0.0,1,37831.91382765531,1
74,0.0,0,1,7453.8821456819205,160000.0,411900.0,0.0,1,60531.0621242485,1
74,0.0,0,1,4321.259757223363,160000.0,1596110.0,0.0,1,62692.885771543086,1
74,0.0,0,1,4597.109332961152,160000.0,647700.0,0.0,1,54045.59118236473,1
48,357000.0,0,1,1215.6833608401466,313000.0,3655000.0,357000.0,1,422636.5230460922,1
48,356000.0,0,1,1326.3562970939286,314000.0,3654000.0,356000.0,1,422636.5230460922,1
48,356000.0,0,1,1386.5304329020687,314000.0,3655000.0,356000.0,1,422636.5230460922,1
48,356000.0,0,1,1321.6561014019157,314000.0,3655000.0,356000.0,1,421555.6112224449,1
48,357000.0,0,1,1242.4864241604846,313000.0,3654000.0,357000.0,1,422636.5230460922,1
67,600000.0,0,2,13270.593404548024,400000.0,416750.0,600000.0,1,20537.324649298596,2
67,600000.0,0,2,13916.530515290444,400000.0,411450.0,600000.0,1,20537.324649298596,2
67,600000.0,0,2,15087.66631696092,400000.0,408950.0,600000.0,1,21618.236472945893,2
67,600000.0,0,2,13731.080098863324,400000.0,409750.0,600000.0,1,20537.324649298596,2
67,600000.0,0,2,15323.510657882365,400000.0,416750.0,600000.0,1,20537.324649298596,2
58,205000.0,0,1,764.7395552431256,3345000.0,48566680.0,205000.0,1,2803020.5410821643,1
58,205000.0,0,1,768.727504596356,3345000.0,48558670.0,205000.0,1,2803020.5410821643,1
58,205000.0,0,1,766.5345095679747,3345000.0,48566770.0,205000.0,1,2803128.632264529,1
58,205000.0,0,1,776.203669753,3345000.0,48567760.0,205000.0,1,2803020.5410821643,1
58,205000.0,0,1,776.6348630429993,3345000.0,48567780.0,205000.0,1,2803020.5410821643,1
53,0.0,0,1,9907.238367532995,0.0,-38400.0,0.0,1,74582.91583166333,2
53,0.0,0,1,9898.210945618506,0.0,-38400.0,0.0,1,74582.91583166333,2
53,0.0,0,1,9957.033327756633,0.0,-38400.0,0.0,1,74582.91583166333,2
53,0.0,0,1,9924.606614583414,0.0,-38400.0,0.0,1,74582.91583166333,2
53,0.0,0,1,9919.16705117738,0.0,-38400.0,0.0,1,74582.91583166333,2
62,50000.0,0,1,14860.280830020629,70000.0,81320.0,50000.0,0,18375.501002004006,2
62,50000.0,0,1,14968.268922669453,70000.0,78520.0,50000.0,0,18375.501002004006,2
62,50000.0,0,1,14942.569028904114,70000.0,81120.0,50000.0,0,19456.412825651303,2
62,50000.0,0,1,14992.679390639114,70000.0,79420.0,50000.0,0,18375.501002004006,2
62,50000.0,0,1,14952.106525480292,70000.0,79720.0,50000.0,0,18375.501002004006,2
51,190000.0,0,1,12282.59893350262,80000.0,123470.0,190000.0,1,70259.26853707415,2
51,190000.0,0,1,11661.65750925049,80000.0,122960.0,190000.0,1,69178.35671342685,2
51,190000.0,0,1,11737.833059014183,80000.0,126870.0,190000.0,1,69178.35671342685,2
51,190000.0,0,1,11874.917224555213,80000.0,120160.0,190000.0,1,70259.26853707415,2
51,190000.0,0,1,11609.386266274554,80000.0,124470.0,190000.0,1,70259.26853707415,2
37,164000.0,0,1,9372.483893060176,201000.0,267100.0,164000.0,1,79987.4749498998,1
37,164000.0,0,1,8913.470914690008,201000.0,267500.0,164000.0,1,85392.03406813627,1
37,164000.0,0,1,8906.677679664623,201000.0,262800.0,164000.0,1,86472.94589178357,1
37,164000.0,0,1,9168.534897517176,201000.0,263900.0,164000.0,1,70259.26853707415,1
37,164000.0,0,1,8815.980161217578,201000.0,262600.0,164000.0,1,104848.44689378758,1
53,0.0,0,1,6527.720370548665,100000.0,244400.0,0.0,1,22699.148296593186,2
53,0.0,0,1,6197.714318413229,100000.0,235300.0,0.0,1,21618.236472945893,2
53,0.0,0,1,6238.19864022674,100000.0,275500.0,0.0,1,21618.236472945893,2
53,0.0,0,1,6311.053506263355,100000.0,265700.0,0.0,1,22699.148296593186,2
53,0.0,0,1,6169.9341996114,100000.0,298600.0,0.0,1,21618.236472945893,2
26,0.0,0,1,13544.422912585254,0.0,123500.0,0.0,1,303736.2224448898,2
26,0.0,0,1,13381.62864220722,0.0,123500.0,0.0,1,303736.2224448898,2
26,0.0,0,1,13564.41647944433,0.0,123500.0,0.0,1,302655.3106212425,2
26,0.0,0,1,13676.337644109968,0.0,123500.0,0.0,1,303736.2224448898,2
26,0.0,0,1,13487.56542318795,0.0,123500.0,0.0,1,303736.2224448898,2
40,0.0,0,1,1802.5007058938609,0.0,-11900.0,0.0,1,41074.64929859719,1
40,0.0,0,1,1848.617398853759,0.0,-11900.0,0.0,1,65935.62124248497,1
40,0.0,0,1,1820.2576507773622,0.0,-11900.0,0.0,1,31346.442885771543,1
40,0.0,0,1,1855.0523162400004,0.0,-11900.0,0.0,1,54045.59118236473,1
40,0.0,0,1,1829.2793383711746,0.0,-11900.0,0.0,1,48641.03206412826,1
72,0.0,0,1,7275.642652662975,480000.0,1186800.0,0.0,0,221586.9238476954,1
72,0.0,0,1,7295.69209980068,480000.0,1205900.0,0.0,0,221586.9238476954,1
72,0.0,0,1,7862.945662683769,480000.0,1186400.0,0.0,0,221586.9238476954,1
72,0.0,0,1,7488.095905469282,480000.0,1189400.0,0.0,0,221586.9238476954,1
72,0.0,0,1,7979.862225902713,480000.0,1207900.0,0.0,0,221586.9238476954,1
58,0.0,0,1,265.1350582355984,250000.0,3146600.0,0.0,1,477763.0260521042,1
58,0.0,0,1,280.3096453783883,250000.0,2877700.0,0.0,1,485329.40881763527,1
58,0.0,0,1,256.9849610115535,250000.0,2797600.0,0.0,1,442092.9358717435,1
58,0.0,0,1,262.9177450932234,250000.0,2706600.0,0.0,1,426960.1703406814,1
58,0.0,0,1,257.2396649110528,250000.0,2434700.0,0.0,1,479924.8496993988,1
72,0.0,0,2,2100.2635795604647,0.0,18980.0,0.0,0,48641.03206412826,2
72,0.0,0,2,2110.849455171917,0.0,18980.0,0.0,0,48641.03206412826,2
72,0.0,0,2,2079.2182539862306,0.0,18980.0,0.0,0,49721.94388777555,2
72,0.0,0,2,2112.6179653294394,0.0,18980.0,0.0,0,48641.03206412826,2
72,0.0,0,2,2083.9795664026547,0.0,18980.0,0.0,0,48641.03206412826,2
38,240000.0,0,1,4942.436529591175,210000.0,214300.0,240000.0,1,41074.64929859719,1
38,240000.0,0,1,4642.120473851037,210000.0,214300.0,240000.0,1,41074.64929859719,1
38,240000.0,0,1,4660.067476053684,210000.0,214300.0,240000.0,1,41074.64929859719,1
38,240000.0,0,1,4745.338012143173,210000.0,214300.0,240000.0,1,41074.64929859719,1
38,240000.0,0,1,4559.236112581635,210000.0,214300.0,240000.0,1,41074.64929859719,1
62,0.0,0,1,8212.171205218929,500000.0,3101900.0,0.0,0,153489.47895791582,1
62,0.0,0,1,8588.235112120146,500000.0,3101800.0,0.0,0,152408.56713426852,1
62,0.0,0,1,7891.406745771931,500000.0,3102800.0,0.0,0,153489.47895791582,1
62,0.0,0,1,8094.192169237596,500000.0,3102800.0,0.0,0,153489.47895791582,1
62,0.0,0,1,8059.353487537899,500000.0,3102900.0,0.0,0,153489.47895791582,1
41,130000.0,0,1,2987.029571279447,82000.0,135300.0,130000.0,1,37831.91382765531,1
41,130000.0,0,1,2898.9672933132265,82000.0,133500.0,130000.0,1,44317.38476953908,1
41,130000.0,0,1,2912.508000378767,82000.0,135100.0,130000.0,1,49721.94388777555,1
41,130000.0,0,1,2918.3091487029697,82000.0,136100.0,130000.0,1,37831.91382765531,1
41,130000.0,0,1,2882.360804287906,82000.0,136000.0,130000.0,1,48641.03206412826,1
29,0.0,0,1,4671.148524393397,0.0,22810.0,0.0,1,96201.15230460922,1
29,0.0,0,1,4540.654776046467,0.0,29905.0,0.0,1,90796.59318637275,1
29,0.0,0,1,4620.671192105927,0.0,28605.0,0.0,1,83230.21042084169,1
29,0.0,0,1,4600.3777172800965,0.0,27810.0,0.0,1,94039.32865731463,1
29,0.0,0,1,4567.861491858573,0.0,24610.0,0.0,1,76744.73947895791,1
72,0.0,0,1,38.77351547546725,1000000.0,22215200.0,0.0,1,2875225.4509018036,1
72,0.0,0,1,38.95114323932864,1000000.0,23201200.0,0.0,1,2875225.4509018036,1
72,0.0,0,1,39.22011159197605,1000000.0,23029200.0,0.0,1,2886034.5691382764,1
72,0.0,0,1,39.64342259536821,1000000.0,22876300.0,0.0,1,2875225.4509018036,1
72,0.0,0,1,39.32239737368806,1000000.0,22880200.0,0.0,1,2886034.5691382764,1
43,153000.0,0,1,13061.164871430608,47000.0,122320.0,153000.0,1,61611.9739478958,1
43,154000.0,0,1,12676.101414901827,46000.0,150430.0,154000.0,1,61611.9739478958,1
43,150000.0,0,1,12735.30987040534,50000.0,78930.0,150000.0,1,61611.9739478958,1
43,156000.0,0,1,12760.676125709462,44000.0,87220.0,156000.0,1,61611.9739478958,1
43,160000.0,0,1,12603.487439740404,40000.0,70510.0,160000.0,1,61611.9739478958,1
70,0.0,0,1,2323.435773018473,0.0,1540.0,0.0,0,20537.324649298596,1
70,0.0,0,1,2341.7352720671342,0.0,1540.0,0.0,0,22699.148296593186,1
70,0.0,0,1,2341.1023002113257,0.0,1540.0,0.0,0,21618.236472945893,1
70,0.0,0,1,2366.794890538952,0.0,1540.0,0.0,0,20537.324649298596,1
70,0.0,0,1,2346.9620494008054,0.0,1540.0,0.0,0,20537.324649298596,1
55,0.0,0,1,54.246725949241224,850000.0,28070520.0,0.0,1,1513276.5531062125,1
55,0.0,0,1,53.37165876219909,850000.0,38861100.0,0.0,1,1556513.0260521043,1
55,0.0,0,1,54.71554904404572,850000.0,32442980.0,0.0,1,1761886.2725450902,1
55,0.0,0,1,54.072631750680316,850000.0,33152590.0,0.0,1,1448421.8436873748,1
55,0.0,0,1,54.14477887064065,850000.0,38071790.0,0.0,1,1761886.2725450902,1
30,0.0,0,2,8563.890134390444,0.0,14700.0,0.0,1,33508.26653306613,2
30,0.0,0,2,8473.816262741388,0.0,14500.0,0.0,1,33508.26653306613,2
30,0.0,0,2,8436.948455038551,0.0,14500.0,0.0,1,34589.178356713426,2
30,0.0,0,2,8647.906866064423,0.0,14400.0,0.0,1,33508.26653306613,2
30,0.0,0,2,8455.880110515456,0.0,14700.0,0.0,1,34589.178356713426,2
41,109000.0,0,1,13102.48470155896,147000.0,292400.0,109000.0,1,142680.36072144288,1
41,127000.0,0,1,12798.073345811386,121000.0,262400.0,127000.0,1,143761.27254509018,1
41,123000.0,0,1,12592.399305730081,123000.0,251400.0,123000.0,1,126466.68336673347,1
41,123000.0,0,1,12897.890306464189,143000.0,283000.0,123000.0,1,143761.27254509018,1
41,117000.0,0,1,12495.053002844656,130000.0,265300.0,117000.0,1,127547.59519038076,1
34,10000.0,0,1,3189.5503447906535,60000.0,54500.0,10000.0,1,28103.70741482966,1
34,10000.0,0,1,3171.211486415782,60000.0,54500.0,10000.0,1,28103.70741482966,1
34,10000.0,0,1,3158.6202919293037,60000.0,54500.0,10000.0,1,28103.70741482966,1
34,10000.0,0,1,3143.3549751590954,60000.0,54500.0,10000.0,1,28103.70741482966,1
34,10000.0,0,1,3143.8625444754603,60000.0,54500.0,10000.0,1,28103.70741482966,1
42,0.0,0,1,2469.645340487897,0.0,18750.0,0.0,1,45398.29659318637,1
42,0.0,0,1,2505.810394015536,0.0,17950.0,0.0,1,42155.561122244486,1
42,0.0,0,1,2479.815528348674,0.0,18240.0,0.0,1,48641.03206412826,1
42,0.0,0,1,2479.3029553133483,0.0,18040.0,0.0,1,45398.29659318637,1
42,0.0,0,1,2481.639449587269,0.0,16360.0,0.0,1,42155.561122244486,1
30,109000.0,0,1,2022.9217099335942,116000.0,540550.0,109000.0,1,234557.86573146292,1
30,109000.0,0,1,2028.736367298563,116000.0,540550.0,109000.0,1,234557.86573146292,1
30,108000.0,0,1,2183.212049925599,117000.0,542550.0,108000.0,1,234557.86573146292,1
30,109000.0,0,1,2082.633288017436,116000.0,540550.0,109000.0,1,234557.86573146292,1
30,109000.0,0,1,2215.1354021390734,116000.0,539550.0,109000.0,1,234557.86573146292,1
45,548000.0,0,1,2244.230130994147,192000.0,433000.0,548000.0,1,199968.6873747495,2
45,547000.0,0,1,2268.591749416448,193000.0,433000.0,547000.0,1,199968.6873747495,2
45,548000.0,0,1,2364.549977089296,192000.0,432000.0,548000.0,1,199968.6873747495,2
45,548000.0,0,1,2335.4205766422997,192000.0,432000.0,548000.0,1,199968.6873747495,2
45,547000.0,0,1,2397.1473793591954,193000.0,433000.0,547000.0,1,199968.6873747495,2
51,155000.0,0,1,1783.0670778458796,245000.0,992800.0,155000.0,1,189159.56913827657,1
51,155000.0,0,1,1788.87817600376,245000.0,993800.0,155000.0,1,189159.56913827657,1
51,155000.0,0,1,1923.6440849373648,245000.0,992700.0,155000.0,1,189159.56913827657,1
51,155000.0,0,1,1836.6882737860112,245000.0,992700.0,155000.0,1,189159.56913827657,1
51,155000.0,0,1,1952.5534542730989,245000.0,992700.0,155000.0,1,189159.56913827657,1
58,0.0,0,1,2.918542642483792,11190000.0,517077500.0,0.0,1,32308454.408817634,1
58,0.0,0,1,2.8739123404635927,12420000.0,489382700.0,0.0,1,25174436.37274549,1
58,0.0,0,1,2.900809657198358,13050000.0,517949400.0,0.0,1,24201615.731462926,1
58,0.0,0,1,2.952557607109737,12610000.0,496467700.0,0.0,1,32427354.70941884,1
58,0.0,0,1,2.933871233120766,12450000.0,506034500.0,0.0,1,29908830.16032064,1
68,0.0,0,1,5553.74838603596,525000.0,1172500.0,0.0,0,48641.03206412826,1
68,0.0,0,1,5571.498524306076,525000.0,1173600.0,0.0,0,49721.94388777555,1
68,0.0,0,1,6000.140644828515,525000.0,1170700.0,0.0,0,48641.03206412826,1
68,0.0,0,1,5718.261081823381,525000.0,1170600.0,0.0,0,48641.03206412826,1
68,0.0,0,1,6093.019955718779,525000.0,1166900.0,0.0,0,49721.94388777555,1
55,40000.0,0,1,9558.36569771983,56000.0,55211.0,40000.0,0,41074.64929859719,1
55,40000.0,0,1,8938.191693875058,56000.0,55111.0,40000.0,0,43236.47294589179,1
55,40000.0,0,1,9201.910583099427,56000.0,55211.0,40000.0,0,39993.7374749499,1
55,40000.0,0,1,9204.568543192621,56000.0,55201.0,40000.0,0,41074.64929859719,1
55,40000.0,0,1,9088.910438900031,56000.0,56201.0,40000.0,0,39993.7374749499,1
41,0.0,0,1,8423.222172409744,600000.0,1313400.0,0.0,1,108091.18236472947,1
41,0.0,0,1,8456.99432893244,600000.0,1303400.0,0.0,1,108091.18236472947,1
41,0.0,0,1,9103.06492306581,600000.0,1313700.0,0.0,1,108091.18236472947,1
41,0.0,0,1,8685.505425970468,600000.0,1320500.0,0.0,1,108091.18236472947,1
41,0.0,0,1,9243.557539021782,600000.0,1310700.0,0.0,1,108091.18236472947,1
63,57000.0,0,1,1773.8705621342572,83000.0,30360.0,57000.0,1,90796.59318637275,2
63,57000.0,0,1,1691.7565821382486,83000.0,37230.0,57000.0,1,90796.59318637275,2
63,57000.0,0,1,1749.049626506069,83000.0,250760.0,57000.0,1,91877.50501002005,2
63,57000.0,0,1,1704.0802789766967,83000.0,124670.0,57000.0,1,91877.50501002005,2
63,57000.0,0,1,1726.2524265889429,83000.0,204660.0,57000.0,1,90796.59318637275,2
72,359000.0,0,1,45.94946705413392,2511000.0,90137000.0,359000.0,1,11619802.104208417,1
72,435000.0,0,1,46.449226451315816,2705000.0,108615000.0,435000.0,1,11954884.769539079,1
72,384000.0,0,1,46.922012352144925,2586000.0,119258000.0,384000.0,1,11879220.941883767,1
72,359000.0,0,1,47.8977311357241,2461000.0,136992000.0,359000.0,1,12171067.134268537,1
72,383000.0,0,1,46.23533905892061,2397000.0,135072850.0,383000.0,1,12214303.607214428,1
61,0.0,0,1,2193.433378470042,70000.0,64200.0,0.0,0,27022.795591182366,1
61,0.0,0,1,2195.348647031993,70000.0,57200.0,0.0,0,27022.795591182366,1
61,0.0,0,1,2187.8798184338625,70000.0,57200.0,0.0,0,27022.795591182366,1
61,0.0,0,1,2193.8001137628758,70000.0,60200.0,0.0,0,25941.88376753507,1
61,0.0,0,1,2187.4233556455865,70000.0,55200.0,0.0,0,25941.88376753507,1
55,475000.0,0,1,3011.861755401484,225000.0,279050.0,475000.0,1,274551.6032064128,1
55,475000.0,0,1,3038.662486069651,225000.0,280530.0,475000.0,1,274551.6032064128,1
55,475000.0,0,1,3146.8222178125716,225000.0,281690.0,475000.0,1,274551.6032064128,1
55,475000.0,0,1,3149.39914515777,225000.0,281810.0,475000.0,1,274551.6032064128,1
55,475000.0,0,1,3218.4265377078686,225000.0,280760.0,475000.0,1,274551.6032064128,1
80,0.0,0,1,3454.0958312146695,800000.0,9734995.0,0.0,0,546941.3827655311,1
80,0.0,0,1,3784.875142063019,800000.0,10138995.0,0.0,0,515594.93987975945,1
80,0.0,0,1,4105.301037656807,800000.0,9254995.0,0.0,0,518837.6753507014,1
80,0.0,0,1,3675.4269442473365,800000.0,9706995.0,0.0,0,538294.0881763527,1
80,0.0,0,1,3557.9773635570673,800000.0,9244995.0,0.0,0,548022.2945891784,1
51,132000.0,0,2,14607.632460527991,318000.0,362300.0,132000.0,1,83230.21042084169,2
51,132000.0,0,2,13687.501405762843,318000.0,363200.0,132000.0,1,83230.21042084169,2
51,132000.0,0,2,13919.19638017561,318000.0,363200.0,132000.0,1,83230.21042084169,2
51,132000.0,0,2,14275.422100868245,318000.0,363200.0,132000.0,1,83230.21042084169,2
51,132000.0,0,2,13723.12307074235,318000.0,363200.0,132000.0,1,83230.21042084169,2
51,0.0,0,1,5536.113486905511,532000.0,1159000.0,0.0,1,339406.3126252505,1
51,0.0,0,1,5554.682296627572,532000.0,1156000.0,0.0,1,338325.4008016032,1
51,0.0,0,1,5975.262658248297,532000.0,1157000.0,0.0,1,338325.4008016032,1
51,0.0,0,1,5704.229409381007,532000.0,1160000.0,0.0,1,339406.3126252505,1
51,0.0,0,1,6063.726861718554,532000.0,1163000.0,0.0,1,339406.3126252505,1
41,0.0,0,1,5505.006591972124,0.0,0.0,0.0,1,16213.677354709418,2
41,0.0,0,1,5532.547565331044,0.0,0.0,0.0,1,16213.677354709418,2
41,0.0,0,1,5450.632922930417,0.0,0.0,0.0,1,16213.677354709418,2
41,0.0,0,1,5531.945318849478,0.0,0.0,0.0,1,16213.677354709418,2
41,0.0,0,1,5461.187967011644,0.0,0.0,0.0,1,16213.677354709418,2
59,0.0,0,2,11919.432695301619,0.0,147200.0,0.0,0,25941.88376753507,2
59,0.0,0,2,11668.256127260242,0.0,147200.0,0.0,0,25941.88376753507,2
59,0.0,0,2,11926.721127921659,0.0,147200.0,0.0,0,25941.88376753507,2
59,0.0,0,2,11716.297291232117,0.0,147200.0,0.0,0,25941.88376753507,2
59,0.0,0,2,11758.198527044997,0.0,146200.0,0.0,0,25941.88376753507,2
56,17000.0,0,1,12864.60285906759,368000.0,375540.0,17000.0,1,39993.7374749499,1
56,15000.0,0,1,12029.91076679034,398000.0,410000.0,15000.0,1,46479.208416833666,1
56,22000.0,0,1,12384.849977487755,330000.0,337550.0,22000.0,1,29184.619238476953,1
56,24000.0,0,1,12388.427325550761,449000.0,456530.0,24000.0,1,38912.825651302606,1
56,15000.0,0,1,12232.763101538938,428000.0,435650.0,15000.0,1,31346.442885771543,1
57,102000.0,0,1,1817.1538551199446,158000.0,280210.0,102000.0,1,144842.18436873748,1
57,119000.0,0,1,1709.7575550264028,141000.0,251950.0,119000.0,1,145923.09619238478,1
57,115000.0,0,1,1776.811848937135,145000.0,261070.0,115000.0,1,141599.44889779558,1
57,115000.0,0,1,1716.213209102819,145000.0,255410.0,115000.0,1,148084.91983967935,1
57,159000.0,0,1,1754.896066872224,101000.0,207890.0,159000.0,1,139437.625250501,1
60,0.0,0,1,47.50236471425843,10000000.0,119883100.0,0.0,1,731777.3046092184,1
60,0.0,0,1,47.08757090293143,10000000.0,119882900.0,0.0,1,758800.1002004008,1
60,0.0,0,1,47.45657006736023,10000000.0,121253000.0,0.0,1,188078.65731462926,1
60,0.0,0,1,48.41879490469197,10000000.0,123922000.0,0.0,1,759881.0120240481,1
60,0.0,0,1,47.7831461051983,10000000.0,119883100.0,0.0,1,759881.0120240481,1
61,0.0,0,1,678.8693074694265,369000.0,152501800.0,0.0,1,0.0,1
61,0.0,0,1,671.8323703623448,348000.0,157153100.0,0.0,1,0.0,1
61,0.0,0,1,619.9533487808426,426000.0,153579400.0,0.0,1,0.0,1
61,0.0,0,1,691.5135947966958,417000.0,159082500.0,0.0,1,0.0,1
61,0.0,0,1,671.7729155681716,435000.0,152918700.0,0.0,1,0.0,1
77,0.0,0,2,8340.007229660669,0.0,2200.0,0.0,0,22699.148296593186,2
77,0.0,0,2,8309.064241174321,0.0,2300.0,0.0,0,22699.148296593186,2
77,0.0,0,2,8352.284418126237,0.0,2090.0,0.0,0,21618.236472945893,2
77,0.0,0,2,8279.053163124172,0.0,2090.0,0.0,0,21618.236472945893,2
77,0.0,0,2,8340.04574157108,0.0,2090.0,0.0,0,22699.148296593186,2
61,0.0,0,1,44.996163617056794,3740000.0,70411300.0,0.0,0,7306963.927855711,1
61,0.0,0,1,45.39760252618181,4390000.0,70279700.0,0.0,0,6809744.488977956,1
61,0.0,0,1,45.75468840053945,4100000.0,76365700.0,0.0,0,6269288.577154309,1
61,0.0,0,1,46.679523968999646,4400000.0,79777700.0,0.0,0,6355761.523046092,1
61,0.0,0,1,45.24987073990978,4360000.0,79658500.0,0.0,0,6669225.951903808,1
62,0.0,0,1,3169.6104333758963,864000.0,2682800.0,0.0,1,28103.70741482966,1
62,0.0,0,1,3352.8363044310563,940000.0,1881750.0,0.0,1,23780.06012024048,1
62,0.0,0,1,6624.798328519968,931000.0,12009600.0,0.0,1,8647.294589178357,1
62,0.0,0,1,3115.8845258944816,709000.0,2334700.0,0.0,1,14051.85370741483,1
62,0.0,0,1,3120.843838063695,734000.0,2306800.0,0.0,1,20537.324649298596,1
84,0.0,0,1,1971.9938918643918,750000.0,2118900.0,0.0,0,172081.1623246493,2
84,0.0,0,1,2097.299334623744,750000.0,2150000.0,0.0,0,168838.4268537074,2
84,0.0,0,1,1906.2207661766722,750000.0,1997000.0,0.0,0,172081.1623246493,2
84,0.0,0,1,1971.5252926355429,750000.0,2798100.0,0.0,0,175323.89779559118,2
84,0.0,0,1,3820.674642508654,750000.0,3660000.0,0.0,0,168838.4268537074,2
59,0.0,0,1,19279.963469919938,200000.0,320700.0,0.0,1,100524.79959919839,1
59,0.0,0,1,18268.289982642316,200000.0,318900.0,0.0,1,99443.8877755511,1
59,0.0,0,1,18615.036908816583,200000.0,315800.0,0.0,1,85392.03406813627,1
59,0.0,0,1,18367.802252951707,200000.0,317000.0,0.0,1,74582.91583166333,1
59,0.0,0,1,18445.067698040755,200000.0,313900.0,0.0,1,101605.71142284569,1
70,0.0,0,2,15861.045883132945,60000.0,98300.0,0.0,0,27022.795591182366,2
70,0.0,0,2,14798.175602791292,60000.0,101400.0,0.0,0,27022.795591182366,2
70,0.0,0,2,15131.80045503276,60000.0,100500.0,0.0,0,30265.53106212425,2
70,0.0,0,2,14857.401584139403,60000.0,100200.0,0.0,0,27022.795591182366,2
70,0.0,0,2,14787.68792779812,60000.0,99400.0,0.0,0,28103.70741482966,2
60,536000.0,0,2,1998.036739671151,564000.0,2064700.0,536000.0,0,159974.9498997996,2
60,536000.0,0,2,2336.730798709335,564000.0,2064700.0,536000.0,0,159974.9498997996,2
60,536000.0,0,2,1676.3735617949376,564000.0,2064700.0,536000.0,0,159974.9498997996,2
60,536000.0,0,2,1988.1834706383422,564000.0,2064700.0,536000.0,0,161055.8617234469,2
60,536000.0,0,2,1803.2943463522147,564000.0,2064700.0,536000.0,0,159974.9498997996,2
49,0.0,0,1,7897.8450119848,300000.0,970800.0,0.0,1,194564.12825651304,1
49,0.0,0,1,7923.707370149433,300000.0,632100.0,0.0,1,194564.12825651304,1
49,0.0,0,1,8537.602054520517,300000.0,825800.0,0.0,1,194564.12825651304,1
49,0.0,0,1,8139.639733958256,300000.0,765600.0,0.0,1,194564.12825651304,1
49,0.0,0,1,8668.065765518648,300000.0,855400.0,0.0,1,194564.12825651304,1
52,99000.0,0,2,12927.234065651961,201000.0,530400.0,99000.0,1,87553.85771543086,2
52,77000.0,0,2,12978.41241918937,223000.0,1022600.0,77000.0,1,87553.85771543086,2
52,80000.0,0,2,13977.785163819217,220000.0,1349500.0,80000.0,1,87553.85771543086,2
52,90000.0,0,2,13335.0858575911,210000.0,1026500.0,90000.0,1,86472.94589178357,2
52,100000.0,0,2,11356.17180202316,200000.0,1695500.0,100000.0,1,87553.85771543086,2
73,0.0,0,1,2802.0426858671403,950000.0,5155000.0,0.0,1,609634.2685370741,1
73,0.0,0,1,2969.5181074395423,950000.0,5157000.0,0.0,1,609634.2685370741,1
73,0.0,0,1,3061.714540861037,950000.0,5155000.0,0.0,1,609634.2685370741,1
73,0.0,0,1,2943.8880962990147,950000.0,5156000.0,0.0,1,609634.2685370741,1
73,0.0,0,1,2822.8543059416147,950000.0,5156000.0,0.0,1,609634.2685370741,1
36,129000.0,0,1,6072.53858966833,161000.0,205000.0,129000.0,1,75663.82765531063,1
36,129000.0,0,1,5893.502141828264,161000.0,205000.0,129000.0,1,75663.82765531063,1
36,129000.0,0,1,5815.7479528287795,161000.0,205000.0,129000.0,1,75663.82765531063,1
36,129000.0,0,1,5889.133097329424,161000.0,205000.0,129000.0,1,75663.82765531063,1
36,129000.0,0,1,5759.4640913270105,161000.0,205000.0,129000.0,1,75663.82765531063,1
49,0.0,0,2,2142.5538112610134,0.0,3270.0,0.0,1,37831.91382765531,2
49,0.0,0,2,2100.934495422026,0.0,5500.0,0.0,1,87553.85771543086,2
49,0.0,0,2,2104.8418260147587,0.0,3160.0,0.0,1,62692.885771543086,2
49,0.0,0,2,2159.73170022228,0.0,3950.0,0.0,1,29184.619238476953,2
49,0.0,0,2,2099.567958851527,0.0,3150.0,0.0,1,30265.53106212425,2
74,90000.0,0,2,3592.929414220077,1310000.0,4694000.0,90000.0,0,485329.40881763527,2
74,90000.0,0,2,3695.644801652897,1310000.0,4684000.0,90000.0,0,485329.40881763527,2
74,90000.0,0,2,3850.2340352194296,1310000.0,4694000.0,90000.0,0,485329.40881763527,2
74,90000.0,0,2,3699.8438227166052,1310000.0,4694000.0,90000.0,0,485329.40881763527,2
74,90000.0,0,2,3617.76847057175,1310000.0,4693000.0,90000.0,0,485329.40881763527,2
65,0.0,0,1,1838.8521867627783,1500000.0,3079300.0,0.0,1,394532.81563126255,1
65,0.0,0,1,3588.261618229308,1500000.0,3665200.0,0.0,1,394532.81563126255,1
65,0.0,0,1,3738.3590012760155,1500000.0,3346200.0,0.0,1,394532.81563126255,1
65,0.0,0,1,1754.6504827699068,1500000.0,3042200.0,0.0,1,394532.81563126255,1
65,0.0,0,1,1784.5709225670441,1500000.0,3042200.0,0.0,1,394532.81563126255,1
74,141000.0,0,1,3156.378559447715,184000.0,460110.0,141000.0,0,94147.41983967937,1
74,140000.0,0,1,3122.694981195702,185000.0,461110.0,140000.0,0,94147.41983967937,1
74,140000.0,0,1,3226.3481100270405,185000.0,460100.0,140000.0,0,94147.41983967937,1
74,140000.0,0,1,3227.3497976176277,185000.0,462100.0,140000.0,0,94147.41983967937,1
74,140000.0,0,1,3371.813881393847,185000.0,460100.0,140000.0,0,94147.41983967937,1
94,0.0,0,2,12005.080900947436,0.0,627000.0,0.0,0,24860.971943887776,2
94,0.0,0,2,16160.111621946233,0.0,70000.0,0.0,0,25941.88376753507,2
94,0.0,0,2,16158.633513423187,0.0,162000.0,0.0,0,25941.88376753507,2
94,0.0,0,2,16202.710951054225,0.0,97000.0,0.0,0,24860.971943887776,2
94,0.0,0,2,16225.983272609872,0.0,220000.0,0.0,0,25941.88376753507,2
39,103000.0,0,1,4066.4337024400947,83000.0,89050.0,103000.0,1,54045.59118236473,1
39,100000.0,0,1,3918.6052225241606,44000.0,50150.0,100000.0,1,54045.59118236473,1
39,100000.0,0,1,3875.5920642137644,59000.0,66850.0,100000.0,1,54045.59118236473,1
39,100000.0,0,1,3935.411319244841,46000.0,53850.0,100000.0,1,54045.59118236473,1
39,103000.0,0,1,3848.3579699602205,83000.0,88050.0,103000.0,1,54045.59118236473,1
76,40000.0,0,2,3136.270134143948,35000.0,51650.0,40000.0,1,62692.885771543086,2
76,40000.0,0,2,2962.3526049103903,35000.0,51220.0,40000.0,1,62692.885771543086,2
76,40000.0,0,2,2987.031451523805,35000.0,51600.0,40000.0,1,62692.885771543086,2
76,40000.0,0,2,3032.7733374083577,35000.0,52220.0,40000.0,1,62692.885771543086,2
76,40000.0,0,2,2948.933443210318,35000.0,52650.0,40000.0,1,62692.885771543086,2
50,0.0,0,1,1943.6504548220364,0.0,7330.0,0.0,1,71340.18036072144,1
50,0.0,0,1,1947.1590016212663,0.0,7330.0,0.0,1,71340.18036072144,1
50,0.0,0,1,1954.2345736372013,0.0,8320.0,0.0,1,71340.18036072144,1
50,0.0,0,1,1959.0931801334955,0.0,9320.0,0.0,1,71340.18036072144,1
50,0.0,0,1,1950.075119936458,0.0,7320.0,0.0,1,71340.18036072144,1
73,150000.0,0,1,4192.398006658312,100000.0,688870.0,150000.0,1,151327.65531062125,1
73,150000.0,0,1,4206.419907432947,100000.0,686090.0,150000.0,1,151327.65531062125,1
73,150000.0,0,1,4529.8820228611685,100000.0,687250.0,150000.0,1,151327.65531062125,1
73,150000.0,0,1,4317.496001048305,100000.0,686110.0,150000.0,1,151327.65531062125,1
73,150000.0,0,1,4598.825434944488,100000.0,685210.0,150000.0,1,151327.65531062125,1
32,0.0,0,1,5456.765529178418,0.0,71000.0,0.0,1,37831.91382765531,1
32,0.0,0,1,5545.516904132029,0.0,70000.0,0.0,1,37831.91382765531,1
32,0.0,0,1,5436.800459125932,0.0,61000.0,0.0,1,37831.91382765531,1
32,0.0,0,1,5544.91621069432,0.0,72000.0,0.0,1,37831.91382765531,1
32,0.0,0,1,5462.5014177523835,0.0,72000.0,0.0,1,37831.91382765531,1
68,0.0,0,2,10668.18552208402,0.0,-3220.0,0.0,0,34589.178356713426,2
68,0.0,0,2,10750.616920349546,0.0,-8925.0,0.0,0,34589.178356713426,2
68,0.0,0,2,10748.085794587667,0.0,80.0,0.0,0,34589.178356713426,2
68,0.0,0,2,10864.978042320936,0.0,-4125.0,0.0,0,34589.178356713426,2
68,0.0,0,2,10777.745806463538,0.0,-6420.0,0.0,0,34589.178356713426,2
63,500000.0,0,1,3444.956147545664,234000.0,345420.0,500000.0,1,94039.32865731463,1
63,500000.0,0,1,3433.566147934306,234000.0,166920.0,500000.0,1,94039.32865731463,1
63,515000.0,0,1,3769.374081996484,219000.0,190220.0,515000.0,1,94039.32865731463,1
63,500000.0,0,1,3519.4689713155103,234000.0,165210.0,500000.0,1,94039.32865731463,1
63,500000.0,0,1,3815.179568312395,234000.0,215010.0,500000.0,1,94039.32865731463,1
56,446000.0,0,2,6605.07803251832,254000.0,839251.0,385000.0,1,386966.4328657315,2
56,446000.0,0,2,6630.246688185786,254000.0,841176.0,385000.0,1,386966.4328657315,2
56,446000.0,0,2,7139.477415170814,254000.0,831249.0,385000.0,1,386966.4328657315,2
56,446000.0,0,2,6808.745020032041,254000.0,833216.0,385000.0,1,386966.4328657315,2
56,446000.0,0,2,7248.080025448444,254000.0,844100.0,385000.0,1,389128.2565130261,2
61,0.0,0,1,4851.362510836726,0.0,3550.0,0.0,1,22699.148296593186,2
61,0.0,0,1,4838.738838746178,0.0,-150.0,0.0,1,22699.148296593186,2
61,0.0,0,1,4857.971302092484,0.0,4250.0,0.0,1,21618.236472945893,2
61,0.0,0,1,4822.5772620871885,0.0,5450.0,0.0,1,21618.236472945893,2
61,0.0,0,1,4851.772735749595,0.0,550.0,0.0,1,22699.148296593186,2
57,300000.0,0,1,2535.621114964938,290000.0,933500.0,300000.0,1,192402.30460921844,1
57,300000.0,0,1,2543.5086575407554,290000.0,934500.0,300000.0,1,228072.39478957915,1
57,300000.0,0,1,2734.6208596746833,290000.0,929500.0,300000.0,1,176188.62725450902,1
57,300000.0,0,1,2610.0633330257656,290000.0,928500.0,300000.0,1,217263.2765531062,1
57,300000.0,0,1,2775.1806927441653,290000.0,932500.0,300000.0,1,178350.45090180362,1
51,0.0,0,1,10943.82855343257,0.0,450.0,0.0,0,18375.501002004006,2
51,0.0,0,1,10910.365589034274,0.0,450.0,0.0,0,19456.412825651303,2
51,0.0,0,1,10966.740485789742,0.0,450.0,0.0,0,20537.324649298596,2
51,0.0,0,1,10865.144994468079,0.0,450.0,0.0,0,20537.324649298596,2
51,0.0,0,1,10946.288621221393,0.0,450.0,0.0,0,19456.412825651303,2
72,305000.0,0,1,7611.589133273216,1995000.0,7950000.0,305000.0,1,423717.43486973946,1
72,305000.0,0,1,7901.76133819465,1995000.0,8031400.0,305000.0,1,423717.43486973946,1
72,305000.0,0,1,8189.527172191216,1995000.0,7936000.0,305000.0,1,424798.3466933868,1
72,305000.0,0,1,7876.736830901221,1995000.0,7957000.0,305000.0,1,423717.43486973946,1
72,305000.0,0,1,7767.356432531315,1995000.0,7954000.0,305000.0,1,425879.25851703406,1
64,0.0,0,1,13234.295276702649,0.0,640.0,0.0,1,36751.00200400801,2
64,0.0,0,1,12849.207562317773,0.0,650.0,0.0,1,35670.09018036072,2
64,0.0,0,1,13149.175884962044,0.0,650.0,0.0,1,35670.09018036072,2
64,0.0,0,1,12927.23354889566,0.0,640.0,0.0,1,36751.00200400801,2
64,0.0,0,1,12920.880829775466,0.0,650.0,0.0,1,36751.00200400801,2
60,0.0,0,1,2274.9932493457227,0.0,7300.0,0.0,0,19456.412825651303,1
60,0.0,0,1,2275.458305687083,0.0,9500.0,0.0,0,18375.501002004006,1
60,0.0,0,1,2280.0663498869,0.0,6200.0,0.0,0,18375.501002004006,1
60,0.0,0,1,2276.124665106825,0.0,9400.0,0.0,0,18375.501002004006,1
60,0.0,0,1,2280.482869778149,0.0,5000.0,0.0,0,18375.501002004006,1
45,0.0,0,1,2876.710252201433,0.0,4250.0,0.0,1,29184.619238476953,2
45,0.0,0,1,2793.4606819989312,0.0,4350.0,0.0,1,29184.619238476953,2
45,0.0,0,1,2852.6098982830217,0.0,4350.0,0.0,1,29184.619238476953,2
45,0.0,0,1,2881.4000208013895,0.0,4250.0,0.0,1,29184.619238476953,2
45,0.0,0,1,2813.751542145293,0.0,4250.0,0.0,1,29184.619238476953,2
57,0.0,0,2,5671.8601869534605,8400.0,-19280.0,0.0,0,11890.03006012024,2
57,0.0,0,2,5640.497744296226,8700.0,-12910.0,0.0,0,11890.03006012024,2
57,0.0,0,2,5739.8072766075575,8300.0,-15380.0,0.0,0,11890.03006012024,2
57,0.0,0,2,5630.213713110423,8400.0,-16230.0,0.0,0,12970.941883767535,2
57,0.0,0,2,5723.455276444295,8300.0,-19330.0,0.0,0,12970.941883767535,2
55,0.0,0,1,746.8974810593488,1200000.0,15602000.0,0.0,1,1859168.3366733466,1
55,0.0,0,1,795.114669777021,1200000.0,15602000.0,0.0,1,1588940.380761523,1
55,0.0,0,1,818.2918562440713,1200000.0,15604000.0,0.0,1,1772695.3907815632,1
55,0.0,0,1,789.0816057220264,1200000.0,15602000.0,0.0,1,1869977.4549098196,1
55,0.0,0,1,761.7244367186141,1200000.0,15602000.0,0.0,1,2518524.5490981964,1
37,302000.0,0,1,13270.593404548024,283000.0,480400.0,302000.0,1,85392.03406813627,1
37,302000.0,0,1,13916.530515290444,283000.0,470400.0,302000.0,1,83230.21042084169,1
37,303000.0,0,1,15087.66631696092,282000.0,474400.0,303000.0,1,82149.29859719439,1
37,303000.0,0,1,13731.080098863324,282000.0,472300.0,303000.0,1,85392.03406813627,1
37,302000.0,0,1,15323.510657882365,283000.0,479400.0,302000.0,1,84311.12224448897,1
65,300000.0,0,1,9331.615606495267,350000.0,440850.0,300000.0,1,216182.36472945893,1
65,300000.0,0,1,9308.949540402491,350000.0,439850.0,300000.0,1,216182.36472945893,1
65,300000.0,0,1,10146.97143275843,350000.0,440850.0,300000.0,1,216182.36472945893,1
65,300000.0,0,1,9539.83327179262,350000.0,439850.0,300000.0,1,216182.36472945893,1
65,300000.0,0,1,10287.660728776902,350000.0,441850.0,300000.0,1,216182.36472945893,1
34,0.0,0,1,2897.963623397359,0.0,3500.0,0.0,1,35670.09018036072,2
34,0.0,0,1,2867.483222626067,0.0,1050.0,0.0,1,37831.91382765531,2
34,0.0,0,1,2855.007401016893,0.0,1950.0,0.0,1,38912.825651302606,2
34,0.0,0,1,2926.3943281737065,0.0,1150.0,0.0,1,38912.825651302606,2
34,0.0,0,1,2861.413747670318,0.0,1110.0,0.0,1,35670.09018036072,2
53,143000.0,0,1,7006.012639357216,177000.0,438350.0,143000.0,1,151327.65531062125,1
53,143000.0,0,1,7033.749136578791,177000.0,423350.0,143000.0,1,151327.65531062125,1
53,143000.0,0,1,7575.366782298479,177000.0,423350.0,143000.0,1,151327.65531062125,1
53,143000.0,0,1,7227.051014217494,177000.0,436450.0,143000.0,1,151327.65531062125,1
53,143000.0,0,1,7692.08878734038,177000.0,435350.0,143000.0,1,151327.65531062125,1
42,0.0,0,1,8080.4137252602495,0.0,29200.0,0.0,1,89715.68136272545,1
42,0.0,0,1,8087.205945072897,0.0,29200.0,0.0,1,89715.68136272545,1
42,0.0,0,1,8004.6413466663125,0.0,29300.0,0.0,1,89715.68136272545,1
42,0.0,0,1,7897.264246145567,0.0,29200.0,0.0,1,89715.68136272545,1
42,0.0,0,1,8283.959736197006,0.0,30200.0,0.0,1,89715.68136272545,1
35,0.0,0,1,2857.5122033063644,0.0,1.0,0.0,0,31346.442885771543,2
35,0.0,0,1,2857.2786022151404,0.0,1.0,0.0,0,25941.88376753507,2
35,0.0,0,1,2864.194172340084,0.0,1.0,0.0,0,27022.795591182366,2
35,0.0,0,1,2855.4087833147614,0.0,1.0,0.0,0,24860.971943887776,2
35,0.0,0,1,2863.5359332599533,0.0,1.0,0.0,0,24860.971943887776,2
72,0.0,0,1,59.22751193954021,3770000.0,101710050.0,0.0,1,18811108.46693387,1
72,0.0,0,1,58.210961841492086,3870000.0,102280050.0,0.0,1,18657618.98797595,1
72,0.0,0,1,59.91368287091941,4010000.0,89793050.0,0.0,1,17105429.609218437,1
72,0.0,0,1,59.826203569546706,3870000.0,105662050.0,0.0,1,16995176.60320641,1
72,0.0,0,1,58.58109935095231,4020000.0,94968050.0,0.0,1,16988691.13226453,1
72,0.0,0,1,79.16852707969326,2300000.0,10014000.0,0.0,0,205373.24649298599,1
72,0.0,0,1,83.26531276860767,2300000.0,10014000.0,0.0,0,205373.24649298599,1
72,0.0,0,1,86.57383018924108,2300000.0,10015000.0,0.0,0,205373.24649298599,1
72,0.0,0,1,83.68680870977423,2300000.0,10015000.0,0.0,0,205373.24649298599,1
72,0.0,0,1,81.13135723008659,2300000.0,10014000.0,0.0,0,205373.24649298599,1
34,0.0,0,1,11680.831822740332,0.0,171420.0,0.0,1,78906.5631262525,1
34,0.0,0,1,12001.564567366506,0.0,168050.0,0.0,1,77825.65130260521,1
34,0.0,0,1,11923.893881191223,0.0,222720.0,0.0,1,67016.53306613227,1
34,0.0,0,1,12092.665652866042,0.0,209230.0,0.0,1,61611.9739478958,1
34,0.0,0,1,12024.8671770224,0.0,203150.0,0.0,1,59450.1503006012,1
77,0.0,0,1,17044.566944938044,300000.0,308500.0,0.0,0,57288.32665330661,2
77,0.0,0,1,15804.64290407229,300000.0,310000.0,0.0,0,70259.26853707415,2
77,0.0,0,1,15877.93300819367,300000.0,307900.0,0.0,0,47560.12024048096,2
77,0.0,0,1,16361.081898440782,300000.0,308000.0,0.0,0,29184.619238476953,2
77,0.0,0,1,15698.776706364568,300000.0,309200.0,0.0,0,30265.53106212425,2
56,33000.0,0,1,6209.25351477326,267000.0,473700.0,33000.0,1,105929.35871743486,1
56,33000.0,0,1,6188.723966038515,267000.0,467700.0,33000.0,1,105929.35871743486,1
56,33000.0,0,1,6793.990479038934,267000.0,465700.0,33000.0,1,109172.09418837675,1
56,33000.0,0,1,6343.556824618933,267000.0,469700.0,33000.0,1,105929.35871743486,1
56,33000.0,0,1,6876.551145915813,267000.0,463700.0,33000.0,1,107010.27054108217,1
44,0.0,0,1,2466.390757694463,150000.0,180400.0,0.0,1,43236.47294589179,2
44,0.0,0,1,2466.208608153296,150000.0,180500.0,0.0,1,43236.47294589179,2
44,0.0,0,1,2512.798146446726,150000.0,180400.0,0.0,1,43236.47294589179,2
44,0.0,0,1,2466.750486074966,150000.0,180400.0,0.0,1,43236.47294589179,2
44,0.0,0,1,2505.404074838311,150000.0,180400.0,0.0,1,43236.47294589179,2
41,0.0,0,1,7097.8054934928205,0.0,14210.0,0.0,1,82149.29859719439,1
41,0.0,0,1,7259.608086602125,0.0,14710.0,0.0,1,83230.21042084169,1
41,0.0,0,1,7045.519961894903,0.0,16610.0,0.0,1,82473.57214428858,1
41,0.0,0,1,7215.164807614827,0.0,17120.0,0.0,1,83014.02805611222,1
41,0.0,0,1,7077.377065454339,0.0,15810.0,0.0,1,82149.29859719439,1
76,0.0,0,1,2830.6700647403654,175000.0,693500.0,0.0,0,57288.32665330661,1
76,0.0,0,1,2838.0305493156966,175000.0,861500.0,0.0,0,56207.41482965932,1
76,0.0,0,1,3058.654184734657,175000.0,554500.0,0.0,0,56207.41482965932,1
76,0.0,0,1,4713.927347450857,175000.0,529500.0,0.0,0,56207.41482965932,1
76,0.0,0,1,4562.265849094338,175000.0,412000.0,0.0,0,56207.41482965932,1
45,0.0,0,1,4742.447187590513,0.0,14860.0,0.0,1,38912.825651302606,2
45,0.0,0,1,4556.076094423381,0.0,23910.0,0.0,1,39993.7374749499,2
45,0.0,0,1,4676.017530520293,0.0,21220.0,0.0,1,39993.7374749499,2
45,0.0,0,1,4633.660671601529,0.0,21540.0,0.0,1,38912.825651302606,2
45,0.0,0,1,4592.94914830138,0.0,12000.0,0.0,1,39993.7374749499,2
29,0.0,0,1,12347.890670316334,0.0,42100.0,0.0,1,27022.795591182366,2
29,0.0,0,1,11970.393400777475,0.0,36400.0,0.0,1,27022.795591182366,2
29,0.0,0,1,12209.362400777503,0.0,43100.0,0.0,1,27022.795591182366,2
29,0.0,0,1,12086.104671383284,0.0,43100.0,0.0,1,27022.795591182366,2
29,0.0,0,1,12049.566999685674,0.0,42100.0,0.0,1,25941.88376753507,2
62,66000.0,0,1,2788.453282223665,484000.0,1388400.0,66000.0,1,265904.30861723446,1
62,66000.0,0,1,1301.1677987684163,484000.0,4269700.0,66000.0,1,179431.3627254509,1
62,66000.0,0,1,2346.9399413243523,484000.0,1928840.0,66000.0,1,192402.30460921844,1
62,66000.0,0,1,2814.4219997586815,484000.0,2826100.0,66000.0,1,177269.53907815632,1
62,66000.0,0,1,2529.76599588338,484000.0,1351000.0,66000.0,1,194564.12825651304,1
73,0.0,0,1,11799.316618857993,0.0,19200.0,0.0,0,48641.03206412826,2
73,0.0,0,1,11757.361393434438,0.0,15600.0,0.0,0,48641.03206412826,2
73,0.0,0,1,11818.666860488618,0.0,17500.0,0.0,0,48641.03206412826,2
73,0.0,0,1,11714.060653275745,0.0,13700.0,0.0,0,48641.03206412826,2
73,0.0,0,1,11797.0108286692,0.0,18550.0,0.0,0,48641.03206412826,2
50,0.0,0,1,1340.2423295445792,500000.0,1112600.0,0.0,1,151327.65531062125,1
50,0.0,0,1,1336.0067232037159,500000.0,1112600.0,0.0,1,153489.47895791582,1
50,0.0,0,1,1440.8568585668215,500000.0,1112600.0,0.0,1,154570.39078156312,1
50,0.0,0,1,1360.0885073971092,500000.0,1112500.0,0.0,1,148084.91983967935,1
50,0.0,0,1,1459.6405885468328,500000.0,1112600.0,0.0,1,165379.50901803607,1
65,340000.0,0,1,7175.441351272527,860000.0,1680000.0,340000.0,1,172945.89178356715,1
65,340000.0,0,1,8446.534540881667,860000.0,1805900.0,340000.0,1,172945.89178356715,1
65,340000.0,0,1,6051.9865247865655,860000.0,1718800.0,340000.0,1,172945.89178356715,1
65,340000.0,0,1,7249.309367607335,860000.0,1793000.0,340000.0,1,172945.89178356715,1
65,340000.0,0,1,6527.154834547887,860000.0,1680200.0,340000.0,1,172945.89178356715,1
47,342000.0,0,2,14274.222380533593,58000.0,89700.0,342000.0,1,131871.24248496993,2
47,342000.0,0,2,13116.896782946347,58000.0,89700.0,342000.0,1,119981.2124248497,2
47,342000.0,0,2,13666.865027379685,58000.0,89700.0,342000.0,1,130790.33066132265,2
47,342000.0,0,2,13572.846832311936,58000.0,89700.0,342000.0,1,149165.83166332665,2
47,342000.0,0,2,13275.360366369723,58000.0,89700.0,342000.0,1,149165.83166332665,2
67,0.0,0,1,1107.8912869581363,0.0,5044000.0,0.0,0,203211.42284569138,1
67,0.0,0,1,1199.9634503787315,0.0,5044000.0,0.0,0,203211.42284569138,1
67,0.0,0,1,1255.303885968624,0.0,5043000.0,0.0,0,202130.51102204408,1
67,0.0,0,1,1197.183214153706,0.0,5043000.0,0.0,0,202130.51102204408,1
67,0.0,0,1,1130.9165060519852,0.0,5043000.0,0.0,0,202130.51102204408,1
43,0.0,0,1,5283.476804450593,400000.0,1945630.0,0.0,1,219425.1002004008,1
43,0.0,0,1,6223.1207001107305,400000.0,2000570.0,0.0,1,220506.0120240481,1
43,0.0,0,1,4456.101043893173,400000.0,2048620.0,0.0,1,232396.04208416832,1
43,0.0,0,1,5341.9006103989395,400000.0,1874670.0,0.0,1,220506.0120240481,1
43,0.0,0,1,4806.077507392518,400000.0,1824910.0,0.0,1,219425.1002004008,1
69,0.0,0,1,60.837456325257165,2000000.0,76520000.0,0.0,0,924179.6092184369,1
69,0.0,0,1,61.517825090948655,2000000.0,88871000.0,0.0,0,1145766.5330661323,1
69,0.0,0,1,50.85022969317279,2000000.0,51845000.0,0.0,0,933907.8156312625,1
69,0.0,0,1,63.12694568480165,2000000.0,66672000.0,0.0,0,833383.0160320641,1
69,0.0,0,1,61.4462451234311,2000000.0,65248000.0,0.0,0,1073345.4408817636,1
54,250000.0,0,1,3010.224183837091,950000.0,1294600.0,250000.0,1,216182.36472945893,1
54,250000.0,0,1,3037.0103427493113,950000.0,1294600.0,250000.0,1,216182.36472945893,1
54,250000.0,0,1,3145.111267244257,950000.0,1294600.0,250000.0,1,216182.36472945893,1
54,250000.0,0,1,3147.686793494954,950000.0,1316600.0,250000.0,1,216182.36472945893,1
54,250000.0,0,1,3216.6766553399984,950000.0,1293600.0,250000.0,1,216182.36472945893,1
79,0.0,0,2,1710.4538071188667,0.0,8406000.0,0.0,1,430202.90581162326,2
79,0.0,0,2,1770.1522084357002,0.0,8406000.0,0.0,1,430202.90581162326,2
79,0.0,0,2,1845.4263903583974,0.0,8406000.0,0.0,1,430202.90581162326,2
79,0.0,0,2,1772.3516390749696,0.0,8406000.0,0.0,1,430202.90581162326,2
79,0.0,0,2,1725.2552944444676,0.0,8406000.0,0.0,1,430202.90581162326,2
74,100000.0,0,2,8581.98506475428,140000.0,244700.0,100000.0,0,55775.0501002004,2
74,100000.0,0,2,8073.07436538146,140000.0,244700.0,100000.0,0,56099.32364729459,2
74,100000.0,0,2,8245.448871369294,140000.0,243700.0,100000.0,0,55775.0501002004,2
74,100000.0,0,2,8089.632963041959,140000.0,250700.0,100000.0,0,55775.0501002004,2
74,100000.0,0,2,8084.443159277682,140000.0,244800.0,100000.0,0,56423.59719438878,2
20,0.0,0,1,1354.203810373114,0.0,-4820.0,0.0,1,71340.18036072144,1
20,0.0,0,1,1354.4475016537176,0.0,-3230.0,0.0,1,62692.885771543086,1
20,0.0,0,1,1356.9114928852855,0.0,-3430.0,0.0,1,77825.65130260521,1
20,0.0,0,1,1353.9171288132493,0.0,-2620.0,0.0,1,58369.238476953906,1
20,0.0,0,1,1357.2708855094536,0.0,-3230.0,0.0,1,118900.3006012024,1
74,0.0,0,2,442.1834996806127,1500000.0,31034000.0,0.0,0,2669852.2044088175,2
74,0.0,0,2,440.935662837467,1500000.0,31036000.0,0.0,0,2594188.376753507,2
74,0.0,0,2,443.56684754597427,1500000.0,31036000.0,0.0,0,2604997.49498998,2
74,0.0,0,2,448.35840310331315,1500000.0,31035000.0,0.0,0,2767134.2685370743,2
74,0.0,0,2,449.2259072846035,1500000.0,31045000.0,0.0,0,2659043.0861723446,2
52,393000.0,0,1,1416.1507387969086,607000.0,1895000.0,393000.0,1,138356.7134268537,1
52,393000.0,0,1,1656.252656519792,607000.0,1908700.0,393000.0,1,138356.7134268537,1
52,393000.0,0,1,1188.6878070022462,607000.0,1899900.0,393000.0,1,138356.7134268537,1
52,393000.0,0,1,1409.5377423352663,607000.0,1923900.0,393000.0,1,138356.7134268537,1
52,393000.0,0,1,1278.7379426342936,607000.0,1901800.0,393000.0,1,138356.7134268537,1
45,200000.0,0,1,2030.2394376670923,528000.0,996000.0,200000.0,1,380480.9619238477,1
45,200000.0,0,1,2024.0150085258556,553000.0,1037000.0,200000.0,1,380480.9619238477,1
45,200000.0,0,1,2183.633476679353,556000.0,1017000.0,200000.0,1,380480.9619238477,1
45,200000.0,0,1,2060.8924463577487,565000.0,1030000.0,200000.0,1,380480.9619238477,1
45,200000.0,0,1,2211.6136210809173,571000.0,1032000.0,200000.0,1,380480.9619238477,1
82,0.0,0,1,15959.56796460586,0.0,2980.0,0.0,0,41074.64929859719,1
82,0.0,0,1,15900.35497903199,0.0,2980.0,0.0,0,41074.64929859719,1
82,0.0,0,1,15983.061784015712,0.0,1980.0,0.0,0,41074.64929859719,1
82,0.0,0,1,15842.925311809513,0.0,2980.0,0.0,0,39993.7374749499,1
82,0.0,0,1,15959.64166159853,0.0,2990.0,0.0,0,39993.7374749499,1
85,0.0,0,2,11938.05591191219,75000.0,81450.0,0.0,0,15132.765531062125,2
85,0.0,0,2,11202.956217173278,75000.0,80940.0,0.0,0,17294.589178356713,2
85,0.0,0,2,11133.646576615643,75000.0,80940.0,0.0,0,16213.677354709418,2
85,0.0,0,2,11448.35173438377,75000.0,81900.0,0.0,0,16213.677354709418,2
85,0.0,0,2,11035.11308881023,75000.0,82500.0,0.0,0,16213.677354709418,2
65,800000.0,600000,1,701.1555457682974,1100000.0,8987200.0,800000.0,1,5058667.334669339,1
65,800000.0,600000,1,735.0030761484552,1100000.0,9115000.0,800000.0,1,5069476.452905811,1
65,800000.0,600000,1,764.4094495640786,1100000.0,8978300.0,800000.0,1,5058667.334669339,1
65,800000.0,600000,1,737.2542133970621,1100000.0,8989300.0,800000.0,1,5069476.452905811,1
65,800000.0,600000,1,705.8906126092786,1100000.0,9135300.0,800000.0,1,5069476.452905811,1
62,263000.0,0,1,1574.751629827721,747000.0,2744000.0,263000.0,1,206454.15831663326,1
62,263000.0,0,1,1854.2713206744058,747000.0,2734000.0,263000.0,1,206454.15831663326,1
62,263000.0,0,1,1327.796141685942,737000.0,2744000.0,263000.0,1,206454.15831663326,1
62,263000.0,0,1,1591.2415684445698,737000.0,2714000.0,263000.0,1,206454.15831663326,1
62,263000.0,0,1,1432.0816184443186,747000.0,2654000.0,263000.0,1,206454.15831663326,1
26,0.0,0,1,2006.5238551951602,0.0,38880.0,0.0,1,39993.7374749499,1
26,0.0,0,1,2001.1592254605907,0.0,38880.0,0.0,1,39993.7374749499,1
26,0.0,0,1,2006.3143231912927,0.0,38880.0,0.0,1,39993.7374749499,1
26,0.0,0,1,1991.886207857967,0.0,38880.0,0.0,1,41074.64929859719,1
26,0.0,0,1,2013.0027176954052,0.0,37880.0,0.0,1,38912.825651302606,1
59,23800.0,0,1,3487.710462670395,374200.0,11435900.0,23800.0,1,256176.10220440885,1
59,7800.0,0,1,3821.469530135768,206200.0,9678600.0,7800.0,1,261580.6613226453,1
59,36000.0,0,1,4146.507710950173,123000.0,11531500.0,36000.0,1,271308.86773547094,1
59,17600.0,0,1,3711.7289796161517,214400.0,12926900.0,17600.0,1,318868.9879759519,1
59,45300.0,0,1,3591.8911473179674,351700.0,12089100.0,45300.0,1,244286.07214428857,1
82,0.0,0,2,20601.04739807831,40000.0,38521.0,0.0,0,23780.06012024048,2
82,0.0,0,2,20620.647065773297,40000.0,38401.0,0.0,0,23780.06012024048,2
82,0.0,0,2,20583.875669078345,40000.0,38251.0,0.0,0,23780.06012024048,2
82,0.0,0,2,20612.387153161246,40000.0,38351.0,0.0,0,23780.06012024048,2
82,0.0,0,2,20595.01409926533,40000.0,38251.0,0.0,0,23780.06012024048,2
74,0.0,0,1,9371.13316154736,350000.0,632100.0,0.0,0,48295.14028056112,1
74,0.0,0,1,9404.500095537001,350000.0,631000.0,0.0,0,48284.33116232465,1
74,0.0,0,1,10128.957684369012,350000.0,634200.0,0.0,0,48295.14028056112,1
74,0.0,0,1,9657.675826623568,350000.0,650200.0,0.0,0,48295.14028056112,1
74,0.0,0,1,10282.420283737601,350000.0,597500.0,0.0,0,48295.14028056112,1
40,241000.0,0,1,9144.532094611042,391000.0,888600.0,241000.0,1,144842.18436873748,1
40,241000.0,0,1,9175.665091023166,391000.0,886600.0,241000.0,1,143761.27254509018,1
40,241000.0,0,1,9864.842147388754,391000.0,887600.0,241000.0,1,144842.18436873748,1
40,241000.0,0,1,9418.464904078292,391000.0,888600.0,241000.0,1,144842.18436873748,1
40,241000.0,0,1,10011.142786673958,391000.0,888600.0,241000.0,1,143761.27254509018,1
56,0.0,0,1,384.6821275588676,1780000.0,40618500.0,0.0,1,8993186.372745492,1
56,0.0,0,1,378.79539829187485,4750000.0,38775500.0,0.0,1,8917522.54509018,1
56,0.0,0,1,381.9230747997119,2450000.0,40704500.0,0.0,1,9090468.436873747,1
56,0.0,0,1,385.4910751753424,2830000.0,42166500.0,0.0,1,9144514.028056113,1
56,0.0,0,1,389.70615450553885,2200000.0,37153500.0,0.0,1,9317459.91983968,1
71,0.0,0,1,3761.893772948932,500000.0,5743000.0,0.0,1,378319.13827655313,1
71,0.0,0,1,3794.3825658869273,500000.0,5699000.0,0.0,1,422636.5230460922,1
71,0.0,0,1,3943.936710244103,500000.0,5398000.0,0.0,1,350215.43086172343,1
71,0.0,0,1,3787.9611645102304,500000.0,5309000.0,0.0,1,417231.9639278557,1
71,0.0,0,1,3786.7318723785693,500000.0,5850000.0,0.0,1,405341.9338677355,1
63,377000.0,0,1,1615.535506614807,223000.0,225850.0,377000.0,0,52964.67935871743,1
63,377000.0,0,1,1620.9098291457026,223000.0,226300.0,377000.0,0,52964.67935871743,1
63,377000.0,0,1,1742.920316345017,223000.0,226510.0,377000.0,0,52964.67935871743,1
63,377000.0,0,1,1664.1568989229086,223000.0,226060.0,377000.0,0,52964.67935871743,1
63,377000.0,0,1,1768.6513768851648,223000.0,225890.0,377000.0,0,52964.67935871743,1
39,2200000.0,0,1,7516.346562778647,1500000.0,3210100.0,1950000.0,1,132952.15430861723,1
39,2200000.0,0,1,7802.887890336771,1500000.0,3185110.0,1950000.0,1,132952.15430861723,1
39,2200000.0,0,1,8087.052957496024,1500000.0,3200000.0,1950000.0,1,132952.15430861723,1
39,2200000.0,0,1,7778.176510612137,1500000.0,3182250.0,1950000.0,1,132952.15430861723,1
39,2200000.0,0,1,7670.164771285707,1500000.0,3202570.0,1950000.0,1,131871.24248496993,1
51,0.0,0,2,1808.2505791099743,0.0,3950.0,0.0,1,46479.208416833666,2
51,0.0,0,2,1815.9670486303905,0.0,3950.0,0.0,1,46479.208416833666,2
51,0.0,0,2,1790.8764337305724,0.0,3950.0,0.0,1,47560.12024048096,2
51,0.0,0,2,1816.1778902016201,0.0,3950.0,0.0,1,46479.208416833666,2
51,0.0,0,2,1794.0749895290562,0.0,3950.0,0.0,1,45398.29659318637,2
42,0.0,0,2,3487.191503061518,0.0,-16290.0,0.0,1,41074.64929859719,2
42,0.0,0,2,3537.644246063821,0.0,-16240.0,0.0,1,41074.64929859719,2
42,0.0,0,2,3400.328047368422,0.0,-16200.0,0.0,1,41074.64929859719,2
42,0.0,0,2,3512.3082876318504,0.0,-16240.0,0.0,1,42155.561122244486,2
42,0.0,0,2,3504.127439024639,0.0,-16280.0,0.0,1,42155.561122244486,2
71,73000.0,0,2,14225.347084335997,47000.0,162000.0,58000.0,0,44317.38476953908,2
71,73000.0,0,2,13206.520270500292,47000.0,154170.0,58000.0,0,45398.29659318637,2
71,73000.0,0,2,13627.81068202214,47000.0,155900.0,58000.0,0,44317.38476953908,2
71,73000.0,0,2,13554.164121573285,47000.0,154800.0,58000.0,0,45398.29659318637,2
71,74000.0,0,2,13319.237523898115,46000.0,160700.0,59000.0,0,44317.38476953908,2
32,0.0,0,1,4398.947859828016,0.0,75170.0,0.0,1,153489.47895791582,1
32,0.0,0,1,4299.711394836451,0.0,62080.0,0.0,1,153489.47895791582,1
32,0.0,0,1,4380.430438776161,0.0,82150.0,0.0,1,129709.41883767534,1
32,0.0,0,1,4332.837609759348,0.0,78800.0,0.0,1,143761.27254509018,1
32,0.0,0,1,4337.319170898254,0.0,86020.0,0.0,1,131871.24248496993,1
57,0.0,0,2,8829.1979527764,0.0,19060.0,0.0,1,57288.32665330661,2
57,0.0,0,2,8914.816444344262,0.0,18050.0,0.0,1,67016.53306613227,2
57,0.0,0,2,8941.75341958387,0.0,19050.0,0.0,1,69178.35671342685,2
57,0.0,0,2,8842.294890949463,0.0,19060.0,0.0,1,58369.238476953906,2
57,0.0,0,2,8911.401540291889,0.0,19050.0,0.0,1,54045.59118236473,2
72,0.0,0,1,9158.342917312924,550000.0,748700.0,0.0,0,42155.561122244486,1
72,0.0,0,1,9188.973925018468,550000.0,746510.0,0.0,0,43236.47294589179,1
72,0.0,0,1,9895.5807331379,550000.0,749700.0,0.0,0,42155.561122244486,1
72,0.0,0,1,9431.620962258105,550000.0,748200.0,0.0,0,43236.47294589179,1
72,0.0,0,1,10046.188430390368,550000.0,747100.0,0.0,0,42155.561122244486,1
41,0.0,0,2,3317.712598712363,0.0,-47800.0,0.0,1,48641.03206412826,2
41,0.0,0,2,3303.916472967343,0.0,-46800.0,0.0,1,47560.12024048096,2
41,0.0,0,2,3256.371354566487,0.0,-47800.0,0.0,1,47560.12024048096,2
41,0.0,0,2,3351.5148311835537,0.0,-45800.0,0.0,1,47560.12024048096,2
41,0.0,0,2,3263.0104341143074,0.0,-44800.0,0.0,1,47560.12024048096,2
53,0.0,0,1,53.00600986657639,3980000.0,92906000.0,0.0,1,7220490.981963928,1
53,0.0,0,1,53.31221847081125,3890000.0,92909000.0,0.0,1,4583066.132264529,1
53,0.0,0,1,53.7310000311637,3830000.0,96195000.0,0.0,1,7858228.95791583,1
53,0.0,0,1,54.93104411471268,4050000.0,93752000.0,0.0,1,5307277.054108216,1
53,0.0,0,1,53.50117786956504,4360000.0,93258000.0,0.0,1,6680035.070140281,1
38,0.0,0,1,1600.7832568439862,0.0,114700.0,0.0,1,24860.971943887776,2
38,0.0,0,1,1642.102086198657,0.0,113700.0,0.0,1,14051.85370741483,2
38,0.0,0,1,1619.4452226041271,0.0,114700.0,0.0,1,15132.765531062125,2
38,0.0,0,1,1627.1732767967292,0.0,113700.0,0.0,1,15132.765531062125,2
38,0.0,0,1,1628.7000689870376,0.0,113700.0,0.0,1,12970.941883767535,2
31,0.0,0,1,1587.624752485168,0.0,23000.0,0.0,1,88634.76953907816,2
31,0.0,0,1,1591.7742873691946,0.0,9590.0,0.0,1,24860.971943887776,2
31,0.0,0,1,1568.6479942485616,0.0,9840.0,0.0,1,36751.00200400801,2
31,0.0,0,1,1586.0576636119763,0.0,16800.0,0.0,1,56207.41482965932,2
31,0.0,0,1,1577.1807083537922,0.0,26250.0,0.0,1,20537.324649298596,2
66,0.0,0,2,2362.9479600913082,0.0,4300.0,0.0,0,18375.501002004006,2
66,0.0,0,2,2374.506255074333,0.0,4300.0,0.0,0,18375.501002004006,2
66,0.0,0,2,2339.0056991307165,0.0,4300.0,0.0,0,18375.501002004006,2
66,0.0,0,2,2376.3459538003563,0.0,4300.0,0.0,0,18375.501002004006,2
66,0.0,0,2,2344.9619155183373,0.0,4300.0,0.0,0,18375.501002004006,2
44,465000.0,0,1,768.1259105018846,835000.0,2521000.0,465000.0,1,437769.28857715434,1
44,465000.0,0,1,1572.2330521132385,835000.0,3961000.0,465000.0,1,436688.376753507,1
44,465000.0,0,1,1630.421566800523,835000.0,3221000.0,465000.0,1,451821.14228456916,1
44,465000.0,0,1,769.1594954351561,835000.0,2521000.0,465000.0,1,436688.376753507,1
44,465000.0,0,1,1487.2742514251809,835000.0,4002000.0,465000.0,1,437769.28857715434,1
38,0.0,0,1,11770.768340768473,300000.0,336400.0,0.0,1,97282.06412825652,1
38,0.0,0,1,11504.227578211126,300000.0,328900.0,0.0,1,97282.06412825652,1
38,0.0,0,1,11332.882093403243,300000.0,313310.0,0.0,1,97282.06412825652,1
38,0.0,0,1,11600.268325172043,300000.0,320800.0,0.0,1,97282.06412825652,1
38,0.0,0,1,11251.954823422466,300000.0,327700.0,0.0,1,97282.06412825652,1
56,600000.0,0,1,4060.8448150618847,377000.0,2152700.0,600000.0,0,497219.4388777555,1
56,600000.0,0,1,4749.212544357916,377000.0,1301000.0,600000.0,0,497219.4388777555,1
56,600000.0,0,1,3407.090946506928,377000.0,1452600.0,600000.0,0,497219.4388777555,1
56,600000.0,0,1,4040.818858747449,377000.0,898600.0,600000.0,0,497219.4388777555,1
56,600000.0,0,1,3665.046968866073,377000.0,916700.0,600000.0,0,497219.4388777555,1
66,0.0,0,2,1977.6325375602514,0.0,51700.0,0.0,1,34589.178356713426,2
66,0.0,0,2,1937.7612031110996,0.0,50200.0,0.0,1,34589.178356713426,2
66,0.0,0,2,1920.9956878298358,0.0,50300.0,0.0,1,34589.178356713426,2
66,0.0,0,2,2007.892776852546,0.0,51600.0,0.0,1,34589.178356713426,2
66,0.0,0,2,1949.912117997709,0.0,51600.0,0.0,1,34589.178356713426,2
74,0.0,0,1,3611.7788202343936,0.0,6500.0,0.0,0,56207.41482965932,1
74,0.0,0,1,3620.527137444661,0.0,6400.0,0.0,0,52964.67935871743,1
74,0.0,0,1,3639.9166271596087,0.0,6400.0,0.0,0,56207.41482965932,1
74,0.0,0,1,3578.9444885981916,0.0,6500.0,0.0,0,56207.41482965932,1
74,0.0,0,1,3589.5021413793647,0.0,6500.0,0.0,0,54045.59118236473,1
71,106000.0,0,2,10462.255360628884,94000.0,108880.0,106000.0,0,19456.412825651303,2
71,106000.0,0,2,9906.055865409508,94000.0,108910.0,106000.0,0,16213.677354709418,2
71,106000.0,0,2,10265.364509979787,94000.0,108910.0,106000.0,0,14051.85370741483,2
71,106000.0,0,2,9944.51288120816,94000.0,108880.0,106000.0,0,10809.118236472947,2
71,106000.0,0,2,10025.268254063001,94000.0,108900.0,106000.0,0,20537.324649298596,2
58,0.0,0,1,3444.416742371296,150000.0,160100.0,0.0,1,4756.0120240480965,2
58,0.0,0,1,3445.5023386284383,150000.0,155540.0,0.0,1,4972.194388777555,2
58,0.0,0,1,3509.14221088982,150000.0,155500.0,0.0,1,4647.920841683367,2
58,0.0,0,1,3446.0431238311494,150000.0,164900.0,0.0,1,4539.829659318637,2
58,0.0,0,1,3499.2591468526357,150000.0,155910.0,0.0,1,4972.194388777555,2
64,0.0,0,1,8835.944247673771,425000.0,1066600.0,0.0,0,81068.3867735471,1
64,0.0,0,1,8868.773139840967,425000.0,1056680.0,0.0,0,81068.3867735471,1
64,0.0,0,1,9546.550231934416,425000.0,1058670.0,0.0,0,81068.3867735471,1
64,0.0,0,1,9105.794767171836,425000.0,1072700.0,0.0,0,81068.3867735471,1
64,0.0,0,1,9693.901412716117,425000.0,1066610.0,0.0,0,81068.3867735471,1
72,0.0,0,1,44.331644985889334,700000.0,29645000.0,0.0,0,1805122.745490982,2
72,0.0,0,1,44.31007769662788,700000.0,29645000.0,0.0,0,1815931.8637274548,2
72,0.0,0,1,44.51343944152988,700000.0,29645000.0,0.0,0,1815931.8637274548,2
72,0.0,0,1,45.061753496821474,700000.0,29645000.0,0.0,0,1805122.745490982,2
72,0.0,0,1,45.09862672075623,700000.0,29645000.0,0.0,0,1805122.745490982,2
73,0.0,0,1,534.1373140742436,1000000.0,9474250.0,0.0,1,708970.0651302605,1
73,0.0,0,1,562.0951096614712,1000000.0,9475250.0,0.0,1,709186.24749499,1
73,0.0,0,1,589.718243013315,1000000.0,9475250.0,0.0,1,708970.0651302605,1
73,0.0,0,1,561.6223495587877,1000000.0,9475250.0,0.0,1,709078.1563126253,1
73,0.0,0,1,537.8317592211826,1000000.0,9476250.0,0.0,1,709186.24749499,1
36,0.0,0,1,4486.927113395047,0.0,208600.0,0.0,0,20537.324649298596,2
36,0.0,0,1,4528.604129035307,0.0,188600.0,0.0,0,20537.324649298596,2
36,0.0,0,1,4499.570917850007,0.0,185000.0,0.0,0,20537.324649298596,2
36,0.0,0,1,4456.413304317402,0.0,191600.0,0.0,0,20537.324649298596,2
36,0.0,0,1,4520.8941287667385,0.0,216600.0,0.0,0,21618.236472945893,2
65,36000.0,0,2,2448.9194244191895,241000.0,237990.0,36000.0,1,74582.91583166333,2
65,3700.0,0,2,2242.3116541502177,139300.0,139430.0,3700.0,1,58369.238476953906,2
65,88000.0,0,2,2302.827572905441,73000.0,75000.0,88000.0,1,68097.44488977955,2
65,64000.0,0,2,2326.5269489845164,66000.0,68900.0,64000.0,1,82149.29859719439,2
65,69000.0,0,2,2305.1599246801693,210000.0,212100.0,69000.0,1,61611.9739478958,2
67,0.0,0,1,6743.573498172918,350000.0,2239700.0,0.0,0,395613.7274549098,1
67,0.0,0,1,7936.454866196912,350000.0,2243350.0,0.0,0,397775.5511022044,1
67,0.0,0,1,5685.7945957765905,350000.0,2240620.0,0.0,0,398856.4629258517,1
67,0.0,0,1,6808.11736191076,350000.0,2242320.0,0.0,0,398856.4629258517,1
67,0.0,0,1,6132.627242246551,350000.0,2241220.0,0.0,0,397775.5511022044,1
58,0.0,0,2,4385.425974036532,0.0,3390.0,0.0,1,45398.29659318637,2
58,0.0,0,2,4269.396292071552,0.0,-110.0,0.0,1,45398.29659318637,2
58,0.0,0,2,4359.038235584323,0.0,-910.0,0.0,1,45398.29659318637,2
58,0.0,0,2,4310.154109207306,0.0,5000.0,0.0,1,45398.29659318637,2
58,0.0,0,2,4290.556943651285,0.0,4590.0,0.0,1,45398.29659318637,2
60,0.0,0,1,11150.059977829162,78000.0,65700.0,0.0,0,20537.324649298596,1
60,0.0,0,1,10621.042991458211,78000.0,64600.0,0.0,0,20537.324649298596,1
60,0.0,0,1,10779.474699703775,78000.0,64590.0,0.0,0,20537.324649298596,1
60,0.0,0,1,10737.09394312301,78000.0,65690.0,0.0,0,20537.324649298596,1
60,0.0,0,1,10638.490814461853,78000.0,66680.0,0.0,0,20537.324649298596,1
26,0.0,0,1,9452.824548172362,0.0,52360.0,0.0,1,50802.855711422846,1
26,0.0,0,1,9529.999376126161,0.0,51260.0,0.0,1,50802.855711422846,1
26,0.0,0,1,9527.205379217647,0.0,52260.0,0.0,1,50802.855711422846,1
26,0.0,0,1,9486.240665581481,0.0,53360.0,0.0,1,50802.855711422846,1
26,0.0,0,1,9536.16420756374,0.0,52360.0,0.0,1,50802.855711422846,1
55,0.0,0,1,60.10077903197556,1200000.0,85497000.0,0.0,0,1621367.735470942,1
55,0.0,0,1,59.06924063340008,1200000.0,85765000.0,0.0,0,1567322.1442885771,1
55,0.0,0,1,60.79706706053706,1200000.0,85945000.0,0.0,0,1610558.617234469,1
55,0.0,0,1,60.70829793974335,1200000.0,85579000.0,0.0,0,1567322.1442885771,1
55,0.0,0,1,59.44483555439257,1200000.0,85503000.0,0.0,0,1556513.0260521043,1
75,0.0,0,1,783.1331651837818,6500000.0,26122000.0,0.0,1,1767290.8316633266,1
75,0.0,0,1,787.2170331858694,6500000.0,26152000.0,0.0,1,1842954.6593186373,1
75,0.0,0,1,784.9712919710548,6500000.0,26114000.0,0.0,1,2276400.3006012025,1
75,0.0,0,1,794.8730159873578,6500000.0,26116000.0,0.0,1,2103454.4088176354,1
75,0.0,0,1,795.3145803914585,6500000.0,26130000.0,0.0,1,2103454.4088176354,1
76,68000.0,0,1,10965.918867363236,313000.0,494300.0,68000.0,0,45398.29659318637,1
76,68000.0,0,1,11000.890040113809,323000.0,506700.0,68000.0,0,45398.29659318637,1
76,68000.0,0,1,11846.679124906677,319000.0,501400.0,68000.0,0,45398.29659318637,1
76,68000.0,0,1,11292.187933794543,329000.0,509700.0,68000.0,0,45398.29659318637,1
76,68000.0,0,1,12031.404539977411,315000.0,499000.0,68000.0,0,45398.29659318637,1
42,0.0,0,1,4209.2909990432645,0.0,-9300.0,0.0,1,36751.00200400801,1
42,0.0,0,1,4117.997699632978,0.0,-8400.0,0.0,1,36751.00200400801,1
42,0.0,0,1,4148.309914384279,0.0,-9400.0,0.0,1,36751.00200400801,1
42,0.0,0,1,4147.068723715061,0.0,-9300.0,0.0,1,35670.09018036072,1
42,0.0,0,1,4100.059618315301,0.0,-10300.0,0.0,1,36751.00200400801,1
20,0.0,0,2,8016.023552644887,0.0,3430.0,0.0,1,21618.236472945893,2
20,0.0,0,2,8218.452671237652,0.0,3940.0,0.0,1,21618.236472945893,2
20,0.0,0,2,8125.964203093483,0.0,5030.0,0.0,1,21618.236472945893,2
20,0.0,0,2,8166.338080614012,0.0,7610.0,0.0,1,21618.236472945893,2
20,0.0,0,2,8152.647294798566,0.0,1330.0,0.0,1,21618.236472945893,2
87,0.0,0,2,6200.645378824228,0.0,5224000.0,0.0,0,231315.13026052105,2
87,0.0,0,2,3457.3839844448826,0.0,2761000.0,0.0,0,312383.5170340681,2
87,0.0,0,2,6831.3718778730645,0.0,6086000.0,0.0,0,242124.248496994,2
87,0.0,0,2,3213.043608174381,0.0,2679000.0,0.0,0,294008.0160320641,2
87,0.0,0,2,6334.438686378434,0.0,6178000.0,0.0,0,284279.8096192385,2
92,0.0,0,1,6374.324153037582,375000.0,1354100.0,0.0,0,167541.33266533067,1
92,0.0,0,1,6346.190437129286,375000.0,1061900.0,0.0,0,174026.80360721442,1
92,0.0,0,1,6975.371098561829,375000.0,1274100.0,0.0,0,172945.89178356715,1
92,0.0,0,1,6503.188844172243,375000.0,1351100.0,0.0,0,174026.80360721442,1
92,0.0,0,1,7058.797352885833,375000.0,1351100.0,0.0,0,169703.15631262524,1
68,0.0,0,2,7769.504368305295,0.0,140.0,0.0,0,14051.85370741483,2
68,0.0,0,2,7824.201121548101,0.0,150.0,0.0,0,14051.85370741483,2
68,0.0,0,2,7825.794375790572,0.0,55.0,0.0,0,14051.85370741483,2
68,0.0,0,2,7905.657240782859,0.0,70.0,0.0,0,14051.85370741483,2
68,0.0,0,2,7846.408433925664,0.0,60.0,0.0,0,14051.85370741483,2
68,0.0,0,1,40.8433967628623,5020000.0,15712000.0,0.0,0,559912.3246492986,1
68,0.0,0,1,46.53136264026041,5190000.0,29980200.0,0.0,0,567478.7074148296,1
68,0.0,0,1,46.63654050945185,5000000.0,25941300.0,0.0,0,580449.6492985972,1
68,0.0,0,1,47.18702308162628,5140000.0,21808000.0,0.0,0,419393.7875751503,1
68,0.0,0,1,48.2813571732802,5020000.0,22221800.0,0.0,0,560993.2364729459,1
51,350000.0,0,1,592.8636944161784,350000.0,63789000.0,350000.0,1,931745.991983968,1
51,350000.0,0,1,599.2518540021706,350000.0,63764000.0,350000.0,1,862567.6352705411,1
51,350000.0,0,1,604.3536020345045,350000.0,63764000.0,350000.0,1,1041998.9979959921,1
51,350000.0,0,1,616.6101337008063,350000.0,63975000.0,350000.0,1,840949.3987975952,1
51,350000.0,0,1,598.3339711207152,350000.0,63877000.0,350000.0,1,826897.5450901804,1
45,0.0,0,2,1661.103848315288,0.0,-280.0,0.0,1,27022.795591182366,2
45,0.0,0,2,1672.9245040884507,0.0,-290.0,0.0,1,11890.03006012024,2
45,0.0,0,2,1650.3585345575746,0.0,-290.0,0.0,1,56207.41482965932,2
45,0.0,0,2,1684.9407242422865,0.0,-170.0,0.0,1,38912.825651302606,2
45,0.0,0,2,1650.302366830148,0.0,-270.0,0.0,1,21618.236472945893,2
70,0.0,0,1,56.41861076211673,3040000.0,334997000.0,0.0,1,6625989.478957916,1
70,0.0,0,1,55.643838338513355,2940000.0,330258000.0,0.0,1,6139579.158316634,1
70,0.0,0,1,55.95091125972046,2760000.0,342462000.0,0.0,1,6907026.553106212,1
70,0.0,0,1,57.17147698243175,2930000.0,332175000.0,0.0,1,6680035.070140281,1
70,0.0,0,1,56.9280832177775,2780000.0,330893000.0,0.0,1,7566382.765531062,1
65,0.0,0,1,503.8354509614989,1210000.0,11000950.0,0.0,1,403180.1102204409,1
65,0.0,0,1,540.6952578405504,1250000.0,7757150.0,0.0,1,354539.07815631264,1
65,0.0,0,1,568.5850039223819,1510000.0,13663690.0,0.0,1,365348.1963927856,1
65,0.0,0,1,541.771185350299,1180000.0,11612450.0,0.0,1,398856.4629258517,1
65,0.0,0,1,507.47693123053466,1350000.0,12179380.0,0.0,1,356700.90180360724,1
84,0.0,0,1,537.9789273369004,8000000.0,55423000.0,0.0,0,1524085.6713426854,1
84,0.0,0,1,540.8682790338264,8000000.0,55422000.0,0.0,0,1524085.6713426854,1
84,0.0,0,1,547.1171801013793,8000000.0,55421000.0,0.0,0,1610558.617234469,1
84,0.0,0,1,558.8176027785119,8000000.0,55422100.0,0.0,0,1502467.4348697395,1
84,0.0,0,1,542.5852689892378,8000000.0,55422000.0,0.0,0,1664604.2084168338,1
66,0.0,0,1,8077.650304689651,400000.0,806510.0,0.0,0,113495.74148296592,1
66,0.0,0,1,8103.46699637961,400000.0,782010.0,0.0,0,113495.74148296592,1
66,0.0,0,1,8726.905603023479,400000.0,808480.0,0.0,0,112414.82965931864,1
66,0.0,0,1,8316.925823651554,400000.0,809630.0,0.0,0,113495.74148296592,1
66,0.0,0,1,8861.99393287985,400000.0,808070.0,0.0,0,113495.74148296592,1
59,695000.0,0,2,1649.388787643243,655000.0,34472500.0,695000.0,1,683136.2725450902,2
59,696000.0,0,2,1683.8681042295416,654000.0,34463000.0,696000.0,1,683136.2725450902,2
59,695000.0,0,2,1688.017010540672,655000.0,34465000.0,695000.0,1,683136.2725450902,2
59,696000.0,0,2,1703.6461726341581,654000.0,34473000.0,696000.0,1,683136.2725450902,2
59,695000.0,0,2,1677.5001994522404,655000.0,34463560.0,695000.0,1,683136.2725450902,2
46,530000.0,0,1,2841.654745570636,270000.0,9301000.0,530000.0,1,326435.37074148294,1
46,530000.0,0,1,3114.049501071987,270000.0,9303000.0,530000.0,1,337244.4889779559,1
46,530000.0,0,1,3379.540393172099,270000.0,9191700.0,530000.0,1,328597.19438877754,1
46,530000.0,0,1,3026.2738874645656,270000.0,9223000.0,530000.0,1,325354.45891783567,1
46,530000.0,0,1,2928.07636321716,270000.0,9322000.0,530000.0,1,329678.1062124249,1
79,0.0,0,1,406.62052894764497,6710000.0,32585900.0,0.0,1,3156262.5250501004,1
79,0.0,0,1,410.5132879062612,2760000.0,32817000.0,0.0,1,3707527.5551102203,1
79,0.0,0,1,413.6179667578209,5030000.0,36509000.0,0.0,1,3221117.234468938,1
79,0.0,0,1,417.24229446681284,4570000.0,29946000.0,0.0,1,3415681.362725451,1
79,0.0,0,1,412.3297630454,2500000.0,30252000.0,0.0,1,3491345.1903807614,1
44,0.0,0,1,10588.269953928193,0.0,6400.0,0.0,1,79987.4749498998,2
44,0.0,0,1,10460.196362657212,0.0,10600.0,0.0,1,79987.4749498998,2
44,0.0,0,1,10512.741815575966,0.0,10800.0,0.0,1,79987.4749498998,2
44,0.0,0,1,10563.315115668644,0.0,9100.0,0.0,1,79987.4749498998,2
44,0.0,0,1,10494.471196936749,0.0,9420.0,0.0,1,79987.4749498998,2
84,0.0,0,1,7.331383193005602,35370000.0,2178241500.0,0.0,0,128714979.95991985,1
84,0.0,0,1,7.3620767984549165,35370000.0,2204110600.0,0.0,0,141512975.95190382,1
84,0.0,0,1,7.448248253348557,35370000.0,2115394200.0,0.0,0,129774273.54709418,1
84,0.0,0,1,7.584971848658563,35370000.0,2387780900.0,0.0,0,129763464.42885773,1
84,0.0,0,1,7.3721639070964216,35370000.0,2359496500.0,0.0,0,130855185.37074149,1
44,0.0,0,2,3915.1786357632504,0.0,-18630.0,0.0,1,39993.7374749499,2
44,0.0,0,2,3929.8071784384897,0.0,-23630.0,0.0,1,39993.7374749499,2
44,0.0,0,2,3900.2018455404823,0.0,-23630.0,0.0,1,38912.825651302606,2
44,0.0,0,2,3888.071530419123,0.0,-13620.0,0.0,1,39993.7374749499,2
44,0.0,0,2,3912.403032901878,0.0,-23630.0,0.0,1,39993.7374749499,2
30,0.0,0,1,5219.885595432612,0.0,177500.0,0.0,1,134033.06613226453,2
30,0.0,0,1,5102.129484049341,0.0,177000.0,0.0,1,132952.15430861723,2
30,0.0,0,1,5197.91242764496,0.0,177700.0,0.0,1,132952.15430861723,2
30,0.0,0,1,5141.437759031714,0.0,177200.0,0.0,1,134033.06613226453,2
30,0.0,0,1,5146.755675310659,0.0,177800.0,0.0,1,134033.06613226453,2
67,0.0,0,2,1088.0690791146144,2400000.0,4136900.0,0.0,0,185916.83366733466,2
67,0.0,0,2,1180.7770848918622,2400000.0,4126400.0,0.0,0,176188.62725450902,2
67,0.0,0,2,1238.0672375588388,2400000.0,4123000.0,0.0,0,207535.07014028056,2
67,0.0,0,2,1181.4176988245454,2400000.0,4220300.0,0.0,0,178350.45090180362,2
67,0.0,0,2,1111.3262613711643,2400000.0,4222900.0,0.0,0,208615.98196392786,2
47,68000.0,0,1,4463.610439076146,387000.0,433090.0,68000.0,1,22699.148296593186,1
47,50000.0,0,1,4179.929047015841,432000.0,478090.0,50000.0,1,25941.88376753507,1
47,58000.0,0,1,4245.607884325788,330000.0,377260.0,58000.0,1,25941.88376753507,1
47,50000.0,0,1,4357.096765811102,246000.0,292310.0,50000.0,1,23780.06012024048,1
47,66000.0,0,1,4183.316116440655,284000.0,330110.0,66000.0,1,22699.148296593186,1
90,0.0,0,1,4546.848969418823,150000.0,353500.0,0.0,0,30211.485470941883,1
90,0.0,0,1,4360.7131447039,150000.0,345200.0,0.0,0,31292.397294589176,1
90,0.0,0,1,4306.382275677896,150000.0,353300.0,0.0,0,33454.22094188377,1
90,0.0,0,1,4463.119241397644,150000.0,355900.0,0.0,0,31292.397294589176,1
90,0.0,0,1,4279.275872980661,150000.0,344900.0,0.0,0,31292.397294589176,1
28,0.0,0,1,2192.8148916822875,0.0,3601.0,0.0,1,38912.825651302606,1
28,0.0,0,1,2216.7279978119955,0.0,3601.0,0.0,1,37831.91382765531,1
28,0.0,0,1,2210.9915447996013,0.0,3601.0,0.0,1,37831.91382765531,1
28,0.0,0,1,2214.1689309265707,0.0,3601.0,0.0,1,38912.825651302606,1
28,0.0,0,1,2216.790647214078,0.0,3601.0,0.0,1,37831.91382765531,1
40,480000.0,0,1,4358.032046290884,270000.0,672050.0,480000.0,1,453982.9659318637,1
40,480000.0,0,1,4342.339068032666,270000.0,671050.0,480000.0,1,452902.0541082164,1
40,480000.0,0,1,4685.857395644463,270000.0,713050.0,480000.0,1,452902.0541082164,1
40,480000.0,0,1,4419.3227814869915,270000.0,701050.0,480000.0,1,452902.0541082164,1
40,480000.0,0,1,4744.38092214877,270000.0,711050.0,480000.0,1,453982.9659318637,1
65,0.0,0,1,5518.027733621779,700000.0,1999000.0,0.0,0,71340.18036072144,2
65,0.0,0,1,6494.120375521581,700000.0,2098800.0,0.0,0,72421.09218436874,2
65,0.0,0,1,4652.484661978182,700000.0,2825000.0,0.0,0,71340.18036072144,2
65,0.0,0,1,5570.841694978767,700000.0,2923500.0,0.0,0,72421.09218436874,2
65,0.0,0,1,5018.112016106805,700000.0,2099100.0,0.0,0,72421.09218436874,2
64,328000.0,0,1,887.2417991932016,1172000.0,1520000.0,328000.0,1,143761.27254509018,1
64,328000.0,0,1,931.3408708559697,1172000.0,1513650.0,328000.0,1,144842.18436873748,1
64,329000.0,0,1,847.0177378221637,1171000.0,1523400.0,329000.0,1,143761.27254509018,1
64,329000.0,0,1,874.2495673561929,1171000.0,1512400.0,329000.0,1,143761.27254509018,1
64,329000.0,0,1,860.7289546531987,1171000.0,1511600.0,329000.0,1,143761.27254509018,1
22,0.0,0,2,3327.103480065079,0.0,0.0,0.0,1,19456.412825651303,2
22,0.0,0,2,3345.3438200256264,0.0,0.0,0.0,1,19456.412825651303,2
22,0.0,0,2,3294.251777545459,0.0,0.0,0.0,1,19456.412825651303,2
22,0.0,0,2,3347.536137551974,0.0,0.0,0.0,1,19456.412825651303,2
22,0.0,0,2,3302.040315897738,0.0,0.0,0.0,1,19456.412825651303,2
60,0.0,0,2,7628.872015593032,400000.0,621500.0,0.0,0,19456.412825651303,2
60,0.0,0,2,7652.721817559414,400000.0,612500.0,0.0,0,19456.412825651303,2
60,0.0,0,2,8244.101932849037,400000.0,616500.0,0.0,0,19456.412825651303,2
60,0.0,0,2,7856.983107903363,400000.0,615500.0,0.0,0,19456.412825651303,2
60,0.0,0,2,8368.460582989748,400000.0,615500.0,0.0,0,19456.412825651303,2
79,0.0,0,1,4.799491650424538,15080000.0,1450112880.0,0.0,1,91285165.33066133,1
79,0.0,0,1,4.810265946647509,14270000.0,1155677100.0,0.0,1,90582356.46292585,1
79,0.0,0,1,4.855426990452081,16790000.0,762505100.0,0.0,1,90647103.08116232,1
79,0.0,0,1,4.941738520738013,13550000.0,677192880.0,0.0,1,90539011.8987976,1
79,0.0,0,1,4.823392355436335,14570000.0,2064472880.0,0.0,1,90258515.28056112,1
64,0.0,0,2,2793.468586790209,0.0,3600.0,0.0,0,9512.024048096193,2
64,0.0,0,2,2816.2436332521515,0.0,6100.0,0.0,0,9403.932865731464,2
64,0.0,0,2,2813.2455808999143,0.0,6000.0,0.0,0,9512.024048096193,2
64,0.0,0,2,2846.7214165507467,0.0,6000.0,0.0,0,9512.024048096193,2
64,0.0,0,2,2821.506173747498,0.0,5300.0,0.0,0,9512.024048096193,2
37,104000.0,0,2,9126.723006043812,45000.0,63052.0,104000.0,0,16213.677354709418,2
37,104000.0,0,2,8800.237747886487,45000.0,65102.0,104000.0,0,14051.85370741483,2
37,104000.0,0,2,8714.048330401709,45000.0,64592.0,104000.0,0,15132.765531062125,2
37,104000.0,0,2,8842.794023475266,45000.0,64062.0,104000.0,0,16213.677354709418,2
37,104000.0,0,2,8657.955765290859,45000.0,64772.0,104000.0,0,14051.85370741483,2
75,0.0,0,1,13270.593404548024,510000.0,672100.0,0.0,0,61611.9739478958,1
75,0.0,0,1,13916.530515290444,666000.0,981100.0,0.0,0,60531.0621242485,1
75,0.0,0,1,15087.66631696092,529000.0,784000.0,0.0,0,61611.9739478958,1
75,0.0,0,1,13731.080098863324,589000.0,919100.0,0.0,0,61611.9739478958,1
75,0.0,0,1,15323.510657882365,574000.0,694100.0,0.0,0,61611.9739478958,1
79,0.0,0,1,2782.8950395794864,3000000.0,16175200.0,0.0,0,370752.75551102206,2
79,0.0,0,1,2949.2260245769858,3000000.0,11677100.0,0.0,0,380480.9619238477,2
79,0.0,0,1,3040.792437369231,3000000.0,19176900.0,0.0,0,323192.63527054107,2
79,0.0,0,1,2923.7711550894187,3000000.0,17377000.0,0.0,0,355619.9899799599,2
79,0.0,0,1,2203.16836073048,3000000.0,22677000.0,0.0,0,300493.4869739479,2
79,21000.0,0,1,16126.834431809551,314000.0,329200.0,0.0,0,99443.8877755511,1
79,21000.0,0,1,15466.645002339768,314000.0,333200.0,0.0,0,99443.8877755511,1
79,21000.0,0,1,15273.943433580454,314000.0,326050.0,0.0,0,100524.79959919839,1
79,21000.0,0,1,15829.860534083937,314000.0,326300.0,0.0,0,99443.8877755511,1
79,21000.0,0,1,15177.802024160337,314000.0,329200.0,0.0,0,100524.79959919839,1
52,0.0,0,2,5876.599465307978,0.0,15300.0,0.0,1,30265.53106212425,2
52,0.0,0,2,5887.207506580632,0.0,12350.0,0.0,1,34589.178356713426,2
52,0.0,0,2,5908.600397788219,0.0,12600.0,0.0,1,27022.795591182366,2
52,0.0,0,2,5923.290325325054,0.0,13500.0,0.0,1,29184.619238476953,2
52,0.0,0,2,5896.02434877019,0.0,12730.0,0.0,1,21618.236472945893,2
72,0.0,0,1,3.061596710095949,3750000.0,1270349700.0,0.0,1,86433924.9749499,1
72,0.0,0,1,3.090940819375345,3840000.0,1269120500.0,0.0,1,86304215.55611223,1
72,0.0,0,1,3.117721928898711,3750000.0,1270295900.0,0.0,1,85201361.22244489,1
72,0.0,0,1,3.1715168624599013,3700000.0,1270462800.0,0.0,1,78585964.67935872,1
72,0.0,0,1,3.080655367389439,3850000.0,1270462800.0,0.0,1,86314484.21843687,1
65,0.0,0,1,9564.171066069568,0.0,53300.0,0.0,1,48641.03206412826,2
65,0.0,0,1,9271.372211598331,0.0,53200.0,0.0,1,48641.03206412826,2
65,0.0,0,1,9237.522096233928,0.0,53300.0,0.0,1,48641.03206412826,2
65,0.0,0,1,9472.32397695803,0.0,53600.0,0.0,1,48641.03206412826,2
65,0.0,0,1,9337.191881020419,0.0,53800.0,0.0,1,48641.03206412826,2
37,0.0,0,1,8732.730876479745,0.0,12730.0,0.0,1,20537.324649298596,2
37,0.0,0,1,8696.417347298195,0.0,12725.0,0.0,1,20537.324649298596,2
37,0.0,0,1,8571.271268145294,0.0,10725.0,0.0,1,20537.324649298596,2
37,0.0,0,1,8821.703561850287,0.0,12735.0,0.0,1,20537.324649298596,2
37,0.0,0,1,8588.746348711693,0.0,9225.0,0.0,1,20537.324649298596,2
56,200000.0,0,2,3430.5625881402425,135000.0,139350.0,200000.0,1,34589.178356713426,2
56,200000.0,0,2,3166.3054491087464,201000.0,203350.0,200000.0,1,34589.178356713426,2
56,200000.0,0,2,3270.9134457244386,190000.0,193850.0,200000.0,1,34589.178356713426,2
56,200000.0,0,2,3238.6778308244134,81000.0,83550.0,200000.0,1,34589.178356713426,2
56,200000.0,0,2,3191.4635186698138,89000.0,92150.0,200000.0,1,34589.178356713426,2
45,0.0,0,1,4506.270478276836,0.0,32290.0,0.0,0,64854.70941883767,1
45,0.0,0,1,4514.404894022114,0.0,32330.0,0.0,0,64854.70941883767,1
45,0.0,0,1,4530.80930522333,0.0,43400.0,0.0,0,64854.70941883767,1
45,0.0,0,1,4542.073776654136,0.0,37200.0,0.0,0,64854.70941883767,1
45,0.0,0,1,4521.165789656568,0.0,45200.0,0.0,0,64854.70941883767,1
32,0.0,0,2,9742.145892506775,0.0,-24270.0,0.0,1,14051.85370741483,2
32,0.0,0,2,9689.754802310645,0.0,-24070.0,0.0,1,14051.85370741483,2
32,0.0,0,2,9737.065596116016,0.0,-24370.0,0.0,1,12970.941883767535,2
32,0.0,0,2,9611.664141687332,0.0,-24070.0,0.0,1,12970.941883767535,2
32,0.0,0,2,9753.131459249342,0.0,-24470.0,0.0,1,14051.85370741483,2
30,0.0,0,2,4948.811725014246,0.0,295920.0,0.0,1,340487.2244488978,1
30,0.0,0,2,5044.129290106973,0.0,296920.0,0.0,1,301574.3987975952,1
30,0.0,0,2,5025.205264110974,0.0,295920.0,0.0,1,313464.42885771545,1
30,0.0,0,2,5028.514823076656,0.0,295920.0,0.0,1,291846.19238476956,1
30,0.0,0,2,5054.957892690325,0.0,296920.0,0.0,1,285360.72144288576,1
93,0.0,0,1,2377.5541544410876,400000.0,620000.0,0.0,0,69664.76703406814,2
93,0.0,0,1,2361.3099860533553,400000.0,685000.0,0.0,0,72907.50250501002,2
93,0.0,0,1,7264.995500953822,400000.0,1635000.0,0.0,0,65341.119739478956,2
93,0.0,0,1,2430.949552221232,400000.0,687000.0,0.0,0,70745.67885771544,2
93,0.0,0,1,2540.2439176038124,400000.0,595000.0,0.0,0,65341.119739478956,2
37,0.0,0,2,7085.582267105298,0.0,-9800.0,0.0,1,7566.382765531062,2
37,0.0,0,2,7189.342291981474,0.0,-9800.0,0.0,1,7566.382765531062,2
37,0.0,0,2,7114.761235266458,0.0,-9800.0,0.0,1,7566.382765531062,2
37,0.0,0,2,7113.2906279893095,0.0,-9800.0,0.0,1,7566.382765531062,2
37,0.0,0,2,7119.9941906924505,0.0,-9800.0,0.0,1,7566.382765531062,2
92,0.0,0,1,2.7724054048206064,6840000.0,188937800.0,0.0,1,15933721.192384768,1
92,0.0,0,1,2.7840123711189038,6390000.0,207285000.0,0.0,1,15813739.97995992,1
92,0.0,0,1,2.816598610440878,6830000.0,212064700.0,0.0,1,15701325.150300601,1
92,0.0,0,1,2.8683014371278786,6830000.0,190149900.0,0.0,1,15751047.094188377,1
92,0.0,0,1,2.7878268702087077,6750000.0,199838800.0,0.0,1,15752128.006012026,1
66,0.0,0,1,137.40741361829657,1090000.0,28750000.0,0.0,0,2291533.0661322647,1
66,0.0,0,1,139.59859980379196,1670000.0,30090000.0,0.0,0,2172632.765531062,1
66,0.0,0,1,141.64753323088172,1750000.0,31577000.0,0.0,0,2183441.883767535,1
66,0.0,0,1,142.05921184498612,2100000.0,30480800.0,0.0,0,2172632.765531062,1
66,0.0,0,1,139.4362346279154,1320000.0,28452000.0,0.0,0,2205795.140280561,1
51,0.0,0,1,847.707601888948,1000000.0,40694000.0,0.0,1,3372444.8897795593,1
51,0.0,0,1,856.7087985310375,1000000.0,40694000.0,0.0,1,3275162.8256513025,1
51,0.0,0,1,851.6975668434391,1000000.0,40694000.0,0.0,1,3567009.018036072,1
51,0.0,0,1,861.5077802298802,1000000.0,40694000.0,0.0,1,3837236.9739478957,1
51,0.0,0,1,861.4607143155717,1000000.0,40693000.0,0.0,1,3113026.0521042086,1
56,0.0,0,1,898.5059020608239,854000.0,5082500.0,0.0,1,844192.134268537,1
56,0.0,0,1,949.6976760376634,769000.0,5960400.0,0.0,1,731777.3046092184,1
56,0.0,0,1,988.078500209562,832000.0,7509400.0,0.0,1,934988.7274549098,1
56,0.0,0,1,953.209664621358,999000.0,6575000.0,0.0,1,703673.5971943887,1
56,0.0,0,1,920.6778295753735,858000.0,4020500.0,0.0,1,726372.745490982,1
35,0.0,0,2,4809.8673374919,0.0,-139050.0,0.0,1,62692.885771543086,2
35,0.0,0,2,4919.513763902351,0.0,-140630.0,0.0,1,70259.26853707415,2
35,0.0,0,2,4774.435756436773,0.0,-138060.0,0.0,1,72421.09218436874,2
35,0.0,0,2,4889.396528910769,0.0,-138060.0,0.0,1,69178.35671342685,2
35,0.0,0,2,4796.023899704168,0.0,-141240.0,0.0,1,69178.35671342685,2
36,0.0,0,1,3643.3955721242332,0.0,749470.0,0.0,1,164298.59719438877,1
36,0.0,0,1,3670.598937088353,0.0,718570.0,0.0,1,163217.68537074147,1
36,0.0,0,1,3901.7319373540386,0.0,733350.0,0.0,1,164298.59719438877,1
36,0.0,0,1,3770.7827970744315,0.0,725990.0,0.0,1,163217.68537074147,1
36,0.0,0,1,3967.828930752158,0.0,741680.0,0.0,1,166460.42084168337,1
60,196000.0,0,1,1948.4920250272044,804000.0,1978000.0,196000.0,1,165379.50901803607,1
60,196000.0,0,1,2278.7875895965585,804000.0,1978000.0,196000.0,1,176188.62725450902,1
60,196000.0,0,1,1634.8050319943015,804000.0,1978000.0,196000.0,1,158894.0380761523,1
60,196000.0,0,1,1938.883084535932,804000.0,1978000.0,196000.0,1,161055.8617234469,1
60,196000.0,0,1,1758.5786001223591,804000.0,1978000.0,196000.0,1,172945.89178356715,1
72,0.0,0,1,49.911830289180266,2000000.0,22372000.0,0.0,1,2334769.5390781565,1
72,0.0,0,1,48.74968402893557,2000000.0,22372000.0,0.0,1,2323960.420841683,1
72,0.0,0,1,50.013070504604414,2000000.0,22371000.0,0.0,1,2334769.5390781565,1
72,0.0,0,1,49.450757795716,2000000.0,22372000.0,0.0,1,2323960.420841683,1
72,0.0,0,1,49.75637874425179,2000000.0,22373000.0,0.0,1,2334769.5390781565,1
41,0.0,0,1,6119.344037243138,0.0,6800.0,0.0,1,50802.855711422846,2
41,0.0,0,1,6061.761737109204,0.0,7000.0,0.0,1,48641.03206412826,2
41,0.0,0,1,6078.228789843404,0.0,5400.0,0.0,1,35670.09018036072,2
41,0.0,0,1,6142.658052349611,0.0,6200.0,0.0,1,51883.76753507014,2
41,0.0,0,1,6077.864447796562,0.0,6700.0,0.0,1,36751.00200400801,2
47,130000.0,0,1,1371.7120544740935,170000.0,455000.0,130000.0,1,235638.77755511022,1
47,130000.0,0,1,1366.576405531838,170000.0,456000.0,130000.0,1,235638.77755511022,1
47,130000.0,0,1,1501.6969662097176,170000.0,454000.0,130000.0,1,235638.77755511022,1
47,130000.0,0,1,1401.4838047624967,170000.0,456000.0,130000.0,1,235638.77755511022,1
47,130000.0,0,1,1519.7151747534076,170000.0,455000.0,130000.0,1,235638.77755511022,1
62,180000.0,0,1,3021.110179692684,270000.0,905600.0,180000.0,1,163217.68537074147,1
62,180000.0,0,1,3047.9932064782233,270000.0,911400.0,180000.0,1,163217.68537074147,1
62,180000.0,0,1,3156.485060732606,270000.0,910800.0,180000.0,1,163217.68537074147,1
62,180000.0,0,1,3159.0699009633854,270000.0,905900.0,180000.0,1,163217.68537074147,1
62,180000.0,0,1,3228.309253645076,270000.0,907700.0,180000.0,1,163217.68537074147,1
25,633000.0,0,1,8759.268895351748,72000.0,274500.0,633000.0,1,216182.36472945893,1
25,633000.0,0,1,8791.634084425943,72000.0,276000.0,633000.0,1,217263.2765531062,1
25,633000.0,0,1,9473.570639415913,72000.0,278000.0,633000.0,1,216182.36472945893,1
25,633000.0,0,1,9034.64037685128,72000.0,276700.0,633000.0,1,216182.36472945893,1
25,633000.0,0,1,9617.154888544897,72000.0,276800.0,633000.0,1,216182.36472945893,1
60,94000.0,0,1,2924.730460455214,524000.0,5002800.0,88000.0,1,268066.13226452906,1
60,94000.0,0,1,3206.800644138159,524000.0,4978800.0,88000.0,1,260499.74949899802,1
60,94000.0,0,1,3478.030201928456,524000.0,5020800.0,88000.0,1,268066.13226452906,1
60,94000.0,0,1,3115.4107152350107,524000.0,5008800.0,88000.0,1,268066.13226452906,1
60,94000.0,0,1,3013.2028677227954,524000.0,5070800.0,88000.0,1,263742.48496993986,1
69,0.0,0,2,13270.593404548024,100000.0,614000.0,0.0,0,73502.00400801603,2
69,0.0,0,2,13916.530515290444,100000.0,614000.0,0.0,0,73502.00400801603,2
69,0.0,0,2,15087.66631696092,100000.0,614000.0,0.0,0,73502.00400801603,2
69,0.0,0,2,13731.080098863324,100000.0,615000.0,0.0,0,73502.00400801603,2
69,0.0,0,2,15323.510657882365,100000.0,614000.0,0.0,0,73502.00400801603,2
62,482000.0,0,1,1223.827123674442,393000.0,1043800.0,482000.0,1,244286.07214428857,1
62,482000.0,0,1,1223.4007234034354,393000.0,1042800.0,482000.0,1,243205.16032064127,1
62,482000.0,0,1,1258.7845156775074,393000.0,1043800.0,482000.0,1,243205.16032064127,1
62,482000.0,0,1,1252.565412165783,393000.0,1045800.0,482000.0,1,244286.07214428857,1
62,482000.0,0,1,1312.4643409079354,393000.0,1043500.0,482000.0,1,244286.07214428857,1
70,0.0,0,1,52.85429261824355,6460000.0,186767800.0,0.0,0,4042610.220440882,1
70,0.0,0,1,53.05683389379247,7070000.0,195319200.0,0.0,0,3934519.038076152,1
70,0.0,0,1,53.3511811980862,7690000.0,199637900.0,0.0,0,4366883.76753507,1
70,0.0,0,1,54.511668316321064,7260000.0,201677600.0,0.0,0,4323647.294589179,1
70,0.0,0,1,53.31713230394881,7580000.0,196484400.0,0.0,0,4334456.4128256515,1
62,0.0,0,1,1818.5333817366904,1200000.0,11688000.0,0.0,0,345891.7835671343,1
62,0.0,0,1,1879.0905539196324,1200000.0,11741000.0,0.0,0,429121.99398797593,1
62,0.0,0,1,2009.8351706552826,1200000.0,11704000.0,0.0,0,389128.2565130261,1
62,0.0,0,1,1887.3579821219191,1200000.0,11525000.0,0.0,0,364267.28456913825,1
62,0.0,0,1,1799.0567548538816,1200000.0,11793000.0,0.0,0,344810.87174348696,1
35,0.0,0,2,8577.083971511644,0.0,10400.0,0.0,1,18375.501002004006,2
35,0.0,0,2,8496.37463068758,0.0,10400.0,0.0,1,18375.501002004006,2
35,0.0,0,2,8519.455420590055,0.0,10400.0,0.0,1,18375.501002004006,2
35,0.0,0,2,8609.761700376748,0.0,10400.0,0.0,1,18375.501002004006,2
35,0.0,0,2,8518.944746192425,0.0,10400.0,0.0,1,18375.501002004006,2
58,250000.0,0,1,864.8549379264044,250000.0,1393900.0,250000.0,1,345891.7835671343,1
58,250000.0,0,1,927.7875014596497,250000.0,1212000.0,250000.0,1,337244.4889779559,1
58,250000.0,0,1,840.1215803979418,250000.0,1190700.0,250000.0,1,345891.7835671343,1
58,250000.0,0,1,871.288096725421,250000.0,2121700.0,250000.0,1,362105.4609218437,1
58,250000.0,0,1,851.8024088587588,250000.0,1679200.0,250000.0,1,355619.9899799599,1
44,30000.0,0,1,5755.848113267684,435000.0,752780.0,30000.0,1,82149.29859719439,1
44,33000.0,0,1,5775.444173165014,295000.0,536490.0,33000.0,1,91877.50501002005,1
44,33000.0,0,1,6209.233285450698,466000.0,815270.0,33000.0,1,107010.27054108217,1
44,29000.0,0,1,5928.269799606708,345000.0,595990.0,29000.0,1,96201.15230460922,1
44,35000.0,0,1,6301.319381260437,243000.0,572500.0,35000.0,1,105929.35871743486,1
73,0.0,0,1,474.34088669733273,2500000.0,21100290.0,0.0,1,1502467.4348697395,1
73,0.0,0,1,477.54759835873864,2500000.0,22436580.0,0.0,1,1491658.3166332666,1
73,0.0,0,1,449.9135143270863,2500000.0,16698160.0,0.0,1,1480849.1983967936,1
73,0.0,0,1,433.7230985575835,2500000.0,17539860.0,0.0,1,1491658.3166332666,1
73,0.0,0,1,481.0142815065589,2500000.0,21783060.0,0.0,1,1491658.3166332666,1
22,0.0,0,1,13030.962557143424,0.0,100.0,0.0,1,19456.412825651303,1
22,0.0,0,1,13216.413372642133,0.0,-700.0,0.0,1,19456.412825651303,1
22,0.0,0,1,13105.184306283501,0.0,0.0,0.0,1,19456.412825651303,1
22,0.0,0,1,13132.049876683892,0.0,-1000.0,0.0,1,19456.412825651303,1
22,0.0,0,1,13179.656048036015,0.0,-900.0,0.0,1,19456.412825651303,1
75,0.0,0,1,22057.24563519324,70000.0,225300.0,0.0,0,49073.39679358718,1
75,0.0,0,1,20305.284968236134,70000.0,223900.0,0.0,0,49073.39679358718,1
75,0.0,0,1,20159.289452674133,70000.0,228200.0,0.0,0,49073.39679358718,1
75,0.0,0,1,20762.61637016815,70000.0,231200.0,0.0,0,49073.39679358718,1
75,0.0,0,1,20031.747797586853,70000.0,230200.0,0.0,0,49073.39679358718,1
74,5812000.0,0,1,55.23597382599909,4098000.0,27632000.0,5812000.0,1,773932.865731463,1
74,5778000.0,0,1,53.005868030392165,3492000.0,27200000.0,5778000.0,1,821492.9859719439,1
74,5905000.0,0,1,54.377976095499754,3705000.0,25826000.0,5905000.0,1,817169.3386773547,1
74,5873000.0,0,1,53.7699070266191,4787000.0,26963600.0,5873000.0,1,771771.0420841683,1
74,5785000.0,0,1,55.07885960195482,3555000.0,28997000.0,5785000.0,1,847434.8697394789,1
57,0.0,0,1,57.36723889429048,2400000.0,237523000.0,0.0,1,7079972.444889779,1
57,0.0,0,1,56.57943937010568,2400000.0,261804000.0,0.0,1,6680035.070140281,1
57,0.0,0,1,56.89167544594835,2260000.0,279169000.0,0.0,1,5339704.408817635,1
57,0.0,0,1,58.13276388210629,2430000.0,245074000.0,0.0,1,5588314.128256513,1
57,0.0,0,1,57.88527767048767,2050000.0,260991000.0,0.0,1,5934205.911823647,1
65,1550000.0,0,1,3542.1808678721086,1450000.0,2861280.0,1550000.0,1,1056050.8517034068,1
65,1550000.0,0,1,3636.4003816843406,1450000.0,2862270.0,1550000.0,1,1066859.9699398798,1
65,1550000.0,0,1,3779.8375954259136,1450000.0,2861270.0,1550000.0,1,1074426.352705411,1
65,1550000.0,0,1,3630.1277413216276,1450000.0,2859270.0,1550000.0,1,1056050.8517034068,1
65,1550000.0,0,1,3564.602477938265,1450000.0,2861280.0,1550000.0,1,1080911.8236472947,1
74,10000.0,0,1,3971.199357967911,373000.0,465100.0,0.0,0,33508.26653306613,1
74,13000.0,0,1,3638.887753306445,342000.0,411900.0,0.0,0,34589.178356713426,1
74,13000.0,0,1,3767.855580804605,364000.0,437200.0,0.0,0,33508.26653306613,1
74,26000.0,0,1,3709.489667261971,372000.0,438900.0,0.0,0,33508.26653306613,1
74,17000.0,0,1,3637.76414072783,212000.0,294100.0,0.0,0,33508.26653306613,1
35,259000.0,0,1,7847.544301218875,360000.0,465060.0,259000.0,1,174026.80360721442,1
35,259000.0,0,1,7879.008328764967,360000.0,463850.0,259000.0,1,174026.80360721442,1
35,259000.0,0,1,8480.92378408602,360000.0,472360.0,259000.0,1,174026.80360721442,1
35,260000.0,0,1,8091.902031509725,359000.0,461650.0,260000.0,1,174026.80360721442,1
35,260000.0,0,1,8611.814553098378,359000.0,491460.0,260000.0,1,174026.80360721442,1
56,0.0,0,1,4952.123745666737,0.0,1652250.0,0.0,1,318868.9879759519,1
56,0.0,0,1,5063.7862454166225,0.0,1452640.0,0.0,1,318868.9879759519,1
56,0.0,0,1,5457.723159725925,0.0,1231300.0,0.0,1,258337.9258517034,1
56,0.0,0,1,5258.86437863717,0.0,1481200.0,0.0,1,247528.80761523047,1
56,0.0,0,1,5555.717874717793,0.0,1224060.0,0.0,1,318868.9879759519,1
53,83000.0,0,2,4290.436677821583,117000.0,164740.0,83000.0,1,25941.88376753507,2
53,83000.0,0,2,4320.0593962606035,117000.0,153150.0,83000.0,1,25941.88376753507,2
53,83000.0,0,2,4309.811461266443,117000.0,154240.0,83000.0,1,25941.88376753507,2
53,83000.0,0,2,4327.936121775741,117000.0,151940.0,83000.0,1,25941.88376753507,2
53,83000.0,0,2,4309.886931712792,117000.0,154540.0,83000.0,1,25941.88376753507,2
32,47000.0,0,1,3304.0647557460043,41000.0,17040.0,47000.0,1,52964.67935871743,1
32,48000.0,0,1,3415.759300516677,40000.0,29210.0,48000.0,1,51883.76753507014,1
32,48000.0,0,1,3310.9286606298947,40000.0,23910.0,48000.0,1,51883.76753507014,1
32,47000.0,0,1,3337.1393622705473,41000.0,15870.0,47000.0,1,52964.67935871743,1
32,47000.0,0,1,3312.7045180793166,41000.0,27060.0,47000.0,1,52964.67935871743,1
82,0.0,0,1,10195.847069739637,454000.0,650600.0,0.0,0,65935.62124248497,1
82,0.0,0,1,10228.362423311648,447000.0,751000.0,0.0,0,65935.62124248497,1
82,0.0,0,1,11014.756729717514,233000.0,1339200.0,0.0,0,65935.62124248497,1
82,0.0,0,1,10499.204184191845,323000.0,837500.0,0.0,0,65935.62124248497,1
82,0.0,0,1,16802.420883114137,316000.0,426300.0,0.0,0,65935.62124248497,1
76,42000.0,0,2,11922.376980224264,83000.0,68950.0,42000.0,0,37831.91382765531,2
76,16000.0,0,2,11505.691203220567,44000.0,29950.0,16000.0,0,37831.91382765531,2
76,2800.0,0,2,11991.333123055698,122200.0,108150.0,2800.0,0,37831.91382765531,2
76,2600.0,0,2,11506.846096015557,6400.0,-7650.0,2600.0,0,37831.91382765531,2
76,0.0,0,2,11492.059185468977,50000.0,35950.0,0.0,0,37831.91382765531,2
77,0.0,0,2,5280.685609076174,50000.0,90300.0,0.0,0,49721.94388777555,2
77,0.0,0,2,5061.457376904587,50000.0,81000.0,0.0,0,49721.94388777555,2
77,0.0,0,2,4992.425930715135,50000.0,88000.0,0.0,0,49721.94388777555,2
77,0.0,0,2,5177.499536997409,50000.0,82900.0,0.0,0,48641.03206412826,2
77,0.0,0,2,4958.055028878362,50000.0,81700.0,0.0,0,49721.94388777555,2
42,15000.0,0,1,5053.375406209098,145000.0,184300.0,0.0,1,67016.53306613227,1
42,15000.0,0,1,4869.668290980293,145000.0,182900.0,0.0,1,67016.53306613227,1
42,15000.0,0,1,4816.21564616803,145000.0,182300.0,0.0,1,67016.53306613227,1
42,15000.0,0,1,4890.553302776183,145000.0,185300.0,0.0,1,67016.53306613227,1
42,15000.0,0,1,4782.371715052505,145000.0,182300.0,0.0,1,68097.44488977955,1
35,0.0,0,2,2374.428989818359,0.0,-22950.0,0.0,1,10809.118236472947,2
35,0.0,0,2,2392.8143797455186,0.0,-23950.0,0.0,1,11890.03006012024,2
35,0.0,0,2,2391.7552921533256,0.0,-22950.0,0.0,1,10809.118236472947,2
35,0.0,0,2,2415.6709583575566,0.0,-22950.0,0.0,1,10809.118236472947,2
35,0.0,0,2,2397.4238000205396,0.0,-22950.0,0.0,1,11890.03006012024,2
56,43000.0,0,1,2368.3962502357817,187000.0,1698090.0,0.0,1,182674.0981963928,1
56,43000.0,0,1,2787.151641570309,187000.0,1699100.0,0.0,1,180512.2745490982,1
56,43000.0,0,1,1997.391646903267,187000.0,1697200.0,0.0,1,181593.1863727455,1
56,43000.0,0,1,2391.71272068253,187000.0,1697200.0,0.0,1,182674.0981963928,1
56,43000.0,0,1,2153.5238345054195,187000.0,1698075.0,0.0,1,181593.1863727455,1
57,218000.0,0,1,6650.4784242630485,284000.0,366400.0,218000.0,1,113495.74148296592,1
57,218000.0,0,1,6676.624558892894,291000.0,377400.0,218000.0,1,112414.82965931864,1
57,218000.0,0,1,7187.7778511498345,267000.0,360400.0,218000.0,1,113495.74148296592,1
57,218000.0,0,1,6858.495465774709,274000.0,362400.0,218000.0,1,113495.74148296592,1
57,218000.0,0,1,7298.226605042471,272000.0,366400.0,218000.0,1,113495.74148296592,1
60,500000.0,0,1,9864.936201784687,600000.0,1062600.0,500000.0,1,184835.92184368736,1
60,500000.0,0,1,3054.9000651229826,600000.0,996600.0,500000.0,1,185916.83366733466,1
60,500000.0,0,1,3163.6377656935083,600000.0,994600.0,500000.0,1,181593.1863727455,1
60,500000.0,0,1,3166.228463262177,600000.0,967500.0,500000.0,1,184835.92184368736,1
60,500000.0,0,1,3235.6247147258646,600000.0,1018500.0,500000.0,1,182674.0981963928,1
66,0.0,0,1,2433.6436234221615,0.0,8130.0,0.0,0,34589.178356713426,1
66,0.0,0,1,2426.055194030187,0.0,6830.0,0.0,0,34589.178356713426,1
66,0.0,0,1,2436.8563791932474,0.0,16730.0,0.0,0,34589.178356713426,1
66,0.0,0,1,2417.048346813835,0.0,6130.0,0.0,0,34589.178356713426,1
66,0.0,0,1,2433.853717580213,0.0,13630.0,0.0,0,34589.178356713426,1
31,48000.0,0,1,15040.370570800467,112000.0,150870.0,48000.0,1,70259.26853707415,2
31,48000.0,0,1,14984.84706987509,112000.0,152550.0,48000.0,1,70259.26853707415,2
31,48000.0,0,1,14768.584945626328,112000.0,153250.0,48000.0,1,70259.26853707415,2
31,48000.0,0,1,15208.724013672912,112000.0,150050.0,48000.0,1,70259.26853707415,2
31,48000.0,0,1,14748.74298745253,112000.0,151950.0,48000.0,1,70259.26853707415,2
66,344000.0,0,1,818.3037384491937,1256000.0,6435000.0,344000.0,0,366429.10821643285,1
66,344000.0,0,1,860.3015252240805,1256000.0,6436000.0,344000.0,0,366429.10821643285,1
66,344000.0,0,1,897.7674995707988,1256000.0,6436000.0,344000.0,0,366429.10821643285,1
66,344000.0,0,1,867.0238605701855,1256000.0,6436000.0,344000.0,0,366429.10821643285,1
66,344000.0,0,1,837.9444235245643,1256000.0,6435000.0,344000.0,0,366429.10821643285,1
45,0.0,0,2,2104.0123104828917,0.0,25000.0,0.0,1,23780.06012024048,2
45,0.0,0,2,2026.8233634560515,0.0,23000.0,0.0,1,23780.06012024048,2
45,0.0,0,2,2075.406074348488,0.0,25000.0,0.0,1,23780.06012024048,2
45,0.0,0,2,2068.45577224472,0.0,23000.0,0.0,1,23780.06012024048,2
45,0.0,0,2,2041.9635961648535,0.0,25000.0,0.0,1,23780.06012024048,2
55,0.0,0,1,6352.348111884738,0.0,100000.0,0.0,1,85392.03406813627,1
55,0.0,0,1,6218.4859526247365,0.0,86900.0,0.0,1,85392.03406813627,1
55,0.0,0,1,6356.232412620859,0.0,97000.0,0.0,1,85392.03406813627,1
55,0.0,0,1,6244.089033329221,0.0,83300.0,0.0,1,85392.03406813627,1
55,0.0,0,1,6266.419897809583,0.0,85300.0,0.0,1,85392.03406813627,1
56,0.0,0,2,1991.8741612783506,0.0,1.0,0.0,1,19456.412825651303,2
56,0.0,0,2,2002.6535185555927,0.0,1.0,0.0,1,19456.412825651303,2
56,0.0,0,2,1971.7746802677702,0.0,1.0,0.0,1,19456.412825651303,2
56,0.0,0,2,2004.9544836633227,0.0,1.0,0.0,1,19456.412825651303,2
56,0.0,0,2,1976.7091189506568,0.0,1.0,0.0,1,19456.412825651303,2
75,0.0,0,1,285.6828576502588,850000.0,2108000.0,0.0,0,309356.9639278557,1
75,0.0,0,1,296.74860948789535,850000.0,2173000.0,0.0,0,357457.5400801603,1
75,0.0,0,1,272.048123487871,850000.0,2002000.0,0.0,0,321246.99398797593,1
75,0.0,0,1,278.3458419815281,850000.0,2216000.0,0.0,0,313140.15531062125,1
75,0.0,0,1,277.25067662331446,850000.0,2082000.0,0.0,0,314004.88476953906,1
63,142000.0,0,1,11419.14878848246,97000.0,253300.0,142000.0,1,103767.53507014028,1
63,142000.0,0,1,10819.954184477636,97000.0,304805.0,142000.0,1,103767.53507014028,1
63,142000.0,0,1,11025.325670171083,97000.0,332710.0,142000.0,1,103767.53507014028,1
63,142000.0,0,1,10878.893374000245,97000.0,336055.0,142000.0,1,103767.53507014028,1
63,142000.0,0,1,10924.656200006464,97000.0,298795.0,142000.0,1,103767.53507014028,1
76,0.0,0,1,45.14093043336182,1200000.0,8046700.0,0.0,0,806446.6933867736,1
76,0.0,0,1,46.53299587395761,1200000.0,8006000.0,0.0,0,806446.6933867736,1
76,0.0,0,1,49.532981576234775,1200000.0,8673000.0,0.0,0,805365.7815631262,1
76,0.0,0,1,46.71660697781579,1200000.0,7272000.0,0.0,0,805354.9724448898,1
76,0.0,0,1,45.18715329935799,1200000.0,11175000.0,0.0,0,805376.5906813628,1
74,0.0,0,2,12003.696863124964,0.0,122600.0,0.0,0,45398.29659318637,2
74,0.0,0,2,11812.497741125442,0.0,123100.0,0.0,0,45398.29659318637,2
74,0.0,0,2,12046.45551136496,0.0,123600.0,0.0,0,43236.47294589179,2
74,0.0,0,2,11894.852994527317,0.0,125500.0,0.0,0,44317.38476953908,2
74,0.0,0,2,11889.22240908304,0.0,123500.0,0.0,0,44317.38476953908,2
72,0.0,0,1,7905.4043726350965,0.0,-2210.0,0.0,1,36751.00200400801,2
72,0.0,0,1,7967.667742028081,0.0,2220.0,0.0,1,36751.00200400801,2
72,0.0,0,1,7965.514078675396,0.0,10.0,0.0,1,36751.00200400801,2
72,0.0,0,1,8052.932167989081,0.0,-1480.0,0.0,1,36751.00200400801,2
72,0.0,0,1,7985.451658789731,0.0,-2120.0,0.0,1,36751.00200400801,2
42,0.0,0,1,10798.951960617016,0.0,195300.0,0.0,1,97282.06412825652,2
42,0.0,0,1,10623.177599924544,0.0,195300.0,0.0,1,97282.06412825652,2
42,0.0,0,1,10713.47691145987,0.0,195300.0,0.0,1,97282.06412825652,2
42,0.0,0,1,10640.63813861144,0.0,195300.0,0.0,1,97282.06412825652,2
42,0.0,0,1,10605.8662881118,0.0,195300.0,0.0,1,97282.06412825652,2
59,0.0,0,1,2888.15942556551,0.0,-160.0,0.0,0,24860.971943887776,1
59,0.0,0,1,2924.094969592938,0.0,-250.0,0.0,0,24860.971943887776,1
59,0.0,0,1,2926.1984610847185,0.0,-390.0,0.0,0,24860.971943887776,1
59,0.0,0,1,2910.3226705881234,0.0,-390.0,0.0,0,25941.88376753507,1
59,0.0,0,1,2921.167811922017,0.0,-390.0,0.0,0,24860.971943887776,1
81,0.0,0,1,55.00269601882343,4000000.0,40841100.0,0.0,1,3772382.2645290582,2
81,0.0,0,1,52.78200861767455,4000000.0,40840100.0,0.0,1,3199498.997995992,2
81,0.0,0,1,54.14832186577314,4000000.0,40841100.0,0.0,1,4064228.456913828,2
81,0.0,0,1,53.542820851896735,4000000.0,40841100.0,0.0,1,4020991.983967935,2
81,0.0,0,1,54.84624533448202,4000000.0,40840100.0,0.0,1,3275162.8256513025,2
61,0.0,0,1,1820.5819285991172,0.0,40770.0,0.0,1,51883.76753507014,1
61,0.0,0,1,1843.2342799449586,0.0,38890.0,0.0,1,51883.76753507014,1
61,0.0,0,1,1844.5602381185267,0.0,35970.0,0.0,1,51883.76753507014,1
61,0.0,0,1,1834.5527651845612,0.0,38740.0,0.0,1,51883.76753507014,1
61,0.0,0,1,1841.3891150587456,0.0,33010.0,0.0,1,51883.76753507014,1
65,0.0,0,2,4225.562974077106,0.0,82830.0,0.0,1,48641.03206412826,2
65,0.0,0,2,4185.331304808444,0.0,82830.0,0.0,1,48641.03206412826,2
65,0.0,0,2,4068.434864848482,0.0,82830.0,0.0,1,48641.03206412826,2
65,0.0,0,2,4310.320099335323,0.0,82820.0,0.0,1,48641.03206412826,2
65,0.0,0,2,4124.965755469872,0.0,82820.0,0.0,1,48641.03206412826,2
46,638000.0,0,1,2099.2770733526077,662000.0,1558200.0,638000.0,1,702592.6853707415,1
46,638000.0,0,1,980.4078833278642,662000.0,2742200.0,638000.0,1,702592.6853707415,1
46,638000.0,0,1,1771.4477711499985,662000.0,1558200.0,638000.0,1,702592.6853707415,1
46,638000.0,0,1,2123.337964548009,662000.0,1557200.0,638000.0,1,702592.6853707415,1
46,638000.0,0,1,921.5678720808806,662000.0,2738200.0,638000.0,1,702592.6853707415,1
52,425000.0,0,1,7611.589133273216,1175000.0,4368300.0,425000.0,0,1178193.887775551,1
52,425000.0,0,1,7981.237599557108,1175000.0,4368200.0,425000.0,0,1178193.887775551,1
52,425000.0,0,1,8189.527172191216,1175000.0,4368200.0,425000.0,0,1178193.887775551,1
52,425000.0,0,1,7876.736830901221,1175000.0,4368300.0,425000.0,0,1178193.887775551,1
52,425000.0,0,1,7842.057050537207,1175000.0,4368300.0,425000.0,0,1178193.887775551,1
21,0.0,0,1,3747.6326424414883,0.0,47800.0,0.0,1,28103.70741482966,1
21,0.0,0,1,3873.143182414699,0.0,47000.0,0.0,1,35670.09018036072,1
21,0.0,0,1,3755.580745280366,0.0,43800.0,0.0,1,28103.70741482966,1
21,0.0,0,1,3865.9171049392125,0.0,45000.0,0.0,1,41074.64929859719,1
21,0.0,0,1,3782.168109973229,0.0,46100.0,0.0,1,49721.94388777555,1
55,503000.0,0,1,7599.767473145,143000.0,448800.0,503000.0,1,337244.4889779559,1
55,503000.0,0,1,7628.726393803123,174000.0,457800.0,503000.0,1,337244.4889779559,1
55,503000.0,0,1,8214.644545899693,163000.0,470800.0,503000.0,1,337244.4889779559,1
55,503000.0,0,1,7834.105620164601,152000.0,437800.0,503000.0,1,337244.4889779559,1
55,503000.0,0,1,8339.602128690261,149000.0,438800.0,503000.0,1,336163.5771543086,1
52,0.0,0,1,19798.913992473157,10000.0,156400.0,0.0,1,103767.53507014028,1
52,0.0,0,1,18025.258589610337,10000.0,227991.0,0.0,1,88634.76953907816,1
52,0.0,0,1,18345.79046826121,10000.0,228920.0,0.0,1,92958.41683366733,1
52,0.0,0,1,18828.48519733191,10000.0,239620.0,0.0,1,86472.94589178357,1
52,0.0,0,1,18071.013889736576,10000.0,140911.0,0.0,1,101605.71142284569,1
85,50000.0,0,1,2177.34223667917,840000.0,890900.0,50000.0,0,25941.88376753507,2
85,114000.0,0,1,4147.136061204299,306000.0,370900.0,114000.0,0,25941.88376753507,2
85,61000.0,0,1,4185.665083324581,309000.0,389400.0,61000.0,0,25941.88376753507,2
85,103000.0,0,1,2207.947315855171,470000.0,512050.0,103000.0,0,25941.88376753507,2
85,125000.0,0,1,2370.857469453698,523000.0,567400.0,125000.0,0,25941.88376753507,2
62,1600000.0,0,1,3033.330066667552,900000.0,10557000.0,1600000.0,1,768528.3066132264,1
62,1600000.0,0,1,3158.381065185487,900000.0,10331000.0,1600000.0,1,742586.4228456913,1
62,1600000.0,0,1,3256.3465793436853,900000.0,10557000.0,1600000.0,1,910127.755511022,1
62,1600000.0,0,1,3131.2232677387997,900000.0,10557000.0,1600000.0,1,775013.7775551102,1
62,1600000.0,0,1,3056.6875085665706,900000.0,10331000.0,1600000.0,1,847434.8697394789,1
68,0.0,0,1,10082.01356619254,350000.0,401000.0,0.0,0,32427.354709418836,2
68,0.0,0,1,9174.701559690207,350000.0,400000.0,0.0,0,32427.354709418836,2
68,0.0,0,1,9334.237070337174,350000.0,400000.0,0.0,0,32427.354709418836,2
68,0.0,0,1,9766.098995342636,350000.0,400000.0,0.0,0,32427.354709418836,2
68,0.0,0,1,9344.2042525299,350000.0,401000.0,0.0,0,32427.354709418836,2
27,0.0,0,2,7545.544540380251,0.0,-9370.0,0.0,1,30265.53106212425,2
27,0.0,0,2,7846.698591225373,0.0,-9360.0,0.0,1,30265.53106212425,2
27,0.0,0,2,7731.405224867849,0.0,-9370.0,0.0,1,30265.53106212425,2
27,0.0,0,2,7553.110260219444,0.0,-9370.0,0.0,1,30265.53106212425,2
27,0.0,0,2,7875.972043019343,0.0,-9370.0,0.0,1,30265.53106212425,2
41,345000.0,0,1,2828.9484770131126,155000.0,3262060.0,345000.0,1,169703.15631262524,1
41,345000.0,0,1,7823.9625491768,155000.0,2549200.0,345000.0,1,162136.7735470942,1
41,345000.0,0,1,5602.392973375477,155000.0,2885200.0,345000.0,1,172945.89178356715,1
41,345000.0,0,1,3014.2704850664863,155000.0,3239900.0,345000.0,1,167541.33266533067,1
41,345000.0,0,1,6042.397735530176,155000.0,2729960.0,345000.0,1,165379.50901803607,1
32,0.0,0,2,11404.746390619988,0.0,-2900.0,0.0,1,8971.568136272545,2
32,0.0,0,2,11458.966209464397,0.0,-2800.0,0.0,1,8971.568136272545,2
32,0.0,0,2,11285.013065927535,0.0,-2900.0,0.0,1,8863.476953907815,2
32,0.0,0,2,11459.01335509874,0.0,-3000.0,0.0,1,8863.476953907815,2
32,0.0,0,2,11310.036989107026,0.0,-2800.0,0.0,1,8971.568136272545,2
63,0.0,0,1,414.91101757963736,2500000.0,5864700.0,0.0,0,36751.00200400801,1
63,0.0,0,1,451.7976044916633,2500000.0,5864700.0,0.0,0,36751.00200400801,1
63,0.0,0,1,490.74455444169905,2500000.0,5864800.0,0.0,0,36751.00200400801,1
63,0.0,0,1,435.10005814980076,2500000.0,5864800.0,0.0,0,35670.09018036072,1
63,0.0,0,1,424.1363976029499,2500000.0,5864600.0,0.0,0,36751.00200400801,1
76,0.0,0,1,6233.430640596327,800000.0,6184000.0,0.0,1,278983.34168336674,1
76,0.0,0,1,6680.146262456534,800000.0,6187000.0,0.0,1,279091.4328657315,1
76,0.0,0,1,6867.492039823225,800000.0,6171000.0,0.0,1,278875.250501002,1
76,0.0,0,1,6612.923600162021,800000.0,6188000.0,0.0,1,278442.8857715431,1
76,0.0,0,1,6367.931366224544,800000.0,6184000.0,0.0,1,279631.8887775551,1
44,0.0,0,1,4855.299731442308,0.0,27020.0,0.0,1,4431.738476953908,1
44,0.0,0,1,4899.277178188123,0.0,5070.0,0.0,1,4647.920841683367,1
44,0.0,0,1,4779.412747034672,0.0,17880.0,0.0,1,4647.920841683367,1
44,0.0,0,1,4852.322119351648,0.0,4970.0,0.0,1,4539.829659318637,1
44,0.0,0,1,4804.427134316007,0.0,22980.0,0.0,1,4323.647294589178,1
54,700000.0,0,1,675.0909921459488,1700000.0,4119400.0,700000.0,1,49721.94388777555,2
54,700000.0,0,1,714.8300501522918,1700000.0,4111400.0,700000.0,1,49721.94388777555,2
54,700000.0,0,1,737.8844805038077,1700000.0,4109400.0,700000.0,1,49721.94388777555,2
54,700000.0,0,1,712.3152617679382,1700000.0,4116400.0,700000.0,1,49721.94388777555,2
54,700000.0,0,1,688.0391260678396,1700000.0,4125400.0,700000.0,1,49721.94388777555,2
68,0.0,0,1,4736.216334006074,240000.0,1560400.0,0.0,0,104848.44689378758,2
68,0.0,0,1,4748.564808063839,240000.0,1560400.0,0.0,0,85392.03406813627,2
68,0.0,0,1,5117.95296543603,240000.0,1563600.0,0.0,0,95120.24048096192,2
68,0.0,0,1,4873.488113224717,240000.0,1557200.0,0.0,0,97282.06412825652,2
68,0.0,0,1,5195.382722956922,240000.0,1560100.0,0.0,0,92958.41683366733,2
72,0.0,0,1,19012.96202370475,162000.0,188100.0,0.0,0,75663.82765531063,1
72,0.0,0,1,18129.010313421517,152000.0,204000.0,0.0,0,56207.41482965932,1
72,0.0,0,1,18420.728134998986,145000.0,254000.0,0.0,0,56207.41482965932,1
72,0.0,0,1,18229.696041132844,196000.0,291300.0,0.0,0,78906.5631262525,1
72,0.0,0,1,18048.238151045054,116000.0,220800.0,0.0,0,62692.885771543086,1
39,148000.0,0,2,9035.074662619421,295000.0,429800.0,148000.0,1,129709.41883767534,2
39,148000.0,0,2,9071.299987020775,296000.0,431300.0,148000.0,1,129709.41883767534,2
39,148000.0,0,2,13246.653003318434,253000.0,388300.0,148000.0,1,129709.41883767534,2
39,148000.0,0,2,9316.409848866557,269000.0,404900.0,148000.0,1,129709.41883767534,2
39,148000.0,0,2,9914.99818048701,283000.0,418400.0,148000.0,1,129709.41883767534,2
71,0.0,0,1,51.639425622623904,2000000.0,32119850.0,0.0,1,478843.9378757515,1
71,0.0,0,1,50.5347694479334,2000000.0,32120950.0,0.0,1,478843.9378757515,1
71,0.0,0,1,51.96338830165356,2000000.0,32120950.0,0.0,1,478843.9378757515,1
71,0.0,0,1,51.40843586358902,2000000.0,32119050.0,0.0,1,478843.9378757515,1
71,0.0,0,1,51.50843855050107,2000000.0,32119950.0,0.0,1,478843.9378757515,1
74,0.0,0,1,8559.508229898423,185000.0,1187330.0,0.0,0,79987.4749498998,1
74,0.0,0,1,8653.71158077768,185000.0,1187330.0,0.0,0,78906.5631262525,1
74,0.0,0,1,8941.226363960532,185000.0,1187330.0,0.0,0,79987.4749498998,1
74,0.0,0,1,8904.75015114071,185000.0,1187230.0,0.0,0,79987.4749498998,1
74,0.0,0,1,9153.086898725433,185000.0,1187330.0,0.0,0,79987.4749498998,1
37,0.0,0,2,6038.517572227336,0.0,171300.0,0.0,1,82149.29859719439,2
37,0.0,0,2,6014.783642133576,0.0,171300.0,0.0,1,81068.3867735471,2
37,0.0,0,2,6037.944159905363,0.0,171300.0,0.0,1,81068.3867735471,2
37,0.0,0,2,6062.2743561992465,0.0,171300.0,0.0,1,81068.3867735471,2
37,0.0,0,2,6047.276009930109,0.0,171300.0,0.0,1,81068.3867735471,2
53,0.0,0,1,556.4967066946659,1200000.0,56451500.0,0.0,1,407503.75751503004,1
53,0.0,0,1,563.7696338902957,1200000.0,56450500.0,0.0,1,412908.3166332665,1
53,0.0,0,1,568.0124799693582,1200000.0,56452500.0,0.0,1,455063.877755511,1
53,0.0,0,1,580.0661103635523,1200000.0,56452500.0,0.0,1,457225.70140280563,1
53,0.0,0,1,559.9107011500839,1200000.0,56451500.0,0.0,1,458306.6132264529,1
62,156000.0,0,1,1389.121094528315,644000.0,921000.0,156000.0,0,113495.74148296592,1
62,191000.0,0,1,1393.7422153677508,609000.0,863000.0,191000.0,0,114576.65330661323,1
62,158000.0,0,1,1498.653150985247,642000.0,799520.0,158000.0,0,108091.18236472947,1
62,153000.0,0,1,1430.928285657185,647000.0,1445250.0,153000.0,0,112414.82965931864,1
62,169000.0,0,1,1520.7780494071962,631000.0,732300.0,169000.0,0,108091.18236472947,1
56,0.0,0,1,6646.3879120920055,200000.0,196701.0,0.0,1,4972.194388777555,1
56,0.0,0,1,6647.843023142496,200000.0,188701.0,0.0,1,4972.194388777555,1
56,0.0,0,1,6647.887695437059,200000.0,184201.0,0.0,1,4972.194388777555,1
56,0.0,0,1,6598.6605222121025,200000.0,191001.0,0.0,1,4972.194388777555,1
56,0.0,0,1,6635.133646177303,200000.0,185501.0,0.0,1,4972.194388777555,1
72,0.0,0,1,1919.6387286545516,3000000.0,24390000.0,0.0,1,1337844.5641282564,1
72,0.0,0,1,1923.286983055322,3000000.0,29466000.0,0.0,1,1673575.7765531063,1
72,0.0,0,1,1941.3865166233572,3000000.0,25882500.0,0.0,1,1404861.0971943887,1
72,0.0,0,1,1956.7978504421267,3000000.0,32824500.0,0.0,1,1294608.0911823646,1
72,0.0,0,1,1929.9590077184166,3000000.0,25072500.0,0.0,1,1545163.4519038077,1
68,0.0,0,1,3749.507663576813,0.0,36190.0,0.0,1,67016.53306613227,1
68,0.0,0,1,3694.2238111029865,0.0,28270.0,0.0,1,69178.35671342685,1
68,0.0,0,1,3653.3732421372647,0.0,29020.0,0.0,1,68097.44488977955,1
68,0.0,0,1,3800.565979474555,0.0,48600.0,0.0,1,65935.62124248497,1
68,0.0,0,1,3696.378653795924,0.0,23520.0,0.0,1,68097.44488977955,1
49,0.0,0,1,3858.7586035513646,200000.0,229100.0,0.0,1,43236.47294589179,1
49,0.0,0,1,3711.3252860941693,200000.0,228200.0,0.0,1,60531.0621242485,1
49,0.0,0,1,3711.8891606839484,200000.0,228200.0,0.0,1,75663.82765531063,1
49,0.0,0,1,3790.3412294384407,200000.0,228200.0,0.0,1,78906.5631262525,1
49,0.0,0,1,3666.490380142498,200000.0,228200.0,0.0,1,71340.18036072144,1
58,300000.0,0,1,7502.223021247332,1400000.0,2821140.0,300000.0,1,545860.4709418837,1
58,300000.0,0,1,7788.225925210112,1400000.0,2817110.0,300000.0,1,545860.4709418837,1
58,300000.0,0,1,8071.857033870479,1400000.0,2820250.0,300000.0,1,546941.3827655311,1
58,300000.0,0,1,7763.560979240889,1400000.0,2820290.0,300000.0,1,546941.3827655311,1
58,300000.0,0,1,7655.7521986622305,1400000.0,2812110.0,300000.0,1,546941.3827655311,1
29,137000.0,0,1,15569.364063942568,63000.0,77300.0,137000.0,1,115657.56513026053,1
29,137000.0,0,1,15717.747953512644,63000.0,80300.0,137000.0,1,115657.56513026053,1
29,137000.0,0,1,15332.55570172599,63000.0,76300.0,137000.0,1,115657.56513026053,1
29,137000.0,0,1,15575.296074453878,63000.0,79300.0,137000.0,1,115657.56513026053,1
29,137000.0,0,1,15360.777914850769,63000.0,77300.0,137000.0,1,115657.56513026053,1
44,0.0,0,1,6281.862020534123,0.0,9700.0,0.0,1,25941.88376753507,2
44,0.0,0,1,6309.583972401224,0.0,9700.0,0.0,1,25941.88376753507,2
44,0.0,0,1,6221.097579867461,0.0,9700.0,0.0,1,25941.88376753507,2
44,0.0,0,1,6308.6876842103475,0.0,9700.0,0.0,1,25941.88376753507,2
44,0.0,0,1,6230.993358879213,0.0,9700.0,0.0,1,25941.88376753507,2
58,1360000.0,0,1,53.25487370483804,3500000.0,98669300.0,0.0,1,7231300.100200401,1
58,1250000.0,0,1,53.45895003459393,3740000.0,102609400.0,0.0,1,7415055.110220441,1
58,1380000.0,0,1,53.75552818821226,2830000.0,103133500.0,0.0,1,7566382.765531062,1
58,1320000.0,0,1,54.924810603248446,2720000.0,99835100.0,0.0,1,7317773.046092184,1
58,1380000.0,0,1,53.721221238535065,2710000.0,101713400.0,0.0,1,7296154.809619239,1
32,215000.0,0,1,11296.345360016969,45000.0,142600.0,215000.0,1,113495.74148296592,2
32,215000.0,0,1,11404.005226891557,45000.0,143600.0,215000.0,1,113495.74148296592,2
32,215000.0,0,1,11124.529155273342,45000.0,142700.0,215000.0,1,113495.74148296592,2
32,215000.0,0,1,11300.649327676772,45000.0,142600.0,215000.0,1,113495.74148296592,2
32,215000.0,0,1,11145.005769794789,45000.0,144600.0,215000.0,1,113495.74148296592,2
29,0.0,0,1,10110.567438092794,0.0,26200.0,0.0,1,116738.47695390781,1
29,0.0,0,1,9924.48594077326,0.0,35590.0,0.0,1,118900.3006012024,1
29,0.0,0,1,10075.942223325681,0.0,18780.0,0.0,1,109172.09418837675,1
29,0.0,0,1,10082.965785992039,0.0,23850.0,0.0,1,113495.74148296592,1
29,0.0,0,1,10060.489543500287,0.0,22480.0,0.0,1,109172.09418837675,1
49,614000.0,0,1,3968.057710679192,586000.0,1398000.0,614000.0,1,175107.71543086172,1
49,579000.0,0,1,4641.383100663779,621000.0,1421000.0,579000.0,1,174026.80360721442,1
49,520000.0,0,1,3330.347797400952,680000.0,1481000.0,520000.0,1,174026.80360721442,1
49,674000.0,0,1,3951.227673753599,526000.0,1326000.0,674000.0,1,175107.71543086172,1
49,612000.0,0,1,3583.187020512976,588000.0,1415000.0,612000.0,1,175107.71543086172,1
52,535000.0,0,1,1105.1107077682548,815000.0,2073000.0,535000.0,1,722049.0981963928,1
52,535000.0,0,1,1292.6329548065519,815000.0,2074000.0,535000.0,1,722049.0981963928,1
52,535000.0,0,1,927.5074305484981,815000.0,2074000.0,535000.0,1,722049.0981963928,1
52,535000.0,0,1,1100.4235143414671,815000.0,2074000.0,535000.0,1,722049.0981963928,1
52,535000.0,0,1,997.9235769802693,815000.0,2073000.0,535000.0,1,722049.0981963928,1
30,0.0,0,1,1695.6245899865921,0.0,4650.0,0.0,1,151327.65531062125,1
30,0.0,0,1,1648.2554242704762,0.0,3050.0,0.0,1,151327.65531062125,1
30,0.0,0,1,1677.3013434838115,0.0,2050.0,0.0,1,151327.65531062125,1
30,0.0,0,1,1669.934822220089,0.0,5350.0,0.0,1,151327.65531062125,1
30,0.0,0,1,1658.1314485721819,0.0,13450.0,0.0,1,151327.65531062125,1
47,0.0,0,1,3077.2423713395165,0.0,97630.0,0.0,1,45398.29659318637,2
47,0.0,0,1,3124.75596208443,0.0,97050.0,0.0,1,47560.12024048096,2
47,0.0,0,1,3079.0092052110112,0.0,97050.0,0.0,1,48641.03206412826,2
47,0.0,0,1,3141.0841325030847,0.0,97050.0,0.0,1,49721.94388777555,2
47,0.0,0,1,3089.0315498673963,0.0,96050.0,0.0,1,47560.12024048096,2
30,210000.0,0,1,11743.624995850116,120000.0,184760.0,210000.0,1,127547.59519038076,1
30,210000.0,0,1,12016.963374768708,120000.0,185460.0,210000.0,1,127547.59519038076,1
30,210000.0,0,1,11662.08803085527,120000.0,184660.0,210000.0,1,127547.59519038076,1
30,210000.0,0,1,11949.677788004738,120000.0,184460.0,210000.0,1,127547.59519038076,1
30,210000.0,0,1,11675.276795274343,120000.0,185460.0,210000.0,1,127547.59519038076,1
31,0.0,0,2,2195.942463374526,0.0,20490.0,0.0,1,54045.59118236473,2
31,0.0,0,2,2231.658293915784,0.0,20490.0,0.0,1,54045.59118236473,2
31,0.0,0,2,2187.908006904284,0.0,20500.0,0.0,1,54045.59118236473,2
31,0.0,0,2,2231.416559463336,0.0,20490.0,0.0,1,54045.59118236473,2
31,0.0,0,2,2198.2507321131047,0.0,20500.0,0.0,1,54045.59118236473,2
42,168000.0,0,1,1813.3343395966235,433000.0,1312590.0,168000.0,1,184835.92184368736,1
42,168000.0,0,1,1808.2549710064081,368000.0,1211290.0,168000.0,1,178350.45090180362,1
42,168000.0,0,1,1950.0029465910084,336000.0,1245890.0,168000.0,1,182674.0981963928,1
42,168000.0,0,1,1841.2962395475304,337000.0,1174290.0,168000.0,1,186997.74549098196,1
42,168000.0,0,1,1974.905078348845,370000.0,1274290.0,168000.0,1,193483.21643286574,1
56,0.0,0,1,3018.766890032634,0.0,-1350.0,0.0,1,15132.765531062125,1
56,0.0,0,1,3019.747845164692,0.0,-950.0,0.0,1,15132.765531062125,1
56,0.0,0,1,3025.1731473248774,0.0,-550.0,0.0,1,15132.765531062125,1
56,0.0,0,1,3021.5679122594192,0.0,150.0,0.0,1,15132.765531062125,1
56,0.0,0,1,3026.186628636485,0.0,-1150.0,0.0,1,14051.85370741483,1
52,0.0,0,2,6402.099031866773,0.0,30600.0,0.0,1,49721.94388777555,2
52,0.0,0,2,6310.348781755345,0.0,51200.0,0.0,1,49721.94388777555,2
52,0.0,0,2,6380.713910458294,0.0,23800.0,0.0,1,48641.03206412826,2
52,0.0,0,2,6305.136508280176,0.0,36900.0,0.0,1,48641.03206412826,2
52,0.0,0,2,6360.954737368049,0.0,44400.0,0.0,1,49721.94388777555,2
56,113000.0,0,1,9958.80215214878,37000.0,180370.0,54000.0,1,108091.18236472947,1
56,113000.0,0,1,9564.712299043975,37000.0,180170.0,54000.0,1,108091.18236472947,1
56,113000.0,0,1,9696.059302636113,37000.0,181350.0,54000.0,1,108091.18236472947,1
56,113000.0,0,1,9650.430255172385,37000.0,181430.0,54000.0,1,108091.18236472947,1
56,113000.0,0,1,9600.720488982948,37000.0,180300.0,54000.0,1,108091.18236472947,1
55,366000.0,0,2,7774.016004299956,96000.0,620600.0,366000.0,1,130790.33066132265,1
55,366000.0,0,2,7798.198592880367,96000.0,634600.0,366000.0,1,127547.59519038076,1
55,366000.0,0,2,8384.133655984899,96000.0,615600.0,366000.0,1,128628.50701402806,1
55,366000.0,0,2,8002.250022065848,96000.0,638700.0,366000.0,1,127547.59519038076,1
55,366000.0,0,2,8508.486931619398,96000.0,615700.0,366000.0,1,128628.50701402806,1
27,0.0,0,2,2588.6864811695623,0.0,2400.0,0.0,1,32427.354709418836,2
27,0.0,0,2,2630.790083257487,0.0,2400.0,0.0,1,31346.442885771543,2
27,0.0,0,2,2579.2150632271732,0.0,2400.0,0.0,1,30265.53106212425,2
27,0.0,0,2,2630.505114630338,0.0,2400.0,0.0,1,32427.354709418836,2
27,0.0,0,2,2591.4075834653313,0.0,2400.0,0.0,1,31346.442885771543,2
61,40000.0,0,1,8000.841932689478,760000.0,908000.0,40000.0,1,135113.97795591183,1
61,40000.0,0,1,8030.5681022637345,760000.0,976000.0,40000.0,1,135113.97795591183,1
61,40000.0,0,1,8644.287160174867,760000.0,976000.0,40000.0,1,135113.97795591183,1
61,40000.0,0,1,8245.188353563124,760000.0,926000.0,40000.0,1,135113.97795591183,1
61,40000.0,0,1,8777.711893625386,760000.0,904400.0,40000.0,1,135113.97795591183,1
63,0.0,0,2,4466.54433323876,0.0,31430.0,0.0,1,39993.7374749499,2
63,0.0,0,2,5129.917596231391,0.0,61310.0,0.0,1,39993.7374749499,2
63,0.0,0,2,4487.699830217008,0.0,31680.0,0.0,1,39993.7374749499,2
63,0.0,0,2,5130.268099497711,0.0,30610.0,0.0,1,39993.7374749499,2
63,0.0,0,2,4483.160821873985,0.0,31900.0,0.0,1,39993.7374749499,2
35,10000.0,0,2,12420.337841237322,190000.0,51000.0,10000.0,1,43236.47294589179,2
35,10000.0,0,2,12054.166962339423,190000.0,40900.0,10000.0,1,43236.47294589179,2
35,10000.0,0,2,12110.47044121366,190000.0,24300.0,10000.0,1,43236.47294589179,2
35,10000.0,0,2,12134.592138148477,190000.0,67400.0,10000.0,1,43236.47294589179,2
35,10000.0,0,2,11985.1156861035,190000.0,54700.0,10000.0,1,43236.47294589179,2
60,0.0,0,1,499.34296263232983,2000000.0,30376000.0,0.0,1,1437612.7254509018,1
60,0.0,0,1,488.46384548425965,2000000.0,28836000.0,0.0,1,1675413.3266533066,1
60,0.0,0,1,504.1157537077539,2000000.0,29546000.0,0.0,1,1664604.2084168338,1
60,0.0,0,1,498.2691434861441,2000000.0,28057000.0,0.0,1,1621367.735470942,1
60,0.0,0,1,497.6917238345977,2000000.0,29455000.0,0.0,1,1383567.1342685372,1
36,0.0,0,1,46.17095419623369,3030000.0,45354820.0,0.0,1,8193311.623246493,1
36,0.0,0,1,46.0592581213653,2720000.0,40506310.0,0.0,1,8193311.623246493,1
36,0.0,0,1,46.16471083535127,2740000.0,44932710.0,0.0,1,8247357.214428858,1
36,0.0,0,1,46.706740322612205,3090000.0,45253460.0,0.0,1,8236548.096192384,1
36,0.0,0,1,46.942542519420876,2920000.0,45383150.0,0.0,1,8236548.096192384,1
38,0.0,0,2,2142.368608929471,0.0,65800.0,0.0,1,34589.178356713426,2
38,0.0,0,2,2133.459944950426,0.0,64800.0,0.0,1,34589.178356713426,2
38,0.0,0,2,2102.758319616947,0.0,61800.0,0.0,1,35670.09018036072,2
38,0.0,0,2,2164.1959491837542,0.0,66800.0,0.0,1,36751.00200400801,2
38,0.0,0,2,2107.0454165827773,0.0,65800.0,0.0,1,31346.442885771543,2
54,1390000.0,0,1,401.7353443240272,1510000.0,15854000.0,1390000.0,1,2086159.8196392788,1
54,1390000.0,0,1,426.86283546633393,1510000.0,16254000.0,1390000.0,1,2129396.2925851704,1
54,1390000.0,0,1,444.7917858387335,1510000.0,15954000.0,1390000.0,1,2096968.9378757516,1
54,1390000.0,0,1,429.03010478148036,1510000.0,17414000.0,1390000.0,1,2302342.1843687375,1
54,1390000.0,0,1,409.0785040829845,1510000.0,15824000.0,1390000.0,1,2226678.3567134268,1
37,28000.0,0,1,8134.490959589273,232000.0,862050.0,28000.0,1,172945.89178356715,1
37,28000.0,0,1,8167.105474117877,232000.0,752050.0,28000.0,1,172945.89178356715,1
37,28000.0,0,1,8791.03006018051,232000.0,814650.0,28000.0,1,172945.89178356715,1
37,28000.0,0,1,8387.78366768497,232000.0,958850.0,28000.0,1,172945.89178356715,1
37,28000.0,0,1,8926.706870193464,232000.0,909450.0,28000.0,1,172945.89178356715,1
63,0.0,0,1,6958.732596182817,450000.0,1352200.0,0.0,1,103767.53507014028,1
63,0.0,0,1,6984.586933378366,450000.0,1152820.0,0.0,1,86472.94589178357,1
63,0.0,0,1,5799.029711509328,450000.0,1783200.0,0.0,1,179431.3627254509,1
63,0.0,0,1,7171.252905670105,450000.0,1233200.0,0.0,1,124304.85971943887,1
63,0.0,0,1,3016.934078855127,450000.0,3486200.0,0.0,1,119981.2124248497,1
26,0.0,0,1,11936.860874382666,0.0,19021.0,0.0,1,37831.91382765531,2
26,0.0,0,1,11571.92952640943,0.0,28021.0,0.0,1,37831.91382765531,2
26,0.0,0,1,11802.94385771931,0.0,25321.0,0.0,1,37831.91382765531,2
26,0.0,0,1,11683.789063855771,0.0,22921.0,0.0,1,37831.91382765531,2
26,0.0,0,1,11648.467638085724,0.0,20621.0,0.0,1,37831.91382765531,2
24,0.0,0,1,13010.703003695564,0.0,-8620.0,0.0,1,39993.7374749499,2
24,0.0,0,1,13375.529907922682,0.0,-8530.0,0.0,1,39993.7374749499,2
24,0.0,0,1,13194.649648866529,0.0,-8630.0,0.0,1,38912.825651302606,2
24,0.0,0,1,13336.607606059924,0.0,-8720.0,0.0,1,39993.7374749499,2
24,0.0,0,1,13260.228798260807,0.0,-8630.0,0.0,1,39993.7374749499,2
61,0.0,0,1,1093.8946648311792,900000.0,4432000.0,0.0,1,408584.66933867737,1
61,0.0,0,1,1184.8036281300838,900000.0,4431000.0,0.0,1,408584.66933867737,1
61,0.0,0,1,1239.444916453082,900000.0,4430000.0,0.0,1,407503.75751503004,1
61,0.0,0,1,1182.0585162140262,900000.0,4430000.0,0.0,1,407503.75751503004,1
61,0.0,0,1,1116.6289932078246,900000.0,4432000.0,0.0,1,408584.66933867737,1
72,0.0,0,1,1942.082941958836,800000.0,4597200.0,0.0,0,299412.5751503006,1
72,0.0,0,1,2080.4423177370963,800000.0,4651100.0,0.0,0,304817.13426853705,1
72,0.0,0,1,2163.74254226104,800000.0,4906100.0,0.0,0,310221.6933867735,1
72,0.0,0,1,2077.7181506942516,800000.0,4736200.0,0.0,0,302655.3106212425,1
72,0.0,0,1,1957.1993766626601,800000.0,4850200.0,0.0,0,302655.3106212425,1
33,0.0,0,1,8759.91300970416,0.0,383000.0,0.0,1,145923.09619238478,2
33,0.0,0,1,8784.818545266298,0.0,382300.0,0.0,1,145923.09619238478,2
33,0.0,0,1,8817.409781219963,0.0,384600.0,0.0,1,145923.09619238478,2
33,0.0,0,1,8697.08618550019,0.0,382100.0,0.0,1,145923.09619238478,2
33,0.0,0,1,8861.00832342829,0.0,383200.0,0.0,1,145923.09619238478,2
34,0.0,0,1,3488.8703905617017,0.0,18620.0,0.0,0,54045.59118236473,1
34,0.0,0,1,3391.4049016389013,0.0,18601.0,0.0,0,54045.59118236473,1
34,0.0,0,1,3451.1689839177816,0.0,18860.0,0.0,0,54045.59118236473,1
34,0.0,0,1,3436.0118329362385,0.0,18601.0,0.0,0,54045.59118236473,1
34,0.0,0,1,3411.7255368586098,0.0,18610.0,0.0,0,54045.59118236473,1
35,232000.0,0,1,1963.3329295343697,78000.0,1013200.0,232000.0,1,449659.31863727455,1
35,232000.0,0,1,1971.6291115551242,78000.0,990900.0,232000.0,1,448578.4068136273,1
35,232000.0,0,1,2122.5190517422225,78000.0,995400.0,232000.0,1,449659.31863727455,1
35,232000.0,0,1,2025.91801867804,78000.0,1014500.0,232000.0,1,449659.31863727455,1
35,232000.0,0,1,2155.1309658576006,78000.0,1002600.0,232000.0,1,449659.31863727455,1
22,0.0,0,2,8147.249625946536,0.0,308150.0,0.0,1,42155.561122244486,2
22,0.0,0,2,8375.664815610044,0.0,307150.0,0.0,1,41074.64929859719,2
22,0.0,0,2,8153.956958367753,0.0,261400.0,0.0,1,42155.561122244486,2
22,0.0,0,2,8314.726845001964,0.0,307150.0,0.0,1,41074.64929859719,2
22,0.0,0,2,8244.533097749692,0.0,317800.0,0.0,1,41074.64929859719,2
49,0.0,0,2,10135.132469996894,0.0,10895.0,0.0,1,36751.00200400801,2
49,0.0,0,2,10130.653377132909,0.0,10885.0,0.0,1,36751.00200400801,2
49,0.0,0,2,10156.02867897057,0.0,10895.0,0.0,1,36751.00200400801,2
49,0.0,0,2,10121.565433775755,0.0,10900.0,0.0,1,36751.00200400801,2
49,0.0,0,2,10156.363437615282,0.0,11885.0,0.0,1,36751.00200400801,2
78,0.0,0,2,8367.84253946664,0.0,29261.0,0.0,0,16213.677354709418,2
78,0.0,0,2,8342.482914474964,0.0,23040.0,0.0,0,15132.765531062125,2
78,0.0,0,2,8382.195670182446,0.0,24981.0,0.0,0,15132.765531062125,2
78,0.0,0,2,8314.217302500514,0.0,23490.0,0.0,0,16213.677354709418,2
78,0.0,0,2,8370.960371691013,0.0,29931.0,0.0,0,16213.677354709418,2
38,111000.0,0,2,2528.058162662056,78000.0,156480.0,111000.0,1,65935.62124248497,2
38,111000.0,0,2,2388.8675462923584,78000.0,154390.0,111000.0,1,65935.62124248497,2
38,111000.0,0,2,2437.3667050250383,78000.0,155500.0,111000.0,1,65935.62124248497,2
38,111000.0,0,2,2454.4775144022597,78000.0,155790.0,111000.0,1,65935.62124248497,2
38,111000.0,0,2,2406.1757349611444,78000.0,155890.0,111000.0,1,65935.62124248497,2
40,0.0,0,2,1573.13214639303,0.0,8700.0,0.0,1,10809.118236472947,1
40,0.0,0,2,1600.5084888627716,0.0,2400.0,0.0,1,14051.85370741483,1
40,0.0,0,2,1580.2695459616054,0.0,4000.0,0.0,1,10376.753507014027,1
40,0.0,0,2,1589.0459409853368,0.0,5700.0,0.0,1,10376.753507014027,1
40,0.0,0,2,1584.0901198560755,0.0,9200.0,0.0,1,18375.501002004006,1
28,75000.0,0,2,3882.699931880953,7000.0,3200.0,75000.0,1,31346.442885771543,2
28,75000.0,0,2,3860.3756928924727,7000.0,3200.0,75000.0,1,31346.442885771543,2
28,75000.0,0,2,3845.048193812613,7000.0,3200.0,75000.0,1,31346.442885771543,2
28,75000.0,0,2,3826.465435123562,7000.0,3200.0,75000.0,1,31346.442885771543,2
28,75000.0,0,2,3827.0833088477657,7000.0,3200.0,75000.0,1,31346.442885771543,2
49,0.0,0,1,2968.504939265541,450000.0,7092000.0,0.0,1,302655.3106212425,1
49,0.0,0,1,3090.883479879949,450000.0,6603000.0,0.0,1,299412.5751503006,1
49,0.0,0,1,3186.7553785077766,450000.0,6602000.0,0.0,1,305898.0460921844,1
49,0.0,0,1,3064.3060702053613,450000.0,6604000.0,0.0,1,302655.3106212425,1
49,0.0,0,1,2991.3632105785673,450000.0,9352000.0,0.0,1,304817.13426853705,1
43,158000.0,0,1,11082.933890932098,-8000.0,32250.0,158000.0,1,68097.44488977955,1
43,159000.0,0,1,10546.506145759484,-9000.0,33660.0,159000.0,1,72421.09218436874,1
43,157000.0,0,1,10551.070102113637,-7000.0,84720.0,157000.0,1,72421.09218436874,1
43,159000.0,0,1,10854.209182527986,-9000.0,45240.0,159000.0,1,75663.82765531063,1
43,159000.0,0,1,10449.833483252016,-9000.0,82150.0,159000.0,1,65935.62124248497,1
74,0.0,0,1,12489.281749926886,500000.0,3166700.0,0.0,0,100524.79959919839,1
74,0.0,0,1,5829.195956368775,500000.0,3370100.0,0.0,0,122143.03607214428,1
74,0.0,0,1,6322.772738521399,500000.0,4141860.0,0.0,0,153489.47895791582,1
74,0.0,0,1,12611.480116835186,500000.0,3243700.0,0.0,0,103767.53507014028,1
74,0.0,0,1,11356.17180202316,500000.0,3130600.0,0.0,0,113495.74148296592,1
54,50000.0,0,1,2472.564116386001,35000.0,131200.0,50000.0,1,86472.94589178357,1
54,50000.0,0,1,2331.138538164587,35000.0,131800.0,50000.0,1,61611.9739478958,1
54,50000.0,0,1,2350.4171910021023,35000.0,129700.0,50000.0,1,67016.53306613227,1
54,50000.0,0,1,2352.3706169927846,35000.0,130700.0,50000.0,1,73502.00400801603,1
54,50000.0,0,1,2318.7566725031047,35000.0,131600.0,50000.0,1,62692.885771543086,1
75,0.0,0,1,1109.2907434310005,450000.0,4668800.0,0.0,0,822573.8977955912,1
75,0.0,0,1,1207.0161309032505,450000.0,5016800.0,0.0,0,810683.867735471,1
75,0.0,0,1,1311.4621188599294,450000.0,4913800.0,0.0,0,824735.7214428858,1
75,0.0,0,1,1161.5466726730922,450000.0,5615800.0,0.0,0,812845.6913827655,1
75,0.0,0,1,1133.7121771484105,450000.0,5148800.0,0.0,0,808522.0440881763,1
35,307000.0,0,1,8906.47237886226,93000.0,148650.0,307000.0,1,94039.32865731463,1
35,310000.0,0,1,8470.282094617516,90000.0,145650.0,310000.0,1,94039.32865731463,1
35,309000.0,0,1,8463.826627656244,91000.0,147650.0,309000.0,1,94039.32865731463,1
35,310000.0,0,1,8712.663980125464,90000.0,145550.0,310000.0,1,94039.32865731463,1
35,309000.0,0,1,8377.638702225071,91000.0,147650.0,309000.0,1,94039.32865731463,1
58,0.0,0,1,2462.5978427644486,350000.0,576200.0,0.0,1,116738.47695390781,1
58,0.0,0,1,2454.6848357243143,350000.0,784400.0,0.0,1,209696.89378757516,1
58,0.0,0,1,3695.412196908032,350000.0,506400.0,0.0,1,102686.62324649299,1
58,0.0,0,1,2498.0462592435815,350000.0,747600.0,0.0,1,155651.30260521043,1
58,0.0,0,1,2681.187252547447,350000.0,538500.0,0.0,1,194564.12825651304,1
39,697000.0,0,1,1661.3313117297607,278000.0,1180820.0,697000.0,1,415070.1402805611,1
39,697000.0,0,1,1943.2842719827793,278000.0,1175610.0,697000.0,1,415070.1402805611,1
39,697000.0,0,1,1394.396188078708,278000.0,1155370.0,697000.0,1,416151.05210420844,1
39,697000.0,0,1,1653.3863193021211,278000.0,1251480.0,697000.0,1,416151.05210420844,1
39,697000.0,0,1,1499.7374460204896,278000.0,1115200.0,697000.0,1,416151.05210420844,1
62,0.0,0,1,20117.990097100504,15900.0,411000.0,0.0,1,78906.5631262525,1
62,0.0,0,1,15222.86299863659,18800.0,2150800.0,0.0,1,103767.53507014028,1
62,0.0,0,1,14115.743407208322,13800.0,564500.0,0.0,1,38912.825651302606,1
62,0.0,0,1,13056.377149239639,45800.0,3093600.0,0.0,1,77825.65130260521,1
62,0.0,0,1,14325.107785536118,41000.0,999300.0,0.0,1,29184.619238476953,1
61,0.0,0,1,13270.593404548024,180000.0,589950.0,0.0,1,104848.44689378758,1
61,0.0,0,1,13402.003934919081,180000.0,587950.0,0.0,1,104848.44689378758,1
61,0.0,0,1,14426.223532377106,180000.0,587950.0,0.0,1,104848.44689378758,1
61,0.0,0,1,13731.080098863324,180000.0,588950.0,0.0,1,104848.44689378758,1
61,0.0,0,1,14648.89256151034,180000.0,586950.0,0.0,1,104848.44689378758,1
27,0.0,0,2,2017.2386565087243,0.0,-200.0,0.0,1,29184.619238476953,2
27,0.0,0,2,2050.0479651398905,0.0,-200.0,0.0,1,29184.619238476953,2
27,0.0,0,2,2009.85803682213,0.0,-200.0,0.0,1,28103.70741482966,2
27,0.0,0,2,2049.82590281803,0.0,-200.0,0.0,1,29184.619238476953,2
27,0.0,0,2,2019.3590804299936,0.0,-200.0,0.0,1,28103.70741482966,2
25,0.0,0,1,9004.092055303478,0.0,23660.0,0.0,1,78906.5631262525,1
25,0.0,0,1,9019.194896102481,0.0,27660.0,0.0,1,68097.44488977955,1
25,0.0,0,1,9086.399528141697,0.0,44660.0,0.0,1,63773.79759519038,1
25,0.0,0,1,8826.909094729665,0.0,26560.0,0.0,1,76744.73947895791,1
25,0.0,0,1,9093.957836356207,0.0,37660.0,0.0,1,63773.79759519038,1
32,0.0,0,1,13197.218897188272,0.0,950.0,0.0,1,34589.178356713426,2
32,0.0,0,1,12896.549622525277,0.0,950.0,0.0,1,34589.178356713426,2
32,0.0,0,1,12899.913551940987,0.0,950.0,0.0,1,34589.178356713426,2
32,0.0,0,1,13079.861618808569,0.0,950.0,0.0,1,34589.178356713426,2
32,0.0,0,1,12779.246034218173,0.0,950.0,0.0,1,34589.178356713426,2
31,0.0,0,1,2999.9483902922675,0.0,697500.0,0.0,1,37831.91382765531,2
31,0.0,0,1,3020.790712725791,0.0,696500.0,0.0,1,37831.91382765531,2
31,0.0,0,1,3121.152013295194,0.0,697600.0,0.0,1,37831.91382765531,2
31,0.0,0,1,3121.9282869061826,0.0,696600.0,0.0,1,37831.91382765531,2
31,0.0,0,1,3203.8386593442974,0.0,697600.0,0.0,1,37831.91382765531,2
62,20000.0,0,1,4134.836593877638,32500.0,7921400.0,20000.0,1,83230.21042084169,1
62,20000.0,0,1,4534.159541044856,32500.0,7946960.0,20000.0,1,83230.21042084169,1
62,20000.0,0,1,4916.535030081247,32500.0,7986200.0,20000.0,1,83230.21042084169,1
62,20000.0,0,1,4406.306076469804,32500.0,7934800.0,20000.0,1,83230.21042084169,1
62,20000.0,0,1,4260.104996339167,32500.0,7913500.0,20000.0,1,83230.21042084169,1
41,0.0,0,1,11846.732260886909,0.0,8200.0,0.0,1,60531.0621242485,1
41,0.0,0,1,11354.789865043875,0.0,8500.0,0.0,1,59450.1503006012,1
41,0.0,0,1,11354.549888246309,0.0,9000.0,0.0,1,60531.0621242485,1
41,0.0,0,1,12031.443597399206,0.0,10500.0,0.0,1,60531.0621242485,1
41,0.0,0,1,11953.03149701435,0.0,10500.0,0.0,1,60531.0621242485,1
38,0.0,0,1,11034.172360649933,0.0,18000.0,0.0,1,46479.208416833666,1
38,0.0,0,1,11285.708938033606,0.0,18000.0,0.0,1,46479.208416833666,1
38,0.0,0,1,10952.889833515515,0.0,19000.0,0.0,1,46479.208416833666,1
38,0.0,0,1,11216.61789277068,0.0,19000.0,0.0,1,46479.208416833666,1
38,0.0,0,1,11002.414545330763,0.0,19000.0,0.0,1,46479.208416833666,1
40,0.0,0,1,5578.6347974155815,0.0,523400.0,0.0,0,108091.18236472947,1
40,0.0,0,1,5571.018559524795,0.0,523400.0,0.0,0,108091.18236472947,1
40,0.0,0,1,6042.492636840817,0.0,523400.0,0.0,0,108091.18236472947,1
40,0.0,0,1,5694.367503235521,0.0,524400.0,0.0,0,108091.18236472947,1
40,0.0,0,1,6119.9967258505685,0.0,523400.0,0.0,0,108091.18236472947,1
61,0.0,0,2,6975.792566635185,0.0,22300.0,0.0,1,23780.06012024048,2
61,0.0,0,2,6948.828492618775,0.0,22300.0,0.0,1,23780.06012024048,2
61,0.0,0,2,7005.909610560224,0.0,22300.0,0.0,1,23780.06012024048,2
61,0.0,0,2,6868.29143830058,0.0,23300.0,0.0,1,23780.06012024048,2
61,0.0,0,2,6987.078817035387,0.0,23300.0,0.0,1,23780.06012024048,2
33,188000.0,0,2,12786.824088708872,112000.0,95611.0,188000.0,1,25941.88376753507,2
33,188000.0,0,2,13076.560726868916,112000.0,95601.0,188000.0,1,25941.88376753507,2
33,188000.0,0,2,12675.237299802882,112000.0,95601.0,188000.0,1,25941.88376753507,2
33,188000.0,0,2,12996.263443430933,112000.0,95611.0,188000.0,1,25941.88376753507,2
33,188000.0,0,2,12682.035819761866,112000.0,95611.0,188000.0,1,25941.88376753507,2
31,0.0,0,1,18276.618370595985,370000.0,457700.0,0.0,1,98362.9759519038,2
31,0.0,0,1,18450.803758700393,370000.0,457700.0,0.0,1,116738.47695390781,2
31,0.0,0,1,17998.632959925184,370000.0,457700.0,0.0,1,98362.9759519038,2
31,0.0,0,1,18283.581859396174,370000.0,457800.0,0.0,1,78906.5631262525,2
31,0.0,0,1,18031.7625480533,370000.0,457800.0,0.0,1,116738.47695390781,2
76,0.0,0,1,6580.844852888677,2000000.0,2647600.0,0.0,0,128304.23346693386,1
76,0.0,0,1,7746.554328292645,2000000.0,2699600.0,0.0,0,128304.23346693386,1
76,0.0,0,1,5550.183629502027,2000000.0,2647600.0,0.0,0,129385.14529058116,1
76,0.0,0,1,6649.438226408788,2000000.0,2647600.0,0.0,0,129385.14529058116,1
76,0.0,0,1,5986.622158944121,2000000.0,2662600.0,0.0,0,129385.14529058116,1
25,0.0,0,1,3424.3098452731283,0.0,13500.0,0.0,1,57288.32665330661,1
25,0.0,0,1,3422.7699526193765,0.0,12310.0,0.0,1,57288.32665330661,1
25,0.0,0,1,3430.5319921873065,0.0,12810.0,0.0,1,57288.32665330661,1
25,0.0,0,1,3419.8571116310777,0.0,12600.0,0.0,1,57288.32665330661,1
25,0.0,0,1,3430.1829328022445,0.0,12180.0,0.0,1,57288.32665330661,1
27,0.0,0,2,14296.65311930865,0.0,13800.0,0.0,1,9728.206412825652,2
27,0.0,0,2,14291.946062801799,0.0,13800.0,0.0,1,9728.206412825652,2
27,0.0,0,2,14321.090368687708,0.0,13800.0,0.0,1,9728.206412825652,2
27,0.0,0,2,14284.207007215795,0.0,13900.0,0.0,1,9728.206412825652,2
27,0.0,0,2,14321.814199520722,0.0,13800.0,0.0,1,9728.206412825652,2
64,122000.0,0,1,12285.2830096948,301000.0,500000.0,122000.0,1,130790.33066132265,1
64,70000.0,0,1,12332.096091436775,353000.0,551100.0,70000.0,1,142680.36072144288,1
64,70000.0,0,1,13279.252743855372,353000.0,551000.0,70000.0,1,131871.24248496993,1
64,156000.0,0,1,12664.098607182004,267000.0,466000.0,156000.0,1,144842.18436873748,1
64,55000.0,0,1,13481.25093317027,368000.0,567000.0,55000.0,1,138356.7134268537,1
90,40000.0,0,1,16239.96710754506,260000.0,428200.0,0.0,0,95120.24048096192,1
90,40000.0,0,1,15164.683513197375,260000.0,429500.0,0.0,0,95120.24048096192,1
90,40000.0,0,1,15208.745894519065,260000.0,427300.0,0.0,0,95120.24048096192,1
90,40000.0,0,1,15841.391550199982,260000.0,431400.0,0.0,0,95120.24048096192,1
90,40000.0,0,1,15075.660954948466,260000.0,426600.0,0.0,0,95120.24048096192,1
68,0.0,0,1,4578.540516848769,199000.0,1124700.0,0.0,1,111333.91783567134,1
68,0.0,0,1,4590.477891497134,207000.0,1133700.0,0.0,1,112414.82965931864,1
68,0.0,0,1,4947.568557484967,209000.0,1134700.0,0.0,1,111333.91783567134,1
68,0.0,0,1,4711.242310569594,156000.0,1081700.0,0.0,1,112414.82965931864,1
68,0.0,0,1,5022.420561071408,154000.0,1081700.0,0.0,1,111333.91783567134,1
23,0.0,0,1,3341.6630267140695,0.0,68800.0,0.0,1,15132.765531062125,2
23,0.0,0,1,3401.5405561624066,0.0,71000.0,0.0,1,15132.765531062125,2
23,0.0,0,1,3389.631597201933,0.0,69400.0,0.0,1,15132.765531062125,2
23,0.0,0,1,3321.007362497517,0.0,67500.0,0.0,1,15132.765531062125,2
23,0.0,0,1,3399.895270094883,0.0,72600.0,0.0,1,15132.765531062125,2
43,150000.0,0,1,6368.367592270723,300000.0,1306700.0,150000.0,1,452902.0541082164,1
43,150000.0,0,1,6390.14813045456,300000.0,1269100.0,150000.0,1,452902.0541082164,1
43,150000.0,0,1,6883.780861889007,300000.0,1266100.0,150000.0,1,452902.0541082164,1
43,150000.0,0,1,6562.594395748578,300000.0,1306300.0,150000.0,1,452902.0541082164,1
43,150000.0,0,1,6987.609567208137,300000.0,1268400.0,150000.0,1,452902.0541082164,1
50,0.0,0,2,11257.244152479358,0.0,-11750.0,0.0,1,58369.238476953906,2
50,0.0,0,2,10814.851266326235,0.0,3940.0,0.0,1,57288.32665330661,2
50,0.0,0,2,11099.558713079685,0.0,-7260.0,0.0,1,59450.1503006012,2
50,0.0,0,2,10999.015368363407,0.0,-13120.0,0.0,1,59450.1503006012,2
50,0.0,0,2,10902.377590549384,0.0,-9160.0,0.0,1,58369.238476953906,2
63,1000000.0,0,2,78.89979948961914,1400000.0,37420300.0,0.0,1,2215869.238476954,1
63,1000000.0,0,2,79.18986164954829,1400000.0,37845300.0,0.0,1,1740268.0360721443,1
63,1000000.0,0,2,78.49513555592216,1400000.0,37224300.0,0.0,1,1956450.4008016032,1
63,1000000.0,0,2,79.51378601821031,1400000.0,37556300.0,0.0,1,2259105.7114228457,1
63,1000000.0,0,2,80.14252314190762,1400000.0,38021300.0,0.0,1,2205060.120240481,1
49,0.0,0,2,7842.376343611095,0.0,12600.0,0.0,1,27022.795591182366,2
49,0.0,0,2,8081.134873331095,0.0,12600.0,0.0,1,27022.795591182366,2
49,0.0,0,2,8007.333209827329,0.0,13600.0,0.0,1,27022.795591182366,2
49,0.0,0,2,7834.359321295769,0.0,12600.0,0.0,1,27022.795591182366,2
49,0.0,0,2,8119.097467181431,0.0,12600.0,0.0,1,27022.795591182366,2
69,1510000.0,0,1,55.553249473591585,6450000.0,108933000.0,1510000.0,1,9625519.789579159,1
69,1440000.0,0,1,54.79036068295515,6970000.0,78464000.0,1440000.0,1,8955354.458917836,1
69,1470000.0,0,1,55.09272365091856,5420000.0,54969000.0,1470000.0,1,9452573.897795592,1
69,1430000.0,0,1,56.29456806319225,5310000.0,59300000.0,1430000.0,1,9517428.607214428,1
69,1510000.0,0,1,56.05490752661566,6930000.0,64000000.0,1510000.0,1,9517428.607214428,1
59,0.0,0,1,10518.794186867504,0.0,16450.0,0.0,0,23780.06012024048,2
59,0.0,0,1,10519.947488390408,0.0,16450.0,0.0,0,23780.06012024048,2
59,0.0,0,1,10537.518602318738,0.0,16450.0,0.0,0,23780.06012024048,2
59,0.0,0,1,10521.015568036824,0.0,16450.0,0.0,0,23780.06012024048,2
59,0.0,0,1,10541.763394547408,0.0,16450.0,0.0,0,23780.06012024048,2
55,0.0,0,1,12720.616411883484,60000.0,75440.0,0.0,0,10809.118236472947,2
55,0.0,0,1,12650.259622442558,60000.0,68340.0,0.0,0,10809.118236472947,2
55,0.0,0,1,12644.091752544848,60000.0,72740.0,0.0,0,10809.118236472947,2
55,0.0,0,1,12534.20611306444,60000.0,74740.0,0.0,0,10809.118236472947,2
55,0.0,0,1,12616.645593761821,60000.0,72440.0,0.0,0,10809.118236472947,2
42,0.0,0,2,1999.7024688862687,0.0,10000.0,0.0,1,32427.354709418836,2
42,0.0,0,2,2034.5021770680255,0.0,10000.0,0.0,1,32427.354709418836,2
42,0.0,0,2,2008.7752448583537,0.0,10000.0,0.0,1,32427.354709418836,2
42,0.0,0,2,2019.9314460949213,0.0,10000.0,0.0,1,32427.354709418836,2
42,0.0,0,2,2013.631805107821,0.0,10000.0,0.0,1,32427.354709418836,2
49,0.0,0,2,5221.415330700474,0.0,22250.0,0.0,1,61611.9739478958,2
49,0.0,0,2,5272.9093967691115,0.0,22350.0,0.0,1,61611.9739478958,2
49,0.0,0,2,5277.621311812748,0.0,22250.0,0.0,1,61611.9739478958,2
49,0.0,0,2,5362.096673166512,0.0,22350.0,0.0,1,61611.9739478958,2
49,0.0,0,2,5279.72525271154,0.0,23250.0,0.0,1,61611.9739478958,2
69,295000.0,0,1,6403.412243754605,405000.0,991500.0,295000.0,0,61611.9739478958,1
69,295000.0,0,1,6420.107505203164,405000.0,990400.0,295000.0,0,61611.9739478958,1
69,295000.0,0,1,6919.524018894028,405000.0,990500.0,295000.0,0,61611.9739478958,1
69,295000.0,0,1,6589.005073511839,405000.0,991400.0,295000.0,0,61611.9739478958,1
69,295000.0,0,1,7024.209831866776,405000.0,990500.0,295000.0,0,61611.9739478958,1
57,0.0,0,2,2125.5527265368864,0.0,29420.0,0.0,0,18375.501002004006,2
57,0.0,0,2,2125.785776366836,0.0,29420.0,0.0,0,18375.501002004006,2
57,0.0,0,2,2129.3364047425935,0.0,29410.0,0.0,0,18375.501002004006,2
57,0.0,0,2,2126.0016052502865,0.0,29390.0,0.0,0,18375.501002004006,2
57,0.0,0,2,2130.19415797314,0.0,29410.0,0.0,0,17294.589178356713,2
67,0.0,0,1,10033.00261393728,0.0,12000.0,0.0,0,12970.941883767535,2
67,0.0,0,1,9858.27033910648,0.0,12000.0,0.0,0,12970.941883767535,2
67,0.0,0,1,9771.686918561367,0.0,12000.0,0.0,0,12970.941883767535,2
67,0.0,0,1,10107.150138581663,0.0,12000.0,0.0,0,12970.941883767535,2
67,0.0,0,1,9870.122628356892,0.0,12000.0,0.0,0,12970.941883767535,2
35,96800.0,0,1,15416.923297020632,79200.0,144260.0,96800.0,1,59450.1503006012,1
35,96800.0,0,1,14730.688873170215,79200.0,143930.0,96800.0,1,59450.1503006012,1
35,96000.0,0,1,14830.245067398555,80000.0,144950.0,96000.0,1,58369.238476953906,1
35,96000.0,0,1,15377.9442467377,80000.0,145000.0,96000.0,1,58369.238476953906,1
35,96800.0,0,1,14160.759786188606,79200.0,144050.0,96800.0,1,58369.238476953906,1
49,125000.0,0,1,3291.344781279863,25000.0,46370.0,125000.0,1,37831.91382765531,1
49,125000.0,0,1,3123.0696641033824,25000.0,46480.0,125000.0,1,37831.91382765531,1
49,125000.0,0,1,3139.7155488562857,25000.0,46470.0,125000.0,1,37831.91382765531,1
49,125000.0,0,1,3178.4508055150063,25000.0,46470.0,125000.0,1,37831.91382765531,1
49,125000.0,0,1,3103.5135301754963,25000.0,46380.0,125000.0,1,37831.91382765531,1
40,0.0,0,1,1398.6372025339433,0.0,1400.0,0.0,1,55126.503006012026,2
40,0.0,0,1,1392.82121511981,0.0,250.0,0.0,1,79987.4749498998,2
40,0.0,0,1,1372.777775727222,0.0,6500.0,0.0,1,57288.32665330661,2
40,0.0,0,1,1412.8870986464801,0.0,3100.0,0.0,1,78906.5631262525,2
40,0.0,0,1,1375.576590684782,0.0,430.0,0.0,1,75663.82765531063,2
57,0.0,0,1,3066.2894209470737,0.0,-97500.0,0.0,1,75663.82765531063,1
57,0.0,0,1,3104.441324028291,0.0,-96400.0,0.0,1,75663.82765531063,1
57,0.0,0,1,3106.674550370023,0.0,-97400.0,0.0,1,75663.82765531063,1
57,0.0,0,1,3089.819605307791,0.0,-96400.0,0.0,1,75663.82765531063,1
57,0.0,0,1,3101.333631107901,0.0,-97400.0,0.0,1,75663.82765531063,1
61,0.0,0,1,79.8171175849359,1400000.0,23032000.0,0.0,1,4907339.679358717,1
61,0.0,0,1,80.11055211424734,1400000.0,22628000.0,0.0,1,4853294.088176353,1
61,0.0,0,1,79.4077488794739,1400000.0,26098000.0,0.0,1,4896530.561122244,1
61,0.0,0,1,80.43824254678796,1400000.0,25345000.0,0.0,1,4853294.088176353,1
61,0.0,0,1,81.0742895995915,1400000.0,24019000.0,0.0,1,4864103.206412826,1
79,9360000.0,0,1,47.19592779970564,47100000.0,744030700.0,9360000.0,1,21492850.701402806,1
79,11230000.0,0,1,46.783809815918644,36590000.0,750931870.0,11230000.0,1,24251337.6753507,1
79,8930000.0,0,1,47.15042857326456,39050000.0,655768640.0,8930000.0,1,24682621.49298597,1
79,10280000.0,0,1,48.10644611519047,41860000.0,714175730.0,10280000.0,1,24173512.024048097,1
79,9690000.0,0,1,47.47489787485902,40310000.0,740802590.0,9690000.0,1,21464746.993987978,1
53,0.0,0,2,7664.39824537051,0.0,39000.0,0.0,1,45398.29659318637,2
53,0.0,0,2,7554.557636459892,0.0,39000.0,0.0,1,45398.29659318637,2
53,0.0,0,2,7638.7966284345075,0.0,39000.0,0.0,1,45398.29659318637,2
53,0.0,0,2,7548.317661183248,0.0,39000.0,0.0,1,45398.29659318637,2
53,0.0,0,2,7615.141547372963,0.0,39000.0,0.0,1,45398.29659318637,2
64,302000.0,0,1,498.31290546569255,396000.0,5287800.0,302000.0,1,464792.08416833665,1
64,279000.0,0,1,533.7346485193091,392000.0,3405900.0,279000.0,1,469115.73146292585,1
64,401000.0,0,1,559.9803372246278,532000.0,4690100.0,401000.0,1,510190.38076152303,1
64,259000.0,0,1,533.2683191785262,336000.0,4638100.0,259000.0,1,505866.7334669339,1
64,422000.0,0,1,254.84561869617522,460000.0,2279800.0,422000.0,1,490733.96793587174,1
78,0.0,0,1,14510.079824814147,160000.0,465400.0,0.0,0,32859.71943887776,2
78,0.0,0,1,13729.150798501472,160000.0,465800.0,0.0,0,33940.63126252505,2
78,0.0,0,1,13628.290697210105,160000.0,464700.0,0.0,0,33940.63126252505,2
78,0.0,0,1,14002.616014598962,160000.0,464600.0,0.0,0,32859.71943887776,2
78,0.0,0,1,13552.10891740463,160000.0,465200.0,0.0,0,33940.63126252505,2
33,0.0,0,2,3251.1130200066023,0.0,300.0,0.0,1,27022.795591182366,2
33,0.0,0,2,3199.953868666965,0.0,300.0,0.0,1,28103.70741482966,2
33,0.0,0,2,3241.331017191777,0.0,300.0,0.0,1,28103.70741482966,2
33,0.0,0,2,3262.2787695259776,0.0,300.0,0.0,1,27022.795591182366,2
33,0.0,0,2,3241.8001347207537,0.0,300.0,0.0,1,28103.70741482966,2
71,0.0,0,2,3115.501786344752,35000.0,39020.0,0.0,0,12970.941883767535,2
71,0.0,0,2,3097.1256560420193,35000.0,39020.0,0.0,0,12970.941883767535,2
71,0.0,0,2,3096.979829925918,35000.0,39020.0,0.0,0,12970.941883767535,2
71,0.0,0,2,3067.758918151433,35000.0,39020.0,0.0,0,12970.941883767535,2
71,0.0,0,2,3089.6020085188957,35000.0,39020.0,0.0,0,12970.941883767535,2
71,113000.0,0,2,23451.149062707507,87000.0,405450.0,113000.0,0,51235.22044088176,2
71,113000.0,0,2,21739.52614967945,87000.0,405650.0,113000.0,0,51235.22044088176,2
71,113000.0,0,2,22110.07591218838,87000.0,404050.0,113000.0,0,51235.22044088176,2
71,113000.0,0,2,21916.915152725596,87000.0,406750.0,113000.0,0,52316.13226452906,2
71,113000.0,0,2,21647.419745418298,87000.0,405950.0,113000.0,0,51235.22044088176,2
45,140000.0,0,1,3660.3332958939995,141000.0,229010.0,140000.0,1,108091.18236472947,1
45,140000.0,0,1,3520.481302997627,158000.0,246010.0,140000.0,1,108091.18236472947,1
45,140000.0,0,1,3521.016181995703,151000.0,239010.0,140000.0,1,108091.18236472947,1
45,140000.0,0,1,3595.434083942081,143000.0,232010.0,140000.0,1,108091.18236472947,1
45,140000.0,0,1,3477.951900167882,155000.0,243010.0,140000.0,1,108091.18236472947,1
36,0.0,0,2,1665.4122950471087,0.0,4830.0,0.0,1,64854.70941883767,2
36,0.0,0,2,1649.7409632774784,0.0,4830.0,0.0,1,64854.70941883767,2
36,0.0,0,2,1654.2225599845472,0.0,4830.0,0.0,1,64854.70941883767,2
36,0.0,0,2,1671.7573292809952,0.0,4830.0,0.0,1,64854.70941883767,2
36,0.0,0,2,1654.1234023426944,0.0,4830.0,0.0,1,64854.70941883767,2
40,260000.0,0,1,9429.2074646941,340000.0,1189500.0,260000.0,1,487491.23246492987,1
40,260000.0,0,1,9461.309652004536,340000.0,1188500.0,260000.0,1,487491.23246492987,1
40,260000.0,0,1,10171.941248804103,340000.0,1188500.0,260000.0,1,487491.23246492987,1
40,260000.0,0,1,9711.667984831085,340000.0,1187500.0,260000.0,1,488572.14428857714,1
40,260000.0,0,1,10322.796324357998,340000.0,1187500.0,260000.0,1,487491.23246492987,1
60,0.0,0,1,2683.015301277568,260000.0,300920.0,0.0,1,94039.32865731463,1
60,0.0,0,1,2575.290571240037,238000.0,295820.0,0.0,1,88634.76953907816,1
60,0.0,0,1,2607.5375758464957,126000.0,143820.0,0.0,1,67016.53306613227,1
60,0.0,0,1,2596.955552290054,215000.0,232720.0,0.0,1,77825.65130260521,1
60,0.0,0,1,2580.3650153712133,171000.0,267750.0,0.0,1,94039.32865731463,1
38,183000.0,0,1,8553.254391489365,167000.0,353640.0,183000.0,1,110253.00601202405,1
38,183000.0,0,1,8582.507489896558,167000.0,355640.0,183000.0,1,110253.00601202405,1
38,183000.0,0,1,9245.497850730791,167000.0,355530.0,183000.0,1,110253.00601202405,1
38,183000.0,0,1,8814.11735766113,167000.0,355640.0,183000.0,1,110253.00601202405,1
38,183000.0,0,1,9384.948552479123,167000.0,354630.0,183000.0,1,110253.00601202405,1
61,240000.0,0,1,282.7794139376071,160000.0,2565400.0,240000.0,1,83230.21042084169,1
61,240000.0,0,1,293.73270264790375,160000.0,2619400.0,240000.0,1,83230.21042084169,1
61,240000.0,0,1,269.283251909029,160000.0,2560400.0,240000.0,1,83230.21042084169,1
61,240000.0,0,1,275.5169656131973,160000.0,2556400.0,240000.0,1,83230.21042084169,1
61,240000.0,0,1,274.43293060771043,160000.0,2619400.0,240000.0,1,83230.21042084169,1
32,0.0,0,1,9499.81265266717,0.0,-41000.0,0.0,1,23780.06012024048,2
32,0.0,0,1,9448.72477664644,0.0,-41000.0,0.0,1,23780.06012024048,2
32,0.0,0,1,9494.858727272825,0.0,-41000.0,0.0,1,23780.06012024048,2
32,0.0,0,1,9372.57660005066,0.0,-40900.0,0.0,1,23780.06012024048,2
32,0.0,0,1,9510.524956413105,0.0,-41000.0,0.0,1,23780.06012024048,2
63,0.0,0,1,7317.178001442015,590000.0,3007400.0,0.0,1,286441.6332665331,1
63,0.0,0,1,7596.625036889649,590000.0,3006500.0,0.0,1,285360.72144288576,1
63,0.0,0,1,6985.264354996182,590000.0,3007400.0,0.0,1,286441.6332665331,1
63,0.0,0,1,7168.439356735352,590000.0,3007400.0,0.0,1,286441.6332665331,1
63,0.0,0,1,7172.128235242211,590000.0,3007400.0,0.0,1,286441.6332665331,1
52,0.0,0,2,8167.435298246453,0.0,28500.0,0.0,1,59450.1503006012,2
52,0.0,0,2,7944.947120258663,0.0,28500.0,0.0,1,59450.1503006012,2
52,0.0,0,2,8116.508712599309,0.0,28400.0,0.0,1,59450.1503006012,2
52,0.0,0,2,8130.675226085361,0.0,28500.0,0.0,1,59450.1503006012,2
52,0.0,0,2,8065.657105382132,0.0,28500.0,0.0,1,59450.1503006012,2
45,500000.0,0,1,6593.348507888183,600000.0,1379500.0,500000.0,1,356700.90180360724,1
45,500000.0,0,1,7760.263880125931,600000.0,1377500.0,500000.0,1,288603.4569138276,1
45,500000.0,0,1,5562.361033574407,600000.0,1378400.0,500000.0,1,530727.7054108216,1
45,500000.0,0,1,6662.876548158587,600000.0,1378000.0,500000.0,1,357781.8136272545,1
45,500000.0,0,1,5998.3208865351335,600000.0,1379000.0,500000.0,1,305898.0460921844,1
51,474000.0,0,1,1668.9404453202492,76000.0,237500.0,374000.0,1,91877.50501002005,1
51,474000.0,0,1,1662.6895658907756,76000.0,236500.0,374000.0,1,92958.41683366733,1
51,474000.0,0,1,1794.6008783553043,76000.0,237600.0,374000.0,1,91877.50501002005,1
51,474000.0,0,1,1692.6036758216444,76000.0,237500.0,374000.0,1,91877.50501002005,1
51,474000.0,0,1,1817.3687443077274,76000.0,237400.0,374000.0,1,92958.41683366733,1
33,0.0,0,1,8402.00095671609,0.0,8050.0,0.0,1,55126.503006012026,1
33,0.0,0,1,8493.626538675595,0.0,8050.0,0.0,1,55126.503006012026,1
33,0.0,0,1,8471.646715444222,0.0,7060.0,0.0,1,55126.503006012026,1
33,0.0,0,1,8483.821204672618,0.0,7060.0,0.0,1,55126.503006012026,1
33,0.0,0,1,8493.866586450818,0.0,8060.0,0.0,1,55126.503006012026,1
83,175000.0,0,1,9924.012614238356,250000.0,1105390.0,175000.0,1,69221.59318637275,1
83,175000.0,0,1,9956.604550499003,250000.0,1101820.0,175000.0,1,61633.59218436875,1
83,175000.0,0,1,10725.90339117597,250000.0,1103330.0,175000.0,1,78960.60871743486,1
83,175000.0,0,1,10222.205414814407,250000.0,1104990.0,175000.0,1,65957.23947895791,1
83,175000.0,0,1,10890.75539943312,250000.0,1105170.0,175000.0,1,65957.23947895791,1
62,0.0,0,1,3225.5767220064886,2500000.0,15354200.0,0.0,1,1470040.0801603207,1
62,0.0,0,1,3537.0876544706143,2500000.0,15354200.0,0.0,1,1480849.1983967936,1
62,0.0,0,1,3835.377912984789,2500000.0,15353100.0,0.0,1,1470040.0801603207,1
62,0.0,0,1,3437.349454472142,2500000.0,15354200.0,0.0,1,1470040.0801603207,1
62,0.0,0,1,3323.2983208675273,2500000.0,15353100.0,0.0,1,1470040.0801603207,1
65,0.0,0,2,9445.99392559338,0.0,-29490.0,0.0,1,23780.06012024048,2
65,0.0,0,2,9281.484847885777,0.0,-28490.0,0.0,1,22699.148296593186,2
65,0.0,0,2,9199.967230877472,0.0,-28480.0,0.0,1,22699.148296593186,2
65,0.0,0,2,9515.803243335973,0.0,-30490.0,0.0,1,23780.06012024048,2
65,0.0,0,2,9292.643686029423,0.0,-28490.0,0.0,1,23780.06012024048,2
61,0.0,0,1,811.6211891919233,850000.0,10698000.0,0.0,1,740424.5991983968,1
61,0.0,0,1,851.626090211677,850000.0,10698000.0,0.0,1,740424.5991983968,1
61,0.0,0,1,886.6795344489498,850000.0,10698000.0,0.0,1,740424.5991983968,1
61,0.0,0,1,855.8277394021227,850000.0,10697000.0,0.0,1,740424.5991983968,1
61,0.0,0,1,830.6199234369562,850000.0,10698000.0,0.0,1,740424.5991983968,1
43,270000.0,0,1,8652.943147036493,545000.0,1338900.0,270000.0,1,220506.0120240481,1
43,270000.0,0,1,10072.983427333656,730000.0,1610800.0,270000.0,1,220506.0120240481,1
43,270000.0,0,1,9351.326799983512,475000.0,1146800.0,270000.0,1,220506.0120240481,1
43,270000.0,0,1,8922.379478529034,280000.0,951900.0,270000.0,1,220506.0120240481,1
43,270000.0,0,1,7779.302606421319,564000.0,1428900.0,270000.0,1,220506.0120240481,1
44,0.0,0,1,1795.3158758061504,0.0,11580.0,0.0,1,34589.178356713426,1
44,0.0,0,1,1836.2421542765946,0.0,16771.0,0.0,1,34589.178356713426,1
44,0.0,0,1,1782.0907958798591,0.0,-1730.0,0.0,1,34589.178356713426,1
44,0.0,0,1,1825.000690360468,0.0,14330.0,0.0,1,34589.178356713426,1
44,0.0,0,1,1790.148717984078,0.0,6580.0,0.0,1,34589.178356713426,1
40,0.0,0,1,4131.1835484040075,15000.0,21700.0,0.0,1,43236.47294589179,1
40,0.0,0,1,3848.353460837646,15000.0,20990.0,0.0,1,43236.47294589179,1
40,0.0,0,1,3867.7449777282136,15000.0,24150.0,0.0,1,43236.47294589179,1
40,0.0,0,1,3941.581588150176,15000.0,25600.0,0.0,1,43236.47294589179,1
40,0.0,0,1,3771.6516291720154,15000.0,22200.0,0.0,1,43236.47294589179,1
57,158000.0,0,1,2288.974029057378,22000.0,17920.0,158000.0,1,32427.354709418836,1
57,158000.0,0,1,2197.070300731374,22000.0,18920.0,158000.0,1,32427.354709418836,1
57,158000.0,0,1,2224.581346241973,22000.0,17920.0,158000.0,1,32427.354709418836,1
57,158000.0,0,1,2215.5534524822774,22000.0,19920.0,158000.0,1,33508.26653306613,1
57,158000.0,0,1,2201.3994861902243,22000.0,17920.0,158000.0,1,33508.26653306613,1
53,0.0,0,1,7358.438683419158,0.0,754500.0,0.0,1,63773.79759519038,1
53,0.0,0,1,9669.447098392426,0.0,196600.0,0.0,1,63773.79759519038,1
53,0.0,0,1,9715.559559981253,0.0,124500.0,0.0,1,63773.79759519038,1
53,0.0,0,1,9676.391184287471,0.0,383500.0,0.0,1,63773.79759519038,1
53,0.0,0,1,9710.446496481707,0.0,290500.0,0.0,1,63773.79759519038,1
56,85000.0,0,2,1558.0868884935664,175000.0,746500.0,85000.0,1,198887.7755511022,2
56,85000.0,0,2,1552.9354124531394,175000.0,526500.0,85000.0,1,198887.7755511022,2
56,85000.0,0,2,1704.8148317273601,175000.0,526500.0,85000.0,1,105929.35871743486,2
56,85000.0,0,2,1591.7875943278457,175000.0,526500.0,85000.0,1,102686.62324649299,2
56,85000.0,0,2,1725.531765294348,175000.0,822500.0,85000.0,1,99443.8877755511,2
61,174000.0,0,1,496.11847220078414,906000.0,4929900.0,174000.0,1,806360.2204408818,1
61,162000.0,0,1,531.3842276201143,791000.0,4842400.0,162000.0,1,822573.8977955912,1
61,171000.0,0,1,557.5143375159666,751000.0,4731800.0,171000.0,1,803117.4849699399,1
61,186000.0,0,1,530.9199518657558,769000.0,4736300.0,186000.0,1,835544.8396793588,1
61,155000.0,0,1,499.41463840343476,875000.0,4955000.0,155000.0,1,816088.4268537074,1
51,0.0,0,1,2971.7701554922046,0.0,32760.0,0.0,1,71340.18036072144,2
51,0.0,0,1,2952.7158708647144,0.0,30920.0,0.0,1,71340.18036072144,2
51,0.0,0,1,2927.967638382387,0.0,32540.0,0.0,1,71340.18036072144,2
51,0.0,0,1,2963.5651305235365,0.0,33550.0,0.0,1,70259.26853707415,2
51,0.0,0,1,2929.9437341751927,0.0,32440.0,0.0,1,71340.18036072144,2
65,0.0,0,1,2930.565583547015,1900000.0,18675000.0,0.0,1,2010495.9919839676,1
65,0.0,0,1,3051.3800496256963,1900000.0,18675000.0,0.0,1,2010495.9919839676,1
65,0.0,0,1,3146.026645234034,1900000.0,18675000.0,0.0,1,2010495.9919839676,1
65,0.0,0,1,3025.142315922801,1900000.0,18675000.0,0.0,1,1999686.8737474948,1
65,0.0,0,1,2953.131711810188,1900000.0,18675000.0,0.0,1,1999686.8737474948,1
49,2000000.0,0,1,117.99752066928534,2690000.0,6406000.0,1800000.0,1,1578131.2625250502,1
49,2000000.0,0,1,126.27733310788946,2910000.0,6552200.0,1800000.0,1,1578131.2625250502,1
49,2000000.0,0,1,132.64156528087221,2880000.0,6556700.0,1800000.0,1,1578131.2625250502,1
49,2000000.0,0,1,126.81771290639912,2550000.0,6255000.0,1800000.0,1,1578131.2625250502,1
49,2000000.0,0,1,120.16717678505597,2650000.0,6305000.0,1800000.0,1,1578131.2625250502,1
58,82000.0,0,1,7780.2273451279325,157000.0,270600.0,82000.0,0,256176.10220440885,1
58,82000.0,0,1,7810.815050047681,157000.0,286600.0,82000.0,0,256176.10220440885,1
58,82000.0,0,1,8408.800423169212,157000.0,261600.0,82000.0,0,256176.10220440885,1
58,82000.0,0,1,8023.58124711446,157000.0,265600.0,82000.0,0,256176.10220440885,1
58,82000.0,0,1,8538.011640836758,157000.0,268600.0,82000.0,0,256176.10220440885,1
62,0.0,0,2,3668.634482909467,1100000.0,3338200.0,0.0,1,899318.6372745491,2
62,0.0,0,2,3952.862201765528,1100000.0,3509000.0,0.0,1,942555.1102204409,2
62,0.0,0,2,4111.517720055281,1100000.0,3480000.0,0.0,1,981467.9358717435,2
62,0.0,0,2,1933.3277756453044,1100000.0,3099500.0,0.0,1,959849.6993987976,2
62,0.0,0,2,3746.6505936584845,1100000.0,3449700.0,0.0,1,849596.6933867736,2
39,1460000.0,0,1,2125.1887678557155,1340000.0,21973390.0,1460000.0,1,4031801.102204409,1
39,1460000.0,0,1,2117.4658339452644,1970000.0,28946220.0,1460000.0,1,4096655.8116232464,1
39,1460000.0,0,1,2144.8293033135647,2150000.0,29117200.0,1460000.0,1,3837236.9739478957,1
39,1460000.0,0,1,1934.2434477246738,2120000.0,17850060.0,1460000.0,1,3837236.9739478957,1
39,1460000.0,0,1,2183.222931185012,1150000.0,26779460.0,1460000.0,1,4053419.338677355,1
64,0.0,0,1,87.22336568453446,900000.0,1403000.0,0.0,1,1999686.8737474948,1
64,0.0,0,1,88.21638173122622,900000.0,1403000.0,0.0,1,1999686.8737474948,1
64,0.0,0,1,91.67190921054006,900000.0,1403000.0,0.0,1,1999686.8737474948,1
64,0.0,0,1,90.27138699194352,900000.0,1403000.0,0.0,1,1999686.8737474948,1
64,0.0,0,1,92.24528882096055,900000.0,1403000.0,0.0,1,1999686.8737474948,1
34,80000.0,0,1,21387.49370898281,80000.0,142000.0,80000.0,1,108091.18236472947,1
34,80000.0,0,1,21274.332838286195,80000.0,141000.0,80000.0,1,108091.18236472947,1
34,80000.0,0,1,20655.225386402588,80000.0,146000.0,80000.0,1,108091.18236472947,1
34,80000.0,0,1,21195.17812474555,80000.0,146000.0,80000.0,1,108091.18236472947,1
34,80000.0,0,1,20663.61847930878,80000.0,144000.0,80000.0,1,108091.18236472947,1
32,0.0,0,2,5944.019621725192,0.0,-390.0,0.0,1,48641.03206412826,2
32,0.0,0,2,5992.547835628131,0.0,-390.0,0.0,1,48641.03206412826,2
32,0.0,0,2,5990.790945678189,0.0,-390.0,0.0,1,48641.03206412826,2
32,0.0,0,2,5965.031971689954,0.0,-390.0,0.0,1,48641.03206412826,2
32,0.0,0,2,5996.424336122016,0.0,-390.0,0.0,1,48641.03206412826,2
57,20000.0,0,2,1556.5165566589799,160000.0,548100.0,0.0,1,51883.76753507014,2
57,20000.0,0,2,1551.3680180821757,160000.0,547100.0,0.0,1,51883.76753507014,2
57,20000.0,0,2,1672.8113826624838,160000.0,546100.0,0.0,1,51883.76753507014,2
57,20000.0,0,2,1578.4706069611177,160000.0,547100.0,0.0,1,51883.76753507014,2
57,20000.0,0,2,1694.2909870742183,160000.0,546100.0,0.0,1,51883.76753507014,2
75,0.0,0,1,61.544774973988865,3500000.0,99211500.0,0.0,1,3123835.1703406814,1
75,0.0,0,1,62.23305395725117,3500000.0,99211500.0,0.0,1,3123835.1703406814,1
75,0.0,0,1,62.53341837694442,3500000.0,99211500.0,0.0,1,3123835.1703406814,1
75,0.0,0,1,63.86088277910777,3500000.0,99211500.0,0.0,1,3123835.1703406814,1
75,0.0,0,1,62.160641774697716,3500000.0,99211500.0,0.0,1,3113026.0521042086,1
66,0.0,0,1,6359.318344656399,258000.0,1151900.0,0.0,0,50802.855711422846,2
66,0.0,0,1,6379.643136504217,258000.0,1153900.0,0.0,0,50802.855711422846,2
66,0.0,0,1,6870.4597005359155,258000.0,1157000.0,0.0,0,50802.855711422846,2
66,0.0,0,1,6547.693570095185,258000.0,1152500.0,0.0,0,50802.855711422846,2
66,0.0,0,1,6976.811134653564,258000.0,1155000.0,0.0,0,50802.855711422846,2
69,0.0,0,1,13270.593404548024,610000.0,1393000.0,0.0,1,190240.48096192384,1
69,0.0,0,1,13916.530515290444,610000.0,1388000.0,0.0,1,169703.15631262524,1
69,0.0,0,1,15087.66631696092,610000.0,1390000.0,0.0,1,154570.39078156312,1
69,0.0,0,1,13731.080098863324,610000.0,1390000.0,0.0,1,190240.48096192384,1
69,0.0,0,1,15323.510657882365,610000.0,1390000.0,0.0,1,185916.83366733466,1
43,475000.0,0,1,9112.768289570051,25000.0,-64710.0,475000.0,1,129709.41883767534,1
43,475000.0,0,1,9087.242324496092,25000.0,-65560.0,475000.0,1,129709.41883767534,1
43,475000.0,0,1,9799.585563584278,25000.0,-64190.0,475000.0,1,129709.41883767534,1
43,475000.0,0,1,9253.288605997435,25000.0,-64800.0,475000.0,1,129709.41883767534,1
43,475000.0,0,1,9924.729256983914,25000.0,-64790.0,475000.0,1,129709.41883767534,1
70,0.0,0,1,1947.4134766659176,425000.0,6451000.0,0.0,1,403180.1102204409,1
70,0.0,0,1,2086.1526145226676,425000.0,6457000.0,0.0,1,403180.1102204409,1
70,0.0,0,1,2169.68147744734,425000.0,6442400.0,0.0,1,405341.9338677355,1
70,0.0,0,1,2083.420970318753,425000.0,6456000.0,0.0,1,404261.02204408817,1
70,0.0,0,1,1962.5714022237612,425000.0,6457000.0,0.0,1,403180.1102204409,1
57,0.0,0,1,285.08644848021163,475000.0,928000.0,0.0,1,0.0,1
57,0.0,0,1,292.8989523484875,475000.0,918000.0,0.0,1,0.0,1
57,0.0,0,1,302.4231778477158,475000.0,935000.0,0.0,1,0.0,1
57,0.0,0,1,301.74563136841317,475000.0,934000.0,0.0,1,0.0,1
57,0.0,0,1,301.5445560403015,475000.0,918000.0,0.0,1,0.0,1
55,0.0,0,2,6847.870043753994,0.0,-12300.0,0.0,1,88634.76953907816,2
55,0.0,0,2,6876.208076491709,0.0,-7680.0,0.0,1,88634.76953907816,2
55,0.0,0,2,6798.774741604078,0.0,-13900.0,0.0,1,88634.76953907816,2
55,0.0,0,2,6827.124465208102,0.0,-9130.0,0.0,1,88634.76953907816,2
55,0.0,0,2,6806.153511407219,0.0,-11070.0,0.0,1,88634.76953907816,2
29,0.0,0,1,7986.35782090324,0.0,560300.0,0.0,1,210777.80561122246,1
29,0.0,0,1,8001.576477475942,0.0,561300.0,0.0,1,210777.80561122246,1
29,0.0,0,1,8649.763198380728,0.0,560300.0,0.0,1,210777.80561122246,1
29,0.0,0,1,8212.296088468402,0.0,562300.0,0.0,1,210777.80561122246,1
29,0.0,0,1,8780.331816879081,0.0,562300.0,0.0,1,210777.80561122246,1
60,255000.0,0,1,1390.7731458409162,330000.0,10941500.0,255000.0,1,378319.13827655313,1
60,255000.0,0,1,1524.7591731151456,330000.0,10961500.0,255000.0,1,378319.13827655313,1
60,255000.0,0,1,1653.136903480441,330000.0,10934500.0,255000.0,1,378319.13827655313,1
60,255000.0,0,1,1481.0220697154716,330000.0,10962500.0,255000.0,1,378319.13827655313,1
60,255000.0,0,1,1432.515814005786,330000.0,10970500.0,255000.0,1,378319.13827655313,1
52,30000.0,0,1,11259.673174173975,370000.0,2977000.0,30000.0,1,149165.83166332665,1
52,30000.0,0,1,13452.230637351156,370000.0,2978000.0,30000.0,1,149165.83166332665,1
52,30000.0,0,1,9288.29671915622,370000.0,2977000.0,30000.0,1,149165.83166332665,1
52,30000.0,0,1,11280.025237677717,370000.0,2979980.0,30000.0,1,149165.83166332665,1
52,30000.0,0,1,10389.284144372165,370000.0,2977000.0,30000.0,1,149165.83166332665,1
50,396000.0,0,1,3712.6051184741336,1404000.0,6673000.0,396000.0,1,2042923.3466933868,1
50,396000.0,0,1,4000.239465464293,1404000.0,6672000.0,396000.0,1,2042923.3466933868,1
50,396000.0,0,1,4160.796558851684,1404000.0,6673000.0,396000.0,1,2042923.3466933868,1
50,396000.0,0,1,4005.589628083224,1404000.0,6673000.0,396000.0,1,2042923.3466933868,1
50,396000.0,0,1,3791.55629593255,1404000.0,6672000.0,396000.0,1,2042923.3466933868,1
55,0.0,0,2,1127.0271062609438,200000.0,551120.0,0.0,1,51883.76753507014,2
55,0.0,0,2,1123.3008358085758,200000.0,553120.0,0.0,1,51883.76753507014,2
55,0.0,0,2,1233.1613472276244,200000.0,553620.0,0.0,1,51883.76753507014,2
55,0.0,0,2,1151.4041864198568,200000.0,554120.0,0.0,1,51883.76753507014,2
55,0.0,0,2,1248.1467410853304,200000.0,552720.0,0.0,1,51883.76753507014,2
27,173000.0,0,1,13228.933955032995,0.0,29770.0,173000.0,1,92958.41683366733,1
27,173000.0,0,1,13355.01236562521,0.0,29760.0,173000.0,1,92958.41683366733,1
27,173000.0,0,1,13027.723284456046,0.0,29670.0,173000.0,1,92958.41683366733,1
27,173000.0,0,1,13233.974249225643,0.0,29760.0,173000.0,1,92958.41683366733,1
27,173000.0,0,1,13051.703056009925,0.0,28760.0,173000.0,1,92958.41683366733,1
68,490000.0,0,1,447.29748929425506,1510000.0,11468000.0,490000.0,0,1978068.637274549,1
68,490000.0,0,1,477.8295968572198,1510000.0,11278000.0,490000.0,0,1859168.3366733466,1
68,490000.0,0,1,496.40294321262127,1510000.0,10917000.0,490000.0,0,1848359.2184368738,1
68,490000.0,0,1,478.2942658291019,1510000.0,11457000.0,490000.0,0,1902404.8096192384,1
68,490000.0,0,1,455.77358195455616,1510000.0,10648000.0,490000.0,0,1848359.2184368738,1
42,0.0,0,2,7090.556463913732,0.0,61070.0,0.0,1,21618.236472945893,2
42,0.0,0,2,7194.389330056171,0.0,62080.0,0.0,1,23780.06012024048,2
42,0.0,0,2,7119.755916196706,0.0,62070.0,0.0,1,20537.324649298596,2
42,0.0,0,2,7118.284276528748,0.0,61080.0,0.0,1,21618.236472945893,2
42,0.0,0,2,7124.992545244595,0.0,61060.0,0.0,1,20537.324649298596,2
78,0.0,0,1,14502.309456847852,60000.0,272800.0,0.0,0,21618.236472945893,1
78,0.0,0,1,14594.382153680204,60000.0,271700.0,0.0,0,21618.236472945893,1
78,0.0,0,1,14559.98922731757,60000.0,349800.0,0.0,0,20537.324649298596,1
78,0.0,0,1,14614.045497474775,60000.0,272100.0,0.0,0,21618.236472945893,1
78,0.0,0,1,14561.908593997436,60000.0,348300.0,0.0,0,20537.324649298596,1
85,50000.0,0,2,23491.574888946157,250000.0,300900.0,50000.0,0,29779.120741482966,2
85,49000.0,0,2,21664.241898619035,251000.0,301900.0,49000.0,0,28752.254509018036,2
85,49000.0,0,2,21827.824968163048,251000.0,302900.0,49000.0,0,28676.590681362726,2
85,49000.0,0,2,22490.604510415003,251000.0,301900.0,49000.0,0,29779.120741482966,2
85,50000.0,0,2,21386.43672872465,250000.0,300900.0,50000.0,0,29757.50250501002,2
32,0.0,0,1,1363.6654449860741,0.0,2024440.0,0.0,1,174026.80360721442,1
32,0.0,0,1,1614.4166019315724,0.0,2023440.0,0.0,1,174026.80360721442,1
32,0.0,0,1,1158.5688652544832,0.0,2023440.0,0.0,1,172945.89178356715,1
32,0.0,0,1,1398.9810222273597,0.0,2024440.0,0.0,1,174026.80360721442,1
32,0.0,0,1,1251.9609098241235,0.0,2024440.0,0.0,1,174026.80360721442,1
73,40000.0,0,1,8119.272340833266,760000.0,1032700.0,0.0,1,387614.9799599198,1
73,40000.0,0,1,8147.20009705439,760000.0,1032700.0,0.0,1,387614.9799599198,1
73,40000.0,0,1,8776.805429062866,760000.0,1032700.0,0.0,1,387614.9799599198,1
73,40000.0,0,1,8363.937412485076,760000.0,1030600.0,0.0,1,387614.9799599198,1
73,40000.0,0,1,8908.424899001464,760000.0,1030700.0,0.0,1,387614.9799599198,1
65,180000.0,0,1,7043.091142712129,920000.0,2040350.0,180000.0,0,228072.39478957915,1
65,180000.0,0,1,8289.740192584111,920000.0,2040350.0,180000.0,0,226991.48296593185,1
65,180000.0,0,1,5940.997311890401,920000.0,2039450.0,180000.0,0,226991.48296593185,1
65,180000.0,0,1,7112.535944392871,920000.0,2040450.0,180000.0,0,226991.48296593185,1
65,180000.0,0,1,6406.47560037769,920000.0,2039450.0,180000.0,0,226991.48296593185,1
28,0.0,0,1,6778.756020485298,0.0,21191.0,0.0,1,46479.208416833666,1
28,0.0,0,1,6852.679776092824,0.0,21191.0,0.0,1,48641.03206412826,1
28,0.0,0,1,6834.946398076509,0.0,14276.0,0.0,1,47560.12024048096,1
28,0.0,0,1,6844.768807354783,0.0,22266.0,0.0,1,47560.12024048096,1
28,0.0,0,1,6852.873447256379,0.0,21701.0,0.0,1,47560.12024048096,1
73,0.0,0,1,10212.004093829195,85000.0,104340.0,0.0,0,35129.63426853708,1
73,0.0,0,1,9737.227019488788,85000.0,103340.0,0.0,0,36210.54609218437,1
73,0.0,0,1,9893.910843107535,85000.0,102240.0,0.0,0,36210.54609218437,1
73,0.0,0,1,9791.306076833796,85000.0,102240.0,0.0,0,36210.54609218437,1
73,0.0,0,1,9693.843687011322,85000.0,102350.0,0.0,0,35129.63426853708,1
63,0.0,0,1,8684.799533414372,0.0,16000.0,0.0,1,31346.442885771543,1
63,0.0,0,1,8499.840732469866,0.0,16000.0,0.0,1,31346.442885771543,1
63,0.0,0,1,8530.248502784061,0.0,16000.0,0.0,1,31346.442885771543,1
63,0.0,0,1,8589.971573718889,0.0,16000.0,0.0,1,31346.442885771543,1
63,0.0,0,1,8413.85929627568,0.0,17000.0,0.0,1,31346.442885771543,1
61,0.0,0,1,23896.566948638672,486000.0,489580.0,0.0,0,18375.501002004006,1
61,0.0,0,1,21443.337237860764,270000.0,273580.0,0.0,0,18375.501002004006,1
61,0.0,0,1,22206.068402063604,326000.0,329580.0,0.0,0,17294.589178356713,1
61,0.0,0,1,21984.431682862945,436000.0,439580.0,0.0,0,17294.589178356713,1
61,0.0,0,1,21660.861193149736,302000.0,305580.0,0.0,0,18375.501002004006,1
64,0.0,0,1,46.19766487404768,2770000.0,85679300.0,0.0,1,14037261.397795592,1
64,0.0,0,1,46.60982312711551,2750000.0,99277400.0,0.0,1,14046773.421843687,1
64,0.0,0,1,46.976444017181294,3050000.0,84866600.0,0.0,1,14501513.026052104,1
64,0.0,0,1,47.92597482649517,2810000.0,84497800.0,0.0,1,14014562.249498999,1
64,0.0,0,1,46.458146561719346,2770000.0,100226500.0,0.0,1,14523131.26252505,1
51,15000.0,0,1,19958.684199350413,32000.0,55700.0,15000.0,1,49721.94388777555,2
51,14000.0,0,1,19940.497954461407,35000.0,53100.0,14000.0,1,43236.47294589179,2
51,14000.0,0,1,16384.967708481578,27000.0,61600.0,14000.0,1,32427.354709418836,2
51,14000.0,0,1,16517.478861893138,35000.0,67500.0,14000.0,1,54045.59118236473,2
51,14000.0,0,1,16394.388371817775,27000.0,65700.0,14000.0,1,43236.47294589179,2
56,951000.0,0,1,43.89384839442622,349000.0,29009400.0,951000.0,1,3848046.0921843685,1
56,900000.0,0,1,43.78766105951244,400000.0,29059400.0,900000.0,1,3848046.0921843685,1
56,977000.0,0,1,43.887912949928406,323000.0,28982400.0,977000.0,1,3848046.0921843685,1
56,933000.0,0,1,44.40321007889872,367000.0,29027400.0,933000.0,1,3848046.0921843685,1
56,938000.0,0,1,44.62738274454913,362000.0,29021400.0,938000.0,1,3848046.0921843685,1
66,287000.0,0,1,9175.635952600362,40000.0,833400.0,287000.0,1,214020.54108216433,1
66,287000.0,0,1,9204.961877282945,40000.0,833400.0,287000.0,1,208615.98196392786,1
66,287000.0,0,1,9913.143771470595,40000.0,833400.0,287000.0,1,209696.89378757516,1
66,287000.0,0,1,9447.435915652646,40000.0,833400.0,287000.0,1,209696.89378757516,1
66,287000.0,0,1,10066.59450150371,40000.0,833400.0,287000.0,1,219425.1002004008,1
41,0.0,0,1,17285.806203707507,125000.0,317600.0,0.0,1,82149.29859719439,1
41,0.0,0,1,16667.450535727032,125000.0,317600.0,0.0,1,83230.21042084169,1
41,0.0,0,1,16504.209735445733,125000.0,317500.0,0.0,1,83230.21042084169,1
41,0.0,0,1,16748.051155696772,125000.0,317700.0,0.0,1,82149.29859719439,1
41,0.0,0,1,16397.971690384773,125000.0,318600.0,0.0,1,83230.21042084169,1
55,630000.0,0,1,662.8559514530607,1370000.0,10103000.0,620000.0,1,657194.3887775551,1
55,630000.0,0,1,700.5176329667868,1370000.0,10102000.0,620000.0,1,668003.507014028,1
55,630000.0,0,1,721.4548989567647,1370000.0,10103000.0,620000.0,1,663679.8597194388,1
55,630000.0,0,1,696.0582161897488,1370000.0,10102000.0,620000.0,1,665841.6833667335,1
55,630000.0,0,1,675.1779797142136,1370000.0,10104000.0,620000.0,1,663679.8597194388,1
58,0.0,0,2,4132.223057747446,0.0,-28280.0,0.0,1,25941.88376753507,2
58,0.0,0,2,4205.817014913005,0.0,-28430.0,0.0,1,25941.88376753507,2
58,0.0,0,2,4137.036596852843,0.0,-26530.0,0.0,1,25941.88376753507,2
58,0.0,0,2,4190.39198927846,0.0,-20530.0,0.0,1,25941.88376753507,2
58,0.0,0,2,4138.592456854391,0.0,-28190.0,0.0,1,25941.88376753507,2
52,670000.0,0,1,1609.529177814738,1630000.0,6511400.0,670000.0,1,325354.45891783567,1
52,670000.0,0,1,1765.2309121043497,1630000.0,6510500.0,670000.0,1,325354.45891783567,1
52,670000.0,0,1,1914.4495143464185,1630000.0,6479500.0,670000.0,1,325354.45891783567,1
52,670000.0,0,1,1716.391085305535,1630000.0,6510500.0,670000.0,1,325354.45891783567,1
52,670000.0,0,1,1659.1633697180641,1630000.0,6512500.0,670000.0,1,325354.45891783567,1
69,0.0,0,1,13837.688556046318,270000.0,454800.0,0.0,0,59450.1503006012,2
69,0.0,0,1,12933.230118512472,270000.0,453800.0,0.0,0,59450.1503006012,2
69,0.0,0,1,12956.535616928177,270000.0,453800.0,0.0,0,59450.1503006012,2
69,0.0,0,1,13488.298692759388,270000.0,454800.0,0.0,0,59450.1503006012,2
69,0.0,0,1,13002.508226134647,270000.0,454800.0,0.0,0,59450.1503006012,2
56,0.0,0,1,45.65903788899025,4040000.0,426440900.0,0.0,1,12257540.08016032,1
56,0.0,0,1,46.066390713952096,4350000.0,445100200.0,0.0,1,21283153.80761523,1
56,0.0,0,1,46.428737104317214,4330000.0,402208600.0,0.0,1,18688965.430861723,1
56,0.0,0,1,47.36719716106309,3950000.0,314698100.0,0.0,1,11230673.847695392,1
56,0.0,0,1,45.916482573244615,3710000.0,398993500.0,0.0,1,21175062.6252505,1
48,3000.0,0,1,2177.497446096586,37000.0,58300.0,3000.0,1,39993.7374749499,2
48,3000.0,0,1,2036.1227852732384,37000.0,58400.0,3000.0,1,39993.7374749499,2
48,3000.0,0,1,2092.568070071426,37000.0,58400.0,3000.0,1,39993.7374749499,2
48,3000.0,0,1,2073.94150909375,37000.0,58400.0,3000.0,1,39993.7374749499,2
48,3000.0,0,1,2056.214400940683,37000.0,58300.0,3000.0,1,39993.7374749499,2
61,0.0,0,1,13802.538594613236,10000.0,485980.0,0.0,0,97282.06412825652,1
61,0.0,0,1,7359.953304063973,10000.0,1327820.0,0.0,0,97282.06412825652,1
61,0.0,0,1,6122.004786572514,10000.0,1866120.0,0.0,0,97282.06412825652,1
61,0.0,0,1,12837.41083609171,10000.0,511200.0,0.0,0,97282.06412825652,1
61,0.0,0,1,12770.586928862696,10000.0,310490.0,0.0,0,97282.06412825652,1
77,0.0,0,2,14196.594598478861,200000.0,314700.0,0.0,0,147004.00801603205,2
77,0.0,0,2,13432.537272082458,200000.0,341300.0,0.0,0,122143.03607214428,2
77,0.0,0,2,13333.856218188706,200000.0,319500.0,0.0,0,132952.15430861723,2
77,0.0,0,2,13700.094367328906,200000.0,315740.0,0.0,0,147004.00801603205,2
77,0.0,0,2,13259.320319231116,200000.0,314680.0,0.0,0,131871.24248496993,2
55,350000.0,0,1,658.8360213865398,1150000.0,3586000.0,350000.0,1,503704.90981963923,1
55,350000.0,0,1,696.2693013515718,1150000.0,4078000.0,350000.0,1,540455.9118236473,1
55,350000.0,0,1,717.0795920237916,1150000.0,4076000.0,350000.0,1,456144.7895791583,1
55,350000.0,0,1,691.8369289776833,1150000.0,3592000.0,350000.0,1,495057.61523046094,1
55,350000.0,0,1,671.083321960962,1150000.0,3850000.0,350000.0,1,479924.8496993988,1
57,0.0,0,1,2950.8380857440943,360000.0,4993000.0,0.0,1,108091.18236472947,2
57,0.0,0,1,3235.119582996679,360000.0,4993000.0,0.0,1,108091.18236472947,2
57,0.0,0,1,3507.5018167607986,360000.0,4993000.0,0.0,1,108091.18236472947,2
57,0.0,0,1,3142.321479396649,360000.0,4993000.0,0.0,1,108091.18236472947,2
57,0.0,0,1,3039.404546341807,360000.0,4993000.0,0.0,1,108091.18236472947,2
42,0.0,0,1,3076.954632137866,0.0,10400.0,0.0,1,32427.354709418836,1
42,0.0,0,1,3076.7030916688946,0.0,4800.0,0.0,1,32427.354709418836,1
42,0.0,0,1,3084.1497424671657,0.0,11800.0,0.0,1,32427.354709418836,1
42,0.0,0,1,3074.6896801705548,0.0,9200.0,0.0,1,32427.354709418836,1
42,0.0,0,1,3083.4409539677417,0.0,8500.0,0.0,1,32427.354709418836,1
48,87000.0,0,1,3495.9148374055826,213000.0,562201.0,87000.0,1,183755.0100200401,1
48,87000.0,0,1,3509.755011148611,213000.0,563201.0,87000.0,1,183755.0100200401,1
48,87000.0,0,1,3780.015608915083,213000.0,563201.0,87000.0,1,183755.0100200401,1
48,87000.0,0,1,3606.210289910069,213000.0,563201.0,87000.0,1,183755.0100200401,1
48,87000.0,0,1,3838.258465484516,213000.0,563201.0,87000.0,1,183755.0100200401,1
69,2560000.0,0,1,47.354643384641555,9160000.0,219817900.0,2560000.0,1,21553792.51002004,1
69,2520000.0,0,1,46.941139485799845,10540000.0,143597400.0,2520000.0,1,21391515.21793587,1
69,2400000.0,0,1,47.308991148466895,10050000.0,146521100.0,2400000.0,1,21067328.143787574,1
69,2630000.0,0,1,48.26822368987367,10430000.0,213042200.0,2630000.0,1,20797046.14228457,1
69,2570000.0,0,1,47.6345516106211,8140000.0,218331200.0,2570000.0,1,20796992.096693385,1
29,0.0,0,1,3261.254072157292,0.0,13620.0,0.0,1,37831.91382765531,1
29,0.0,0,1,3296.8187315543328,0.0,12520.0,0.0,1,37831.91382765531,1
29,0.0,0,1,3288.28721764617,0.0,12520.0,0.0,1,37831.91382765531,1
29,0.0,0,1,3293.012770853922,0.0,12520.0,0.0,1,37831.91382765531,1
29,0.0,0,1,3296.9119065954314,0.0,13620.0,0.0,1,37831.91382765531,1
57,0.0,0,1,6791.549014688142,0.0,-12320.0,0.0,1,113495.74148296592,1
57,0.0,0,1,6694.842523511696,0.0,-9830.0,0.0,1,113495.74148296592,1
57,0.0,0,1,6803.895932428204,0.0,-13230.0,0.0,1,113495.74148296592,1
57,0.0,0,1,6800.941529626716,0.0,-11230.0,0.0,1,113495.74148296592,1
57,0.0,0,1,6775.410977841129,0.0,-11790.0,0.0,1,114576.65330661323,1
73,285000.0,0,1,7241.023638167162,1015000.0,2349990.0,260000.0,0,144842.18436873748,1
73,285000.0,0,1,8524.996454847838,1015000.0,2350830.0,260000.0,0,145923.09619238478,1
73,285000.0,0,1,6107.9919157653785,1015000.0,2336590.0,260000.0,0,144842.18436873748,1
73,285000.0,0,1,7317.110909612935,1015000.0,2352890.0,260000.0,0,145923.09619238478,1
73,285000.0,0,1,6585.87190596315,1015000.0,2368890.0,260000.0,0,145923.09619238478,1
75,210000.0,0,1,12263.465415859808,640000.0,1353400.0,210000.0,0,132952.15430861723,1
75,210000.0,0,1,12302.57456601549,640000.0,1372300.0,210000.0,0,134033.06613226453,1
75,210000.0,0,1,13248.44196809331,640000.0,1374300.0,210000.0,0,142680.36072144288,1
75,210000.0,0,1,12628.340394495073,640000.0,1352290.0,210000.0,0,125385.77154308617,1
75,210000.0,0,1,13455.025088628016,640000.0,1373300.0,210000.0,0,129709.41883767534,1
48,810000.0,0,1,4140.7178722787885,390000.0,5969000.0,810000.0,1,1167384.7695390782,1
48,810000.0,0,1,4485.503040593743,390000.0,5708400.0,810000.0,1,1167384.7695390782,1
48,810000.0,0,1,4651.5161656680775,390000.0,5418500.0,810000.0,1,1167384.7695390782,1
48,810000.0,0,1,4473.158882925858,390000.0,5642000.0,810000.0,1,1167384.7695390782,1
48,810000.0,0,1,4231.559594771303,390000.0,5234000.0,810000.0,1,1167384.7695390782,1
56,0.0,0,1,10631.403812465818,0.0,7400.0,0.0,1,64854.70941883767,1
56,0.0,0,1,10480.020710207418,0.0,7400.0,0.0,1,61611.9739478958,1
56,0.0,0,1,10650.731519304123,0.0,7400.0,0.0,1,62692.885771543086,1
56,0.0,0,1,10646.106735011266,0.0,7400.0,0.0,1,63773.79759519038,1
56,0.0,0,1,10606.141536350306,0.0,7400.0,0.0,1,62692.885771543086,1
79,0.0,0,1,5037.122815321099,0.0,14000.0,0.0,0,21618.236472945893,2
79,0.0,0,1,5021.381416733051,0.0,14000.0,0.0,0,21618.236472945893,2
79,0.0,0,1,5043.498070394829,0.0,14000.0,0.0,0,21618.236472945893,2
79,0.0,0,1,5003.411064449229,0.0,14000.0,0.0,0,21618.236472945893,2
79,0.0,0,1,5037.846507602861,0.0,14000.0,0.0,0,21618.236472945893,2
28,137000.0,0,1,18050.68042206354,96000.0,172750.0,137000.0,1,104848.44689378758,1
28,137000.0,0,1,18470.8184737033,96000.0,168850.0,137000.0,1,103767.53507014028,1
28,137000.0,0,1,17925.353046723558,95000.0,168350.0,137000.0,1,104848.44689378758,1
28,137000.0,0,1,18367.396351137522,96000.0,170150.0,137000.0,1,104848.44689378758,1
28,137000.0,0,1,17945.624996123737,95000.0,175450.0,137000.0,1,104848.44689378758,1
26,0.0,0,1,2664.8577784558024,0.0,-29900.0,0.0,1,51883.76753507014,2
26,0.0,0,1,2679.107688008432,0.0,-27210.0,0.0,1,51883.76753507014,2
26,0.0,0,1,2678.6757065999127,0.0,-30110.0,0.0,1,52964.67935871743,2
26,0.0,0,1,2695.2788556050295,0.0,-22600.0,0.0,1,51883.76753507014,2
26,0.0,0,1,2694.4118263228565,0.0,-30110.0,0.0,1,52964.67935871743,2
39,0.0,0,1,7024.973683065118,0.0,799800.0,0.0,1,175107.71543086172,1
39,0.0,0,1,7020.168113587084,0.0,799900.0,0.0,1,152408.56713426852,1
39,0.0,0,1,7610.940864462747,0.0,799900.0,0.0,1,164298.59719438877,1
39,0.0,0,1,7177.213906295246,0.0,799900.0,0.0,1,151327.65531062125,1
39,0.0,0,1,7709.527131489644,0.0,799900.0,0.0,1,152408.56713426852,1
90,0.0,0,2,9134.028924118478,300000.0,938800.0,0.0,0,186997.74549098196,2
90,0.0,0,2,9165.13076236893,300000.0,1162800.0,0.0,0,185916.83366733466,2
90,0.0,0,2,9871.024771195738,300000.0,626800.0,0.0,0,186997.74549098196,2
90,0.0,0,2,18188.257388238802,300000.0,513800.0,0.0,0,185916.83366733466,2
90,0.0,0,2,10024.264259830328,300000.0,808800.0,0.0,0,185916.83366733466,2
73,0.0,0,1,6225.505498702658,1600000.0,6595905.0,0.0,0,336163.5771543086,1
73,0.0,0,1,6684.578650166739,1600000.0,6630905.0,0.0,0,336163.5771543086,1
73,0.0,0,1,6887.818435333234,1600000.0,6616805.0,0.0,0,336163.5771543086,1
73,0.0,0,1,6636.277330543666,1600000.0,6691905.0,0.0,0,337244.4889779559,1
73,0.0,0,1,6363.522384120452,1600000.0,6689810.0,0.0,0,336163.5771543086,1
56,61000.0,0,2,12489.281749926886,202000.0,1565700.0,61000.0,1,118900.3006012024,2
56,61000.0,0,2,13916.530515290444,201000.0,1533700.0,61000.0,1,117819.38877755511,2
56,61000.0,0,2,15087.66631696092,201000.0,1532700.0,61000.0,1,118900.3006012024,2
56,61000.0,0,2,13731.080098863324,201000.0,1544800.0,61000.0,1,117819.38877755511,2
56,61000.0,0,2,15323.510657882365,201000.0,1531800.0,61000.0,1,118900.3006012024,2
84,535000.0,0,1,568.5690359230234,865000.0,1785800.0,535000.0,0,82149.29859719439,1
84,535000.0,0,1,607.8573862019297,855000.0,1753300.0,535000.0,0,94039.32865731463,1
84,535000.0,0,1,555.6545044584653,865000.0,1739300.0,535000.0,0,86472.94589178357,1
84,535000.0,0,1,569.3191199462811,865000.0,1727200.0,535000.0,0,83230.21042084169,1
84,535000.0,0,1,559.3858906111352,865000.0,1764700.0,535000.0,0,92958.41683366733,1
69,0.0,0,1,1117.4331527476315,2500000.0,6667400.0,0.0,0,322111.7234468938,1
69,0.0,0,1,1212.643099587508,2500000.0,6625800.0,0.0,0,316707.1643286573,1
69,0.0,0,1,1271.4793602118293,2500000.0,6571500.0,0.0,0,315626.25250501,1
69,0.0,0,1,1213.301001976458,2500000.0,6539900.0,0.0,0,329678.1062124249,1
69,0.0,0,1,1141.3179841354604,2500000.0,6532700.0,0.0,0,321030.81162324647,1
66,0.0,0,1,2.7724054048206064,3940000.0,286499300.0,0.0,0,49073396.79358718,1
66,0.0,0,1,2.7840123711189038,3930000.0,183587700.0,0.0,0,48911260.02004008,1
66,0.0,0,1,2.816598610440878,3940000.0,285279100.0,0.0,0,48900450.901803605,1
66,0.0,0,1,2.8683014371278786,3930000.0,242988200.0,0.0,0,49051778.55711423,1
66,0.0,0,1,2.7878268702087077,3960000.0,243359500.0,0.0,0,48738314.128256515,1
33,0.0,0,1,1843.315803424232,0.0,10611.0,0.0,1,12970.941883767535,2
33,0.0,0,1,1848.133631577021,0.0,15711.0,0.0,1,12970.941883767535,2
33,0.0,0,1,1821.2827894512866,0.0,12021.0,0.0,1,12970.941883767535,2
33,0.0,0,1,1841.4963308562947,0.0,12011.0,0.0,1,11890.03006012024,2
33,0.0,0,1,1831.1897191156502,0.0,13321.0,0.0,1,12970.941883767535,2
57,0.0,0,1,7136.079935283776,0.0,33000.0,0.0,1,81068.3867735471,1
57,0.0,0,1,7127.822902018792,0.0,34000.0,0.0,1,81068.3867735471,1
57,0.0,0,1,7169.879514162683,0.0,32000.0,0.0,1,81068.3867735471,1
57,0.0,0,1,7069.5391290170255,0.0,32000.0,0.0,1,81068.3867735471,1
57,0.0,0,1,7162.6276603924925,0.0,32000.0,0.0,1,81068.3867735471,1
29,188000.0,0,1,13270.593404548024,221000.0,451800.0,188000.0,1,124304.85971943887,1
29,188000.0,0,1,13916.530515290444,221000.0,379800.0,188000.0,1,124304.85971943887,1
29,188000.0,0,1,15087.66631696092,221000.0,394800.0,188000.0,1,124304.85971943887,1
29,189000.0,0,1,13731.080098863324,220000.0,452800.0,189000.0,1,124304.85971943887,1
29,188000.0,0,1,15323.510657882365,221000.0,390800.0,188000.0,1,124304.85971943887,1
82,0.0,0,2,3243.1385635875863,388000.0,3138100.0,0.0,0,104091.80861723446,2
82,0.0,0,2,3430.6148799224648,470000.0,2284800.0,0.0,0,113171.46793587174,2
82,0.0,0,2,3081.814158774426,368000.0,1973900.0,0.0,0,119548.84769539078,2
82,0.0,0,2,3188.166330854514,470000.0,2359200.0,0.0,0,108739.72945891783,2
82,0.0,0,2,3193.24068837665,438000.0,2710300.0,0.0,0,116630.3857715431,2
67,83000.0,0,1,9159.582630391102,102000.0,251700.0,83000.0,1,175107.71543086172,1
67,83000.0,0,1,8445.901679799274,102000.0,240300.0,83000.0,1,175107.71543086172,1
67,83000.0,0,1,8504.926460399243,102000.0,235700.0,83000.0,1,175107.71543086172,1
67,83000.0,0,1,8777.699811617913,102000.0,244600.0,83000.0,1,175107.71543086172,1
67,83000.0,0,1,8541.154849786075,102000.0,247500.0,83000.0,1,175107.71543086172,1
51,491000.0,0,1,789.393273544516,1709000.0,15888000.0,491000.0,1,2896843.6873747497,1
51,500000.0,0,1,828.3025580658447,1700000.0,18867000.0,500000.0,1,3188689.879759519,1
51,439000.0,0,1,919.2656373547037,1761000.0,26053000.0,439000.0,1,2907652.8056112225,1
51,443000.0,0,1,832.3891364510564,1757000.0,18338000.0,443000.0,1,2669852.2044088175,1
51,314000.0,0,1,807.8716883747406,1886000.0,18604000.0,314000.0,1,2756325.150300601,1
64,0.0,0,2,2073.440977178202,0.0,14070.0,0.0,0,73502.00400801603,2
64,0.0,0,2,2073.8648320072866,0.0,15165.0,0.0,0,73502.00400801603,2
64,0.0,0,2,2078.06462806,0.0,14161.0,0.0,0,73502.00400801603,2
64,0.0,0,2,2074.4721555353103,0.0,14170.0,0.0,0,73502.00400801603,2
64,0.0,0,2,2078.444246509669,0.0,14405.0,0.0,0,74582.91583166333,2
82,165000.0,0,2,13270.593404548024,1035000.0,1435400.0,165000.0,0,49073.39679358718,2
82,165000.0,0,2,13916.530515290444,1035000.0,1113200.0,165000.0,0,57612.600200400804,2
82,165000.0,0,2,15087.66631696092,1035000.0,1240000.0,165000.0,0,48857.21442885772,2
82,165000.0,0,2,13731.080098863324,1035000.0,1231200.0,165000.0,0,56855.961923847695,2
82,165000.0,0,2,15323.510657882365,1035000.0,1225400.0,165000.0,0,57504.50901803607,2
61,130000.0,0,1,15710.517253277178,80000.0,122965.0,130000.0,1,39993.7374749499,1
61,130000.0,0,1,15088.820452602347,80000.0,147545.0,130000.0,1,39993.7374749499,1
61,130000.0,0,1,15296.027035741005,80000.0,119510.0,130000.0,1,38912.825651302606,1
61,130000.0,0,1,15224.044891053572,80000.0,148345.0,130000.0,1,39993.7374749499,1
61,130000.0,0,1,15145.625204886088,80000.0,116805.0,130000.0,1,38912.825651302606,1
41,0.0,0,2,1841.092619181873,0.0,5600.0,0.0,1,48641.03206412826,2
41,0.0,0,2,1873.1321284988753,0.0,4600.0,0.0,1,49721.94388777555,2
41,0.0,0,2,1849.4457722821928,0.0,8900.0,0.0,1,49721.94388777555,2
41,0.0,0,2,1859.7171001793845,0.0,9800.0,0.0,1,48641.03206412826,2
41,0.0,0,2,1853.917126080584,0.0,7500.0,0.0,1,48641.03206412826,2
68,5040000.0,0,1,535.8371998748601,4770000.0,61087540.0,5040000.0,1,3004934.869739479,1
68,5285000.0,0,1,538.7150488835539,4525000.0,64047360.0,5285000.0,1,4453356.7134268535,1
68,5035000.0,0,1,544.9390726885524,4785000.0,74562650.0,5035000.0,1,7350200.400801603,1
68,5190000.0,0,1,556.5929152576329,4620000.0,69562410.0,5190000.0,1,4615493.486973948,1
68,5270000.0,0,1,540.4252033955065,4550000.0,66725800.0,5270000.0,1,6690844.188376754,1
50,0.0,0,1,1539.1376079343477,0.0,36520.0,0.0,0,37831.91382765531,1
50,0.0,0,1,1541.9159554064945,0.0,35520.0,0.0,0,37831.91382765531,1
50,0.0,0,1,1547.5189582305652,0.0,36520.0,0.0,0,37831.91382765531,1
50,0.0,0,1,1551.36639075736,0.0,35520.0,0.0,0,37831.91382765531,1
50,0.0,0,1,1544.225170706479,0.0,35520.0,0.0,0,37831.91382765531,1
76,0.0,0,2,3118.8192131697415,100000.0,135250.0,0.0,0,12970.941883767535,2
76,0.0,0,2,3117.8708325940656,100000.0,135450.0,0.0,0,14051.85370741483,2
76,0.0,0,2,3175.693673658258,100000.0,135350.0,0.0,0,14051.85370741483,2
76,0.0,0,2,3117.0169827462964,100000.0,135350.0,0.0,0,14051.85370741483,2
76,0.0,0,2,3167.93958156045,100000.0,134550.0,0.0,0,14051.85370741483,2
61,177000.0,0,1,9103.419972946227,8000.0,8012.0,177000.0,1,55126.503006012026,1
61,177000.0,0,1,8512.764144131337,8000.0,8012.0,177000.0,1,54045.59118236473,1
61,177000.0,0,1,8763.930910431252,8000.0,7022.0,177000.0,1,56207.41482965932,1
61,177000.0,0,1,8766.462360656627,8000.0,8012.0,177000.0,1,54045.59118236473,1
61,177000.0,0,1,8656.30918908448,8000.0,8032.0,177000.0,1,58369.238476953906,1
65,0.0,0,2,2079.74636697627,0.0,21240.0,0.0,0,21618.236472945893,2
65,0.0,0,2,2089.9193891525406,0.0,20240.0,0.0,0,27022.795591182366,2
65,0.0,0,2,2058.6736090946006,0.0,18240.0,0.0,0,21618.236472945893,2
65,0.0,0,2,2091.5385982110574,0.0,20240.0,0.0,0,24860.971943887776,2
65,0.0,0,2,2063.915967200787,0.0,22240.0,0.0,0,21618.236472945893,2
38,0.0,0,2,3042.635043985199,0.0,-38840.0,0.0,1,27022.795591182366,2
38,0.0,0,2,3029.982779988819,0.0,-44150.0,0.0,1,29184.619238476953,2
38,0.0,0,2,2986.3797133841304,0.0,-37600.0,0.0,1,27022.795591182366,2
38,0.0,0,2,3073.6346721994373,0.0,-72200.0,0.0,1,29184.619238476953,2
38,0.0,0,2,2992.468334833692,0.0,-33700.0,0.0,1,31346.442885771543,2
34,0.0,0,1,6180.707785084843,0.0,7000.0,0.0,0,25941.88376753507,1
34,0.0,0,1,6083.448857752137,0.0,7000.0,0.0,0,25941.88376753507,1
34,0.0,0,1,6162.111168917008,0.0,7000.0,0.0,0,25941.88376753507,1
34,0.0,0,1,6201.935049272846,0.0,7000.0,0.0,0,25941.88376753507,1
34,0.0,0,1,6163.0030106787735,0.0,7000.0,0.0,0,25941.88376753507,1
55,450000.0,0,1,2703.0163908333343,650000.0,2272220.0,450000.0,1,188078.65731462926,1
55,450000.0,0,1,3181.5713218613582,650000.0,2260430.0,450000.0,1,188078.65731462926,1
55,450000.0,0,1,2275.8076069284243,650000.0,2273120.0,450000.0,1,190240.48096192384,1
55,450000.0,0,1,2730.144285718662,650000.0,2542530.0,450000.0,1,189159.56913827657,1
55,450000.0,0,1,2452.9261911816893,650000.0,2266230.0,450000.0,1,189159.56913827657,1
70,0.0,0,1,8123.616317788425,550000.0,654600.0,0.0,0,60531.0621242485,1
70,0.0,0,1,8146.002521139257,550000.0,652610.0,0.0,0,60531.0621242485,1
70,0.0,0,1,8779.369292949314,550000.0,656620.0,0.0,0,60531.0621242485,1
70,0.0,0,1,8360.830924615337,550000.0,651700.0,0.0,0,60531.0621242485,1
70,0.0,0,1,8909.912441661754,550000.0,652700.0,0.0,0,60531.0621242485,1
57,750000.0,0,1,2873.510254154549,4250000.0,7385400.0,750000.0,1,616119.739478958,1
57,750000.0,0,1,3051.1570233745833,4250000.0,6796400.0,750000.0,1,931745.991983968,1
57,750000.0,0,1,3153.1072073108935,4250000.0,6768400.0,750000.0,1,552345.9418837675,1
57,750000.0,0,1,3033.491859360969,4250000.0,7208400.0,750000.0,1,666922.5951903808,1
57,750000.0,0,1,2896.530998498474,4250000.0,7902500.0,750000.0,1,778256.5130260522,1
27,0.0,0,1,5095.164876777706,0.0,800610.0,0.0,1,546941.3827655311,2
27,0.0,0,1,5145.309725909262,0.0,801610.0,0.0,1,545860.4709418837,2
27,0.0,0,1,5548.196915573921,0.0,800610.0,0.0,1,549103.2064128256,2
27,0.0,0,1,5335.765060233201,0.0,801620.0,0.0,1,549103.2064128256,2
27,0.0,0,1,5645.350156056353,0.0,800610.0,0.0,1,548022.2945891784,2
83,0.0,0,1,2708.2498375746263,0.0,850.0,0.0,0,12970.941883767535,2
83,0.0,0,1,2665.891291184459,0.0,850.0,0.0,0,14051.85370741483,2
83,0.0,0,1,2639.316305717822,0.0,850.0,0.0,0,12970.941883767535,2
83,0.0,0,1,2747.1180153203877,0.0,850.0,0.0,0,14051.85370741483,2
83,0.0,0,1,2637.658490554847,0.0,850.0,0.0,0,14051.85370741483,2
58,125000.0,0,1,9604.655125401177,320000.0,407670.0,125000.0,1,86472.94589178357,1
58,113000.0,0,1,6082.133251614161,332000.0,629200.0,113000.0,1,86472.94589178357,1
58,81000.0,0,1,6676.975032409382,364000.0,684140.0,81000.0,1,86472.94589178357,1
58,85000.0,0,1,9226.77434021809,360000.0,450190.0,85000.0,1,86472.94589178357,1
58,122000.0,0,1,9346.82584552572,323000.0,388260.0,122000.0,1,86472.94589178357,1
34,0.0,0,2,2613.6768270200655,0.0,4100.0,0.0,1,50802.855711422846,2
34,0.0,0,2,2540.6608472574317,0.0,4100.0,0.0,1,50802.855711422846,2
34,0.0,0,2,2585.4329308988877,0.0,3900.0,0.0,1,50802.855711422846,2
34,0.0,0,2,2574.0779965363863,0.0,4100.0,0.0,1,50802.855711422846,2
34,0.0,0,2,2555.883990406504,0.0,3900.0,0.0,1,50802.855711422846,2
66,0.0,0,1,6894.564634426601,525000.0,1567900.0,0.0,0,121062.124248497,1
66,0.0,0,1,6918.089159757152,525000.0,1294600.0,0.0,0,122143.03607214428,1
66,0.0,0,1,7451.270675879321,525000.0,1339900.0,0.0,0,121062.124248497,1
66,0.0,0,1,7103.881426919162,525000.0,1265800.0,0.0,0,121062.124248497,1
66,0.0,0,1,7566.099896657004,525000.0,1476100.0,0.0,0,121062.124248497,1
50,48000.0,0,1,8196.501503274394,262000.0,2490440.0,48000.0,1,143761.27254509018,1
50,48000.0,0,1,9647.148862699994,262000.0,2742180.0,48000.0,1,143761.27254509018,1
50,48000.0,0,1,6914.832504136871,262000.0,2920400.0,48000.0,1,143761.27254509018,1
50,48000.0,0,1,8282.935078856557,262000.0,2885320.0,48000.0,1,143761.27254509018,1
50,48000.0,0,1,7456.794693134584,262000.0,2688400.0,48000.0,1,143761.27254509018,1
44,0.0,0,2,4620.931819181877,0.0,9600.0,0.0,1,63773.79759519038,2
44,0.0,0,2,4520.71063888834,0.0,9600.0,0.0,1,63773.79759519038,2
44,0.0,0,2,4553.987187762244,0.0,9500.0,0.0,1,63773.79759519038,2
44,0.0,0,2,4552.624616854611,0.0,9600.0,0.0,1,63773.79759519038,2
44,0.0,0,2,4501.018331857352,0.0,9600.0,0.0,1,63773.79759519038,2
36,73000.0,0,2,8886.02830780732,202000.0,563400.0,73000.0,1,145923.09619238478,2
36,74000.0,0,2,8921.656044169229,201000.0,561400.0,74000.0,1,145923.09619238478,2
36,74000.0,0,2,9603.224388301911,201000.0,556400.0,74000.0,1,145923.09619238478,2
36,74000.0,0,2,9162.722471643872,201000.0,561400.0,74000.0,1,145923.09619238478,2
36,73000.0,0,2,9751.436240829307,202000.0,563400.0,73000.0,1,145923.09619238478,2
64,0.0,0,1,7020.880539047657,250000.0,755250.0,0.0,1,96201.15230460922,1
64,0.0,0,1,7042.829604406684,250000.0,744550.0,0.0,1,96201.15230460922,1
64,0.0,0,1,7587.079020851236,250000.0,744250.0,0.0,1,96201.15230460922,1
64,0.0,0,1,7230.812063061823,250000.0,743450.0,0.0,1,96201.15230460922,1
64,0.0,0,1,7701.526769463426,250000.0,754250.0,0.0,1,96201.15230460922,1
63,76000.0,0,2,12210.578232108712,210000.0,261500.0,76000.0,0,15132.765531062125,2
63,51000.0,0,2,11418.321121327403,253000.0,305500.0,51000.0,0,15132.765531062125,2
63,47000.0,0,2,11755.215547633681,347000.0,399500.0,47000.0,0,15132.765531062125,2
63,66000.0,0,2,11758.611026597573,354000.0,405500.0,66000.0,0,15132.765531062125,2
63,55000.0,0,2,11610.860629165205,301000.0,352500.0,55000.0,0,15132.765531062125,2
78,0.0,0,1,183.8659143535781,700000.0,1259700.0,0.0,1,179863.72745490982,1
78,0.0,0,1,188.04649156438626,700000.0,1254900.0,0.0,1,179863.72745490982,1
78,0.0,0,1,194.84342038346435,700000.0,1261200.0,0.0,1,179863.72745490982,1
78,0.0,0,1,192.14908630763193,700000.0,1257700.0,0.0,1,180944.63927855712,1
78,0.0,0,1,197.18328870790566,700000.0,1253600.0,0.0,1,179863.72745490982,1
42,120000.0,0,1,4078.3963451576296,355000.0,895700.0,120000.0,1,132952.15430861723,1
42,135000.0,0,1,4093.162454006439,340000.0,1242030.0,135000.0,1,125385.77154308617,1
42,398000.0,0,1,4401.151747301997,77000.0,504350.0,398000.0,1,150246.74348697395,1
42,70000.0,0,1,4203.578291461783,405000.0,886800.0,70000.0,1,125385.77154308617,1
42,60000.0,0,1,4466.120323155759,415000.0,1525600.0,60000.0,1,123223.9478957916,1
71,0.0,0,1,15774.68884613139,238000.0,350000.0,0.0,0,48641.03206412826,1
71,0.0,0,1,14644.89736328942,199000.0,310000.0,0.0,0,49721.94388777555,1
71,0.0,0,1,15112.072267087275,157000.0,272000.0,0.0,0,48641.03206412826,1
71,0.0,0,1,15030.404553197342,219000.0,324000.0,0.0,0,48641.03206412826,1
71,0.0,0,1,14769.891121923201,192000.0,303000.0,0.0,0,49721.94388777555,1
79,220000.0,0,1,4001.443520660299,430000.0,2280500.0,220000.0,0,154570.39078156312,1
79,220000.0,0,1,4100.274051054646,430000.0,2275200.0,220000.0,0,154570.39078156312,1
79,220000.0,0,1,3713.3859560750084,430000.0,2291700.0,220000.0,0,154570.39078156312,1
79,220000.0,0,1,3837.0440256522515,430000.0,2256660.0,220000.0,0,154570.39078156312,1
79,220000.0,0,1,3935.58680870205,430000.0,2276900.0,220000.0,0,153489.47895791582,1
64,0.0,0,2,12538.83855126322,0.0,9400.0,0.0,0,7674.473947895791,2
64,0.0,0,2,12506.2113901484,0.0,9500.0,0.0,0,7242.109218436874,2
64,0.0,0,2,12555.919642686475,0.0,9500.0,0.0,0,7674.473947895791,2
64,0.0,0,2,12464.44015577697,0.0,7400.0,0.0,0,7782.565130260521,2
64,0.0,0,2,12539.898819165417,0.0,7400.0,0.0,0,7782.565130260521,2
31,390000.0,0,1,8865.563301961918,210000.0,992110.0,390000.0,1,223748.74749498998,1
31,390000.0,0,1,8891.18427440668,210000.0,994010.0,390000.0,1,224829.65931863728,1
31,390000.0,0,1,9587.236498643573,210000.0,995210.0,390000.0,1,223748.74749498998,1
31,390000.0,0,1,9132.0623903905,210000.0,996010.0,390000.0,1,224829.65931863728,1
31,390000.0,0,1,9729.84401420847,210000.0,995210.0,390000.0,1,224829.65931863728,1
47,0.0,0,2,1183.5196550504877,0.0,-6199.0,0.0,1,92958.41683366733,2
47,0.0,0,2,1154.4096344676784,0.0,-6099.0,0.0,1,92958.41683366733,2
47,0.0,0,2,1176.6307953870755,0.0,-6099.0,0.0,1,92958.41683366733,2
47,0.0,0,2,1185.4756151796462,0.0,-6199.0,0.0,1,92958.41683366733,2
47,0.0,0,2,1171.2244013407758,0.0,-6199.0,0.0,1,92958.41683366733,2
69,0.0,0,1,7158.245863683851,200000.0,2072250.0,0.0,1,139437.625250501,1
69,0.0,0,1,8419.534582935074,200000.0,1651550.0,0.0,1,148084.91983967935,1
69,0.0,0,1,3624.241204438514,200000.0,3392550.0,0.0,1,138356.7134268537,1
69,0.0,0,1,3241.470161702392,200000.0,3386550.0,0.0,1,140518.5370741483,1
69,0.0,0,1,3139.6180454654404,200000.0,3377950.0,0.0,1,142680.36072144288,1
56,270000.0,0,1,2978.6580253892653,1130000.0,7261000.0,270000.0,1,448578.4068136273,1
56,270000.0,0,1,3265.9291526641728,1130000.0,5700000.0,270000.0,1,447497.49498997995,1
56,638000.0,0,1,3542.1597694537645,762000.0,7101000.0,270000.0,1,474520.2905811623,1
56,270000.0,0,1,3172.854132983642,1130000.0,6844000.0,270000.0,1,445335.67134268535,1
56,270000.0,0,1,3068.7617287890207,1130000.0,6898000.0,270000.0,1,476682.1142284569,1
54,0.0,0,1,5272.188223430879,0.0,3730.0,0.0,1,8647.294589178357,1
54,0.0,0,1,5298.936642531106,0.0,3790.0,0.0,1,8647.294589178357,1
54,0.0,0,1,5222.237859126212,0.0,3690.0,0.0,1,8647.294589178357,1
54,0.0,0,1,5302.3837388614975,0.0,3700.0,0.0,1,8647.294589178357,1
54,0.0,0,1,5233.016389588038,0.0,3680.0,0.0,1,8647.294589178357,1
45,0.0,0,2,5503.264968749273,0.0,-178270.0,0.0,0,23780.06012024048,2
45,0.0,0,2,5424.396157942234,0.0,-173430.0,0.0,0,19456.412825651303,2
45,0.0,0,2,5484.8822494389415,0.0,-208540.0,0.0,0,19456.412825651303,2
45,0.0,0,2,5419.915670858131,0.0,-191530.0,0.0,0,20537.324649298596,2
45,0.0,0,2,5467.897200545172,0.0,-180380.0,0.0,0,23780.06012024048,2
64,278000.0,0,1,9789.329048156314,222000.0,1265000.0,278000.0,1,337244.4889779559,1
64,278000.0,0,1,10143.51482373138,222000.0,1256000.0,278000.0,1,337244.4889779559,1
64,278000.0,0,1,9267.193223820059,222000.0,1264000.0,278000.0,1,337244.4889779559,1
64,278000.0,0,1,9636.71200506768,222000.0,1244800.0,278000.0,1,337244.4889779559,1
64,278000.0,0,1,9599.27807163428,222000.0,1252000.0,278000.0,1,337244.4889779559,1
68,0.0,0,1,1803.1111515459695,1500000.0,15253600.0,0.0,1,248609.71943887774,1
68,0.0,0,1,1859.5521172728259,1500000.0,10893700.0,0.0,1,248609.71943887774,1
68,0.0,0,1,1984.38359204545,1500000.0,14063700.0,0.0,1,247528.80761523047,1
68,0.0,0,1,1862.39575016127,1500000.0,13863600.0,0.0,1,248609.71943887774,1
68,0.0,0,1,1782.7661255919961,1500000.0,11613600.0,0.0,1,248609.71943887774,1
53,0.0,0,2,2241.7203059879403,0.0,31700.0,0.0,1,59450.1503006012,2
53,0.0,0,2,2186.5826291697,0.0,31700.0,0.0,1,59450.1503006012,2
53,0.0,0,2,2228.672025355953,0.0,31700.0,0.0,1,59450.1503006012,2
53,0.0,0,2,2245.425116060615,0.0,31700.0,0.0,1,59450.1503006012,2
53,0.0,0,2,2218.4317025492774,0.0,31700.0,0.0,1,59450.1503006012,2
51,248000.0,0,1,258.2541521466993,102000.0,781800.0,248000.0,1,172945.89178356715,1
51,249000.0,0,1,269.7518612443262,101000.0,545600.0,249000.0,1,171864.97995991984,1
51,249000.0,0,1,276.87775591022813,101000.0,788800.0,249000.0,1,171864.97995991984,1
51,247000.0,0,1,276.364682306022,103000.0,754900.0,247000.0,1,171864.97995991984,1
51,248000.0,0,1,277.18251318884677,102000.0,579800.0,248000.0,1,172945.89178356715,1
69,0.0,0,1,499.2143205141595,1300000.0,23989000.0,0.0,0,431283.81763527053,1
69,0.0,0,1,487.39374258745266,1300000.0,32107000.0,0.0,0,470196.6432865731,1
69,0.0,0,1,501.85971390270663,1300000.0,23097000.0,0.0,0,443173.8476953908,1
69,0.0,0,1,495.75666620317986,1300000.0,24957000.0,0.0,0,450740.2304609218,1
69,0.0,0,1,497.27520800811544,1300000.0,31021000.0,0.0,0,464792.08416833665,1
48,196000.0,0,2,3994.2436797432865,4000.0,19730.0,196000.0,1,49721.94388777555,2
48,196000.0,0,2,3817.0585920501408,4000.0,15230.0,196000.0,1,44317.38476953908,2
48,196000.0,0,2,3898.1156954325356,4000.0,16190.0,196000.0,1,46479.208416833666,2
48,196000.0,0,2,3893.964717925869,4000.0,18990.0,196000.0,1,46479.208416833666,2
48,196000.0,0,2,3840.2710258172506,4000.0,17050.0,196000.0,1,46479.208416833666,2
40,0.0,0,2,1919.8364228373205,0.0,-1070.0,0.0,1,74582.91583166333,2
40,0.0,0,2,1953.2462667070718,0.0,5200.0,0.0,1,74582.91583166333,2
40,0.0,0,2,1928.546841531334,0.0,-90.0,0.0,1,75663.82765531063,2
40,0.0,0,2,1939.257475642015,0.0,410.0,0.0,1,74582.91583166333,2
40,0.0,0,2,1933.2094357930814,0.0,550.0,0.0,1,75663.82765531063,2
65,2000.0,0,1,5766.660943214325,348000.0,607420.0,0.0,1,97282.06412825652,1
65,2000.0,0,1,5785.091563758155,348000.0,620100.0,0.0,1,97282.06412825652,1
65,2000.0,0,1,6230.166421893309,348000.0,613250.0,0.0,1,97282.06412825652,1
65,2000.0,0,1,5937.480517944348,348000.0,600900.0,0.0,1,97282.06412825652,1
65,2000.0,0,1,6326.606421928284,348000.0,599730.0,0.0,1,98362.9759519038,1
40,146000.0,0,1,14029.181750482032,102000.0,314200.0,146000.0,1,97282.06412825652,1
40,146000.0,0,1,13350.151955024605,102000.0,194500.0,146000.0,1,97282.06412825652,1
40,146000.0,0,1,13355.929177357943,102000.0,263500.0,146000.0,1,97282.06412825652,1
40,145000.0,0,1,13739.653676363258,103000.0,195800.0,145000.0,1,97282.06412825652,1
40,146000.0,0,1,13227.780174594702,102000.0,194600.0,146000.0,1,97282.06412825652,1
40,420000.0,0,1,7067.740874861539,180000.0,153100.0,420000.0,1,199968.6873747495,1
40,420000.0,0,1,7091.913348853965,180000.0,153200.0,420000.0,1,199968.6873747495,1
40,420000.0,0,1,7639.75676124794,180000.0,153100.0,420000.0,1,199968.6873747495,1
40,420000.0,0,1,7283.297640083481,180000.0,153100.0,420000.0,1,199968.6873747495,1
40,420000.0,0,1,7754.987921185787,180000.0,153200.0,420000.0,1,199968.6873747495,1
84,0.0,0,2,10935.855785017464,0.0,20230.0,0.0,0,48641.03206412826,2
84,0.0,0,2,10735.624801666878,0.0,36650.0,0.0,0,38912.825651302606,2
84,0.0,0,2,10653.058451736473,0.0,57850.0,0.0,0,57288.32665330661,2
84,0.0,0,2,8180.002138177186,0.0,760950.0,0.0,0,135113.97795591183,2
84,0.0,0,2,10628.501263726654,0.0,28100.0,0.0,0,33508.26653306613,2
61,385000.0,0,1,102.21977254897146,4505000.0,117196000.0,385000.0,1,5458604.709418838,1
61,385000.0,0,1,101.4320490179993,3625000.0,113595000.0,385000.0,1,5436986.472945891,1
61,460000.0,0,1,100.866107444981,3980000.0,129461000.0,460000.0,1,5588314.128256513,1
61,385000.0,0,1,103.19241081942224,4085000.0,132159000.0,385000.0,1,5566695.891783567,1
61,385000.0,0,1,103.04535909102972,3765000.0,107168000.0,385000.0,1,5566695.891783567,1
63,1860000.0,0,1,3820.2282083583946,3140000.0,8013000.0,1860000.0,0,1336007.014028056,1
63,1860000.0,0,1,4049.1612066139305,3140000.0,8014000.0,1860000.0,0,1336007.014028056,1
63,1860000.0,0,1,4217.54519640736,3140000.0,8012000.0,1860000.0,0,1346816.1322645291,1
63,1860000.0,0,1,4054.870195408147,3140000.0,8014000.0,1860000.0,0,1336007.014028056,1
63,1860000.0,0,1,3871.6016393316872,3140000.0,8013000.0,1860000.0,0,1346816.1322645291,1
49,0.0,0,1,1813.726743045782,0.0,366800.0,0.0,1,122143.03607214428,1
49,0.0,0,1,1798.0840334857744,0.0,365500.0,0.0,1,142680.36072144288,1
49,0.0,0,1,1825.5587499214894,0.0,352500.0,0.0,1,132952.15430861723,1
49,0.0,0,1,1862.6381791294007,0.0,353500.0,0.0,1,129709.41883767534,1
49,0.0,0,1,1827.7647699145662,0.0,365500.0,0.0,1,140518.5370741483,1
85,46000.0,0,1,16970.812970051833,194000.0,426800.0,46000.0,0,51883.76753507014,2
85,46000.0,0,1,16276.07331859006,194000.0,404700.0,46000.0,0,51883.76753507014,2
85,46000.0,0,1,16073.286944346692,194000.0,404800.0,46000.0,0,50802.855711422846,2
85,46000.0,0,1,16658.297299564896,194000.0,404700.0,46000.0,0,51883.76753507014,2
85,46000.0,0,1,15972.114089571935,194000.0,424700.0,46000.0,0,51883.76753507014,2
32,600000.0,0,1,2015.098101783737,0.0,85000.0,600000.0,1,151327.65531062125,1
32,600000.0,0,1,2007.9595603242747,0.0,85000.0,600000.0,1,151327.65531062125,1
32,600000.0,0,1,2167.1726243157855,0.0,85000.0,600000.0,1,151327.65531062125,1
32,600000.0,0,1,2043.8357574672107,0.0,85000.0,600000.0,1,151327.65531062125,1
32,600000.0,0,1,2194.54629456483,0.0,85000.0,600000.0,1,151327.65531062125,1
75,0.0,0,1,8.096124262754087,2200000.0,467890200.0,0.0,1,9865957.815631263,1
75,0.0,0,1,8.173722188804375,2200000.0,479794600.0,0.0,1,12396329.158316633,1
75,0.0,0,1,8.244542486553126,2200000.0,480338500.0,0.0,1,10598805.222945891,1
75,0.0,0,1,8.38679847519519,2200000.0,486686500.0,0.0,1,12010422.019038076,1
75,0.0,0,1,8.146523212171726,2210000.0,463564800.0,0.0,1,9515688.339178357,1
24,0.0,0,1,4921.669977548902,0.0,60230.0,0.0,1,71340.18036072144,1
24,0.0,0,1,5087.66381578679,0.0,28070.0,0.0,1,71340.18036072144,1
24,0.0,0,1,4935.379403211238,0.0,-46260.0,0.0,1,71340.18036072144,1
24,0.0,0,1,5045.577508929951,0.0,29670.0,0.0,1,71340.18036072144,1
24,0.0,0,1,5057.618420919969,0.0,-18890.0,0.0,1,71340.18036072144,1
59,0.0,0,1,13223.47542532078,350000.0,467400.0,0.0,1,0.0,1
59,0.0,0,1,12700.195877410968,350000.0,464600.0,0.0,1,0.0,1
59,0.0,0,1,12874.600775475485,350000.0,489400.0,0.0,1,0.0,1
59,0.0,0,1,12814.013711027455,350000.0,461700.0,0.0,1,0.0,1
59,0.0,0,1,12748.008195347775,350000.0,490400.0,0.0,1,0.0,1
26,0.0,0,1,2609.0094909500417,0.0,-5130.0,0.0,1,107010.27054108217,1
26,0.0,0,1,2637.461286442292,0.0,-5030.0,0.0,1,107010.27054108217,1
26,0.0,0,1,2630.6360590095073,0.0,-5330.0,0.0,1,105929.35871743486,1
26,0.0,0,1,2634.416510607644,0.0,-5240.0,0.0,1,105929.35871743486,1
26,0.0,0,1,2637.5358266532567,0.0,-5340.0,0.0,1,105929.35871743486,1
60,46000.0,0,1,285.08644848021163,334000.0,658880.0,46000.0,1,0.0,1
60,46000.0,0,1,292.8989523484875,334000.0,650680.0,46000.0,1,0.0,1
60,46000.0,0,1,302.4231778477158,334000.0,641030.0,46000.0,1,0.0,1
60,46000.0,0,1,301.74563136841317,334000.0,669980.0,46000.0,1,0.0,1
60,46000.0,0,1,301.5445560403015,334000.0,655780.0,46000.0,1,0.0,1
72,440000.0,0,1,658.9692982781718,210000.0,9371000.0,440000.0,1,296169.8396793587,2
72,440000.0,0,1,697.7593569122441,210000.0,9370000.0,440000.0,1,296169.8396793587,2
72,440000.0,0,1,720.2632296756021,210000.0,9369000.0,440000.0,1,296169.8396793587,2
72,440000.0,0,1,695.3046236151995,210000.0,9370000.0,440000.0,1,296169.8396793587,2
72,440000.0,0,1,671.6082207697868,210000.0,9370000.0,440000.0,1,296169.8396793587,2
66,125000.0,0,1,1789.3226569381088,325000.0,371000.0,125000.0,1,58369.238476953906,1
66,125000.0,0,1,1618.5266347891143,325000.0,371000.0,125000.0,1,58369.238476953906,1
66,125000.0,0,1,1665.8884957556827,325000.0,370000.0,125000.0,1,58369.238476953906,1
66,125000.0,0,1,1751.3684768461874,325000.0,371000.0,125000.0,1,58369.238476953906,1
66,125000.0,0,1,1605.5567183556248,325000.0,371000.0,125000.0,1,58369.238476953906,1
50,172000.0,0,2,4716.664135833707,58000.0,3357150.0,172000.0,1,137600.0751503006,2
50,172000.0,0,2,5168.793155400583,58000.0,3363050.0,172000.0,1,161380.13527054107,2
50,172000.0,0,2,5609.462934553374,58000.0,3326050.0,172000.0,1,121386.39779559118,2
50,172000.0,0,2,5023.10054818,58000.0,3353650.0,172000.0,1,269471.31763527053,2
50,172000.0,0,2,4860.109339776749,58000.0,3360650.0,172000.0,1,137600.0751503006,2
57,80000.0,0,1,2123.4748496083234,239000.0,569700.0,80000.0,1,74582.91583166333,1
57,80000.0,0,1,3187.4986087613506,231000.0,360610.0,80000.0,1,79987.4749498998,1
57,80000.0,0,1,3236.8500475695755,224000.0,378180.0,80000.0,1,71340.18036072144,1
57,80000.0,0,1,3187.0738169773585,209000.0,349710.0,80000.0,1,74582.91583166333,1
57,80000.0,0,1,3196.833609594472,229000.0,352280.0,80000.0,1,70259.26853707415,1
48,0.0,0,2,3464.5820230776917,0.0,-35070.0,0.0,1,122143.03607214428,2
48,0.0,0,2,3425.361915062492,0.0,-85110.0,0.0,1,118900.3006012024,2
48,0.0,0,2,3427.727897128939,0.0,-35770.0,0.0,1,107010.27054108217,2
48,0.0,0,2,3514.381747356737,0.0,20250.0,0.0,1,109172.09418837675,2
48,0.0,0,2,3430.385657842333,0.0,-151080.0,0.0,1,118900.3006012024,2
45,1300000.0,0,2,709.7133655840587,900000.0,7432000.0,1300000.0,1,1372758.016032064,2
45,1300000.0,0,2,772.9228819809588,900000.0,7432000.0,1300000.0,1,1372758.016032064,2
45,1300000.0,0,2,839.7070189430203,900000.0,7432000.0,1300000.0,1,1372758.016032064,2
45,1300000.0,0,2,744.7632597261629,900000.0,7432000.0,1300000.0,1,1372758.016032064,2
45,1300000.0,0,2,725.8751107294945,900000.0,7432000.0,1300000.0,1,1372758.016032064,2
67,0.0,0,1,669.483212411883,1000000.0,11277900.0,0.0,0,489653.05611222447,1
67,0.0,0,1,707.5214369603246,1000000.0,11277900.0,0.0,0,489653.05611222447,1
67,0.0,0,1,728.668034593438,1000000.0,11277900.0,0.0,0,489653.05611222447,1
67,0.0,0,1,703.0174347516542,1000000.0,11276900.0,0.0,0,489653.05611222447,1
67,0.0,0,1,681.9284368164055,1000000.0,11277900.0,0.0,0,489653.05611222447,1
41,0.0,0,1,6925.077714150002,0.0,266300.0,0.0,1,23780.06012024048,2
41,0.0,0,1,7084.563732032555,0.0,272000.0,0.0,1,23780.06012024048,2
41,0.0,0,1,7002.8883360485415,0.0,270000.0,0.0,1,23780.06012024048,2
41,0.0,0,1,6995.998089702982,0.0,267400.0,0.0,1,23780.06012024048,2
41,0.0,0,1,7031.089855062346,0.0,268400.0,0.0,1,23780.06012024048,2
59,113000.0,0,1,1762.0543984163385,387000.0,438200.0,113000.0,1,51883.76753507014,1
59,162000.0,0,1,1767.9161381399772,338000.0,388400.0,162000.0,1,51883.76753507014,1
59,223000.0,0,1,1900.9922078036893,277000.0,334500.0,223000.0,1,51883.76753507014,1
59,38000.0,0,1,3109.9986587146614,462000.0,502460.0,38000.0,1,51883.76753507014,1
59,205000.0,0,1,1929.0569134168084,295000.0,339160.0,205000.0,1,51883.76753507014,1
74,0.0,0,2,14582.298584051005,0.0,239000.0,0.0,0,82149.29859719439,2
74,0.0,0,2,14172.154004499092,0.0,233500.0,0.0,0,81068.3867735471,2
74,0.0,0,2,14519.78946452562,0.0,234440.0,0.0,0,81068.3867735471,2
74,0.0,0,2,14182.436853606003,0.0,236000.0,0.0,0,81068.3867735471,2
74,0.0,0,2,14164.442969039606,0.0,244400.0,0.0,0,81068.3867735471,2
61,1470000.0,0,1,58.96557484896296,5010000.0,74572800.0,1470000.0,1,6053106.21242485,1
61,1560000.0,0,1,57.95352050240582,5000000.0,72417000.0,1560000.0,1,6053106.21242485,1
61,1370000.0,0,1,59.64871114978756,4070000.0,72771100.0,1370000.0,1,6053106.21242485,1
61,1540000.0,0,1,59.56161873067508,4900000.0,73311800.0,1540000.0,1,6053106.21242485,1
61,1510000.0,0,1,58.32202105736353,3790000.0,68625610.0,1510000.0,1,6053106.21242485,1
30,287000.0,0,1,21387.49370898281,138000.0,121100.0,287000.0,1,128628.50701402806,1
30,287000.0,0,1,21274.332838286195,138000.0,120200.0,287000.0,1,128628.50701402806,1
30,287000.0,0,1,20655.225386402588,138000.0,120100.0,287000.0,1,128628.50701402806,1
30,287000.0,0,1,21195.17812474555,138000.0,120200.0,287000.0,1,128628.50701402806,1
30,287000.0,0,1,20663.61847930878,138000.0,121100.0,287000.0,1,128628.50701402806,1
46,177000.0,0,2,1585.6249539551175,373000.0,579800.0,177000.0,1,86472.94589178357,2
46,282000.0,0,2,1580.7659476289575,268000.0,351450.0,282000.0,1,104848.44689378758,2
46,369000.0,0,2,1736.3020087754187,181000.0,264900.0,369000.0,1,99443.8877755511,2
46,261000.0,0,2,1621.5084933681826,289000.0,494300.0,261000.0,1,90796.59318637275,2
46,131000.0,0,2,1757.3549862927262,419000.0,712200.0,131000.0,1,96201.15230460922,2
22,0.0,0,2,2947.036054473995,0.0,16000.0,0.0,1,12970.941883767535,2
22,0.0,0,2,2978.932577630938,0.0,17000.0,0.0,1,12970.941883767535,2
22,0.0,0,2,2947.294105631168,0.0,16000.0,0.0,1,12970.941883767535,2
22,0.0,0,2,2919.193973689592,0.0,15000.0,0.0,1,12970.941883767535,2
22,0.0,0,2,3056.6001082325747,0.0,17000.0,0.0,1,12970.941883767535,2
62,0.0,0,2,8174.5588563355195,395000.0,2493500.0,0.0,0,85392.03406813627,2
62,0.0,0,2,8548.900362848899,395000.0,2351500.0,0.0,0,85392.03406813627,2
62,0.0,0,2,7855.263521734631,395000.0,2363500.0,0.0,0,85392.03406813627,2
62,0.0,0,2,8057.120173027237,395000.0,2211500.0,0.0,0,87553.85771543086,2
62,0.0,0,2,8022.441055055322,395000.0,2342500.0,0.0,0,86472.94589178357,2
51,196000.0,0,1,3843.5139057358865,44000.0,1046600.0,196000.0,1,137275.8016032064,1
51,196000.0,0,1,5751.30612130337,44000.0,182400.0,196000.0,1,137275.8016032064,1
51,196000.0,0,1,5752.179937293575,44000.0,303150.0,196000.0,1,137275.8016032064,1
51,196000.0,0,1,3959.097786341806,44000.0,1040410.0,196000.0,1,137275.8016032064,1
51,196000.0,0,1,4208.852513982631,44000.0,419400.0,196000.0,1,137275.8016032064,1
61,148000.0,0,1,3907.1898736642142,268000.0,1887000.0,148000.0,0,211858.71743486973,1
61,313000.0,0,1,4598.018878482,113000.0,1727360.0,313000.0,0,94039.32865731463,1
61,104000.0,0,1,1978.30507002384,302000.0,3915500.0,104000.0,0,161055.8617234469,1
61,210000.0,0,1,3945.655513529188,200000.0,1930720.0,210000.0,0,100524.79959919839,1
61,274000.0,0,1,1713.6966727319978,197000.0,5305700.0,274000.0,0,132952.15430861723,1
40,0.0,0,1,3305.88026181218,0.0,4000.0,0.0,1,38912.825651302606,2
40,0.0,0,1,3234.180605830979,0.0,4000.0,0.0,1,37831.91382765531,2
40,0.0,0,1,3257.9871215745816,0.0,4000.0,0.0,1,37831.91382765531,2
40,0.0,0,1,3257.0123189925225,0.0,4000.0,0.0,1,37831.91382765531,2
40,0.0,0,1,3220.092449660171,0.0,4000.0,0.0,1,38912.825651302606,2
29,0.0,0,1,3578.334688040297,0.0,118000.0,0.0,1,91877.50501002005,2
29,0.0,0,1,3497.610547561012,0.0,119000.0,0.0,1,91877.50501002005,2
29,0.0,0,1,3563.271647469161,0.0,118000.0,0.0,1,91877.50501002005,2
29,0.0,0,1,3524.557146547687,0.0,118000.0,0.0,1,91877.50501002005,2
29,0.0,0,1,3528.2026832057513,0.0,118900.0,0.0,1,91877.50501002005,2
63,0.0,0,1,1929.962274995715,0.0,6000.0,0.0,1,62692.885771543086,1
63,0.0,0,1,1943.2327942248037,0.0,4800.0,0.0,1,57288.32665330661,1
63,0.0,0,1,1949.3616960392956,0.0,6000.0,0.0,1,48641.03206412826,1
63,0.0,0,1,1948.0032965433134,0.0,6000.0,0.0,1,62692.885771543086,1
63,0.0,0,1,1952.3217628024765,0.0,4600.0,0.0,1,59450.1503006012,1
71,0.0,0,2,3504.200780514623,1200000.0,18251000.0,0.0,0,351296.34268537076,2
71,0.0,0,2,3694.3365691048157,1200000.0,13945000.0,0.0,0,516675.8517034068,2
71,0.0,0,2,2144.8293033135647,1200000.0,25159000.0,0.0,0,367510.0200400802,2
71,0.0,0,2,2105.7345859646807,1200000.0,25942000.0,0.0,0,469115.73146292585,2
71,0.0,0,2,3548.985858696998,1200000.0,13136000.0,0.0,0,390209.16833667335,2
39,355000.0,0,1,10066.694212487495,80000.0,178850.0,355000.0,1,162136.7735470942,1
39,355000.0,0,1,10036.350081528492,80000.0,179950.0,355000.0,1,162136.7735470942,1
39,355000.0,0,1,11017.63315268501,80000.0,178950.0,355000.0,1,162136.7735470942,1
39,355000.0,0,1,10290.400286156557,80000.0,178850.0,355000.0,1,162136.7735470942,1
39,355000.0,0,1,11151.503465528693,80000.0,177050.0,355000.0,1,162136.7735470942,1
43,300000.0,0,1,2505.578451380992,200000.0,320700.0,300000.0,1,271308.86773547094,1
43,300000.0,0,1,2498.0222325047903,200000.0,311500.0,300000.0,1,271308.86773547094,1
43,300000.0,0,1,2693.500898941345,200000.0,314800.0,300000.0,1,271308.86773547094,1
43,300000.0,0,1,2542.39314730562,200000.0,312100.0,300000.0,1,272389.7795591182,1
43,300000.0,0,1,2728.082644452277,200000.0,321800.0,300000.0,1,219425.1002004008,1
76,0.0,0,1,417.7987898374161,3500000.0,20894000.0,0.0,1,1427884.519038076,1
76,0.0,0,1,487.8102632374047,3500000.0,22133000.0,0.0,1,1503548.3466933868,1
76,0.0,0,1,596.1042861958305,3500000.0,79895000.0,0.0,1,1363029.8096192384,1
76,0.0,0,1,495.4121824297073,3500000.0,39390000.0,0.0,1,1427884.519038076,1
76,0.0,0,1,493.98006825716294,3500000.0,31595000.0,0.0,1,1330602.4549098196,1
49,0.0,0,2,7480.198082717894,0.0,4180.0,0.0,0,22699.148296593186,2
49,0.0,0,2,7553.968466777018,0.0,5275.0,0.0,0,22699.148296593186,2
49,0.0,0,2,7560.718754896819,0.0,3875.0,0.0,0,22699.148296593186,2
49,0.0,0,2,7681.738132979993,0.0,3380.0,0.0,0,22699.148296593186,2
49,0.0,0,2,7563.732860015929,0.0,3980.0,0.0,0,22699.148296593186,2
78,0.0,0,1,2826.5586648361004,1400000.0,5927900.0,0.0,0,371833.6673346693,1
78,0.0,0,1,3001.302782798807,1400000.0,5930000.0,0.0,0,321030.81162324647,1
78,0.0,0,1,3101.587156369485,1400000.0,5930000.0,0.0,0,317788.0761523046,1
78,0.0,0,1,2983.926257924312,1400000.0,5928710.0,0.0,0,318868.9879759519,1
78,0.0,0,1,2849.203262781147,1400000.0,5931900.0,0.0,0,504785.82164328656,1
25,0.0,0,1,8042.4585004023265,35000.0,39040.0,0.0,1,9295.841683366734,2
25,0.0,0,1,8042.861291563878,35000.0,39040.0,0.0,1,6485.470941883767,2
25,0.0,0,1,8029.369671975534,35000.0,39040.0,0.0,1,7566.382765531062,2
25,0.0,0,1,8040.056104798912,35000.0,39040.0,0.0,1,7782.565130260521,2
25,0.0,0,1,8023.264995416927,35000.0,39040.0,0.0,1,6809.744488977956,2
38,0.0,0,1,8778.906027241424,20000.0,62120.0,0.0,1,97282.06412825652,1
38,0.0,0,1,8504.650877262859,20000.0,61150.0,0.0,1,97282.06412825652,1
38,0.0,0,1,8377.751246765,20000.0,61090.0,0.0,1,97282.06412825652,1
38,0.0,0,1,8587.670951212855,20000.0,61200.0,0.0,1,97282.06412825652,1
38,0.0,0,1,8285.733095920757,20000.0,61130.0,0.0,1,97282.06412825652,1
56,100000.0,0,1,7101.394260952868,150000.0,1573100.0,100000.0,1,154570.39078156312,1
56,100000.0,0,1,7161.425783357212,150000.0,1260100.0,100000.0,1,154570.39078156312,1
56,100000.0,0,1,7861.8239972362735,150000.0,716000.0,100000.0,1,154570.39078156312,1
56,100000.0,0,1,7340.594224482322,150000.0,606100.0,100000.0,1,154570.39078156312,1
56,100000.0,0,1,7957.360991891039,150000.0,725000.0,100000.0,1,154570.39078156312,1
75,0.0,0,1,22381.32609150655,200000.0,433760.0,0.0,0,113495.74148296592,1
75,0.0,0,1,20871.8891373627,200000.0,432620.0,0.0,0,113495.74148296592,1
75,0.0,0,1,20631.44982988944,200000.0,431500.0,0.0,0,113495.74148296592,1
75,0.0,0,1,21415.873747652604,200000.0,425000.0,0.0,0,113495.74148296592,1
75,0.0,0,1,20479.326395364613,200000.0,423600.0,0.0,0,113495.74148296592,1
43,0.0,0,1,7808.724631562965,0.0,-30770.0,0.0,1,32427.354709418836,1
43,0.0,0,1,7816.648948781051,0.0,-31070.0,0.0,1,32427.354709418836,1
43,0.0,0,1,7775.609287220066,0.0,-30440.0,0.0,1,32427.354709418836,1
43,0.0,0,1,7707.020831921795,0.0,-31160.0,0.0,1,32427.354709418836,1
43,0.0,0,1,7786.844961863977,0.0,-30450.0,0.0,1,32427.354709418836,1
39,0.0,0,2,2914.983027578696,0.0,19400.0,0.0,1,27022.795591182366,2
39,0.0,0,2,2851.761354766546,0.0,20500.0,0.0,1,27022.795591182366,2
39,0.0,0,2,2872.7529164210955,0.0,20400.0,0.0,1,27022.795591182366,2
39,0.0,0,2,2871.8933774309016,0.0,20500.0,0.0,1,25941.88376753507,2
39,0.0,0,2,2839.3390245925943,0.0,19500.0,0.0,1,25941.88376753507,2
66,22000.0,0,1,5600.660797617955,258000.0,969300.0,22000.0,0,88094.31362725451,1
66,22000.0,0,1,5615.263089761825,258000.0,969300.0,22000.0,0,80419.83967935872,1
66,22000.0,0,1,6052.071213842777,258000.0,969300.0,22000.0,0,79555.11022044088,1
66,23000.0,0,1,5762.987139632579,257000.0,968300.0,23000.0,0,90256.1372745491,1
66,23000.0,0,1,6143.633291445241,257000.0,968300.0,23000.0,0,80527.93086172345,1
33,0.0,0,1,10729.641612557594,0.0,14600.0,0.0,1,81068.3867735471,1
33,0.0,0,1,10817.240640894066,0.0,15500.0,0.0,1,82149.29859719439,1
33,0.0,0,1,10814.069251713812,0.0,14600.0,0.0,1,82149.29859719439,1
33,0.0,0,1,10767.571329972305,0.0,13500.0,0.0,1,82149.29859719439,1
33,0.0,0,1,10824.238171800298,0.0,14510.0,0.0,1,82149.29859719439,1
57,0.0,0,1,116.80942378701221,518000.0,7401200.0,0.0,1,288603.4569138276,1
57,0.0,0,1,124.76415350347267,524000.0,7410200.0,0.0,1,288603.4569138276,1
57,0.0,0,1,130.75207856099868,544000.0,7430200.0,0.0,1,288603.4569138276,1
57,0.0,0,1,124.9399661819098,526000.0,7411200.0,0.0,1,288603.4569138276,1
57,0.0,0,1,118.88830760032381,542000.0,7427100.0,0.0,1,288603.4569138276,1
89,0.0,0,1,3357.908954949472,1000000.0,1852500.0,0.0,0,14051.85370741483,1
89,0.0,0,1,3489.868042274155,1000000.0,1663500.0,0.0,0,15132.765531062125,1
89,0.0,0,1,1062.0086129043082,1000000.0,1506700.0,0.0,0,15132.765531062125,1
89,0.0,0,1,3243.3379104188625,1000000.0,2467600.0,0.0,0,11890.03006012024,1
89,0.0,0,1,3307.1410818102763,1000000.0,2156100.0,0.0,0,14051.85370741483,1
38,400000.0,0,1,9448.237186004018,260000.0,144100.0,400000.0,1,81068.3867735471,1
38,400000.0,0,1,9420.6499730449,282000.0,166100.0,400000.0,1,84311.12224448897,1
38,400000.0,0,1,10345.397796274712,267000.0,151100.0,400000.0,1,78906.5631262525,1
38,400000.0,0,1,9660.962723976256,216000.0,100100.0,400000.0,1,77825.65130260521,1
38,400000.0,0,1,10468.795818796929,178000.0,62100.0,400000.0,1,76744.73947895791,1
40,31000.0,0,1,4844.666141876251,169000.0,193460.0,31000.0,1,56207.41482965932,1
40,31000.0,0,1,4732.109522121722,169000.0,193360.0,31000.0,1,56207.41482965932,1
40,31000.0,0,1,4656.061193812951,169000.0,193260.0,31000.0,1,56207.41482965932,1
40,31000.0,0,1,4769.017014148944,169000.0,193460.0,31000.0,1,56207.41482965932,1
40,31000.0,0,1,4620.067231723477,169000.0,193360.0,31000.0,1,56207.41482965932,1
65,0.0,0,1,9120.871108659801,0.0,15500.0,0.0,1,10592.935871743486,2
65,0.0,0,1,8841.643500334216,0.0,15500.0,0.0,1,14051.85370741483,2
65,0.0,0,1,8809.36234004137,0.0,15500.0,0.0,1,12970.941883767535,2
65,0.0,0,1,9033.281138164202,0.0,15500.0,0.0,1,15132.765531062125,2
65,0.0,0,1,8904.412423753332,0.0,15500.0,0.0,1,14051.85370741483,2
46,763000.0,0,1,606.2060197491394,337000.0,1591400.0,763000.0,1,732858.2164328657,1
46,763000.0,0,1,636.7550017621718,337000.0,1155000.0,763000.0,1,670165.3306613227,1
46,763000.0,0,1,582.0534681956161,337000.0,1384700.0,763000.0,1,666922.5951903808,1
46,763000.0,0,1,596.4041059169605,337000.0,1305900.0,763000.0,1,653951.6533066132,1
46,763000.0,0,1,596.5765848542123,337000.0,1202800.0,763000.0,1,655032.5651302605,1
37,400000.0,0,1,3014.3834671665686,300000.0,1107500.0,400000.0,1,405341.9338677355,1
37,400000.0,0,1,3041.206637017981,300000.0,1121000.0,400000.0,1,405341.9338677355,1
37,400000.0,0,1,3149.4569265919695,300000.0,1117000.0,400000.0,1,405341.9338677355,1
37,400000.0,0,1,3152.0360114956907,300000.0,1115900.0,400000.0,1,405341.9338677355,1
37,400000.0,0,1,3221.1211979294544,300000.0,1107500.0,400000.0,1,405341.9338677355,1
71,480000.0,0,1,60.677786676282764,1720000.0,79762500.0,480000.0,1,599906.0621242485,1
71,480000.0,0,1,59.63634481969957,1720000.0,79763500.0,480000.0,1,597744.2384769539,1
71,480000.0,0,1,61.38075953525064,1720000.0,79762500.0,480000.0,1,603148.7975951903,1
71,480000.0,0,1,61.29113817157256,1720000.0,79763500.0,480000.0,1,603148.7975951903,1
71,480000.0,0,1,60.01554570294523,1720000.0,79763500.0,480000.0,1,599906.0621242485,1
52,0.0,0,1,7825.671275127667,0.0,-29100.0,0.0,1,140518.5370741483,1
52,0.0,0,1,8063.921224614431,0.0,-28100.0,0.0,1,140518.5370741483,1
52,0.0,0,1,7990.2767662470915,0.0,-28100.0,0.0,1,140518.5370741483,1
52,0.0,0,1,7817.671329894712,0.0,-28200.0,0.0,1,140518.5370741483,1
52,0.0,0,1,8101.802954234039,0.0,-29100.0,0.0,1,140518.5370741483,1
45,0.0,0,1,6252.033158759261,0.0,117700.0,0.0,1,137275.8016032064,1
45,0.0,0,1,6055.982087450824,0.0,117700.0,0.0,1,137275.8016032064,1
45,0.0,0,1,6208.15661835117,0.0,117700.0,0.0,1,136194.8897795591,1
45,0.0,0,1,6147.138789233974,0.0,117700.0,0.0,1,136194.8897795591,1
45,0.0,0,1,6117.92725434149,0.0,117700.0,0.0,1,137275.8016032064,1
61,0.0,0,2,9067.649377671907,0.0,31000.0,0.0,1,41074.64929859719,2
61,0.0,0,2,9032.599486689798,0.0,31000.0,0.0,1,41074.64929859719,2
61,0.0,0,2,9106.797731352946,0.0,31000.0,0.0,1,41074.64929859719,2
61,0.0,0,2,8927.911486940375,0.0,31100.0,0.0,1,41074.64929859719,2
61,0.0,0,2,9082.320077874081,0.0,31000.0,0.0,1,41074.64929859719,2
63,45000.0,0,1,3832.955055764237,655000.0,3607500.0,0.0,1,194564.12825651304,1
63,45000.0,0,1,4199.687415205428,655000.0,3639900.0,0.0,1,194564.12825651304,1
63,45000.0,0,1,4547.843578485314,655000.0,3999530.0,0.0,1,194564.12825651304,1
63,45000.0,0,1,4077.000418277795,655000.0,3476700.0,0.0,1,194564.12825651304,1
63,45000.0,0,1,3938.5660185463144,655000.0,3546100.0,0.0,1,194564.12825651304,1
48,0.0,0,1,1340.2423295445792,670000.0,1491200.0,0.0,1,85392.03406813627,1
48,0.0,0,1,1336.0067232037159,670000.0,1471200.0,0.0,1,84311.12224448897,1
48,0.0,0,1,1440.8568585668215,670000.0,1422200.0,0.0,1,85392.03406813627,1
48,0.0,0,1,1360.0885073971092,670000.0,1309200.0,0.0,1,85392.03406813627,1
48,0.0,0,1,1459.6405885468328,670000.0,1418200.0,0.0,1,85392.03406813627,1
58,0.0,0,1,2258.841563791482,0.0,9300.0,0.0,1,73502.00400801603,2
58,0.0,0,1,2226.67737837732,0.0,9300.0,0.0,1,73502.00400801603,2
58,0.0,0,1,2262.9480983855265,0.0,9300.0,0.0,1,73502.00400801603,2
58,0.0,0,1,2261.9654760368185,0.0,9300.0,0.0,1,73502.00400801603,2
58,0.0,0,1,2253.474118410582,0.0,9300.0,0.0,1,73502.00400801603,2
65,0.0,0,2,1870.3378676757602,0.0,-1999.0,0.0,0,10809.118236472947,2
65,0.0,0,2,1878.3834203566944,0.0,-1999.0,0.0,0,9187.750501002003,2
65,0.0,0,2,1851.7686119434043,0.0,-1999.0,0.0,0,8863.476953907815,2
65,0.0,0,2,1879.7763262613666,0.0,-1999.0,0.0,0,8323.021042084169,2
65,0.0,0,2,1855.8433607079726,0.0,-1999.0,0.0,0,9295.841683366734,2
47,109000.0,0,2,16019.079437633674,191000.0,270520.0,109000.0,1,81068.3867735471,2
47,109000.0,0,2,14823.988046491071,191000.0,269520.0,109000.0,1,81068.3867735471,2
47,109000.0,0,2,15144.744642244763,191000.0,269620.0,109000.0,1,81068.3867735471,2
47,108000.0,0,2,15364.820563063797,192000.0,271430.0,108000.0,1,81068.3867735471,2
47,109000.0,0,2,14758.620368696264,191000.0,270420.0,109000.0,1,79987.4749498998,2
50,400000.0,0,1,12489.281749926886,550000.0,1384510.0,400000.0,1,144842.18436873748,1
50,400000.0,0,1,15222.86299863659,550000.0,1387305.0,400000.0,1,144842.18436873748,1
50,400000.0,0,1,10296.941343485509,550000.0,1385505.0,400000.0,1,145923.09619238478,1
50,400000.0,0,1,13056.377149239639,550000.0,1384505.0,400000.0,1,145923.09619238478,1
50,400000.0,0,1,11356.17180202316,550000.0,1389305.0,400000.0,1,144842.18436873748,1
41,0.0,0,1,7134.5776667788205,0.0,56100.0,0.0,1,185916.83366733466,1
41,0.0,0,1,7357.532605813316,0.0,59050.0,0.0,1,185916.83366733466,1
41,0.0,0,1,7132.224261555575,0.0,44940.0,0.0,1,186997.74549098196,1
41,0.0,0,1,7298.2788759656005,0.0,69590.0,0.0,1,185916.83366733466,1
41,0.0,0,1,7188.038799274902,0.0,40770.0,0.0,1,185916.83366733466,1
53,0.0,0,2,1971.835789473814,0.0,1.0,0.0,0,9728.206412825652,2
53,0.0,0,2,1981.6010918211534,0.0,1.0,0.0,0,9728.206412825652,2
53,0.0,0,2,1953.364097555433,0.0,1.0,0.0,0,9728.206412825652,2
53,0.0,0,2,1982.2760963794371,0.0,1.0,0.0,0,9728.206412825652,2
53,0.0,0,2,1957.0976938576143,0.0,1.0,0.0,0,9728.206412825652,2
70,7150000.0,0,1,59.811691677041054,8950000.0,187561000.0,7150000.0,1,4874912.324649299,1
70,7650000.0,0,1,58.89900371873803,2470000.0,210978000.0,7650000.0,1,4907339.679358717,1
70,7210000.0,0,1,60.7609631508383,9650000.0,221104000.0,7210000.0,1,4993812.625250501,1
70,7380000.0,0,1,60.70683251665382,6110000.0,191673000.0,7380000.0,1,4928957.915831664,1
70,7530000.0,0,1,59.193201142694534,3650000.0,186671000.0,7530000.0,1,5047858.216432866,1
26,0.0,0,2,8427.731789657006,0.0,450.0,0.0,1,33508.26653306613,2
26,0.0,0,2,8401.100935249418,0.0,450.0,0.0,1,32427.354709418836,2
26,0.0,0,2,8439.523865213383,0.0,450.0,0.0,1,33508.26653306613,2
26,0.0,0,2,8365.066019579643,0.0,460.0,0.0,1,33508.26653306613,2
26,0.0,0,2,8424.504142424941,0.0,460.0,0.0,1,32427.354709418836,2
60,0.0,0,2,580.4797428819686,0.0,20.0,0.0,0,30265.53106212425,2
60,0.0,0,2,591.979516767917,0.0,20.0,0.0,0,30265.53106212425,2
60,0.0,0,2,592.0162273232299,0.0,20.0,0.0,0,29184.619238476953,2
60,0.0,0,2,578.0313021335112,0.0,20.0,0.0,0,30265.53106212425,2
60,0.0,0,2,599.6559500140072,0.0,20.0,0.0,0,29184.619238476953,2
63,0.0,0,1,518.9133522970776,2900000.0,19155670.0,0.0,1,952283.3166332665,1
63,0.0,0,1,556.8762346550582,2900000.0,19171670.0,0.0,1,855001.25250501,1
63,0.0,0,1,585.6006160109537,2900000.0,19154670.0,0.0,1,858243.9879759519,1
63,0.0,0,1,557.9843606312016,2900000.0,19156570.0,0.0,1,926341.4328657314,1
63,0.0,0,1,522.6638083837285,2900000.0,19133670.0,0.0,1,904723.1963927855,1
33,0.0,0,1,3892.582757401364,583000.0,3699100.0,0.0,1,1167384.7695390782,1
33,0.0,0,1,4112.805160807244,583000.0,3693100.0,0.0,1,1167384.7695390782,1
33,0.0,0,1,4267.961986829663,584000.0,3700200.0,0.0,1,1156575.6513026052,1
33,0.0,0,1,4106.670253035843,584000.0,3689200.0,0.0,1,1156575.6513026052,1
33,0.0,0,1,3974.1343699631384,584000.0,3684200.0,0.0,1,1156575.6513026052,1
38,160000.0,0,1,2565.020313472746,140000.0,139600.0,160000.0,1,48641.03206412826,1
38,160000.0,0,1,2471.7732371299935,140000.0,139600.0,160000.0,1,48641.03206412826,1
38,160000.0,0,1,2444.641447240836,140000.0,139600.0,160000.0,1,48641.03206412826,1
38,160000.0,0,1,2482.3741672405376,140000.0,139600.0,160000.0,1,48641.03206412826,1
38,160000.0,0,1,2427.46275699502,140000.0,139600.0,160000.0,1,48641.03206412826,1
80,0.0,0,1,5417.860514853152,50000.0,50280.0,0.0,0,25941.88376753507,1
80,0.0,0,1,5416.566852538073,50000.0,50280.0,0.0,0,25941.88376753507,1
80,0.0,0,1,5404.735743004652,50000.0,50280.0,0.0,0,25941.88376753507,1
80,0.0,0,1,5411.270004339754,50000.0,50280.0,0.0,0,25941.88376753507,1
80,0.0,0,1,5402.583653300224,50000.0,50280.0,0.0,0,25941.88376753507,1
46,0.0,0,1,4781.255543495925,0.0,-9850.0,0.0,1,62692.885771543086,1
46,0.0,0,1,4750.599268200153,0.0,-10850.0,0.0,1,62692.885771543086,1
46,0.0,0,1,4710.78204898178,0.0,-8850.0,0.0,1,62692.885771543086,1
46,0.0,0,1,4768.0545491177245,0.0,-10850.0,0.0,1,62692.885771543086,1
46,0.0,0,1,4713.961372573262,0.0,-10850.0,0.0,1,62692.885771543086,1
87,0.0,0,1,7.285044298637483,6310000.0,1074570000.0,0.0,0,78463389.2785571,1
87,0.0,0,1,7.301398369232446,6740000.0,1094007000.0,0.0,0,93034080.66132264,1
87,0.0,0,1,7.3699473383008485,6860000.0,1134786000.0,0.0,0,110036823.6472946,1
87,0.0,0,1,7.5009577384461625,6490000.0,988550000.0,0.0,0,102340731.46292585,1
87,0.0,0,1,7.321322660485284,6500000.0,1229845000.0,0.0,0,106048259.01803607,1
70,0.0,0,2,11105.989347856439,0.0,9600.0,0.0,1,24860.971943887776,2
70,0.0,0,2,11072.998640794203,0.0,9600.0,0.0,1,28103.70741482966,2
70,0.0,0,2,11121.909581173937,0.0,10100.0,0.0,1,25941.88376753507,2
70,0.0,0,2,11032.584599352214,0.0,10100.0,0.0,1,28103.70741482966,2
70,0.0,0,2,11105.363069391457,0.0,8100.0,0.0,1,18375.501002004006,2
70,200000.0,0,1,3435.8021380119108,500000.0,19479000.0,200000.0,1,449659.31863727455,1
70,200000.0,0,1,3622.226658143096,500000.0,12539000.0,200000.0,1,557750.501002004,1
70,200000.0,0,1,3784.229026411719,500000.0,12139000.0,200000.0,1,542617.7354709419,1
70,200000.0,0,1,3642.2085208504686,500000.0,11884000.0,200000.0,1,519918.5871743487,1
70,200000.0,0,1,3479.713054368546,500000.0,15130000.0,200000.0,1,590177.8557114229,1
43,78000.0,0,1,4064.858970323608,237000.0,2920300.0,0.0,1,378319.13827655313,1
43,78000.0,0,1,4165.255781109782,237000.0,2918200.0,0.0,1,378319.13827655313,1
43,78000.0,0,1,3772.2362282235576,237000.0,2919200.0,0.0,1,378319.13827655313,1
43,79000.0,0,1,3897.854048587296,236000.0,2920200.0,0.0,1,378319.13827655313,1
43,79000.0,0,1,3997.958551767822,236000.0,2917300.0,0.0,1,378319.13827655313,1
58,536000.0,0,1,5349.935558629422,414000.0,621500.0,536000.0,1,194564.12825651304,1
58,536000.0,0,1,5367.732926185788,414000.0,623500.0,536000.0,1,194564.12825651304,1
58,536000.0,0,1,5771.777431132065,414000.0,619500.0,536000.0,1,194564.12825651304,1
58,536000.0,0,1,5510.94799973896,414000.0,621500.0,536000.0,1,194564.12825651304,1
58,536000.0,0,1,5856.987267239867,414000.0,621500.0,536000.0,1,194564.12825651304,1
77,0.0,0,1,471.28295187662314,600000.0,36403500.0,0.0,0,2986559.368737475,1
77,0.0,0,1,461.7299542371111,600000.0,32300100.0,0.0,0,2679039.9549098196,1
77,0.0,0,1,464.4717219816645,600000.0,45387100.0,0.0,0,2972615.606212425,1
77,0.0,0,1,576.4045916572603,600000.0,55975000.0,0.0,0,3910738.977955912,1
77,0.0,0,1,478.918537149788,600000.0,30715190.0,0.0,0,2879549.098196393,1
46,1290000.0,0,1,60.62729687194718,1450000.0,204303100.0,1290000.0,1,4712775.551102204,1
46,1300000.0,0,1,61.30531534332194,1340000.0,158150000.0,1300000.0,1,3934519.038076152,1
46,1260000.0,0,1,61.60120208350757,1450000.0,179075000.0,1260000.0,1,4269601.703406814,1
46,1350000.0,0,1,62.90887732370322,1400000.0,246335000.0,1350000.0,1,6139579.158316634,1
46,1310000.0,0,1,61.23398264463758,1760000.0,132457000.0,1310000.0,1,5123522.044088176,1
50,235000.0,0,2,4723.97866139927,1415000.0,1536580.0,235000.0,1,75663.82765531063,2
50,235000.0,0,2,5561.156732385266,1415000.0,1538480.0,235000.0,1,76744.73947895791,2
50,235000.0,0,2,3978.680543240754,1415000.0,1536480.0,235000.0,1,76744.73947895791,2
50,235000.0,0,2,4774.698286083754,1415000.0,1545780.0,235000.0,1,76744.73947895791,2
50,235000.0,0,2,4289.158284610602,1415000.0,1541780.0,235000.0,1,76744.73947895791,2
58,0.0,0,1,48.80898783587747,1000000.0,64202000.0,0.0,1,3642672.845691383,1
58,0.0,0,1,49.60507291598422,1000000.0,64202000.0,0.0,1,4031801.102204409,1
58,0.0,0,1,49.95938963462084,1000000.0,64202000.0,0.0,1,4010182.8657314624,1
58,0.0,0,1,50.94308643196044,1000000.0,64202000.0,0.0,1,4020991.983967935,1
58,0.0,0,1,49.14501150477614,1000000.0,64204000.0,0.0,1,4075037.5751503007,1
41,0.0,0,2,1406.9421567584811,0.0,-27250.0,0.0,1,39993.7374749499,2
41,0.0,0,2,1431.4263874105914,0.0,-28650.0,0.0,1,43236.47294589179,2
41,0.0,0,2,1413.3255418832994,0.0,-29550.0,0.0,1,37831.91382765531,2
41,0.0,0,2,1421.174774493264,0.0,-28770.0,0.0,1,43236.47294589179,2
41,0.0,0,2,1416.742499884866,0.0,-25550.0,0.0,1,39993.7374749499,2
65,0.0,0,1,6706.079470230221,650000.0,1140600.0,0.0,1,140518.5370741483,1
65,0.0,0,1,6724.90703182648,650000.0,814100.0,0.0,1,140518.5370741483,1
65,0.0,0,1,7234.548888970016,650000.0,808060.0,0.0,1,140518.5370741483,1
65,0.0,0,1,6901.751964284061,650000.0,841800.0,0.0,1,140518.5370741483,1
65,0.0,0,1,7341.675646167261,650000.0,905600.0,0.0,1,140518.5370741483,1
47,370000.0,0,1,1105.1107077682548,1230000.0,1613600.0,370000.0,1,162136.7735470942,1
47,370000.0,0,1,1292.6329548065519,1230000.0,1612600.0,370000.0,1,162136.7735470942,1
47,370000.0,0,1,927.5074305484981,1230000.0,1613600.0,370000.0,1,162136.7735470942,1
47,370000.0,0,1,1100.4235143414671,1230000.0,1613600.0,370000.0,1,162136.7735470942,1
47,370000.0,0,1,997.9235769802693,1230000.0,1613600.0,370000.0,1,162136.7735470942,1
94,0.0,0,1,13270.593404548024,527000.0,770600.0,0.0,0,56207.41482965932,2
94,0.0,0,1,13916.530515290444,527000.0,784000.0,0.0,0,61611.9739478958,2
94,0.0,0,1,15087.66631696092,527000.0,774000.0,0.0,0,62692.885771543086,2
94,0.0,0,1,13731.080098863324,527000.0,770400.0,0.0,0,54045.59118236473,2
94,0.0,0,1,15323.510657882365,527000.0,773070.0,0.0,0,56207.41482965932,2
73,0.0,0,1,9095.847190253016,1000000.0,2670100.0,0.0,0,178350.45090180362,1
73,0.0,0,1,10708.715911659689,1000000.0,2665400.0,0.0,0,178350.45090180362,1
73,0.0,0,1,7672.583861246067,1000000.0,2684200.0,0.0,0,178350.45090180362,1
73,0.0,0,1,9191.424587700822,1000000.0,2708700.0,0.0,0,178350.45090180362,1
73,0.0,0,1,8272.875143711592,1000000.0,2684100.0,0.0,0,178350.45090180362,1
39,470000.0,0,1,4235.080878885853,10000.0,273150.0,470000.0,1,148084.91983967935,1
39,469000.0,0,1,4252.061057183475,11000.0,272150.0,469000.0,1,148084.91983967935,1
39,470000.0,0,1,4576.896513689294,10000.0,273150.0,470000.0,1,148084.91983967935,1
39,470000.0,0,1,4366.953310749917,10000.0,271150.0,470000.0,1,148084.91983967935,1
39,470000.0,0,1,4647.534279057601,10000.0,272150.0,470000.0,1,148084.91983967935,1
23,200000.0,0,1,5886.461737044927,30000.0,70100.0,200000.0,1,84311.12224448897,2
23,200000.0,0,1,6039.651114830934,30000.0,69100.0,200000.0,1,84311.12224448897,2
23,200000.0,0,1,5820.084095408209,30000.0,70100.0,200000.0,1,84311.12224448897,2
23,200000.0,0,1,5971.141832924741,30000.0,70100.0,200000.0,1,84311.12224448897,2
23,200000.0,0,1,5840.976802262392,30000.0,70100.0,200000.0,1,84311.12224448897,2
52,415000.0,0,1,8335.058901964454,49000.0,709800.0,415000.0,0,143761.27254509018,2
52,415000.0,0,1,8308.729450334231,49000.0,697800.0,415000.0,0,143761.27254509018,2
52,415000.0,0,1,9123.017180987943,49000.0,707800.0,415000.0,0,143761.27254509018,2
52,415000.0,0,1,8521.247938294962,49000.0,686800.0,415000.0,0,143761.27254509018,2
52,415000.0,0,1,9235.667815203335,49000.0,695800.0,415000.0,0,143761.27254509018,2
72,0.0,0,2,577.2835878196863,500000.0,2998000.0,0.0,0,65935.62124248497,2
72,0.0,0,2,618.369813641473,500000.0,3131000.0,0.0,0,77825.65130260521,2
72,0.0,0,2,566.5612684356828,500000.0,2992000.0,0.0,0,71340.18036072144,2
72,0.0,0,2,580.8250087050726,500000.0,3204000.0,0.0,0,65935.62124248497,2
72,0.0,0,2,568.2889698913989,500000.0,3222000.0,0.0,0,65935.62124248497,2
38,0.0,0,2,1906.150742977247,0.0,5000.0,0.0,1,42155.561122244486,2
38,0.0,0,2,1939.322422583659,0.0,3200.0,0.0,1,36751.00200400801,2
38,0.0,0,2,1914.7990688802934,0.0,-3600.0,0.0,1,35670.09018036072,2
38,0.0,0,2,1925.4333515332175,0.0,-300.0,0.0,1,35670.09018036072,2
38,0.0,0,2,1919.428425533032,0.0,5000.0,0.0,1,41074.64929859719,2
31,0.0,0,1,11958.139036454388,0.0,22631.0,0.0,1,112414.82965931864,1
31,0.0,0,1,12152.631776832699,0.0,6321.0,0.0,1,125385.77154308617,1
31,0.0,0,1,11914.386912181584,0.0,14321.0,0.0,1,97282.06412825652,1
31,0.0,0,1,12151.315397082097,0.0,3331.0,0.0,1,129709.41883767534,1
31,0.0,0,1,11970.708855094817,0.0,3321.0,0.0,1,124304.85971943887,1
26,0.0,0,2,5811.975417417134,0.0,50840.0,0.0,1,59450.1503006012,2
26,0.0,0,2,5906.504091360364,0.0,51100.0,0.0,1,59450.1503006012,2
26,0.0,0,2,5790.710714777524,0.0,52300.0,0.0,1,59450.1503006012,2
26,0.0,0,2,5905.86429559221,0.0,52180.0,0.0,1,59450.1503006012,2
26,0.0,0,2,5818.084685482745,0.0,52500.0,0.0,1,59450.1503006012,2
60,0.0,0,1,1950.7890882553158,0.0,300.0,0.0,0,11890.03006012024,2
60,0.0,0,1,1961.5319808651573,0.0,300.0,0.0,0,11890.03006012024,2
60,0.0,0,1,1931.9713485611567,0.0,300.0,0.0,0,11890.03006012024,2
60,0.0,0,1,1964.161366993442,0.0,300.0,0.0,0,11890.03006012024,2
60,0.0,0,1,1936.3799662061579,0.0,300.0,0.0,0,11890.03006012024,2
45,0.0,0,2,14595.260039842058,0.0,-5539.0,0.0,0,12970.941883767535,2
45,0.0,0,2,14550.632086771297,0.0,-5439.0,0.0,0,14051.85370741483,2
45,0.0,0,2,14625.816586770356,0.0,-5339.0,0.0,0,12970.941883767535,2
45,0.0,0,2,14490.323545420568,0.0,-5539.0,0.0,0,14051.85370741483,2
45,0.0,0,2,14598.540914438936,0.0,-5549.0,0.0,0,14051.85370741483,2
53,125000.0,0,2,5108.063498120648,537000.0,519800.0,125000.0,1,47560.12024048096,2
53,125000.0,0,2,5091.920338286616,426000.0,406500.0,125000.0,1,51883.76753507014,2
53,125000.0,0,2,5491.535495497239,503000.0,480300.0,125000.0,1,36751.00200400801,2
53,125000.0,0,2,5183.703204784866,416000.0,402500.0,125000.0,1,49721.94388777555,2
53,125000.0,0,2,5563.12589624369,532000.0,514700.0,125000.0,1,49721.94388777555,2
82,233000.0,0,1,1626.5760461503385,567000.0,2708800.0,233000.0,0,342649.04809619236,2
82,233000.0,0,1,1713.965538661108,567000.0,2708800.0,233000.0,0,342649.04809619236,2
82,233000.0,0,1,1543.0906440324175,567000.0,2708800.0,233000.0,0,341568.1362725451,2
82,233000.0,0,1,1593.1788645883753,567000.0,2708800.0,233000.0,0,342649.04809619236,2
82,233000.0,0,1,1581.3237020528982,567000.0,2708800.0,233000.0,0,341568.1362725451,2
68,0.0,0,1,6587.870182863304,0.0,1100.0,0.0,0,16213.677354709418,2
68,0.0,0,1,6634.248316230167,0.0,1100.0,0.0,0,16213.677354709418,2
68,0.0,0,1,6635.599258532295,0.0,1100.0,0.0,0,16213.677354709418,2
68,0.0,0,1,6703.316086023506,0.0,1100.0,0.0,0,16213.677354709418,2
68,0.0,0,1,6653.078203455725,0.0,1100.0,0.0,0,16213.677354709418,2
56,105000.0,0,1,14698.289129413377,95000.0,125410.0,80000.0,0,108091.18236472947,1
56,105000.0,0,1,13744.62224667097,95000.0,121900.0,80000.0,0,114576.65330661323,1
56,105000.0,0,1,14150.15354828587,95000.0,153570.0,80000.0,0,118900.3006012024,1
56,105000.0,0,1,14154.240802025652,95000.0,261260.0,80000.0,0,96201.15230460922,1
56,105000.0,0,1,13976.388613606261,95000.0,180150.0,80000.0,0,118900.3006012024,1
67,0.0,0,1,43.573355646051205,6190000.0,212676000.0,0.0,1,14743637.274549099,2
67,0.0,0,1,43.96210079566739,6050000.0,201442000.0,0.0,1,14840919.338677354,2
67,0.0,0,1,44.30789538233451,6980000.0,201110000.0,0.0,1,13641107.214428857,2
67,0.0,0,1,45.20348704836176,6680000.0,210938000.0,0.0,1,13641107.214428857,2
67,0.0,0,1,43.81904038460121,6430000.0,210426000.0,0.0,1,14732828.156312626,2
44,245000.0,0,1,1158.2855512431645,355000.0,798100.0,245000.0,1,164298.59719438877,1
44,245000.0,0,1,1154.7924420405727,355000.0,808500.0,245000.0,1,206454.15831663326,1
44,245000.0,0,1,1245.1588461677102,355000.0,884800.0,245000.0,1,131871.24248496993,1
44,245000.0,0,1,1175.3043479762716,355000.0,784100.0,245000.0,1,234557.86573146292,1
44,245000.0,0,1,1261.1453885727199,355000.0,775300.0,245000.0,1,112414.82965931864,1
56,198000.0,0,1,2614.3802058757624,52000.0,177020.0,198000.0,0,114576.65330661323,2
56,197000.0,0,1,2459.8667284628564,53000.0,177990.0,197000.0,0,114576.65330661323,2
56,196000.0,0,1,2556.339252363493,54000.0,178990.0,196000.0,0,114576.65330661323,2
56,196000.0,0,1,2469.1546234783564,54000.0,178990.0,196000.0,0,114576.65330661323,2
56,198000.0,0,1,2524.808522774828,52000.0,176010.0,198000.0,0,114576.65330661323,2
65,0.0,0,1,4468.580905844739,0.0,34000.0,0.0,1,37831.91382765531,2
65,0.0,0,1,4390.757213677147,0.0,34000.0,0.0,1,37831.91382765531,2
65,0.0,0,1,4352.193980445937,0.0,34000.0,0.0,1,37831.91382765531,2
65,0.0,0,1,4501.60533787083,0.0,34000.0,0.0,1,37831.91382765531,2
65,0.0,0,1,4396.036083370788,0.0,34000.0,0.0,1,37831.91382765531,2
49,247000.0,0,1,2488.2460786844226,303000.0,419400.0,225000.0,1,124304.85971943887,1
49,247000.0,0,1,2496.8928198895737,303000.0,415400.0,225000.0,1,124304.85971943887,1
49,247000.0,0,1,2685.335977950557,303000.0,418400.0,225000.0,1,124304.85971943887,1
49,247000.0,0,1,2564.910270228368,303000.0,412400.0,225000.0,1,124304.85971943887,1
49,247000.0,0,1,2725.507631697914,303000.0,407400.0,225000.0,1,124304.85971943887,1
34,228000.0,0,1,21387.49370898281,72000.0,105880.0,228000.0,1,118900.3006012024,1
34,228000.0,0,1,21274.332838286195,72000.0,110870.0,228000.0,1,118900.3006012024,1
34,229000.0,0,1,20655.225386402588,71000.0,131870.0,229000.0,1,118900.3006012024,1
34,229000.0,0,1,21195.17812474555,71000.0,92480.0,229000.0,1,118900.3006012024,1
34,228000.0,0,1,20663.61847930878,72000.0,92870.0,228000.0,1,118900.3006012024,1
44,152000.0,0,1,16819.113144734656,98000.0,126080.0,152000.0,1,85392.03406813627,1
44,181000.0,0,1,16323.259527770797,69000.0,97480.0,181000.0,1,90796.59318637275,1
44,96000.0,0,1,16399.503394381558,154000.0,183300.0,96000.0,1,46479.208416833666,1
44,186000.0,0,1,16432.168009078472,64000.0,91690.0,186000.0,1,48641.03206412826,1
44,249000.0,0,1,16229.753115735488,1000.0,30390.0,249000.0,1,71340.18036072144,1
48,300000.0,0,1,3319.825755908244,600000.0,709280.0,300000.0,1,455063.877755511,1
48,300000.0,0,1,3367.371282522339,600000.0,745190.0,300000.0,1,505866.7334669339,1
48,300000.0,0,1,3476.7513756747117,600000.0,1086000.0,300000.0,1,512352.2044088177,1
48,300000.0,0,1,10660.72979000128,600000.0,1775000.0,300000.0,1,518837.6753507014,1
48,300000.0,0,1,3549.8493923719243,600000.0,762000.0,300000.0,1,455063.877755511,1
53,360000.0,0,1,1052.53748158288,340000.0,1026280.0,360000.0,1,224829.65931863728,1
53,360000.0,0,1,1049.3105494038182,340000.0,974620.0,360000.0,1,212939.62925851703,1
53,360000.0,0,1,1132.0615872210374,340000.0,1087400.0,360000.0,1,220506.0120240481,1
53,360000.0,0,1,1068.4289276712666,340000.0,939390.0,360000.0,1,216182.36472945893,1
53,360000.0,0,1,1146.5673396837065,340000.0,1150900.0,360000.0,1,216182.36472945893,1
33,0.0,0,2,5522.53633617795,0.0,-5200.0,0.0,1,97282.06412825652,2
33,0.0,0,2,5368.258118920112,0.0,-5200.0,0.0,1,97282.06412825652,2
33,0.0,0,2,5462.858742914718,0.0,8000.0,0.0,1,97282.06412825652,2
33,0.0,0,2,5438.866473876878,0.0,30000.0,0.0,1,97282.06412825652,2
33,0.0,0,2,5400.42367218304,0.0,49000.0,0.0,1,97282.06412825652,2
28,0.0,0,1,12704.960432737409,0.0,192350.0,0.0,1,121062.124248497,1
28,0.0,0,1,12689.244439080867,0.0,190430.0,0.0,1,194564.12825651304,1
28,0.0,0,1,12865.99689183739,0.0,187300.0,0.0,1,113495.74148296592,1
28,0.0,0,1,13111.776851309973,0.0,176610.0,0.0,1,214020.54108216433,1
28,0.0,0,1,12450.109080052922,0.0,229300.0,0.0,1,215101.45290581163,1
34,0.0,0,2,1404.1315263756517,0.0,12110.0,0.0,1,28103.70741482966,2
34,0.0,0,2,1407.8014696297719,0.0,12110.0,0.0,1,28103.70741482966,2
34,0.0,0,2,1387.348048751787,0.0,14110.0,0.0,1,28103.70741482966,2
34,0.0,0,2,1402.7455572491083,0.0,10110.0,0.0,1,25941.88376753507,2
34,0.0,0,2,1394.8945756385406,0.0,12100.0,0.0,1,27022.795591182366,2
78,430000.0,0,1,3023.3758980138496,1070000.0,1093900.0,430000.0,0,34589.178356713426,2
78,430000.0,0,1,3050.2790860522705,1070000.0,1093900.0,430000.0,0,34589.178356713426,2
78,430000.0,0,1,3158.8523050921985,1070000.0,1092900.0,430000.0,0,34589.178356713426,2
78,430000.0,0,1,3161.439083855344,1070000.0,1094000.0,430000.0,0,34589.178356713426,2
78,430000.0,0,1,3230.73036343165,1070000.0,1093900.0,430000.0,0,34589.178356713426,2
39,999000.0,0,1,3451.2245519762246,1001000.0,3989500.0,999000.0,1,1621367.735470942,1
39,998000.0,0,1,3549.8888523576584,1002000.0,4006800.0,998000.0,1,1632176.8537074148,1
39,998000.0,0,1,3698.381098335113,1002000.0,4007500.0,998000.0,1,1621367.735470942,1
39,998000.0,0,1,3553.922264350663,1002000.0,3995800.0,998000.0,1,1621367.735470942,1
39,998000.0,0,1,3475.0839578386185,1002000.0,3994100.0,998000.0,1,1632176.8537074148,1
71,101000.0,0,1,9089.973847407224,205000.0,197321.0,101000.0,0,36751.00200400801,1
71,102000.0,0,1,8667.362267011302,204000.0,196321.0,102000.0,0,36751.00200400801,1
71,147000.0,0,1,8806.830665762414,159000.0,151331.0,147000.0,0,36751.00200400801,1
71,126000.0,0,1,8715.499460498673,180000.0,172321.0,126000.0,0,36751.00200400801,1
71,150000.0,0,1,8628.745619974134,156000.0,148321.0,150000.0,0,36751.00200400801,1
43,0.0,0,2,14686.772132219334,90000.0,79810.0,0.0,1,32427.354709418836,2
43,0.0,0,2,14501.908310310271,90000.0,83470.0,0.0,1,32427.354709418836,2
43,0.0,0,2,14015.655613563635,90000.0,80460.0,0.0,1,32427.354709418836,2
43,0.0,0,2,14366.843205243238,90000.0,79100.0,0.0,1,32427.354709418836,2
43,0.0,0,2,13861.71278637265,90000.0,80660.0,0.0,1,32427.354709418836,2
74,70000.0,0,1,3151.6434259773728,180000.0,612814.0,70000.0,0,62692.885771543086,1
74,70000.0,0,1,3118.010379128921,180000.0,611714.0,70000.0,0,62692.885771543086,1
74,70000.0,0,1,3221.5080096921047,180000.0,538714.0,70000.0,0,62692.885771543086,1
74,70000.0,0,1,3222.5081945718016,180000.0,538814.0,70000.0,0,62692.885771543086,1
74,70000.0,0,1,3366.7555563340184,180000.0,611814.0,70000.0,0,62692.885771543086,1
43,315000.0,0,1,18008.307701103386,135000.0,135850.0,315000.0,1,107010.27054108217,1
43,315000.0,0,1,16924.269309594853,135000.0,135990.0,315000.0,1,104848.44689378758,1
43,315000.0,0,1,17010.016680221903,135000.0,135850.0,315000.0,1,118900.3006012024,1
43,315000.0,0,1,17310.003648191057,135000.0,134990.0,315000.0,1,109172.09418837675,1
43,315000.0,0,1,16651.854661019803,135000.0,135790.0,315000.0,1,116738.47695390781,1
77,100000.0,0,1,1771.360510281229,325000.0,3497000.0,100000.0,1,354539.07815631264,1
77,100000.0,0,1,977.8974970677509,325000.0,1931800.0,100000.0,1,328597.19438877754,1
77,100000.0,0,1,890.2309899786949,325000.0,2966640.0,100000.0,1,350215.43086172343,1
77,100000.0,0,1,918.0060789353441,325000.0,2261200.0,100000.0,1,334001.753507014,1
77,100000.0,0,1,908.5906685142807,325000.0,2097000.0,100000.0,1,336163.5771543086,1
37,0.0,0,1,467.8360612512373,2500000.0,32272500.0,0.0,1,2842798.0961923846,1
37,0.0,0,1,470.9987979988242,2500000.0,32272500.0,0.0,1,2615806.613226453,1
37,0.0,0,1,473.0058031956675,2500000.0,32271500.0,0.0,1,2864416.3326653307,1
37,0.0,0,1,478.3106919080199,2500000.0,32272500.0,0.0,1,2842798.0961923846,1
37,0.0,0,1,474.41794114032007,2500000.0,32272500.0,0.0,1,3048171.3426853707,1
78,0.0,0,2,20768.864090720446,0.0,16800.0,0.0,0,18375.501002004006,2
78,0.0,0,2,20682.09360104237,0.0,16900.0,0.0,0,19456.412825651303,2
78,0.0,0,2,20583.875669078345,0.0,16900.0,0.0,0,19456.412825651303,2
78,0.0,0,2,20612.387153161246,0.0,16900.0,0.0,0,19456.412825651303,2
78,0.0,0,2,20595.01409926533,0.0,16800.0,0.0,0,18375.501002004006,2
60,158000.0,0,2,6696.241095393586,542000.0,992250.0,158000.0,1,110253.00601202405,2
60,158000.0,0,2,6721.120176868561,542000.0,993250.0,158000.0,1,110253.00601202405,2
60,158000.0,0,2,7234.767466889362,542000.0,993250.0,158000.0,1,110253.00601202405,2
60,158000.0,0,2,6900.744891210541,542000.0,993250.0,158000.0,1,110253.00601202405,2
60,158000.0,0,2,7346.43623759997,542000.0,993250.0,158000.0,1,110253.00601202405,2
60,350000.0,0,1,1378.782520094141,340000.0,398300.0,350000.0,1,45398.29659318637,1
60,350000.0,0,1,1374.3541082888241,340000.0,398300.0,350000.0,1,54045.59118236473,1
60,350000.0,0,1,1509.3024853910547,340000.0,401600.0,350000.0,1,52932.25200400801,1
60,350000.0,0,1,1409.0079346816133,340000.0,415300.0,350000.0,1,46587.2995991984,1
60,350000.0,0,1,1527.3073784088003,340000.0,397400.0,350000.0,1,51883.76753507014,1
55,50000.0,0,1,2574.746271141877,75000.0,76900.0,50000.0,1,97282.06412825652,2
55,50000.0,0,1,2422.5716933987446,75000.0,76900.0,50000.0,1,97282.06412825652,2
55,50000.0,0,1,2472.8163752989835,75000.0,78000.0,50000.0,1,97282.06412825652,2
55,50000.0,0,1,2413.8111560518237,75000.0,78000.0,50000.0,1,97282.06412825652,2
55,50000.0,0,1,2443.976968799419,75000.0,76900.0,50000.0,1,97282.06412825652,2
52,0.0,0,1,438.9604445735081,6720000.0,36785600.0,0.0,1,6712462.424849699,1
52,0.0,0,1,531.4081851234686,7120000.0,59541000.0,0.0,1,8387875.751503007,1
52,0.0,0,1,442.19921763492476,6650000.0,45818000.0,0.0,1,5793687.374749499,1
52,0.0,0,1,447.23079501053536,6690000.0,45500600.0,0.0,1,8809431.362725452,1
52,0.0,0,1,446.2100641983317,6320000.0,44061000.0,0.0,1,6182815.631262525,1
64,896000.0,0,1,923.3988865211031,3004000.0,23028000.0,572000.0,1,1221430.3607214428,1
64,896000.0,0,1,921.6030049099778,3004000.0,23128000.0,572000.0,1,1307903.3066132264,1
64,896000.0,0,1,929.0322391054,3004000.0,23017000.0,572000.0,1,1199812.124248497,1
64,896000.0,0,1,941.1482996857594,3004000.0,22589000.0,572000.0,1,1297094.1883767536,1
64,896000.0,0,1,942.1987677321027,3004000.0,22776000.0,572000.0,1,1307903.3066132264,1
39,0.0,0,2,4085.364892614023,0.0,22400.0,0.0,0,25941.88376753507,2
39,0.0,0,2,4133.608376192353,0.0,23800.0,0.0,0,25941.88376753507,2
39,0.0,0,2,4091.266883534987,0.0,24800.0,0.0,0,25941.88376753507,2
39,0.0,0,2,4133.548024095844,0.0,20100.0,0.0,0,25941.88376753507,2
39,0.0,0,2,4114.459231044332,0.0,23600.0,0.0,0,25941.88376753507,2
64,70000.0,0,1,12387.834666878858,150000.0,293310.0,70000.0,1,99443.8877755511,1
64,70000.0,0,1,11737.810411552195,150000.0,303910.0,70000.0,1,99443.8877755511,1
64,70000.0,0,1,11960.603551144854,150000.0,297620.0,70000.0,1,99443.8877755511,1
64,70000.0,0,1,11801.74940987249,150000.0,308510.0,70000.0,1,99443.8877755511,1
64,70000.0,0,1,11851.394294351618,150000.0,298010.0,70000.0,1,99443.8877755511,1
63,0.0,0,1,3669.986410391888,1200000.0,4548000.0,0.0,0,815007.5150300601,1
63,0.0,0,1,3794.0668886735352,1200000.0,4548000.0,0.0,0,815007.5150300601,1
63,0.0,0,1,3954.564730400531,1200000.0,4549000.0,0.0,0,815007.5150300601,1
63,0.0,0,1,3804.218030445707,1200000.0,4549000.0,0.0,0,815007.5150300601,1
63,0.0,0,1,3715.7431498992964,1200000.0,4548000.0,0.0,0,815007.5150300601,1
57,195000.0,0,1,3049.091406503607,1305000.0,4009220.0,195000.0,1,985791.5831663328,1
57,195000.0,0,1,3342.838553962652,1305000.0,3832000.0,195000.0,1,891752.254509018,1
57,195000.0,0,1,3624.29023112067,1305000.0,3799500.0,195000.0,1,872295.8416833667,1
57,195000.0,0,1,3246.9505750207863,1305000.0,3537730.0,195000.0,1,985791.5831663328,1
57,195000.0,0,1,3140.6068424801047,1305000.0,5750600.0,195000.0,1,955526.0521042084,1
44,0.0,0,2,2581.371830405416,0.0,1000.0,0.0,1,33508.26653306613,2
44,0.0,0,2,2601.606122177599,0.0,1000.0,0.0,1,34589.178356713426,2
44,0.0,0,2,2601.375826682963,0.0,1000.0,0.0,1,29184.619238476953,2
44,0.0,0,2,2626.959551335023,0.0,1000.0,0.0,1,32427.354709418836,2
44,0.0,0,2,2606.9673263713794,0.0,1000.0,0.0,1,32427.354709418836,2
49,98000.0,0,1,7935.170674560873,327000.0,1164740.0,92000.0,1,45398.29659318637,1
49,98000.0,0,1,7965.830757154437,327000.0,1163840.0,92000.0,1,45398.29659318637,1
49,98000.0,0,1,8576.183105021322,327000.0,1164240.0,92000.0,1,45398.29659318637,1
49,98000.0,0,1,8183.182727642639,327000.0,1163330.0,92000.0,1,45398.29659318637,1
49,98000.0,0,1,8710.242555272524,327000.0,1165140.0,92000.0,1,45398.29659318637,1
54,400000.0,0,1,3540.1743639321094,1800000.0,5338770.0,400000.0,1,552345.9418837675,1
54,400000.0,0,1,3882.641773501058,1800000.0,5373760.0,400000.0,1,552345.9418837675,1
54,400000.0,0,1,4210.849473964354,1800000.0,5379760.0,400000.0,1,553426.8537074148,1
54,400000.0,0,1,3775.2181211962293,1800000.0,5378760.0,400000.0,1,552345.9418837675,1
54,400000.0,0,1,3649.3452296564633,1800000.0,5363770.0,400000.0,1,553426.8537074148,1
34,330000.0,0,1,4203.310604470995,470000.0,1200600.0,330000.0,1,261580.6613226453,1
34,330000.0,0,1,4189.321969983902,470000.0,967600.0,330000.0,1,260499.74949899802,1
34,330000.0,0,1,4522.067677909541,470000.0,943600.0,330000.0,1,260499.74949899802,1
34,330000.0,0,1,4266.3095061526365,470000.0,943600.0,330000.0,1,261580.6613226453,1
34,330000.0,0,1,4578.875757959048,470000.0,986600.0,330000.0,1,260499.74949899802,1
34,172000.0,0,1,21293.527907624455,28000.0,63775.0,172000.0,1,102686.62324649299,1
34,172000.0,0,1,20620.715759278257,28000.0,63875.0,172000.0,1,102686.62324649299,1
34,172000.0,0,1,20324.922411239422,28000.0,63775.0,172000.0,1,102686.62324649299,1
34,172000.0,0,1,20964.320563590692,28000.0,63780.0,172000.0,1,102686.62324649299,1
34,172000.0,0,1,20287.389431587297,28000.0,63790.0,172000.0,1,102686.62324649299,1
69,0.0,0,2,16678.881201144366,300000.0,375310.0,0.0,0,22699.148296593186,2
69,0.0,0,2,15177.89639592958,300000.0,374320.0,0.0,0,22699.148296593186,2
69,0.0,0,2,15441.819253399963,300000.0,375310.0,0.0,0,21618.236472945893,2
69,0.0,0,2,16156.25726671676,300000.0,374310.0,0.0,0,22699.148296593186,2
69,0.0,0,2,15458.308166711886,300000.0,375310.0,0.0,0,22699.148296593186,2
60,0.0,0,1,3426.9844941222627,0.0,21160.0,0.0,0,75663.82765531063,2
60,0.0,0,1,3443.507855250324,0.0,20805.0,0.0,0,75663.82765531063,2
60,0.0,0,1,3393.1030975034364,0.0,23910.0,0.0,0,75663.82765531063,2
60,0.0,0,1,3447.34984486586,0.0,19005.0,0.0,0,76744.73947895791,2
60,0.0,0,1,3400.420465301186,0.0,17605.0,0.0,0,75663.82765531063,2
70,0.0,0,1,5948.863937001387,320000.0,2041080.0,0.0,1,130033.69238476954,1
70,0.0,0,1,7002.204494744537,320000.0,2041080.0,0.0,1,130033.69238476954,1
70,0.0,0,1,5016.308783034102,320000.0,2041480.0,0.0,1,130033.69238476954,1
70,0.0,0,1,6007.069162299109,320000.0,2041680.0,0.0,1,130033.69238476954,1
70,0.0,0,1,5409.143796106859,320000.0,2040180.0,0.0,1,130033.69238476954,1
46,650000.0,0,2,48.34355802836918,250000.0,34673000.0,650000.0,1,2432051.603206413,2
46,650000.0,0,2,47.3827568885785,250000.0,30033800.0,650000.0,1,2604997.49498998,2
46,650000.0,0,2,47.489859219633914,250000.0,30232100.0,650000.0,1,2756325.150300601,2
46,650000.0,0,2,48.05041408862397,250000.0,31223600.0,650000.0,1,2129396.2925851704,2
46,650000.0,0,2,49.164771444126345,250000.0,36426000.0,650000.0,1,4064228.456913828,2
63,185000.0,0,2,186.5322003891785,187000.0,1181900.0,185000.0,1,144842.18436873748,2
63,186000.0,0,2,190.77340120538474,186000.0,1180900.0,186000.0,1,144842.18436873748,2
63,186000.0,0,2,197.66889400495376,186000.0,1180800.0,186000.0,1,144842.18436873748,2
63,186000.0,0,2,194.93548871058204,186000.0,1180900.0,186000.0,1,145923.09619238478,2
63,186000.0,0,2,200.04269335059888,186000.0,1180900.0,186000.0,1,145923.09619238478,2
46,0.0,0,1,108.19320000917746,0.0,455700.0,0.0,1,97282.06412825652,2
46,0.0,0,1,104.91514109150349,0.0,456700.0,0.0,1,97282.06412825652,2
46,0.0,0,1,108.19385737673406,0.0,456700.0,0.0,1,97282.06412825652,2
46,0.0,0,1,111.27757333917745,0.0,455700.0,0.0,1,97282.06412825652,2
46,0.0,0,1,104.09686280287053,0.0,455700.0,0.0,1,97282.06412825652,2
48,710000.0,0,1,3380.0013642920617,290000.0,2035400.0,629000.0,1,685298.0961923847,1
48,710000.0,0,1,3704.000839124702,290000.0,2030400.0,629000.0,1,685298.0961923847,1
48,710000.0,0,1,4019.788525473381,290000.0,2037400.0,629000.0,1,685298.0961923847,1
48,710000.0,0,1,3599.5962860356594,290000.0,2034300.0,629000.0,1,684217.1843687375,1
48,710000.0,0,1,3482.795409207225,290000.0,2034400.0,629000.0,1,685298.0961923847,1
37,352000.0,0,1,8995.012248466188,128000.0,224000.0,352000.0,1,130790.33066132265,1
37,352000.0,0,1,9033.021216670011,128000.0,221000.0,352000.0,1,130790.33066132265,1
37,352000.0,0,1,9724.32366453104,128000.0,204100.0,352000.0,1,130790.33066132265,1
37,352000.0,0,1,9281.74591189645,128000.0,214200.0,352000.0,1,130790.33066132265,1
37,352000.0,0,1,9873.735189444104,128000.0,207500.0,352000.0,1,130790.33066132265,1
54,0.0,0,2,14916.414905102962,0.0,30800.0,0.0,1,54045.59118236473,2
54,0.0,0,2,14861.183861552496,0.0,31900.0,0.0,1,54045.59118236473,2
54,0.0,0,2,14951.472835993744,0.0,29850.0,0.0,1,54045.59118236473,2
54,0.0,0,2,15059.906345685376,0.0,30600.0,0.0,1,54045.59118236473,2
54,0.0,0,2,14968.037531263893,0.0,31800.0,0.0,1,54045.59118236473,2
39,0.0,0,1,2582.0121568646364,400000.0,424000.0,0.0,1,81068.3867735471,1
39,0.0,0,1,2455.559329222225,400000.0,423000.0,0.0,1,81068.3867735471,1
39,0.0,0,1,2453.6878706398356,400000.0,424000.0,0.0,1,81068.3867735471,1
39,0.0,0,1,2525.826540342823,400000.0,424000.0,0.0,1,81068.3867735471,1
39,0.0,0,1,2428.701741253032,400000.0,423000.0,0.0,1,81068.3867735471,1
71,0.0,0,1,9967.373217278624,140000.0,262200.0,0.0,0,83230.21042084169,1
71,0.0,0,1,9253.504723450915,140000.0,263200.0,0.0,0,83230.21042084169,1
71,0.0,0,1,9548.693216188854,140000.0,262300.0,0.0,0,83230.21042084169,1
71,0.0,0,1,9497.090766715344,140000.0,262300.0,0.0,0,83230.21042084169,1
71,0.0,0,1,9332.48310801911,140000.0,263200.0,0.0,0,84311.12224448897,1
45,155000.0,0,1,10025.622725745703,80000.0,143530.0,155000.0,1,103767.53507014028,1
45,105000.0,0,1,9394.111299219547,130000.0,225900.0,105000.0,1,103767.53507014028,1
45,156000.0,0,1,9553.129977105275,79000.0,138830.0,156000.0,1,103767.53507014028,1
45,130000.0,0,1,9797.617555124614,105000.0,174770.0,130000.0,1,103767.53507014028,1
45,118000.0,0,1,9418.559434460662,117000.0,190170.0,118000.0,1,103767.53507014028,1
58,338000.0,0,1,138.24181624263116,1262000.0,37809000.0,338000.0,1,1978068.637274549,2
58,338000.0,0,1,140.17473758945195,1262000.0,37810000.0,338000.0,1,1988877.755511022,2
58,338000.0,0,1,141.90648588485706,1262000.0,37810000.0,338000.0,1,1978068.637274549,2
58,338000.0,0,1,142.23783546781823,1262000.0,37809000.0,338000.0,1,1988877.755511022,2
58,338000.0,0,1,140.2016742174264,1262000.0,37809000.0,338000.0,1,1988877.755511022,2
69,600000.0,0,1,578.7816809845544,340000.0,700720.0,600000.0,0,162136.7735470942,1
69,600000.0,0,1,576.6928869966785,340000.0,872430.0,600000.0,0,162136.7735470942,1
69,600000.0,0,1,622.2114583736895,340000.0,533250.0,600000.0,0,162136.7735470942,1
69,600000.0,0,1,586.842417139233,340000.0,490800.0,600000.0,0,162136.7735470942,1
69,600000.0,0,1,630.1858171731254,340000.0,707310.0,600000.0,0,162136.7735470942,1
75,0.0,0,1,905.9862696995011,1300000.0,6320000.0,0.0,0,284279.8096192385,1
75,0.0,0,1,985.222495984234,1350000.0,5220000.0,0.0,0,282117.9859719439,1
75,0.0,0,1,1071.325658013064,1310000.0,4720000.0,0.0,0,274551.6032064128,1
75,0.0,0,1,948.0767397662746,1360000.0,5535000.0,0.0,0,234557.86573146292,1
75,0.0,0,1,925.8031464247457,1390000.0,5426000.0,0.0,0,331839.9298597194,1
24,0.0,0,1,16487.560737129814,0.0,15060.0,0.0,1,64854.70941883767,2
24,0.0,0,1,16298.626771264684,0.0,14280.0,0.0,1,64854.70941883767,2
24,0.0,0,1,16404.00099959583,0.0,16060.0,0.0,1,64854.70941883767,2
24,0.0,0,1,16483.979006256883,0.0,15180.0,0.0,1,64854.70941883767,2
24,0.0,0,1,16254.484639852142,0.0,15300.0,0.0,1,64854.70941883767,2
72,0.0,0,1,15614.241540858997,225000.0,252400.0,0.0,0,28103.70741482966,1
72,0.0,0,1,15721.898673792884,225000.0,254300.0,0.0,0,25941.88376753507,1
72,0.0,0,1,15701.821560738632,225000.0,248400.0,0.0,0,24860.971943887776,1
72,0.0,0,1,15742.644122018042,225000.0,256300.0,0.0,0,25941.88376753507,1
72,0.0,0,1,15708.511927721163,225000.0,254300.0,0.0,0,28103.70741482966,1
85,0.0,0,2,12720.407346010674,125000.0,178700.0,0.0,0,15132.765531062125,2
85,0.0,0,2,12798.610258908204,125000.0,179700.0,0.0,0,21618.236472945893,2
85,0.0,0,2,12792.248977477098,125000.0,181700.0,0.0,0,20537.324649298596,2
85,0.0,0,2,12815.986287535434,125000.0,176700.0,0.0,0,16213.677354709418,2
85,0.0,0,2,12797.987105523634,125000.0,183700.0,0.0,0,19456.412825651303,2
60,212000.0,0,2,3818.5892983770113,88000.0,127350.0,212000.0,1,126466.68336673347,2
60,212000.0,0,2,3641.823545591399,88000.0,127350.0,212000.0,1,126466.68336673347,2
60,212000.0,0,2,3765.157576137108,88000.0,127350.0,212000.0,1,126466.68336673347,2
60,212000.0,0,2,3668.352615901422,88000.0,126350.0,212000.0,1,126466.68336673347,2
60,212000.0,0,2,3716.0823248223983,88000.0,126350.0,212000.0,1,127547.59519038076,2
60,300000.0,0,2,2997.106005852499,200000.0,339900.0,300000.0,0,73502.00400801603,2
60,300000.0,0,2,3017.9285806486414,200000.0,344500.0,300000.0,0,71340.18036072144,2
60,300000.0,0,2,3118.194791115822,200000.0,350500.0,300000.0,0,59450.1503006012,2
60,300000.0,0,2,3118.970329224816,200000.0,343000.0,300000.0,0,62800.97695390782,2
60,300000.0,0,2,3200.803093405124,200000.0,345500.0,300000.0,0,68854.08316633267,2
65,2400.0,0,1,8071.987941951443,247600.0,2054100.0,0.0,0,69178.35671342685,1
65,2400.0,0,1,9499.854639256226,247600.0,2054100.0,0.0,0,69178.35671342685,1
65,2400.0,0,1,6805.837502913867,247600.0,2054100.0,0.0,0,69178.35671342685,1
65,2400.0,0,1,8149.246281311125,247600.0,2054100.0,0.0,0,69178.35671342685,1
65,2400.0,0,1,7340.691573289611,247600.0,2054000.0,0.0,0,69178.35671342685,1
47,83000.0,0,2,7228.872942494561,217000.0,284100.0,83000.0,1,24860.971943887776,2
47,83000.0,0,2,7301.779053775717,217000.0,289010.0,83000.0,1,35670.09018036072,2
47,83000.0,0,2,7319.760715912067,217000.0,286811.0,83000.0,1,25941.88376753507,2
47,82000.0,0,2,7332.254697245502,218000.0,264211.0,82000.0,1,21618.236472945893,2
47,83000.0,0,2,7328.206027021532,217000.0,260420.0,83000.0,1,32427.354709418836,2
49,126000.0,0,1,7707.9929288009425,324000.0,601860.0,126000.0,1,158894.0380761523,1
49,126000.0,0,1,7733.233595533781,324000.0,600850.0,126000.0,1,157813.126252505,1
49,127000.0,0,1,8332.3711930658,323000.0,601860.0,127000.0,1,157813.126252505,1
49,126000.0,0,1,7943.97527643686,324000.0,601860.0,126000.0,1,157813.126252505,1
49,127000.0,0,1,8459.698756510346,323000.0,600850.0,127000.0,1,157813.126252505,1
45,85000.0,0,1,2269.785139721241,190000.0,197200.0,85000.0,1,48641.03206412826,1
45,85000.0,0,1,2183.062442749173,190000.0,198200.0,85000.0,1,48641.03206412826,1
45,85000.0,0,1,2183.3941230370697,190000.0,198200.0,85000.0,1,48641.03206412826,1
45,85000.0,0,1,2229.5409174168594,190000.0,198200.0,85000.0,1,48641.03206412826,1
45,85000.0,0,1,2156.6898152476124,190000.0,197200.0,85000.0,1,48641.03206412826,1
34,0.0,0,1,3280.0084167833675,0.0,29100.0,0.0,1,75663.82765531063,1
34,0.0,0,1,3278.9285007476406,0.0,32400.0,0.0,1,75663.82765531063,1
34,0.0,0,1,3285.6149306280704,0.0,31600.0,0.0,1,75663.82765531063,1
34,0.0,0,1,3277.152968583,0.0,33500.0,0.0,1,75663.82765531063,1
34,0.0,0,1,3285.7809954549093,0.0,27400.0,0.0,1,75663.82765531063,1
65,0.0,0,1,670.8515459289027,2800000.0,68557000.0,0.0,1,2280723.9478957914,1
65,0.0,0,1,663.8977183144427,2800000.0,68556000.0,0.0,1,1978068.637274549,1
65,0.0,0,1,619.9533487808426,2800000.0,68619000.0,0.0,1,2713088.6773547092,1
65,0.0,0,1,683.3464983554418,2800000.0,68555000.0,0.0,1,2086159.8196392788,1
65,0.0,0,1,663.8389657089776,2800000.0,68556000.0,0.0,1,1978068.637274549,1
85,0.0,0,1,10322.641462565301,175000.0,243000.0,0.0,0,44317.38476953908,1
85,0.0,0,1,9900.060155204072,175000.0,233680.0,0.0,0,44317.38476953908,1
85,0.0,0,1,9776.713616738181,175000.0,246600.0,0.0,0,44317.38476953908,1
85,0.0,0,1,10132.551145527297,175000.0,247600.0,0.0,0,44317.38476953908,1
85,0.0,0,1,9715.174366530964,175000.0,244500.0,0.0,0,44317.38476953908,1
55,78000.0,0,1,7828.4549270559655,297000.0,1974510.0,78000.0,1,234557.86573146292,1
55,78000.0,0,1,7985.217548265064,297000.0,2109510.0,78000.0,1,234557.86573146292,1
55,78000.0,0,1,7342.370300837433,297000.0,1690810.0,78000.0,1,234557.86573146292,1
55,78000.0,0,1,7535.374932282168,297000.0,1687510.0,78000.0,1,234557.86573146292,1
55,78000.0,0,1,7842.057050537207,297000.0,4220410.0,78000.0,1,234557.86573146292,1
61,0.0,0,1,9246.985186494796,0.0,31510.0,0.0,1,39993.7374749499,2
61,0.0,0,1,9002.328280489315,0.0,20510.0,0.0,1,39993.7374749499,2
61,0.0,0,1,9191.34474745483,0.0,11620.0,0.0,1,41074.64929859719,2
61,0.0,0,1,9088.269061047347,0.0,26520.0,0.0,1,41074.64929859719,2
61,0.0,0,1,9046.947031974989,0.0,23510.0,0.0,1,41074.64929859719,2
37,0.0,0,1,1336.9698580025286,0.0,-4030.0,0.0,1,46479.208416833666,1
37,0.0,0,1,1349.0796192908595,0.0,-4030.0,0.0,1,47560.12024048096,1
37,0.0,0,1,1316.073390970702,0.0,-4030.0,0.0,1,46479.208416833666,1
37,0.0,0,1,1336.1499338301323,0.0,-4030.0,0.0,1,50802.855711422846,1
37,0.0,0,1,1322.9614274795454,0.0,-4030.0,0.0,1,50802.855711422846,1
45,0.0,0,1,2097.0033937043004,0.0,22300.0,0.0,1,51883.76753507014,1
45,0.0,0,1,2100.78876289283,0.0,22300.0,0.0,1,34589.178356713426,1
45,0.0,0,1,2108.4225936019493,0.0,22200.0,0.0,1,67016.53306613227,1
45,0.0,0,1,2113.664541446084,0.0,23300.0,0.0,1,58369.238476953906,1
45,0.0,0,1,2103.9349613197287,0.0,22300.0,0.0,1,42155.561122244486,1
77,0.0,0,1,3353.9006130303796,1500000.0,11447300.0,0.0,0,606391.5330661322,1
77,0.0,0,1,3529.044131680884,1500000.0,11531300.0,0.0,0,589096.9438877755,1
77,0.0,0,1,3678.4378246465035,1500000.0,11533400.0,0.0,0,590177.8557114229,1
77,0.0,0,1,3538.3705955363484,1500000.0,11531400.0,0.0,0,596663.3266533066,1
77,0.0,0,1,3394.7966360452265,1500000.0,11414400.0,0.0,0,595582.4148296593,1
47,0.0,0,1,2461.6074744202765,0.0,14500.0,0.0,1,49721.94388777555,1
47,0.0,0,1,2466.0510023210436,0.0,14500.0,0.0,1,49721.94388777555,1
47,0.0,0,1,2475.012120261263,0.0,13500.0,0.0,1,49721.94388777555,1
47,0.0,0,1,2481.1654808291964,0.0,14500.0,0.0,1,49721.94388777555,1
47,0.0,0,1,2469.744227418777,0.0,13500.0,0.0,1,49721.94388777555,1
68,0.0,0,1,6427.501571916577,340000.0,658130.0,0.0,0,33508.26653306613,2
68,0.0,0,1,6449.432459733,340000.0,662330.0,0.0,0,33508.26653306613,2
68,0.0,0,1,6946.494306956818,340000.0,660330.0,0.0,0,32427.354709418836,2
68,0.0,0,1,6622.638478176986,340000.0,660340.0,0.0,0,32427.354709418836,2
68,0.0,0,1,7053.54457570985,340000.0,652740.0,0.0,0,32427.354709418836,2
21,0.0,0,2,2581.846965285417,0.0,-241000.0,0.0,1,21618.236472945893,2
21,0.0,0,2,2577.2870166416096,0.0,-243670.0,0.0,1,21618.236472945893,2
21,0.0,0,2,2587.930593953878,0.0,-243180.0,0.0,1,19456.412825651303,2
21,0.0,0,2,2613.84053914854,0.0,-238540.0,0.0,1,25941.88376753507,2
21,0.0,0,2,2590.0111044628084,0.0,-243490.0,0.0,1,22699.148296593186,2
33,0.0,0,2,2129.2707592188317,0.0,-81770.0,0.0,1,35670.09018036072,2
33,0.0,0,2,2163.902210124812,0.0,-82780.0,0.0,1,35670.09018036072,2
33,0.0,0,2,2121.4802394244225,0.0,-83770.0,0.0,1,35670.09018036072,2
33,0.0,0,2,2163.667815048585,0.0,-82770.0,0.0,1,35670.09018036072,2
33,0.0,0,2,2131.508945879662,0.0,-82770.0,0.0,1,35670.09018036072,2
62,52000.0,0,2,7667.1589906141135,598000.0,828200.0,52000.0,1,75663.82765531063,2
62,52000.0,0,2,7695.645401197549,598000.0,827200.0,52000.0,1,76744.73947895791,2
62,52000.0,0,2,8283.768705239978,598000.0,827300.0,52000.0,1,75663.82765531063,2
62,52000.0,0,2,7901.314704898547,598000.0,828300.0,52000.0,1,76744.73947895791,2
62,52000.0,0,2,8411.62882961836,598000.0,827300.0,52000.0,1,76744.73947895791,2
36,244000.0,0,1,13370.538561644775,206000.0,215700.0,244000.0,1,122143.03607214428,1
36,244000.0,0,1,12723.387913364286,206000.0,215000.0,244000.0,1,122143.03607214428,1
36,244000.0,0,1,12728.893906184177,206000.0,214900.0,244000.0,1,123223.9478957916,1
36,244000.0,0,1,13094.60327557217,206000.0,213100.0,244000.0,1,122143.03607214428,1
36,244000.0,0,1,12606.761253435316,206000.0,212700.0,244000.0,1,123223.9478957916,1
76,0.0,0,1,2068.2500358207208,0.0,160.0,0.0,0,27022.795591182366,2
76,0.0,0,1,2061.7865944103637,0.0,350.0,0.0,0,27022.795591182366,2
76,0.0,0,1,2070.8677249297693,0.0,210.0,0.0,0,27022.795591182366,2
76,0.0,0,1,2054.407941334509,0.0,130.0,0.0,0,27022.795591182366,2
76,0.0,0,1,2068.5471849359096,0.0,200.0,0.0,0,27022.795591182366,2
44,0.0,0,1,1079.5241545744507,1780000.0,3747140.0,0.0,1,644223.4468937876,1
44,0.0,0,1,1171.5040972821366,1760000.0,4979500.0,0.0,1,665841.6833667335,1
44,0.0,0,1,1228.3443336332925,1730000.0,4916300.0,0.0,1,673408.0661322646,1
44,0.0,0,1,1172.1396802863437,1780000.0,3943920.0,0.0,1,675569.8897795591,1
44,0.0,0,1,1102.598691380253,1800000.0,4432150.0,0.0,1,663679.8597194388,1
45,0.0,0,2,6896.640960726824,0.0,434260.0,0.0,0,96201.15230460922,2
45,0.0,0,2,6680.376296985264,0.0,431700.0,0.0,0,96201.15230460922,2
45,0.0,0,2,6848.2405863031045,0.0,431860.0,0.0,0,96201.15230460922,2
45,0.0,0,2,6780.931592742399,0.0,434760.0,0.0,0,96201.15230460922,2
45,0.0,0,2,6748.708240282572,0.0,439960.0,0.0,0,96201.15230460922,2
84,0.0,0,1,11002.819422015384,475000.0,921500.0,0.0,0,76744.73947895791,1
84,0.0,0,1,11037.908273520192,475000.0,921500.0,0.0,0,76744.73947895791,1
84,0.0,0,1,11886.543456914103,475000.0,920500.0,0.0,0,76744.73947895791,1
84,0.0,0,1,11330.18639092644,475000.0,921500.0,0.0,0,76744.73947895791,1
84,0.0,0,1,12071.89047701009,475000.0,921500.0,0.0,0,76744.73947895791,1
42,0.0,0,1,1816.7674277807305,0.0,393300.0,0.0,1,155651.30260521043,1
42,0.0,0,1,1858.6079694230916,0.0,385000.0,0.0,1,153489.47895791582,1
42,0.0,0,1,1837.1807443146063,0.0,264300.0,0.0,1,168622.24448897794,1
42,0.0,0,1,1835.373114762028,0.0,323100.0,0.0,1,141599.44889779558,1
42,0.0,0,1,1844.5793040525762,0.0,276000.0,0.0,1,148084.91983967935,1
65,95000.0,0,2,5908.856373696306,185000.0,448370.0,95000.0,1,7782.565130260521,2
65,95000.0,0,2,5927.741460012976,185000.0,449380.0,95000.0,1,7782.565130260521,2
65,95000.0,0,2,9232.595668835082,185000.0,434370.0,95000.0,1,7782.565130260521,2
65,95000.0,0,2,9611.52053084458,185000.0,434370.0,95000.0,1,7782.565130260521,2
65,95000.0,0,2,9265.354928346565,185000.0,444370.0,95000.0,1,7782.565130260521,2
62,0.0,0,1,146.1245818121033,156000.0,181980.0,0.0,1,0.0,2
62,0.0,0,1,139.02540041761912,385000.0,410900.0,0.0,1,0.0,2
62,0.0,0,1,143.90941620649826,261000.0,286350.0,0.0,1,0.0,2
62,0.0,0,1,145.28721390925327,362000.0,390200.0,0.0,1,0.0,2
62,0.0,0,1,299.4649900768897,536000.0,561380.0,0.0,1,0.0,2
46,359000.0,0,1,8720.816119479543,621000.0,1165300.0,359000.0,1,100524.79959919839,1
46,359000.0,0,1,8754.511795788523,621000.0,1164300.0,359000.0,1,100524.79959919839,1
46,359000.0,0,1,9425.293914048922,621000.0,1164300.0,359000.0,1,100524.79959919839,1
46,359000.0,0,1,8993.383351999766,621000.0,1165300.0,359000.0,1,100524.79959919839,1
46,359000.0,0,1,9572.626323478657,621000.0,1164300.0,359000.0,1,100524.79959919839,1
37,0.0,0,1,1379.946416728069,0.0,-28500.0,0.0,1,30265.53106212425,2
37,0.0,0,1,1389.8152271392703,0.0,-28500.0,0.0,1,35670.09018036072,2
37,0.0,0,1,1390.3025180650861,0.0,-28500.0,0.0,1,31346.442885771543,2
37,0.0,0,1,1403.0444005747268,0.0,-28500.0,0.0,1,35670.09018036072,2
37,0.0,0,1,1393.1165883569518,0.0,-28500.0,0.0,1,29184.619238476953,2
74,500000.0,0,2,1929.1726785429746,280000.0,2315000.0,500000.0,0,182674.0981963928,2
74,500000.0,0,2,1968.6080301766729,280000.0,2315000.0,500000.0,0,182674.0981963928,2
74,500000.0,0,2,1792.9791684398283,280000.0,2315000.0,500000.0,0,181593.1863727455,2
74,500000.0,0,2,1853.0244044488118,280000.0,2315000.0,500000.0,0,182674.0981963928,2
74,500000.0,0,2,1882.5531220901448,280000.0,2315000.0,500000.0,0,181593.1863727455,2
65,33000.0,0,2,15804.835259302981,57000.0,71681.0,33000.0,1,34589.178356713426,2
65,33000.0,0,2,14548.194327990528,57000.0,71771.0,33000.0,1,33508.26653306613,2
65,33000.0,0,2,14616.631076590542,57000.0,71761.0,33000.0,1,33508.26653306613,2
65,33000.0,0,2,15065.079841232338,57000.0,71961.0,33000.0,1,33508.26653306613,2
65,33000.0,0,2,14583.04718361292,57000.0,71781.0,33000.0,1,34589.178356713426,2
32,0.0,0,2,4298.552888213962,0.0,-15400.0,0.0,1,49721.94388777555,2
32,0.0,0,2,4167.138380133645,0.0,-16400.0,0.0,1,49721.94388777555,2
32,0.0,0,2,4250.32836881836,0.0,-400.0,0.0,1,49721.94388777555,2
32,0.0,0,2,4207.419836273941,0.0,-400.0,0.0,1,49721.94388777555,2
32,0.0,0,2,4194.700326650977,0.0,-15400.0,0.0,1,49721.94388777555,2
26,0.0,0,1,3979.8007706591693,0.0,27960.0,0.0,1,61611.9739478958,1
26,0.0,0,1,3937.941748861865,0.0,30160.0,0.0,1,61611.9739478958,1
26,0.0,0,1,3920.8085854039355,0.0,29560.0,0.0,1,61611.9739478958,1
26,0.0,0,1,4018.8449256187982,0.0,29260.0,0.0,1,61611.9739478958,1
26,0.0,0,1,3929.6064816723933,0.0,30660.0,0.0,1,61611.9739478958,1
38,260000.0,0,1,8993.398661105764,491000.0,748200.0,260000.0,1,194564.12825651304,1
38,260000.0,0,1,8968.207064784552,491000.0,1058600.0,260000.0,1,194564.12825651304,1
38,260000.0,0,1,9671.219204355337,491000.0,997600.0,260000.0,1,194564.12825651304,1
38,260000.0,0,1,9132.078279138259,491000.0,711500.0,260000.0,1,194564.12825651304,1
38,260000.0,0,1,9794.723620236766,491000.0,827700.0,260000.0,1,194564.12825651304,1
53,0.0,0,1,1582.218357253426,0.0,640.0,0.0,1,58369.238476953906,1
53,0.0,0,1,1593.4776524371916,0.0,640.0,0.0,1,55126.503006012026,1
53,0.0,0,1,1571.9833363068753,0.0,640.0,0.0,1,57288.32665330661,1
53,0.0,0,1,1604.9232246881254,0.0,540.0,0.0,1,56207.41482965932,1
53,0.0,0,1,1571.9298359736429,0.0,740.0,0.0,1,55126.503006012026,1
35,0.0,0,1,6622.977100780287,0.0,159900.0,0.0,1,140518.5370741483,1
35,0.0,0,1,6684.494908678319,0.0,196900.0,0.0,1,140518.5370741483,1
35,0.0,0,1,6641.640124550371,0.0,275900.0,0.0,1,140518.5370741483,1
35,0.0,0,1,6577.936864183734,0.0,212900.0,0.0,1,140518.5370741483,1
35,0.0,0,1,6673.114479726553,0.0,152900.0,0.0,1,140518.5370741483,1
56,190000.0,0,1,3061.331810984163,80000.0,97500.0,190000.0,0,32427.354709418836,1
56,190000.0,0,1,2938.4174382124,80000.0,97180.0,190000.0,0,32427.354709418836,1
56,190000.0,0,1,2975.211406910119,80000.0,97400.0,190000.0,0,32427.354709418836,1
56,190000.0,0,1,2963.1372732581426,80000.0,97400.0,190000.0,0,32427.354709418836,1
56,190000.0,0,1,2944.2074004367796,80000.0,97500.0,190000.0,0,32427.354709418836,1
64,0.0,0,1,451.1412118556541,0.0,23657900.0,0.0,0,750152.8056112224,1
64,0.0,0,1,449.8680964498973,0.0,25970600.0,0.0,0,818250.250501002,1
64,0.0,0,1,452.5525834533004,0.0,42044900.0,0.0,0,813926.6032064129,1
64,0.0,0,1,457.4412058970887,0.0,40033300.0,0.0,0,969577.9058116232,1
64,0.0,0,1,458.32628389733065,0.0,28657600.0,0.0,0,1060374.498997996,1
62,0.0,0,1,8810.987114307902,300000.0,1183300.0,0.0,0,121062.124248497,1
62,0.0,0,1,8838.532509927998,300000.0,1317700.0,0.0,0,123223.9478957916,1
62,0.0,0,1,9521.548631423353,300000.0,1318400.0,0.0,0,124304.85971943887,1
62,0.0,0,1,9074.4446596526,300000.0,1116400.0,0.0,0,124304.85971943887,1
62,0.0,0,1,9665.177002918239,300000.0,1318100.0,0.0,0,128628.50701402806,1
45,0.0,0,1,11964.35893059232,0.0,211900.0,0.0,1,139437.625250501,1
45,0.0,0,1,11589.180916289082,0.0,212000.0,0.0,1,139437.625250501,1
45,0.0,0,1,11880.393496509552,0.0,211900.0,0.0,1,139437.625250501,1
45,0.0,0,1,11763.62520846859,0.0,211900.0,0.0,1,139437.625250501,1
45,0.0,0,1,11707.723827351065,0.0,211900.0,0.0,1,139437.625250501,1
49,600000.0,0,1,514.2220859334512,300000.0,4191330.0,600000.0,1,887428.6072144288,1
49,600000.0,0,1,550.7747065873498,300000.0,4435010.0,600000.0,1,714482.7154308617,1
49,600000.0,0,1,577.8583173964986,300000.0,4033700.0,600000.0,1,861486.7234468937,1
49,600000.0,0,1,550.2934891761226,300000.0,4426000.0,600000.0,1,930665.0801603206,1
49,600000.0,0,1,517.6385309063456,300000.0,3813600.0,600000.0,1,566397.7955911823,1
68,44000.0,0,1,1638.146291343583,136000.0,300300.0,44000.0,1,49721.94388777555,2
68,55000.0,0,1,1490.16084497086,125000.0,351000.0,55000.0,1,46479.208416833666,2
68,30000.0,0,1,1528.1737512445666,150000.0,279770.0,30000.0,1,52964.67935871743,2
68,90000.0,0,1,1620.0417719480427,90000.0,358000.0,90000.0,1,64854.70941883767,2
68,77000.0,0,1,1479.1566794852235,103000.0,245610.0,77000.0,1,61611.9739478958,2
38,0.0,0,1,7935.440973098387,0.0,14370.0,0.0,1,151327.65531062125,1
38,0.0,0,1,8051.646179915988,0.0,14370.0,0.0,1,151327.65531062125,1
38,0.0,0,1,7968.119724225692,0.0,13270.0,0.0,1,151327.65531062125,1
38,0.0,0,1,7966.472729412492,0.0,14370.0,0.0,1,151327.65531062125,1
38,0.0,0,1,7973.980330641995,0.0,14270.0,0.0,1,151327.65531062125,1
43,158000.0,0,1,8915.516584635367,223000.0,411300.0,158000.0,1,64854.70941883767,1
43,158000.0,0,1,8946.008660757976,223000.0,412300.0,158000.0,1,64854.70941883767,1
43,158000.0,0,1,9637.079133694266,223000.0,413300.0,158000.0,1,64854.70941883767,1
43,159000.0,0,1,9187.428069407257,222000.0,411300.0,159000.0,1,64854.70941883767,1
43,158000.0,0,1,9782.436092258878,223000.0,411300.0,158000.0,1,64854.70941883767,1
69,0.0,0,1,7225.390393794214,0.0,1200000.0,0.0,0,473439.37875751505,1
69,0.0,0,1,7219.647205546018,0.0,623000.0,0.0,0,476682.1142284569,1
69,0.0,0,1,7826.056778118606,0.0,1150000.0,0.0,0,485329.40881763527,1
69,0.0,0,1,7387.678369892781,0.0,1416000.0,0.0,0,477763.0260521042,1
69,0.0,0,1,7932.255823069118,0.0,1221100.0,0.0,0,474520.2905811623,1
50,600000.0,0,1,702.2345433331736,1000000.0,8016000.0,600000.0,1,2215869.238476954,1
50,600000.0,0,1,729.1480640165548,1000000.0,9032000.0,600000.0,1,2205060.120240481,1
50,600000.0,0,1,750.9192150077727,1000000.0,6537000.0,600000.0,1,2194251.002004008,1
50,600000.0,0,1,724.5300593348085,1000000.0,9098000.0,600000.0,1,2215869.238476954,1
50,600000.0,0,1,715.4823983861792,1000000.0,7190000.0,600000.0,1,2205060.120240481,1
43,242000.0,0,1,13270.593404548024,233000.0,1049750.0,242000.0,1,196725.9519038076,1
43,242000.0,0,1,13916.530515290444,233000.0,1049650.0,242000.0,1,196725.9519038076,1
43,242000.0,0,1,15087.66631696092,233000.0,1049650.0,242000.0,1,196725.9519038076,1
43,242000.0,0,1,13731.080098863324,233000.0,1049650.0,242000.0,1,196725.9519038076,1
43,242000.0,0,1,15323.510657882365,233000.0,1049650.0,242000.0,1,196725.9519038076,1
46,0.0,0,1,522.4471476682627,4000000.0,21251000.0,0.0,1,5620741.482965932,1
46,0.0,0,1,501.1513483454951,4000000.0,21251000.0,0.0,1,5620741.482965932,1
46,0.0,0,1,516.0106484519445,4000000.0,21250000.0,0.0,1,5631550.601202405,1
46,0.0,0,1,509.766985178256,4000000.0,21251000.0,0.0,1,5620741.482965932,1
46,0.0,0,1,520.5587976127093,4000000.0,21251000.0,0.0,1,5620741.482965932,1
72,0.0,0,1,2856.268941246853,5000.0,21930.0,0.0,1,130790.33066132265,1
72,0.0,0,1,2668.0959133114693,5000.0,21930.0,0.0,1,134033.06613226453,1
72,0.0,0,1,2779.1865098897356,5000.0,21920.0,0.0,1,123223.9478957916,1
72,0.0,0,1,2669.1237681534635,5000.0,19920.0,0.0,1,140518.5370741483,1
72,0.0,0,1,2716.1084643004515,5000.0,20920.0,0.0,1,117819.38877755511,1
67,14000.0,0,2,10692.321464302531,186000.0,454200.0,14000.0,1,50802.855711422846,2
67,14000.0,0,2,9730.085936820693,186000.0,456200.0,14000.0,1,50802.855711422846,2
67,14000.0,0,2,9899.278822111883,186000.0,454200.0,14000.0,1,50802.855711422846,2
67,14000.0,0,2,10357.283217765045,186000.0,455200.0,14000.0,1,50802.855711422846,2
67,14000.0,0,2,9909.849360962897,186000.0,455200.0,14000.0,1,50802.855711422846,2
52,325000.0,0,1,2414.7221388812804,125000.0,179780.0,325000.0,1,94039.32865731463,1
52,325000.0,0,1,2423.1133818520307,125000.0,182880.0,325000.0,1,97282.06412825652,1
52,325000.0,0,1,2605.9883272156126,125000.0,181890.0,325000.0,1,85392.03406813627,1
52,325000.0,0,1,2489.1210185445325,125000.0,181890.0,325000.0,1,95120.24048096192,1
52,325000.0,0,1,2644.9729688433827,125000.0,181880.0,325000.0,1,90796.59318637275,1
53,226000.0,0,1,4612.080558535195,454000.0,1464200.0,226000.0,1,237800.6012024048,1
53,226000.0,0,1,5431.531756534003,454000.0,1455200.0,226000.0,1,237800.6012024048,1
53,226000.0,0,1,3890.0976005984608,454000.0,1468200.0,226000.0,1,237800.6012024048,1
53,226000.0,0,1,4663.607793046549,454000.0,1456200.0,226000.0,1,237800.6012024048,1
53,226000.0,0,1,4196.439182171926,454000.0,1443200.0,226000.0,1,237800.6012024048,1
38,199000.0,0,1,10002.570106995663,126000.0,143840.0,199000.0,1,75663.82765531063,2
38,199000.0,0,1,9644.753650699498,126000.0,143130.0,199000.0,1,75663.82765531063,2
38,199000.0,0,1,9550.293055116428,126000.0,143250.0,199000.0,1,75663.82765531063,2
38,199000.0,0,1,9691.39384453331,126000.0,143260.0,199000.0,1,75663.82765531063,2
38,199000.0,0,1,9488.817560064046,126000.0,143280.0,199000.0,1,75663.82765531063,2
53,630000.0,0,1,502.4564308222374,1370000.0,5267000.0,630000.0,1,460468.4368737475,1
53,630000.0,0,1,539.2153507630662,1370000.0,5425500.0,630000.0,1,600986.9739478958,1
53,630000.0,0,1,567.0287613638349,1370000.0,5396200.0,630000.0,1,502623.9979959919,1
53,630000.0,0,1,540.288333411151,1370000.0,5618100.0,630000.0,1,449659.31863727455,1
53,630000.0,0,1,506.0879441970854,1370000.0,4972200.0,630000.0,1,471277.55511022045,1
45,389000.0,0,1,7373.516528135982,711000.0,1259570.0,389000.0,1,239962.4248496994,1
45,389000.0,0,1,8683.605733161507,711000.0,1257400.0,389000.0,1,238881.5130260521,1
45,389000.0,0,1,6219.2536730505135,711000.0,1242990.0,389000.0,1,239962.4248496994,1
45,389000.0,0,1,7455.895166257449,711000.0,1247960.0,389000.0,1,239962.4248496994,1
45,389000.0,0,1,6709.01413718791,711000.0,1248740.0,389000.0,1,241043.3366733467,1
40,0.0,0,1,2250.930564335657,0.0,583500.0,0.0,1,43236.47294589179,2
40,0.0,0,1,945.2049203674035,0.0,457500.0,0.0,1,43236.47294589179,2
40,0.0,0,1,958.7337701335771,0.0,417500.0,0.0,1,44317.38476953908,2
40,0.0,0,1,973.1472572333411,0.0,439500.0,0.0,1,44317.38476953908,2
40,0.0,0,1,919.0166684127537,0.0,477500.0,0.0,1,43236.47294589179,2
70,0.0,0,2,7380.070737900455,625000.0,2312300.0,0.0,1,84311.12224448897,2
70,0.0,0,2,7676.7636778707065,625000.0,2312380.0,0.0,1,84311.12224448897,2
70,0.0,0,2,7075.152206327695,625000.0,2311390.0,0.0,1,84311.12224448897,2
70,0.0,0,2,7264.823242674467,625000.0,2312390.0,0.0,1,84311.12224448897,2
70,0.0,0,2,7237.968073349259,625000.0,2311400.0,0.0,1,84311.12224448897,2
48,360000.0,0,2,2744.2605157055095,465000.0,883800.0,360000.0,1,151327.65531062125,1
48,360000.0,0,2,2753.796915936216,465000.0,876000.0,360000.0,1,151327.65531062125,1
48,360000.0,0,2,2961.628899497516,465000.0,879600.0,360000.0,1,151327.65531062125,1
48,360000.0,0,2,2828.8126488826947,465000.0,876700.0,360000.0,1,151327.65531062125,1
48,360000.0,0,2,3005.9337952929327,465000.0,880100.0,360000.0,1,151327.65531062125,1
49,225000.0,0,1,1953.3456735146106,525000.0,1511900.0,225000.0,1,500462.17434869736,1
49,225000.0,0,1,1944.7389645987373,525000.0,1593600.0,225000.0,1,500462.17434869736,1
49,225000.0,0,1,1766.3323480980557,525000.0,1444500.0,225000.0,1,500462.17434869736,1
49,225000.0,0,1,1822.5824651416704,525000.0,1382500.0,225000.0,1,500462.17434869736,1
49,236000.0,0,1,1895.0995987836188,514000.0,1573500.0,236000.0,1,500462.17434869736,1
77,0.0,0,2,9871.650084271612,160000.0,351800.0,0.0,0,45938.75250501002,2
77,0.0,0,2,9340.360237386954,160000.0,351800.0,0.0,0,45398.29659318637,2
77,0.0,0,2,9271.742032702103,160000.0,351800.0,0.0,0,44101.20240480962,2
77,0.0,0,2,9526.4069687714,160000.0,351800.0,0.0,0,46154.93486973948,2
77,0.0,0,2,9219.913243190513,160000.0,351800.0,0.0,0,44533.56713426854,2
48,0.0,0,1,6187.102891169869,0.0,13600.0,0.0,1,61611.9739478958,2
48,0.0,0,1,6198.271432298991,0.0,13600.0,0.0,1,60531.0621242485,2
48,0.0,0,1,6220.794665305143,0.0,13600.0,0.0,1,61611.9739478958,2
48,0.0,0,1,6236.260768392613,0.0,13600.0,0.0,1,61611.9739478958,2
48,0.0,0,1,6207.5541322897025,0.0,13600.0,0.0,1,61611.9739478958,2
30,50000.0,0,2,10327.126143026848,58000.0,61700.0,50000.0,1,75663.82765531063,2
30,50000.0,0,2,10352.615146958244,75000.0,79150.0,50000.0,1,75663.82765531063,2
30,50000.0,0,2,10299.477801546545,74000.0,77800.0,50000.0,1,75663.82765531063,2
30,50000.0,0,2,10241.733499767386,87000.0,90700.0,50000.0,1,75663.82765531063,2
30,50000.0,0,2,10285.075214183615,93000.0,98200.0,50000.0,1,75663.82765531063,2
52,980000.0,0,1,3135.9895375313,520000.0,6892000.0,980000.0,0,1859168.3366733466,1
52,980000.0,0,1,3347.7629281161658,520000.0,7092000.0,980000.0,0,1869977.4549098196,1
52,980000.0,0,1,3449.2268833028065,520000.0,6591000.0,980000.0,0,1848359.2184368738,1
52,980000.0,0,1,3314.787376344049,520000.0,8042000.0,980000.0,0,1859168.3366733466,1
52,980000.0,0,1,3163.1960209633025,520000.0,7092000.0,980000.0,0,1859168.3366733466,1
66,0.0,0,2,8935.36062591104,125000.0,184660.0,0.0,0,14051.85370741483,2
66,0.0,0,2,8947.767748113174,125000.0,125000.0,0.0,0,14051.85370741483,2
66,0.0,0,2,8814.366498647862,125000.0,125000.0,0.0,0,14051.85370741483,2
66,0.0,0,2,9285.934363209462,125000.0,320000.0,0.0,0,16213.677354709418,2
66,0.0,0,2,8970.116868310794,125000.0,128460.0,0.0,0,14051.85370741483,2
68,0.0,0,1,3671.624697015495,28000.0,31600.0,0.0,1,28103.70741482966,1
68,0.0,0,1,3270.7665427980296,28000.0,31600.0,0.0,1,28103.70741482966,1
68,0.0,0,1,3342.9617371957984,4600.0,8200.0,0.0,1,28103.70741482966,1
68,0.0,0,1,3464.852189683904,1000.0,4600.0,0.0,1,28103.70741482966,1
68,0.0,0,1,3365.5616346784054,125000.0,128700.0,0.0,1,28103.70741482966,1
64,0.0,0,1,3773.8672783551942,700000.0,6842000.0,0.0,1,794470.1903807615,1
64,0.0,0,1,4137.438782161653,700000.0,6843000.0,0.0,1,819331.1623246493,1
64,0.0,0,1,4485.7921547759615,700000.0,6843000.0,0.0,1,794470.1903807615,1
64,0.0,0,1,4018.758015378321,700000.0,6843000.0,0.0,1,794470.1903807615,1
64,0.0,0,1,3887.136138894914,700000.0,6843000.0,0.0,1,845273.0460921844,1
30,165000.0,0,1,19516.62221747476,85000.0,227100.0,165000.0,1,86472.94589178357,2
30,165000.0,0,1,19444.57404641068,85000.0,227100.0,165000.0,1,86472.94589178357,2
30,165000.0,0,1,19163.94890097006,85000.0,227100.0,165000.0,1,86472.94589178357,2
30,165000.0,0,1,19735.08030187406,85000.0,227100.0,165000.0,1,86472.94589178357,2
30,165000.0,0,1,19138.201662901018,85000.0,227000.0,165000.0,1,86472.94589178357,2
35,300000.0,0,1,2488.517290460718,200000.0,229000.0,300000.0,1,278875.250501002,1
35,300000.0,0,1,2481.2476459952672,200000.0,221000.0,300000.0,1,308059.869739479,1
35,300000.0,0,1,2676.361404293703,200000.0,296000.0,300000.0,1,270227.95591182366,1
35,300000.0,0,1,2525.8036919373744,200000.0,234000.0,300000.0,1,287522.54509018036,1
35,300000.0,0,1,2710.1265773878667,200000.0,258000.0,300000.0,1,339406.3126252505,1
26,0.0,0,1,14716.77856173994,0.0,93300.0,0.0,1,122143.03607214428,1
26,0.0,0,1,14266.86012046153,0.0,63320.0,0.0,1,112414.82965931864,1
26,0.0,0,1,14551.67425997891,0.0,58350.0,0.0,1,122143.03607214428,1
26,0.0,0,1,14404.770083553201,0.0,66200.0,0.0,1,123223.9478957916,1
26,0.0,0,1,14361.22282209032,0.0,58310.0,0.0,1,107010.27054108217,1
49,0.0,0,1,2065.2403263828082,325000.0,3001000.0,0.0,1,1040918.0861723447,1
49,0.0,0,1,2153.8651057620905,325000.0,3018000.0,0.0,1,1040918.0861723447,1
49,0.0,0,1,1953.094212929266,325000.0,2069000.0,0.0,1,1039837.1743486974,1
49,0.0,0,1,2018.9783747455488,325000.0,2483000.0,0.0,1,1040918.0861723447,1
49,0.0,0,1,2032.2175456646303,325000.0,1855000.0,0.0,1,1038756.2625250501,1
43,40000.0,0,1,5619.108693444549,700000.0,977600.0,20000.0,1,165379.50901803607,1
43,40000.0,0,1,5641.6380075750285,700000.0,976500.0,20000.0,1,165379.50901803607,1
43,40000.0,0,1,6072.629950772831,700000.0,977500.0,20000.0,1,165379.50901803607,1
43,40000.0,0,1,5794.07714139258,700000.0,977500.0,20000.0,1,165379.50901803607,1
43,40000.0,0,1,6166.352194294891,700000.0,977500.0,20000.0,1,165379.50901803607,1
39,0.0,0,1,10046.740494400376,0.0,24300.0,0.0,1,47560.12024048096,2
39,0.0,0,1,10275.76743318879,0.0,29500.0,0.0,1,46479.208416833666,2
39,0.0,0,1,9972.731821148112,0.0,14700.0,0.0,1,46479.208416833666,2
39,0.0,0,1,10212.859244014684,0.0,13900.0,0.0,1,51883.76753507014,2
39,0.0,0,1,10017.824639295683,0.0,34800.0,0.0,1,47560.12024048096,2
48,210000.0,0,1,4568.798953069582,110000.0,393000.0,210000.0,1,291846.19238476956,1
48,210000.0,0,1,6651.110170329822,110000.0,295500.0,210000.0,1,291846.19238476956,1
48,210000.0,0,1,4938.889946463426,110000.0,494400.0,210000.0,1,291846.19238476956,1
48,210000.0,0,1,6772.7407241563005,110000.0,251000.0,210000.0,1,291846.19238476956,1
48,210000.0,0,1,6621.297787699203,110000.0,250000.0,210000.0,1,291846.19238476956,1
61,970000.0,0,1,3784.944046480882,830000.0,4453000.0,970000.0,1,469115.73146292585,1
61,970000.0,0,1,4070.297173164083,830000.0,4452000.0,970000.0,1,469115.73146292585,1
61,970000.0,0,1,4223.973160138712,830000.0,4453000.0,970000.0,1,469115.73146292585,1
61,970000.0,0,1,4064.0928956508787,830000.0,4453000.0,970000.0,1,469115.73146292585,1
61,970000.0,0,1,3863.193846302261,830000.0,4453000.0,970000.0,1,469115.73146292585,1
42,0.0,0,1,7302.9051291183805,0.0,-450.0,0.0,1,51883.76753507014,1
42,0.0,0,1,7144.515912343149,0.0,-660.0,0.0,1,51883.76753507014,1
42,0.0,0,1,7197.1060584348525,0.0,-620.0,0.0,1,51883.76753507014,1
42,0.0,0,1,7194.952655948189,0.0,-720.0,0.0,1,51883.76753507014,1
42,0.0,0,1,7113.3942564416675,0.0,-630.0,0.0,1,51883.76753507014,1
61,190000.0,0,2,7363.721292681161,710000.0,1994901.0,190000.0,1,84311.12224448897,2
61,190000.0,0,2,7659.756953725329,710000.0,1542701.0,190000.0,1,83230.21042084169,2
61,190000.0,0,2,2391.496689326158,710000.0,1290801.0,190000.0,1,82149.29859719439,2
61,190000.0,0,2,7248.729111079769,710000.0,1992701.0,190000.0,1,84311.12224448897,2
61,190000.0,0,2,7221.933435373967,710000.0,2068701.0,190000.0,1,83230.21042084169,2
80,0.0,0,1,7515.719184438343,350000.0,1174000.0,0.0,0,73610.09519038076,1
80,0.0,0,1,7535.262025484584,350000.0,1174000.0,0.0,0,72204.90981963927,1
80,0.0,0,1,8121.040392915371,350000.0,1174000.0,0.0,0,72853.45691382766,1
80,0.0,0,1,7734.535079611068,350000.0,1174000.0,0.0,0,72853.45691382766,1
80,0.0,0,1,8244.825345144596,350000.0,1173000.0,0.0,0,72961.54809619239,1
64,0.0,0,1,665.6362664701403,1500000.0,11989000.0,0.0,1,1113339.1783567134,1
64,0.0,0,1,703.4559179597738,1500000.0,11989000.0,0.0,1,1189003.0060120241,1
64,0.0,0,1,724.4810042294384,1500000.0,11988000.0,0.0,1,1124148.2965931864,1
64,0.0,0,1,698.9777963896274,1500000.0,11989000.0,0.0,1,1167384.7695390782,1
64,0.0,0,1,678.0099788417554,1500000.0,11987000.0,0.0,1,1156575.6513026052,1
62,0.0,0,1,18442.86311505359,30000.0,30400.0,0.0,0,24860.971943887776,1
62,0.0,0,1,17557.253822213053,30000.0,30400.0,0.0,0,23780.06012024048,1
62,0.0,0,1,17797.868940594417,30000.0,30400.0,0.0,0,23780.06012024048,1
62,0.0,0,1,17739.431082463,30000.0,30400.0,0.0,0,24860.971943887776,1
62,0.0,0,1,17554.66056394099,30000.0,30400.0,0.0,0,23780.06012024048,1
69,0.0,0,1,11717.0927147721,0.0,422700.0,0.0,1,36751.00200400801,2
69,0.0,0,1,11162.176382383122,0.0,425800.0,0.0,1,35670.09018036072,2
69,0.0,0,1,11275.155193798151,0.0,423300.0,0.0,1,37831.91382765531,2
69,0.0,0,1,11585.338160166473,0.0,426700.0,0.0,1,35670.09018036072,2
69,0.0,0,1,11266.056716635172,0.0,427500.0,0.0,1,38912.825651302606,2
28,0.0,0,2,9386.722971408773,0.0,162600.0,0.0,1,76744.73947895791,2
28,0.0,0,2,9541.576121587632,0.0,159300.0,0.0,1,76744.73947895791,2
28,0.0,0,2,9527.647824009193,0.0,157700.0,0.0,1,76744.73947895791,2
28,0.0,0,2,9479.30647491376,0.0,162600.0,0.0,1,76744.73947895791,2
28,0.0,0,2,9567.974883127168,0.0,159300.0,0.0,1,76744.73947895791,2
28,0.0,0,2,11778.507979897795,0.0,-18490.0,0.0,1,49721.94388777555,2
28,0.0,0,2,11874.670171660553,0.0,-17600.0,0.0,1,49721.94388777555,2
28,0.0,0,2,11871.188766212366,0.0,-17740.0,0.0,1,49721.94388777555,2
28,0.0,0,2,11820.145482377055,0.0,-18300.0,0.0,1,49721.94388777555,2
28,0.0,0,2,11882.351739842865,0.0,-17550.0,0.0,1,49721.94388777555,2
48,0.0,0,1,1371.4609335281477,0.0,17900.0,0.0,1,100524.79959919839,1
48,0.0,0,1,1370.2112657572804,0.0,15900.0,0.0,1,110253.00601202405,1
48,0.0,0,1,1378.3540595537718,0.0,18900.0,0.0,1,108091.18236472947,1
48,0.0,0,1,1373.865223344326,0.0,17900.0,0.0,1,107010.27054108217,1
48,0.0,0,1,1373.1122235243886,0.0,17900.0,0.0,1,109172.09418837675,1
41,1350000.0,0,1,532.8908713615095,750000.0,2327500.0,1350000.0,1,594501.5030060121,1
41,1350000.0,0,1,580.436135258063,750000.0,2378500.0,1350000.0,1,594501.5030060121,1
41,1350000.0,0,1,630.4558685213276,750000.0,2307500.0,1350000.0,1,594501.5030060121,1
41,1350000.0,0,1,559.1449464163982,750000.0,2426500.0,1350000.0,1,594501.5030060121,1
41,1350000.0,0,1,544.8840786892849,750000.0,2390500.0,1350000.0,1,594501.5030060121,1
62,0.0,0,1,3979.387757545406,800000.0,3450000.0,0.0,1,291846.19238476956,1
62,0.0,0,1,2187.602556817657,800000.0,2934000.0,0.0,1,291846.19238476956,1
62,0.0,0,1,1983.686853220122,800000.0,3190000.0,0.0,1,292927.10420841683,1
62,0.0,0,1,2050.6030033808324,800000.0,3103000.0,0.0,1,292927.10420841683,1
62,0.0,0,1,2064.0495484199105,800000.0,3151000.0,0.0,1,291846.19238476956,1
44,0.0,0,1,4388.7206054810395,0.0,6600.0,0.0,1,47560.12024048096,1
44,0.0,0,1,4293.535743147848,0.0,7300.0,0.0,1,47560.12024048096,1
44,0.0,0,1,4325.140077822508,0.0,5970.0,0.0,1,47560.12024048096,1
44,0.0,0,1,4323.845978871745,0.0,5980.0,0.0,1,47560.12024048096,1
44,0.0,0,1,4274.833014560163,0.0,5950.0,0.0,1,47560.12024048096,1
31,0.0,0,1,7329.0592826128295,434000.0,484900.0,0.0,1,14051.85370741483,2
31,0.0,0,1,7447.18151049924,407000.0,457900.0,0.0,1,14051.85370741483,2
31,0.0,0,1,7370.7965222529,430000.0,480900.0,0.0,1,14051.85370741483,2
31,0.0,0,1,7393.171949065833,434000.0,484900.0,0.0,1,14051.85370741483,2
31,0.0,0,1,7355.2747397772955,434000.0,484900.0,0.0,1,14051.85370741483,2
35,500000.0,0,1,7669.008161602219,0.0,346000.0,500000.0,1,244286.07214428857,1
35,500000.0,0,1,7645.891398236879,0.0,345000.0,500000.0,1,244286.07214428857,1
35,500000.0,0,1,8393.452387246187,0.0,345000.0,500000.0,1,244286.07214428857,1
35,500000.0,0,1,7839.431904347861,0.0,345000.0,500000.0,1,244286.07214428857,1
35,500000.0,0,1,8495.437458027505,0.0,344000.0,500000.0,1,244286.07214428857,1
27,0.0,0,1,7738.040759297624,50000.0,119000.0,0.0,1,54045.59118236473,1
27,0.0,0,1,7609.326695941786,50000.0,120000.0,0.0,1,70259.26853707415,1
27,0.0,0,1,7525.245974074763,50000.0,119000.0,0.0,1,64854.70941883767,1
27,0.0,0,1,7670.927231037347,50000.0,119000.0,0.0,1,50802.855711422846,1
27,0.0,0,1,7423.758569784001,50000.0,118000.0,0.0,1,71340.18036072144,1
59,0.0,0,1,755.4638073891755,0.0,1810060.0,0.0,1,48641.03206412826,2
59,0.0,0,1,804.5444652642948,0.0,1810060.0,0.0,1,48641.03206412826,2
59,0.0,0,1,729.0466638255865,0.0,1810060.0,0.0,1,48641.03206412826,2
59,0.0,0,1,756.4803542837324,0.0,1809060.0,0.0,1,48641.03206412826,2
59,0.0,0,1,743.1414300387293,0.0,1810060.0,0.0,1,48641.03206412826,2
63,0.0,0,1,12907.495916233976,350000.0,355900.0,0.0,0,11890.03006012024,2
63,0.0,0,1,11920.409528435204,350000.0,379500.0,0.0,0,19456.412825651303,2
63,0.0,0,1,12328.959721228664,350000.0,386300.0,0.0,0,17294.589178356713,2
63,0.0,0,1,12199.516041642517,350000.0,356500.0,0.0,0,14051.85370741483,2
63,0.0,0,1,12036.63966652585,350000.0,406800.0,0.0,0,11890.03006012024,2
84,0.0,0,1,436.18594198138044,20000000.0,43298000.0,0.0,1,972820.6412825651,1
84,0.0,0,1,434.95503017834,20000000.0,43298000.0,0.0,1,974982.4649298597,1
84,0.0,0,1,437.5505268023347,20000000.0,43297000.0,0.0,1,977144.2885771543,1
84,0.0,0,1,442.27709207635223,20000000.0,43298000.0,0.0,1,987953.4068136272,1
84,0.0,0,1,443.132829861146,20000000.0,43297000.0,0.0,1,982548.8476953907,1
67,0.0,0,2,970.0726979479668,1800000.0,2476100.0,0.0,0,63773.79759519038,2
67,0.0,0,2,1133.926057883079,1800000.0,2478100.0,0.0,0,63773.79759519038,2
67,0.0,0,2,813.866833045009,1800000.0,2347800.0,0.0,0,63773.79759519038,2
67,0.0,0,2,964.4287768759116,1800000.0,2361700.0,0.0,0,63773.79759519038,2
67,0.0,0,2,875.5242952720076,1800000.0,2480200.0,0.0,0,63773.79759519038,2
65,106000.0,0,1,2059.030936393963,644000.0,2088680.0,106000.0,1,48424.8496993988,1
65,106000.0,0,1,2101.7464180575157,644000.0,2056670.0,106000.0,1,46263.02605210421,1
65,106000.0,0,1,1907.622319384912,644000.0,2170690.0,106000.0,1,46587.2995991984,1
65,106000.0,0,1,1967.2414211268401,644000.0,2231680.0,106000.0,1,45290.20541082164,1
65,106000.0,0,1,1999.5668807895254,644000.0,2161690.0,106000.0,1,47127.75551102204,1
49,217000.0,0,1,2634.7316314004006,73000.0,69510.0,217000.0,1,86472.94589178357,1
49,217000.0,0,1,2534.065260441287,73000.0,69520.0,217000.0,1,85392.03406813627,1
49,217000.0,0,1,2534.450269811002,73000.0,69520.0,217000.0,1,85392.03406813627,1
49,217000.0,0,1,2588.016757983137,73000.0,69410.0,217000.0,1,85392.03406813627,1
49,217000.0,0,1,2503.4523206235413,73000.0,69510.0,217000.0,1,85392.03406813627,1
39,188000.0,0,1,8531.692874096729,45000.0,24780.0,188000.0,1,64854.70941883767,2
39,188000.0,0,1,8226.493302610452,45000.0,12770.0,188000.0,1,64854.70941883767,2
39,189000.0,0,1,8145.9231309847255,44000.0,10530.0,189000.0,1,65935.62124248497,2
39,188000.0,0,1,8266.275059211197,45000.0,12370.0,188000.0,1,63773.79759519038,2
39,188000.0,0,1,8093.487603169412,45000.0,11490.0,188000.0,1,64854.70941883767,2
25,0.0,0,1,7280.814375048171,0.0,442900.0,0.0,1,108091.18236472947,1
25,0.0,0,1,7400.926265563941,0.0,442900.0,0.0,1,108091.18236472947,1
25,0.0,0,1,7390.122777537506,0.0,442900.0,0.0,1,108091.18236472947,1
25,0.0,0,1,7352.626796194997,0.0,442900.0,0.0,1,108091.18236472947,1
25,0.0,0,1,7421.402472551823,0.0,442900.0,0.0,1,108091.18236472947,1
77,0.0,0,1,14084.863688924112,1000.0,-15360.0,0.0,0,16213.677354709418,2
77,0.0,0,1,14002.630675829196,1000.0,-18760.0,0.0,0,16213.677354709418,2
77,0.0,0,1,14003.561219435156,1000.0,-14970.0,0.0,0,15132.765531062125,2
77,0.0,0,1,13877.798524054582,1000.0,-15860.0,0.0,0,16213.677354709418,2
77,0.0,0,1,13974.390921910395,1000.0,-15560.0,0.0,0,15132.765531062125,2
63,37000.0,0,1,8511.232216308297,103000.0,96790.0,37000.0,1,43236.47294589179,2
63,37000.0,0,1,8117.240023828122,103000.0,100700.0,37000.0,1,43236.47294589179,2
63,37000.0,0,1,8392.13855103919,103000.0,99400.0,37000.0,1,43236.47294589179,2
63,37000.0,0,1,8176.370519476695,103000.0,96340.0,37000.0,1,43236.47294589179,2
63,37000.0,0,1,8282.754999320052,103000.0,101100.0,37000.0,1,43236.47294589179,2
40,0.0,0,1,3232.6694343222343,0.0,-102899.0,0.0,1,79987.4749498998,1
40,0.0,0,1,3280.008078949778,0.0,-102899.0,0.0,1,79987.4749498998,1
40,0.0,0,1,3245.981813593808,0.0,-102899.0,0.0,1,79987.4749498998,1
40,0.0,0,1,3245.3108754809564,0.0,-102899.0,0.0,1,79987.4749498998,1
40,0.0,0,1,3248.3692553620476,0.0,-102899.0,0.0,1,79987.4749498998,1
61,0.0,0,1,3570.8520035530287,0.0,13814500.0,0.0,1,331839.9298597194,1
61,0.0,0,1,3899.7608974076225,0.0,13813500.0,0.0,1,331839.9298597194,1
61,0.0,0,1,4254.8485680065205,0.0,13814500.0,0.0,1,331839.9298597194,1
61,0.0,0,1,3777.7465363636534,0.0,13814500.0,0.0,1,331839.9298597194,1
61,0.0,0,1,3680.640510907342,0.0,13814500.0,0.0,1,331839.9298597194,1
30,0.0,0,2,10356.298279067021,0.0,52820.0,0.0,1,73502.00400801603,2
30,0.0,0,2,10066.98352609418,0.0,52020.0,0.0,1,73502.00400801603,2
30,0.0,0,2,10244.386121538577,0.0,54620.0,0.0,1,73502.00400801603,2
30,0.0,0,2,10199.39391516417,0.0,57520.0,0.0,1,73502.00400801603,2
30,0.0,0,2,10127.302923491323,0.0,50620.0,0.0,1,73502.00400801603,2
36,0.0,0,2,13490.86694002228,0.0,-75850.0,0.0,1,43236.47294589179,2
36,0.0,0,2,13798.406679761476,0.0,-136100.0,0.0,1,38912.825651302606,2
36,0.0,0,2,13391.487328912553,0.0,-77100.0,0.0,1,43236.47294589179,2
36,0.0,0,2,13713.932913363455,0.0,-72720.0,0.0,1,45398.29659318637,2
36,0.0,0,2,13452.038431025576,0.0,-197700.0,0.0,1,46479.208416833666,2
50,22000.0,0,2,7110.714369091856,33000.0,39860.0,22000.0,0,39993.7374749499,2
50,20000.0,0,2,6787.05734235212,35000.0,41160.0,20000.0,0,39993.7374749499,2
50,23000.0,0,2,6804.145474192471,32000.0,38760.0,23000.0,0,39993.7374749499,2
50,18000.0,0,2,6948.836845038348,37000.0,43460.0,18000.0,0,39993.7374749499,2
50,20000.0,0,2,6702.873089172358,35000.0,41760.0,20000.0,0,39993.7374749499,2
68,0.0,0,1,6403.412243754605,190000.0,657000.0,0.0,0,38912.825651302606,1
68,0.0,0,1,6420.107505203164,190000.0,657000.0,0.0,0,39993.7374749499,1
68,0.0,0,1,6919.524018894028,190000.0,657000.0,0.0,0,39993.7374749499,1
68,0.0,0,1,6589.005073511839,190000.0,657000.0,0.0,0,39993.7374749499,1
68,0.0,0,1,7024.209831866776,190000.0,656000.0,0.0,0,38912.825651302606,1
71,0.0,0,2,2045.6800567750465,0.0,290.0,0.0,0,25941.88376753507,2
71,0.0,0,2,2045.3423953705671,0.0,290.0,0.0,0,25941.88376753507,2
71,0.0,0,2,2050.38763656002,0.0,290.0,0.0,0,24860.971943887776,2
71,0.0,0,2,2045.3055246475546,0.0,290.0,0.0,0,27022.795591182366,2
71,0.0,0,2,2050.327328816148,0.0,290.0,0.0,0,25941.88376753507,2
72,0.0,0,1,947.291660208054,1100000.0,27502800.0,0.0,1,569640.5310621243,1
72,0.0,0,1,943.6211643109989,1100000.0,27741200.0,0.0,1,569640.5310621243,1
72,0.0,0,1,949.0500496394434,1100000.0,21948400.0,0.0,1,569640.5310621243,1
72,0.0,0,1,960.8794320513282,1100000.0,22295500.0,0.0,1,569640.5310621243,1
72,0.0,0,1,966.0179285511183,1100000.0,25519800.0,0.0,1,569640.5310621243,1
61,0.0,0,1,2109.2032139255853,1700000.0,28522000.0,0.0,1,4085846.6933867736,1
61,0.0,0,1,2069.013070618954,1700000.0,39522000.0,0.0,1,4085846.6933867736,1
61,0.0,0,1,2137.714402256156,1700000.0,39523000.0,0.0,1,4085846.6933867736,1
61,0.0,0,1,2105.7345859646807,1700000.0,39523000.0,0.0,1,4085846.6933867736,1
61,0.0,0,1,2079.1916227025336,1700000.0,30893000.0,0.0,1,4085846.6933867736,1
27,0.0,0,1,4964.51910021648,0.0,81800.0,0.0,1,145923.09619238478,1
27,0.0,0,1,4812.74480491838,0.0,80500.0,0.0,1,145923.09619238478,1
27,0.0,0,1,4908.823252366228,0.0,81000.0,0.0,1,145923.09619238478,1
27,0.0,0,1,4859.266986590575,0.0,80600.0,0.0,1,145923.09619238478,1
27,0.0,0,1,4844.57686875075,0.0,80400.0,0.0,1,145923.09619238478,1
78,0.0,0,1,22057.24563519324,90000.0,108480.0,0.0,0,30265.53106212425,1
78,0.0,0,1,21782.147060330266,90000.0,100080.0,0.0,0,30265.53106212425,1
78,0.0,0,1,21647.386845788795,90000.0,100780.0,0.0,0,29184.619238476953,1
78,0.0,0,1,22259.274805918616,90000.0,99680.0,0.0,0,29184.619238476953,1
78,0.0,0,1,21455.8060808426,90000.0,96780.0,0.0,0,30265.53106212425,1
56,148000.0,0,2,12735.08081654317,25000.0,200960.0,148000.0,1,81068.3867735471,2
56,136000.0,0,2,12066.835586694293,55000.0,224290.0,136000.0,1,110253.00601202405,2
56,139000.0,0,2,12295.873890351178,57000.0,233590.0,139000.0,1,81068.3867735471,2
56,148000.0,0,2,12132.566873302017,54000.0,219910.0,148000.0,1,105929.35871743486,2
56,133000.0,0,2,12183.603364583261,44000.0,211720.0,133000.0,1,82149.29859719439,2
46,1200000.0,0,1,7611.589133273216,100000.0,3276900.0,1200000.0,1,345891.7835671343,1
46,1200000.0,0,1,7981.237599557108,100000.0,3279900.0,1200000.0,1,345891.7835671343,1
46,1200000.0,0,1,8189.527172191216,100000.0,3277900.0,1200000.0,1,345891.7835671343,1
46,1200000.0,0,1,7876.736830901221,100000.0,3279900.0,1200000.0,1,345891.7835671343,1
46,1200000.0,0,1,7842.057050537207,100000.0,3279900.0,1200000.0,1,345891.7835671343,1
62,1230000.0,0,1,40.98690637370933,1090000.0,16185310.0,1230000.0,1,1815931.8637274548,1
62,1360000.0,0,1,42.316376911768586,1060000.0,16265800.0,1360000.0,1,1783504.509018036,1
62,1330000.0,0,1,43.90513496505569,1000000.0,14451600.0,1330000.0,1,1837550.1002004007,1
62,1240000.0,0,1,42.34980961910567,1160000.0,16040200.0,1240000.0,1,1859168.3366733466,1
62,1430000.0,0,1,41.83194404555748,990000.0,13168600.0,1430000.0,1,1837550.1002004007,1
58,0.0,0,1,3894.649461529401,1880000.0,6523450.0,0.0,1,127547.59519038076,1
58,0.0,0,1,10770.512855402769,1270000.0,2129350.0,0.0,1,155651.30260521043,1
58,0.0,0,1,7713.460837489377,1630000.0,2308870.0,0.0,1,130790.33066132265,1
58,0.0,0,1,9247.33958202398,1660000.0,2265730.0,0.0,1,138356.7134268537,1
58,0.0,0,1,8318.714280334036,1280000.0,2121290.0,0.0,1,137275.8016032064,1
75,176000.0,0,1,22381.32609150655,224000.0,216600.0,176000.0,1,86148.67234468937,1
75,176000.0,0,1,20871.8891373627,224000.0,215900.0,176000.0,1,85067.76052104209,1
75,176000.0,0,1,20631.44982988944,224000.0,205600.0,176000.0,1,86148.67234468937,1
75,176000.0,0,1,21415.873747652604,224000.0,216400.0,176000.0,1,86148.67234468937,1
75,176000.0,0,1,20479.326395364613,224000.0,215200.0,176000.0,1,86148.67234468937,1
29,0.0,0,1,2524.3051686149965,0.0,262100.0,0.0,1,148084.91983967935,1
29,0.0,0,1,2525.266205411009,0.0,260360.0,0.0,1,148084.91983967935,1
29,0.0,0,1,2547.9587667339783,0.0,259570.0,0.0,1,148084.91983967935,1
29,0.0,0,1,2596.9904500221082,0.0,260960.0,0.0,1,148084.91983967935,1
29,0.0,0,1,2563.184295086002,0.0,260301.0,0.0,1,148084.91983967935,1
26,0.0,0,2,1887.6048128283383,0.0,37000.0,0.0,0,0.0,2
26,0.0,0,2,1872.8437359180712,0.0,31000.0,0.0,0,0.0,2
26,0.0,0,2,1891.8811518724629,0.0,33000.0,0.0,0,0.0,2
26,0.0,0,2,1929.7877692982206,0.0,26000.0,0.0,0,0.0,2
26,0.0,0,2,1896.9467979964193,0.0,30000.0,0.0,0,0.0,2
73,9500.0,0,1,11389.68417846458,65500.0,78800.0,0.0,1,16213.677354709418,2
73,9500.0,0,1,10626.445933965133,65500.0,74400.0,0.0,1,16213.677354709418,2
73,9500.0,0,1,10866.019145537393,65500.0,76800.0,0.0,1,17294.589178356713,2
73,9500.0,0,1,10668.975615026833,65500.0,80800.0,0.0,1,17294.589178356713,2
73,9500.0,0,1,10618.914822409262,65500.0,72000.0,0.0,1,17294.589178356713,2
74,250000.0,0,2,2981.1563955282777,200000.0,449550.0,250000.0,0,144842.18436873748,2
74,250000.0,0,2,3001.868159444425,200000.0,420900.0,250000.0,0,144842.18436873748,2
74,250000.0,0,2,3101.6007861870025,200000.0,444100.0,250000.0,0,144842.18436873748,2
74,250000.0,0,2,3102.3721971377954,200000.0,536100.0,250000.0,0,144842.18436873748,2
74,250000.0,0,2,3183.769474319017,200000.0,432900.0,250000.0,0,144842.18436873748,2
57,0.0,0,1,2105.1561422553937,0.0,-50990.0,0.0,0,54045.59118236473,2
57,0.0,0,1,2086.1817695741856,0.0,-51995.0,0.0,0,54045.59118236473,2
57,0.0,0,1,2083.9923839542325,0.0,-50995.0,0.0,0,54045.59118236473,2
57,0.0,0,1,2121.4628427561247,0.0,-51990.0,0.0,0,54045.59118236473,2
57,0.0,0,1,2079.6233198392533,0.0,-51990.0,0.0,0,54045.59118236473,2
52,0.0,0,1,907.2644543946044,0.0,15200.0,0.0,1,37831.91382765531,1
52,0.0,0,1,895.7821163768343,0.0,12100.0,0.0,1,37831.91382765531,1
52,0.0,0,1,909.5020240761944,0.0,9200.0,0.0,1,37831.91382765531,1
52,0.0,0,1,888.437112940241,0.0,28300.0,0.0,1,37831.91382765531,1
52,0.0,0,1,908.6803647882577,0.0,26800.0,0.0,1,37831.91382765531,1
70,0.0,0,2,1520.6875694473451,0.0,-910.0,0.0,0,14051.85370741483,2
70,0.0,0,2,1531.6198446495227,0.0,-910.0,0.0,0,14051.85370741483,2
70,0.0,0,2,1531.878314606218,0.0,-910.0,0.0,0,14051.85370741483,2
70,0.0,0,2,1547.6627136219959,0.0,-910.0,0.0,0,15132.765531062125,2
70,0.0,0,2,1535.5204688127712,0.0,-910.0,0.0,0,14051.85370741483,2
46,495000.0,0,1,1162.1946842902203,555000.0,2124520.0,495000.0,1,100524.79959919839,2
46,495000.0,0,1,1274.6224242904602,555000.0,2124520.0,495000.0,1,100524.79959919839,2
46,495000.0,0,1,1382.3688812751063,555000.0,2125520.0,495000.0,1,100524.79959919839,2
46,495000.0,0,1,1239.3565913564448,555000.0,2124520.0,495000.0,1,99443.8877755511,2
46,495000.0,0,1,1198.0341053980778,555000.0,2125520.0,495000.0,1,100524.79959919839,2
59,175000.0,0,1,7790.326337107712,475000.0,926620.0,175000.0,1,129709.41883767534,2
59,175000.0,0,1,7820.953745878384,475000.0,1108620.0,175000.0,1,130790.33066132265,2
59,175000.0,0,1,8419.715323758373,475000.0,1058620.0,175000.0,1,130790.33066132265,2
59,175000.0,0,1,8033.996120494022,475000.0,1136620.0,175000.0,1,129709.41883767534,2
59,175000.0,0,1,8549.09426185272,475000.0,978620.0,175000.0,1,129709.41883767534,2
58,221000.0,14000,1,4883.265049811025,329000.0,1936700.0,221000.0,1,428041.08216432866,1
58,221000.0,0,1,5746.673597565759,329000.0,1911300.0,221000.0,1,415070.1402805611,1
58,221000.0,0,1,4118.311207060976,329000.0,1894300.0,221000.0,1,412908.3166332665,1
58,221000.0,0,1,4931.339988793985,329000.0,1902500.0,221000.0,1,415070.1402805611,1
58,221000.0,0,1,4440.231516972049,329000.0,1916300.0,221000.0,1,409665.58116232464,1
57,0.0,0,1,3616.9079145095616,3470000.0,7602500.0,0.0,1,763123.74749499,1
57,0.0,0,1,3739.1938343326583,2690000.0,7919300.0,0.0,1,687459.9198396794,1
57,0.0,0,1,3897.370418409454,2100000.0,7332600.0,0.0,1,695026.3026052105,1
57,0.0,0,1,3749.19816157297,2640000.0,6069800.0,0.0,1,697188.126252505,1
57,0.0,0,1,3662.0028807464587,2220000.0,7452300.0,0.0,1,767447.3947895792,1
53,82000.0,0,2,10013.43470746224,248000.0,263550.0,82000.0,1,44317.38476953908,2
53,82000.0,0,2,9636.652500969143,248000.0,264550.0,82000.0,1,44317.38476953908,2
53,82000.0,0,2,9649.641779648944,248000.0,264550.0,82000.0,1,44317.38476953908,2
53,82000.0,0,2,9847.182204647386,248000.0,263550.0,82000.0,1,43236.47294589179,2
53,82000.0,0,2,9537.284442149756,248000.0,264550.0,82000.0,1,43236.47294589179,2
61,0.0,0,2,7372.0384674456245,0.0,600.0,0.0,0,15132.765531062125,2
61,0.0,0,2,7343.542753304302,0.0,610.0,0.0,0,14051.85370741483,2
61,0.0,0,2,7403.866249625256,0.0,600.0,0.0,0,14051.85370741483,2
61,0.0,0,2,7258.430953201724,0.0,600.0,0.0,0,15132.765531062125,2
61,0.0,0,2,7383.965810655553,0.0,590.0,0.0,0,15132.765531062125,2
78,0.0,0,1,3603.834078006338,12000.0,43100.0,0.0,1,37831.91382765531,1
78,0.0,0,1,3425.90421247353,12000.0,48200.0,0.0,1,37831.91382765531,1
78,0.0,0,1,3383.1273123760525,12000.0,42070.0,0.0,1,37831.91382765531,1
78,0.0,0,1,3511.2723923001263,12000.0,44900.0,0.0,1,37831.91382765531,1
78,0.0,0,1,3348.8208587833565,12000.0,46200.0,0.0,1,37831.91382765531,1
59,340000.0,0,1,240.38497553751827,260000.0,304200.0,340000.0,1,32427.354709418836,1
59,340000.0,0,1,249.74463861846334,260000.0,301500.0,340000.0,1,32427.354709418836,1
59,340000.0,0,1,257.1146971436741,260000.0,297900.0,340000.0,1,32427.354709418836,1
59,340000.0,0,1,256.9162420023594,260000.0,305600.0,340000.0,1,32427.354709418836,1
59,340000.0,0,1,257.83374950057623,260000.0,300000.0,340000.0,1,32427.354709418836,1
40,0.0,0,2,2235.704150760142,0.0,11510.0,0.0,1,32427.354709418836,2
40,0.0,0,2,2204.8055769487373,0.0,11740.0,0.0,1,35670.09018036072,2
40,0.0,0,2,2214.970944628659,0.0,11810.0,0.0,1,31346.442885771543,2
40,0.0,0,2,2244.171723563752,0.0,11840.0,0.0,1,32427.354709418836,2
40,0.0,0,2,2194.7520350079694,0.0,11130.0,0.0,1,31346.442885771543,2
46,0.0,0,1,9001.537534412113,0.0,8800.0,0.0,0,16213.677354709418,2
46,0.0,0,1,8756.327672076257,0.0,8500.0,0.0,0,16213.677354709418,2
46,0.0,0,1,8945.410053083842,0.0,8600.0,0.0,0,16213.677354709418,2
46,0.0,0,1,8961.023326800723,0.0,11700.0,0.0,0,16213.677354709418,2
46,0.0,0,1,8889.365207384375,0.0,15200.0,0.0,0,16213.677354709418,2
75,0.0,0,1,9268.526482917407,0.0,-50.0,0.0,0,25941.88376753507,1
75,0.0,0,1,9777.934635317324,0.0,770.0,0.0,0,30265.53106212425,1
75,0.0,0,1,9325.92696129665,0.0,550.0,0.0,0,23780.06012024048,1
75,0.0,0,1,9803.710042398092,0.0,20.0,0.0,0,23780.06012024048,1
75,0.0,0,1,9153.270682830589,0.0,-370.0,0.0,0,33508.26653306613,1
37,0.0,0,1,9216.249398480759,0.0,11700.0,0.0,1,24860.971943887776,1
37,0.0,0,1,9262.357332215637,0.0,11700.0,0.0,1,24860.971943887776,1
37,0.0,0,1,9125.219299565058,0.0,11700.0,0.0,1,25941.88376753507,1
37,0.0,0,1,9261.349076606726,0.0,11700.0,0.0,1,24860.971943887776,1
37,0.0,0,1,9142.89010831693,0.0,11700.0,0.0,1,25941.88376753507,1
40,335000.0,0,1,2919.8843882388373,355000.0,752400.0,335000.0,1,70259.26853707415,1
40,335000.0,0,1,2930.4560264646957,355000.0,1257800.0,335000.0,1,70259.26853707415,1
40,335000.0,0,1,3150.9576778812316,355000.0,725000.0,335000.0,1,70259.26853707415,1
40,335000.0,0,1,3009.507068275033,355000.0,850000.0,335000.0,1,70259.26853707415,1
40,335000.0,0,1,3197.4712372087215,355000.0,757800.0,335000.0,1,70259.26853707415,1
45,55000.0,0,1,3281.998366956291,135000.0,158800.0,55000.0,1,71340.18036072144,2
45,55000.0,0,1,3156.6015860630437,135000.0,146680.0,55000.0,1,62692.885771543086,2
45,55000.0,0,1,3157.0811795471054,135000.0,208770.0,55000.0,1,62692.885771543086,2
45,55000.0,0,1,3223.80718860598,135000.0,223200.0,55000.0,1,64854.70941883767,2
45,55000.0,0,1,3118.4680557663837,135000.0,168850.0,55000.0,1,71340.18036072144,2
58,460000.0,0,1,7920.942096825211,40000.0,413000.0,460000.0,1,113495.74148296592,1
58,460000.0,0,1,7894.753221396791,40000.0,507000.0,460000.0,1,121062.124248497,1
58,460000.0,0,1,8666.87196179238,40000.0,465000.0,460000.0,1,113495.74148296592,1
58,460000.0,0,1,8092.268446791194,40000.0,833000.0,460000.0,1,125385.77154308617,1
58,460000.0,0,1,8772.191910519086,40000.0,766000.0,460000.0,1,114576.65330661323,1
67,76000.0,0,1,14189.059989945858,104000.0,69400.0,76000.0,1,108091.18236472947,1
67,76000.0,0,1,13261.635227016584,104000.0,69500.0,76000.0,1,108091.18236472947,1
67,76000.0,0,1,13285.532506809852,104000.0,72000.0,76000.0,1,108091.18236472947,1
67,76000.0,0,1,13830.798296890836,104000.0,72500.0,76000.0,1,108091.18236472947,1
67,76000.0,0,1,13332.672468609318,104000.0,68500.0,76000.0,1,108091.18236472947,1
58,50000.0,0,1,3546.2370902492853,350000.0,374800.0,50000.0,1,91877.50501002005,1
58,135000.0,0,1,3292.9484465889172,265000.0,292000.0,135000.0,1,91877.50501002005,1
58,157000.0,0,1,3457.436250889676,243000.0,267800.0,157000.0,1,91877.50501002005,1
58,34000.0,0,1,3385.4477356455163,366000.0,390800.0,34000.0,1,91877.50501002005,1
58,131000.0,0,1,3403.937703906083,269000.0,293800.0,131000.0,1,91877.50501002005,1
49,68700.0,0,1,12257.737566017433,131300.0,399800.0,60000.0,1,88634.76953907816,1
49,68700.0,0,1,11638.052997339495,131300.0,401050.0,60000.0,1,94039.32865731463,1
49,68700.0,0,1,8642.02538718709,131300.0,439650.0,60000.0,1,96201.15230460922,1
49,68700.0,0,1,11850.881050894066,131300.0,420400.0,60000.0,1,88634.76953907816,1
49,68700.0,0,1,11585.887557263059,131300.0,398960.0,60000.0,1,91877.50501002005,1
63,2300000.0,0,1,672.0723471464061,4200000.0,15031890.0,2300000.0,1,3534581.663326653,1
63,2300000.0,0,1,710.2576793244227,4200000.0,15108400.0,2300000.0,1,3545390.7815631265,1
63,2300000.0,0,1,731.4860585308958,4200000.0,14840400.0,2300000.0,1,3534581.663326653,1
63,2300000.0,0,1,705.736258503386,4200000.0,14964200.0,2300000.0,1,3534581.663326653,1
63,2300000.0,0,1,684.5657017537286,4200000.0,15111500.0,2300000.0,1,3545390.7815631265,1
82,0.0,0,2,473.21198035846936,1500000.0,35905000.0,0.0,0,1184679.3587174348,2
82,0.0,0,2,463.61988093422224,1500000.0,35906000.0,0.0,0,1184679.3587174348,2
82,0.0,0,2,466.37287112603127,1500000.0,35906000.0,0.0,0,1184679.3587174348,2
82,0.0,0,2,471.4398906566481,1500000.0,35906000.0,0.0,0,1184679.3587174348,2
82,0.0,0,2,480.878819173501,1500000.0,35906000.0,0.0,0,1184679.3587174348,2
30,0.0,0,2,2837.671441451729,0.0,33700.0,0.0,1,60531.0621242485,2
30,0.0,0,2,2807.825185931345,0.0,33700.0,0.0,1,37831.91382765531,2
30,0.0,0,2,2795.6089240006663,0.0,34700.0,0.0,1,59450.1503006012,2
30,0.0,0,2,2865.5106449368345,0.0,33700.0,0.0,1,41074.64929859719,2
30,0.0,0,2,2801.881986504176,0.0,33700.0,0.0,1,68097.44488977955,2
40,0.0,0,1,6644.285393379076,100000.0,134730.0,0.0,1,75663.82765531063,1
40,0.0,0,1,6402.743373588743,100000.0,124810.0,0.0,1,75663.82765531063,1
40,0.0,0,1,6332.462700055716,100000.0,130690.0,0.0,1,75663.82765531063,1
40,0.0,0,1,6430.203431008078,100000.0,131560.0,0.0,1,75663.82765531063,1
40,0.0,0,1,6287.963980073599,100000.0,121750.0,0.0,1,75663.82765531063,1
29,0.0,0,1,3251.1130200066023,0.0,74810.0,0.0,1,94039.32865731463,2
29,0.0,0,1,3199.953868666965,0.0,62290.0,0.0,1,90796.59318637275,2
29,0.0,0,1,3241.331017191777,0.0,65570.0,0.0,1,92958.41683366733,2
29,0.0,0,1,3262.2787695259776,0.0,69660.0,0.0,1,89715.68136272545,2
29,0.0,0,1,3241.8001347207537,0.0,77500.0,0.0,1,88634.76953907816,2
24,0.0,0,1,3261.428494336697,0.0,49000.0,0.0,1,7350.200400801603,2
24,0.0,0,1,3307.8436821106748,0.0,48000.0,0.0,1,7458.291583166333,2
24,0.0,0,1,3280.004936904423,0.0,48000.0,0.0,1,7350.200400801603,2
24,0.0,0,1,3286.7289326519517,0.0,48000.0,0.0,1,7350.200400801603,2
24,0.0,0,1,3298.6439483749427,0.0,49000.0,0.0,1,7350.200400801603,2
68,0.0,0,1,448.75193123919814,2800000.0,12505000.0,0.0,0,1815931.8637274548,1
68,0.0,0,1,453.4344295789093,2800000.0,13486000.0,0.0,0,1805122.745490982,1
68,0.0,0,1,483.31529327426506,2800000.0,12300000.0,0.0,0,1848359.2184368738,1
68,0.0,0,1,455.18031503062923,2800000.0,15403000.0,0.0,0,1837550.1002004007,1
68,0.0,0,1,448.7260197512002,2800000.0,14546000.0,0.0,0,1891595.6913827655,1
72,0.0,0,1,48.02427689506332,113220000.0,468734000.0,0.0,0,7620428.356713427,1
72,0.0,0,1,47.604925711825324,113220000.0,468946000.0,0.0,0,7479909.819639279,1
72,0.0,0,1,47.97797909881298,113230000.0,466510000.0,0.0,0,7079972.444889779,1
72,0.0,0,1,48.95077597537472,113230000.0,475214000.0,0.0,0,7944701.903807616,1
72,0.0,0,1,48.30814325301393,113220000.0,484528000.0,0.0,0,7696092.184368737,1
86,0.0,0,1,54.494747088845806,901000.0,89997900.0,0.0,1,2096968.9378757516,2
86,0.0,0,1,54.80955592818704,898000.0,90044900.0,0.0,1,2075350.7014028055,2
86,0.0,0,1,55.24009946984059,917000.0,94246900.0,0.0,1,2172632.765531062,2
86,0.0,0,1,56.473848227633866,877000.0,216061800.0,0.0,1,1956450.4008016032,2
86,0.0,0,1,55.00382247779278,895000.0,191107900.0,0.0,1,1924023.0460921843,2
61,400000.0,0,1,639.0169052513008,200000.0,1332000.0,400000.0,1,190240.48096192384,1
61,400000.0,0,1,688.1762831041667,200000.0,1331000.0,400000.0,1,190240.48096192384,1
61,400000.0,0,1,628.6243360351102,200000.0,1330000.0,400000.0,1,189159.56913827657,1
61,400000.0,0,1,643.753247841946,200000.0,1330000.0,400000.0,1,190240.48096192384,1
61,400000.0,0,1,629.4749251561321,200000.0,1330000.0,400000.0,1,190240.48096192384,1
59,58000.0,0,1,9903.440816914417,31000.0,39700.0,58000.0,1,28103.70741482966,2
59,58000.0,0,1,9306.855202612178,31000.0,39700.0,58000.0,1,24860.971943887776,2
59,58000.0,0,1,9494.586183099313,31000.0,39700.0,58000.0,1,27022.795591182366,2
59,58000.0,0,1,9375.772840119944,31000.0,39800.0,58000.0,1,24860.971943887776,2
59,58000.0,0,1,9377.050508252334,31000.0,39700.0,58000.0,1,25941.88376753507,2
83,0.0,0,1,7.331383193005602,14740000.0,664670000.0,0.0,1,38264278.55711423,1
83,0.0,0,1,7.3620767984549165,16430000.0,736876000.0,0.0,1,32524636.773547094,1
83,0.0,0,1,7.448248253348557,14820000.0,669440000.0,0.0,1,44760558.61723447,1
83,0.0,0,1,7.584971848658563,14880000.0,682681000.0,0.0,1,45138877.75551102,1
83,0.0,0,1,7.3721639070964216,14670000.0,708200000.0,0.0,1,37345503.50701403,1
67,0.0,0,2,3504.3167822586547,0.0,2200.0,0.0,1,32427.354709418836,2
67,0.0,0,2,3361.658026455698,0.0,2200.0,0.0,1,31346.442885771543,2
67,0.0,0,2,3376.2093201356975,0.0,2200.0,0.0,1,31346.442885771543,2
67,0.0,0,2,3529.861059394005,0.0,2200.0,0.0,1,32427.354709418836,2
67,0.0,0,2,3407.509117421248,0.0,2200.0,0.0,1,32427.354709418836,2
71,1100000.0,0,1,4189.45237981326,-400000.0,602350.0,1100000.0,1,332920.84168336674,1
71,1100000.0,0,1,4217.8106424429425,-400000.0,656100.0,1100000.0,1,334001.753507014,1
71,1100000.0,0,1,3819.7211496206755,-400000.0,662100.0,1100000.0,1,334001.753507014,1
71,1100000.0,0,1,3947.163937671799,-400000.0,747100.0,1100000.0,1,334001.753507014,1
71,1100000.0,0,1,4121.617816613461,-400000.0,654100.0,1100000.0,1,334001.753507014,1
38,0.0,0,2,2126.1444412050337,80000.0,338600.0,0.0,1,102686.62324649299,2
38,0.0,0,2,2118.4914177169335,80000.0,474000.0,0.0,1,99443.8877755511,2
38,0.0,0,2,2327.4680352073046,80000.0,448500.0,0.0,1,102686.62324649299,2
38,0.0,0,2,2172.0446918813445,80000.0,415500.0,0.0,1,101605.71142284569,2
38,0.0,0,2,2354.935011168012,80000.0,455500.0,0.0,1,99443.8877755511,2
75,1000.0,0,1,9772.537000876486,434000.0,1319100.0,0.0,0,140518.5370741483,1
75,1000.0,0,1,9804.631468650587,434000.0,1352300.0,0.0,0,143761.27254509018,1
75,1000.0,0,1,10562.188081835524,434000.0,1356500.0,0.0,0,143761.27254509018,1
75,1000.0,0,1,10066.178322214942,434000.0,1335900.0,0.0,0,143761.27254509018,1
75,1000.0,0,1,10724.523864042249,434000.0,1335300.0,0.0,0,147004.00801603205,1
62,0.0,0,1,53.00600986657639,1380000.0,68616900.0,0.0,1,11652229.458917836,1
62,0.0,0,1,53.31221847081125,1380000.0,66325700.0,0.0,1,11295528.557114229,1
62,0.0,0,1,53.7310000311637,1490000.0,66412300.0,0.0,1,10701027.054108217,1
62,0.0,0,1,54.93104411471268,1580000.0,68334500.0,0.0,1,12138639.779559119,1
62,0.0,0,1,53.50117786956504,1480000.0,71994600.0,0.0,1,11749511.523046093,1
36,0.0,0,1,5871.738022564352,0.0,657430.0,0.0,1,150246.74348697395,1
36,0.0,0,1,5867.72134630373,0.0,666020.0,0.0,1,151327.65531062125,1
36,0.0,0,1,6361.511498482358,0.0,658330.0,0.0,1,151327.65531062125,1
36,0.0,0,1,5998.986144426921,0.0,680030.0,0.0,1,151327.65531062125,1
36,0.0,0,1,6443.913619646167,0.0,669930.0,0.0,1,150246.74348697395,1
57,78000.0,0,1,11352.406849182727,62000.0,348790.0,78000.0,0,97282.06412825652,1
57,78000.0,0,1,10681.463940675767,62000.0,349390.0,78000.0,0,97282.06412825652,1
57,78000.0,0,1,11100.375979034266,62000.0,349880.0,78000.0,0,97282.06412825652,1
57,78000.0,0,1,10721.79470922713,62000.0,349080.0,78000.0,0,97282.06412825652,1
57,78000.0,0,1,10963.46028875417,62000.0,347160.0,78000.0,0,97282.06412825652,1
80,144000.0,0,1,18333.114136997505,256000.0,334800.0,144000.0,1,50802.855711422846,2
80,144000.0,0,1,17582.60552269465,256000.0,334800.0,144000.0,1,51883.76753507014,2
80,144000.0,0,1,17363.54084082041,256000.0,334700.0,144000.0,1,50802.855711422846,2
80,144000.0,0,1,17995.51183905527,256000.0,335700.0,144000.0,1,50802.855711422846,2
80,144000.0,0,1,17254.246519008917,256000.0,335800.0,144000.0,1,50802.855711422846,2
64,0.0,0,1,2040.1681585932351,350000.0,2138000.0,0.0,1,301574.3987975952,1
64,0.0,0,1,2082.492323824853,350000.0,2288000.0,0.0,1,301574.3987975952,1
64,0.0,0,1,1890.1465955857907,350000.0,2155000.0,0.0,1,301574.3987975952,1
64,0.0,0,1,1949.219526870073,350000.0,2397000.0,0.0,1,301574.3987975952,1
64,0.0,0,1,1981.2488530691237,350000.0,2111000.0,0.0,1,301574.3987975952,1
94,0.0,0,1,3900.2237182017752,747000.0,13557480.0,0.0,0,539375.0,2
94,0.0,0,1,4184.770280067742,660000.0,13844490.0,0.0,0,539375.0,2
94,0.0,0,1,4347.025471962676,688500.0,13172480.0,0.0,0,540455.9118236473,2
94,0.0,0,1,4178.636457927498,681000.0,12978490.0,0.0,0,539375.0,2
94,0.0,0,1,3993.09085455683,435000.0,11280480.0,0.0,0,539375.0,2
41,900000.0,0,1,2790.0507997875443,100000.0,3176500.0,900000.0,1,548022.2945891784,1
41,900000.0,0,1,3059.738235692521,100000.0,3284500.0,900000.0,1,548022.2945891784,1
41,901000.0,0,1,3317.267733101221,99000.0,6975500.0,901000.0,1,548022.2945891784,1
41,900000.0,0,1,2972.8246540973532,100000.0,3109500.0,900000.0,1,548022.2945891784,1
41,900000.0,0,1,2874.554193470386,100000.0,3764500.0,900000.0,1,548022.2945891784,1
57,0.0,0,1,9422.99580942231,250000.0,449100.0,0.0,1,104848.44689378758,1
57,0.0,0,1,9050.10889213967,250000.0,526800.0,0.0,1,102686.62324649299,1
57,0.0,0,1,9174.389126400765,250000.0,457400.0,0.0,1,101605.71142284569,1
57,0.0,0,1,6169.7323405793995,250000.0,559800.0,0.0,1,103767.53507014028,1
57,0.0,0,1,9084.179759068853,250000.0,447000.0,0.0,1,104848.44689378758,1
74,0.0,0,1,8451.160704061658,120000.0,157010.0,0.0,0,42155.561122244486,1
74,0.0,0,1,7950.007873805684,120000.0,157010.0,0.0,0,42155.561122244486,1
74,0.0,0,1,8119.754691167235,120000.0,157010.0,0.0,0,42155.561122244486,1
74,0.0,0,1,7966.314051083653,120000.0,156010.0,0.0,0,42155.561122244486,1
74,0.0,0,1,7961.203361038924,120000.0,156190.0,0.0,0,42155.561122244486,1
61,0.0,0,1,7018.719665631477,109000.0,350100.0,0.0,0,35994.36372745491,2
61,0.0,0,1,6650.427857847108,108000.0,348000.0,0.0,0,34913.45190380762,2
61,0.0,0,1,6776.6583599709065,108000.0,348100.0,0.0,0,35994.36372745491,2
61,0.0,0,1,6686.654520292906,108000.0,348100.0,0.0,0,35994.36372745491,2
61,0.0,0,1,6714.782400294671,109000.0,348200.0,0.0,0,34913.45190380762,2
63,600000.0,0,1,1917.2416413757778,300000.0,7056540.0,400000.0,1,1675413.3266533066,1
63,600000.0,0,1,2053.8312539951467,300000.0,7070280.0,400000.0,1,1675413.3266533066,1
63,600000.0,0,1,2136.065980299973,300000.0,6568110.0,400000.0,1,1675413.3266533066,1
63,600000.0,0,1,2051.1419319380066,300000.0,4967920.0,400000.0,1,1686222.4448897797,1
63,600000.0,0,1,1932.1647208473883,300000.0,4887810.0,400000.0,1,1675413.3266533066,1
56,89000.0,0,1,10809.215543728391,111000.0,167050.0,89000.0,1,129709.41883767534,1
56,89000.0,0,1,10381.47312042029,111000.0,166850.0,89000.0,1,129709.41883767534,1
56,89000.0,0,1,10524.03625714692,111000.0,166050.0,89000.0,1,129709.41883767534,1
56,89000.0,0,1,10619.526353189598,111000.0,166950.0,89000.0,1,129709.41883767534,1
56,89000.0,0,1,10808.611850082953,111000.0,168350.0,89000.0,1,129709.41883767534,1
70,0.0,0,1,56.79759668353707,1150000.0,104595400.0,0.0,0,6917835.671342686,1
70,0.0,0,1,56.017619809897006,1150000.0,106903400.0,0.0,0,6928644.789579159,1
70,0.0,0,1,56.32675546027125,1150000.0,98702400.0,0.0,0,6928644.789579159,1
70,0.0,0,1,57.555520201335284,1150000.0,106766200.0,0.0,0,6928644.789579159,1
70,0.0,0,1,57.31049146536715,1150000.0,101058300.0,0.0,0,6928644.789579159,1
54,0.0,0,2,6973.845141990731,0.0,52080.0,0.0,1,45398.29659318637,2
54,0.0,0,2,7101.647315276678,0.0,73530.0,0.0,1,45398.29659318637,2
54,0.0,0,2,7135.514240211565,0.0,73980.0,0.0,1,45398.29659318637,2
54,0.0,0,2,6986.070896618219,0.0,45180.0,0.0,1,45398.29659318637,2
54,0.0,0,2,7131.758992025718,0.0,122110.0,0.0,1,45398.29659318637,2
51,61000.0,0,1,2745.7864266067163,25000.0,-6500.0,61000.0,0,60531.0621242485,1
51,61000.0,0,1,2623.983039584463,25000.0,-6500.0,61000.0,0,77825.65130260521,1
51,61000.0,0,1,2679.7046009344062,25000.0,-7490.0,61000.0,0,65935.62124248497,1
51,61000.0,0,1,2676.8510700512606,25000.0,-6490.0,61000.0,0,63773.79759519038,1
51,61000.0,0,1,2639.9400994627767,25000.0,-7500.0,61000.0,0,78906.5631262525,1
47,125000.0,0,1,7485.621352632079,25000.0,355500.0,125000.0,1,44317.38476953908,2
47,125000.0,0,1,7153.547972695609,25000.0,354100.0,125000.0,1,44317.38476953908,2
47,125000.0,0,1,7175.558536038074,25000.0,355900.0,125000.0,1,44317.38476953908,2
47,125000.0,0,1,7243.936299757077,25000.0,355200.0,125000.0,1,44317.38476953908,2
47,125000.0,0,1,7073.887431912086,25000.0,356900.0,125000.0,1,44317.38476953908,2
51,262000.0,0,1,3472.247622925169,373000.0,1283720.0,262000.0,1,175107.71543086172,1
51,262000.0,0,1,3484.313803538427,373000.0,1284720.0,262000.0,1,176188.62725450902,1
51,262000.0,0,1,3747.2786739501635,373000.0,1285720.0,262000.0,1,176188.62725450902,1
51,262000.0,0,1,3579.229427953346,373000.0,1285710.0,262000.0,1,176188.62725450902,1
51,262000.0,0,1,3803.336605851732,373000.0,1282520.0,262000.0,1,176188.62725450902,1
32,0.0,0,2,2827.5119446238537,0.0,-34250.0,0.0,1,59450.1503006012,2
32,0.0,0,2,2783.018532490997,0.0,-28950.0,0.0,1,59450.1503006012,2
32,0.0,0,2,2819.004479755343,0.0,-34600.0,0.0,1,59450.1503006012,2
32,0.0,0,2,2837.2228620673363,0.0,-34640.0,0.0,1,59450.1503006012,2
32,0.0,0,2,2819.412474004835,0.0,-34140.0,0.0,1,59450.1503006012,2
70,200000.0,0,1,14684.596272938448,50000.0,106800.0,200000.0,0,63773.79759519038,1
70,200000.0,0,1,13632.877791517656,50000.0,100400.0,200000.0,0,71340.18036072144,1
70,200000.0,0,1,14067.769085922037,50000.0,102800.0,200000.0,0,73502.00400801603,1
70,200000.0,0,1,13991.7449298385,50000.0,105000.0,200000.0,0,55126.503006012026,1
70,200000.0,0,1,13749.233993537095,50000.0,161900.0,200000.0,0,56207.41482965932,1
48,0.0,0,1,3605.667299633038,200000.0,215900.0,0.0,1,24860.971943887776,1
48,0.0,0,1,3354.907151078526,200000.0,222900.0,0.0,1,24860.971943887776,1
48,0.0,0,1,3417.5880737159723,200000.0,266000.0,0.0,1,24860.971943887776,1
48,0.0,0,1,3467.4694261447066,200000.0,239200.0,0.0,1,24860.971943887776,1
48,0.0,0,1,3360.8366188055284,200000.0,198900.0,0.0,1,24860.971943887776,1
75,0.0,0,1,44.198604353663924,8740000.0,793665000.0,0.0,1,49681950.1503006,1
75,0.0,0,1,44.67932087300996,9000000.0,809434000.0,0.0,1,49356595.691382766,1
75,0.0,0,1,45.134091696578324,8800000.0,800779000.0,0.0,1,49465767.78557114,1
75,0.0,0,1,46.072631602276196,8870000.0,755385000.0,0.0,1,49554402.55511022,1
75,0.0,0,1,44.47358346540138,7150000.0,758621000.0,0.0,1,49598719.93987976,1
63,0.0,0,2,5607.450442107029,0.0,8200.0,0.0,1,22699.148296593186,2
63,0.0,0,2,5459.088414043153,0.0,8800.0,0.0,1,22699.148296593186,2
63,0.0,0,2,5573.7096067751645,0.0,15800.0,0.0,1,21618.236472945893,2
63,0.0,0,2,5511.203634108498,0.0,9600.0,0.0,1,22699.148296593186,2
63,0.0,0,2,5486.145604327184,0.0,7800.0,0.0,1,22699.148296593186,2
80,48000.0,0,1,16896.002637707883,202000.0,252200.0,48000.0,0,60531.0621242485,2
80,48000.0,0,1,15986.66381616141,202000.0,252200.0,48000.0,0,60531.0621242485,2
80,48000.0,0,1,15869.219077191461,202000.0,252200.0,48000.0,0,60531.0621242485,2
80,48000.0,0,1,16305.095490438145,202000.0,252200.0,48000.0,0,60531.0621242485,2
80,48000.0,0,1,15780.51056779116,202000.0,252200.0,48000.0,0,60531.0621242485,2
51,0.0,0,2,15829.424810364784,186000.0,226000.0,0.0,0,22699.148296593186,2
51,0.0,0,2,15233.800453507376,163000.0,203000.0,0.0,0,23780.06012024048,2
51,0.0,0,2,15254.33414810964,225000.0,265000.0,0.0,0,22699.148296593186,2
51,0.0,0,2,15566.60974543192,124000.0,164000.0,0.0,0,23780.06012024048,2
51,0.0,0,2,15076.71756820518,199000.0,239000.0,0.0,0,23780.06012024048,2
77,260000.0,0,1,9282.260673039627,310000.0,1122000.0,260000.0,0,314545.3406813627,1
77,260000.0,0,1,9313.867248018725,310000.0,1149000.0,260000.0,0,313464.42885771545,1
77,260000.0,0,1,10031.216870173517,310000.0,1110000.0,260000.0,0,314545.3406813627,1
77,260000.0,0,1,9565.284810199919,310000.0,1138000.0,260000.0,0,314545.3406813627,1
77,260000.0,0,1,10186.943208542525,310000.0,1135000.0,260000.0,0,314545.3406813627,1
34,480000.0,0,1,1457.7975298699052,720000.0,2777400.0,480000.0,1,349134.51903807616,1
34,480000.0,0,1,1587.0252818290016,720000.0,2778400.0,480000.0,1,349134.51903807616,1
34,480000.0,0,1,1725.447754585266,720000.0,2777400.0,480000.0,1,349134.51903807616,1
34,480000.0,0,1,1528.9681143146267,720000.0,2777400.0,480000.0,1,349134.51903807616,1
34,480000.0,0,1,1490.946579879586,720000.0,2777400.0,480000.0,1,349134.51903807616,1
70,0.0,0,2,2863.8999956149046,2400000.0,3209000.0,0.0,0,149165.83166332665,2
70,0.0,0,2,3139.321788337179,2400000.0,3208000.0,0.0,0,155651.30260521043,2
70,0.0,0,2,3405.5677601018424,2400000.0,3209000.0,0.0,0,153489.47895791582,2
70,0.0,0,2,3049.85158965859,2400000.0,3209000.0,0.0,0,149165.83166332665,2
70,0.0,0,2,2950.248429216762,2400000.0,3208000.0,0.0,0,149165.83166332665,2
78,0.0,0,1,3445.837477847309,1100000.0,4801300.0,0.0,0,215101.45290581163,1
78,0.0,0,1,3625.7820171169615,1100000.0,5206100.0,0.0,0,211858.71743486973,1
78,0.0,0,1,3779.2708784669167,1100000.0,4294000.0,0.0,0,217263.2765531062,1
78,0.0,0,1,3635.364137279999,1100000.0,4481000.0,0.0,0,214020.54108216433,1
78,0.0,0,1,3487.854539489495,1100000.0,5210000.0,0.0,0,210777.80561122246,1
41,0.0,0,1,4590.429203875063,0.0,42040.0,0.0,1,127547.59519038076,1
41,0.0,0,1,4490.869580217222,0.0,47905.0,0.0,1,127547.59519038076,1
41,0.0,0,1,4523.926471712753,0.0,33301.0,0.0,1,128628.50701402806,1
41,0.0,0,1,4522.572895089792,0.0,49780.0,0.0,1,128628.50701402806,1
41,0.0,0,1,4471.307261441713,0.0,53245.0,0.0,1,128628.50701402806,1
70,0.0,0,1,8114.018320697176,220000.0,804800.0,0.0,0,62692.885771543086,1
70,0.0,0,1,8141.156478762251,220000.0,707000.0,0.0,0,62692.885771543086,1
70,0.0,0,1,8767.189008705192,220000.0,756900.0,0.0,0,61611.9739478958,1
70,0.0,0,1,8356.134507364282,220000.0,694700.0,0.0,0,62692.885771543086,1
70,0.0,0,1,8900.622930734298,220000.0,752000.0,0.0,0,62692.885771543086,1
73,0.0,0,2,12489.281749926886,1500000.0,2315900.0,0.0,0,48641.03206412826,2
73,0.0,0,2,15222.86299863659,1500000.0,2009600.0,0.0,0,57288.32665330661,2
73,0.0,0,2,10296.941343485509,1500000.0,2256600.0,0.0,0,54045.59118236473,2
73,0.0,0,2,13056.377149239639,1500000.0,2319800.0,0.0,0,37831.91382765531,2
73,0.0,0,2,11356.17180202316,1500000.0,2672100.0,0.0,0,48641.03206412826,2
76,0.0,0,1,54.71947365295979,735000.0,219294100.0,0.0,1,6088776.302605211,1
76,0.0,0,1,55.03558070749784,756000.0,221465400.0,0.0,1,6229294.8396793585,1
76,0.0,0,1,55.46789973350515,838000.0,217766800.0,0.0,1,6209838.426853707,1
76,0.0,0,1,56.706736249919764,738000.0,217808000.0,0.0,1,6186058.366733467,1
76,0.0,0,1,55.23064837751514,734000.0,213717600.0,0.0,1,6218485.721442886,1
69,4420000.0,0,1,54.74268303722347,7580000.0,79328720.0,4420000.0,1,35518762.5250501,1
69,4610000.0,0,1,54.952460754416926,7570000.0,78905810.0,4610000.0,1,35432289.57915831,1
69,4470000.0,0,1,55.257324567432,6550000.0,80033000.0,4470000.0,1,35670090.18036072,1
69,4750000.0,0,1,56.45927383844323,6990000.0,78574450.0,4750000.0,1,35540380.761523046,1
69,4940000.0,0,1,55.22205916651188,5860000.0,76907600.0,4940000.0,1,35475526.052104205,1
65,0.0,0,2,8273.930108625378,0.0,4300.0,0.0,1,45398.29659318637,2
65,0.0,0,2,8085.07391654579,0.0,3950.0,0.0,1,44317.38476953908,2
65,0.0,0,2,7899.9469216894095,0.0,3900.0,0.0,1,49721.94388777555,2
65,0.0,0,2,8297.51812417338,0.0,3900.0,0.0,1,49721.94388777555,2
65,0.0,0,2,8015.395240689724,0.0,3900.0,0.0,1,49721.94388777555,2
32,0.0,0,2,15496.821834605242,0.0,-58780.0,0.0,1,48641.03206412826,2
32,0.0,0,2,15063.900817835642,0.0,-60780.0,0.0,1,48641.03206412826,2
32,0.0,0,2,15329.36018763337,0.0,-59780.0,0.0,1,48641.03206412826,2
32,0.0,0,2,15262.035339763814,0.0,-58780.0,0.0,1,48641.03206412826,2
32,0.0,0,2,15154.160766848863,0.0,-58780.0,0.0,1,48641.03206412826,2
70,0.0,0,2,2370.301223452706,108000.0,229980.0,0.0,1,30265.53106212425,2
70,0.0,0,2,2258.739452359715,108000.0,229980.0,0.0,1,30265.53106212425,2
70,0.0,0,2,2292.3441582207506,108000.0,229650.0,0.0,1,30265.53106212425,2
70,0.0,0,2,2270.047697531945,108000.0,229750.0,0.0,1,30265.53106212425,2
70,0.0,0,2,2244.656276167485,108000.0,229900.0,0.0,1,30265.53106212425,2
76,0.0,0,1,53.04405656812561,4330000.0,170329000.0,0.0,1,2525010.02004008,1
76,0.0,0,1,53.247325032149845,5030000.0,173898500.0,0.0,1,2600673.8476953907,1
76,0.0,0,1,53.54272913815886,4350000.0,164836000.0,0.0,1,2503391.7835671343,1
76,0.0,0,1,54.707382779270745,4330000.0,162335800.0,0.0,1,2499068.136272545,1
76,0.0,0,1,53.508557997514686,4880000.0,160135500.0,0.0,1,2543385.5210420843,1
63,225000.0,0,2,12550.448806275443,100000.0,196800.0,225000.0,1,86472.94589178357,2
63,225000.0,0,2,11969.477835665573,100000.0,227200.0,225000.0,1,86472.94589178357,2
63,225000.0,0,2,12374.83628494772,100000.0,217200.0,225000.0,1,87553.85771543086,2
63,225000.0,0,2,12056.670176288726,100000.0,212200.0,225000.0,1,86472.94589178357,2
63,225000.0,0,2,12213.542052666151,100000.0,221800.0,225000.0,1,86472.94589178357,2
50,336000.0,0,1,13270.593404548024,467000.0,690550.0,336000.0,1,190240.48096192384,1
50,269000.0,0,1,15222.86299863659,841000.0,1411040.0,269000.0,1,195645.0400801603,1
50,269000.0,0,1,15087.66631696092,387000.0,611700.0,269000.0,1,207535.07014028056,1
50,299000.0,0,1,13731.080098863324,303000.0,559390.0,299000.0,1,190240.48096192384,1
50,268000.0,0,1,15323.510657882365,455000.0,1004960.0,268000.0,1,229153.30661322645,1
68,0.0,0,1,5466.927153304015,0.0,1400.0,0.0,0,20537.324649298596,2
68,0.0,0,1,5446.681761040329,0.0,2200.0,0.0,0,20537.324649298596,2
68,0.0,0,1,5475.272871743184,0.0,1300.0,0.0,0,21618.236472945893,2
68,0.0,0,1,5426.28053152086,0.0,1100.0,0.0,0,19456.412825651303,2
68,0.0,0,1,5466.638953326519,0.0,1100.0,0.0,0,19456.412825651303,2
49,150000.0,0,1,4747.467065027522,300000.0,333980.0,150000.0,1,71340.18036072144,1
49,150000.0,0,1,4536.86231224151,300000.0,333960.0,150000.0,1,86472.94589178357,1
49,150000.0,0,1,4550.821664395264,300000.0,333950.0,150000.0,1,89715.68136272545,1
49,150000.0,0,1,4594.187627746066,300000.0,333030.0,150000.0,1,82149.29859719439,1
49,150000.0,0,1,4486.3406820472355,300000.0,334020.0,150000.0,1,71340.18036072144,1
44,0.0,0,1,3126.093744778043,0.0,-1290.0,0.0,1,22699.148296593186,1
44,0.0,0,1,3123.3310833320475,0.0,-1290.0,0.0,1,25941.88376753507,1
44,0.0,0,1,3132.980032138717,0.0,-1290.0,0.0,1,24860.971943887776,1
44,0.0,0,1,3119.6201588751146,0.0,-1290.0,0.0,1,20537.324649298596,1
44,0.0,0,1,3131.391235849274,0.0,-1290.0,0.0,1,27022.795591182366,1
65,44200.0,0,1,863.2137518785026,1138800.0,38117000.0,44200.0,1,737181.8637274549,1
65,44200.0,0,1,872.3795971623018,1138800.0,38250000.0,44200.0,1,737181.8637274549,1
65,44300.0,0,1,867.2767007190645,1138700.0,38260700.0,44300.0,1,736100.9519038076,1
65,44300.0,0,1,877.2663611693997,1139700.0,38257000.0,44300.0,1,737181.8637274549,1
65,44300.0,0,1,877.2184343319088,1139700.0,38173000.0,44300.0,1,737181.8637274549,1
63,0.0,0,1,7480.234375760481,260000.0,1279670.0,0.0,1,221586.9238476954,1
63,0.0,0,1,7451.115813179206,260000.0,1532500.0,0.0,1,183755.0100200401,1
63,0.0,0,1,8040.776018648913,260000.0,1614400.0,0.0,1,123223.9478957916,1
63,0.0,0,1,7346.7213501191245,260000.0,1646400.0,0.0,1,221586.9238476954,1
63,0.0,0,1,6669.6800013438315,260000.0,1809170.0,0.0,1,137275.8016032064,1
48,0.0,0,1,13270.593404548024,50000.0,835700.0,0.0,1,43236.47294589179,2
48,0.0,0,1,13916.530515290444,50000.0,830300.0,0.0,1,43236.47294589179,2
48,0.0,0,1,15087.66631696092,50000.0,831700.0,0.0,1,43236.47294589179,2
48,0.0,0,1,13731.080098863324,50000.0,837700.0,0.0,1,43236.47294589179,2
48,0.0,0,1,15323.510657882365,50000.0,828500.0,0.0,1,43236.47294589179,2
64,0.0,0,1,2472.4027801328575,100000.0,104770.0,0.0,0,11890.03006012024,2
64,0.0,0,1,2582.014499013666,100000.0,109350.0,0.0,0,11890.03006012024,2
64,0.0,0,1,2466.142896697207,100000.0,105250.0,0.0,0,11890.03006012024,2
64,0.0,0,1,2472.816158248862,100000.0,105880.0,0.0,0,11890.03006012024,2
64,0.0,0,1,2465.628379193354,100000.0,106300.0,0.0,0,11890.03006012024,2
43,0.0,0,2,9194.290680912443,0.0,4700.0,0.0,1,31346.442885771543,2
43,0.0,0,2,8970.491095520618,0.0,10250.0,0.0,1,31346.442885771543,2
43,0.0,0,2,9057.311290566284,0.0,9310.0,0.0,1,31346.442885771543,2
43,0.0,0,2,9002.730975383525,0.0,6960.0,0.0,1,31346.442885771543,2
43,0.0,0,2,8936.940493366852,0.0,10250.0,0.0,1,31346.442885771543,2
72,0.0,0,1,12927.051157272896,0.0,-65230.0,0.0,0,54045.59118236473,2
72,0.0,0,1,12958.36258295699,0.0,-65420.0,0.0,0,54045.59118236473,2
72,0.0,0,1,13027.76022271675,0.0,-58620.0,0.0,0,54045.59118236473,2
72,0.0,0,1,12809.532586534804,0.0,-64920.0,0.0,0,54045.59118236473,2
72,0.0,0,1,12847.319872079072,0.0,-60020.0,0.0,0,54045.59118236473,2
43,158000.0,0,1,14551.289752162062,160000.0,166100.0,158000.0,1,125385.77154308617,1
43,158000.0,0,1,13846.98928191454,160000.0,167100.0,158000.0,1,125385.77154308617,1
43,158000.0,0,1,13852.981508519795,160000.0,167100.0,158000.0,1,125385.77154308617,1
43,158000.0,0,1,14250.98664305571,160000.0,167100.0,158000.0,1,125385.77154308617,1
43,158000.0,0,1,13720.063330979281,160000.0,167100.0,158000.0,1,125385.77154308617,1
34,0.0,0,2,9153.359412488968,0.0,-63000.0,0.0,1,108091.18236472947,2
34,0.0,0,2,9081.78010661052,0.0,-96900.0,0.0,1,108091.18236472947,2
34,0.0,0,2,9174.096204414122,0.0,-100300.0,0.0,1,108091.18236472947,2
34,0.0,0,2,9357.912695584102,0.0,-102200.0,0.0,1,108091.18236472947,2
34,0.0,0,2,9198.660498441099,0.0,-73000.0,0.0,1,108091.18236472947,2
58,96000.0,0,1,2220.45458343417,204000.0,457510.0,96000.0,1,85392.03406813627,1
58,96000.0,0,1,2227.5728231690155,204000.0,457510.0,96000.0,1,85392.03406813627,1
58,96000.0,0,1,2395.7948858861987,204000.0,457410.0,96000.0,1,85392.03406813627,1
58,96000.0,0,1,2286.297849256139,204000.0,456410.0,96000.0,1,85392.03406813627,1
58,96000.0,0,1,2430.7942239652757,204000.0,456510.0,96000.0,1,85392.03406813627,1
63,0.0,0,1,14152.538843819711,28000.0,85600.0,0.0,1,41074.64929859719,1
63,0.0,0,1,13481.068603879985,28000.0,67650.0,0.0,1,41074.64929859719,1
63,0.0,0,1,13682.162670593196,28000.0,82400.0,0.0,1,41074.64929859719,1
63,0.0,0,1,13628.369659171532,28000.0,88000.0,0.0,1,41074.64929859719,1
63,0.0,0,1,13503.21476213295,28000.0,77600.0,0.0,1,41074.64929859719,1
60,200000.0,0,1,11629.169731599362,120000.0,273170.0,200000.0,0,65935.62124248497,2
60,200000.0,0,1,11168.980070107991,120000.0,258160.0,200000.0,0,65935.62124248497,2
60,200000.0,0,1,11322.357612424206,120000.0,192160.0,200000.0,0,65935.62124248497,2
60,200000.0,0,1,11269.075307028435,120000.0,273170.0,200000.0,0,65935.62124248497,2
60,200000.0,0,1,11211.027833094995,120000.0,324160.0,200000.0,0,65935.62124248497,2
49,570000.0,0,1,3484.5579375404077,410000.0,970000.0,510000.0,1,248609.71943887774,1
49,570000.0,0,1,4075.839996242294,410000.0,971000.0,510000.0,1,248609.71943887774,1
49,570000.0,0,1,2924.55168204128,410000.0,970000.0,510000.0,1,248609.71943887774,1
49,570000.0,0,1,3469.778606433317,410000.0,971000.0,510000.0,1,248609.71943887774,1
49,570000.0,0,1,3146.5829593196922,410000.0,970000.0,510000.0,1,248609.71943887774,1
57,600000.0,0,1,2750.9123513818313,1100000.0,3123000.0,600000.0,1,258337.9258517034,1
57,600000.0,0,1,2995.4750726335888,1100000.0,2874800.0,600000.0,1,189159.56913827657,1
57,600000.0,0,1,3253.698260562405,1100000.0,3282500.0,600000.0,1,308059.869739479,1
57,600000.0,0,1,2884.7682354482304,1100000.0,2660000.0,600000.0,1,372914.57915831666,1
57,600000.0,0,1,2812.0777839132793,1100000.0,6014300.0,600000.0,1,416151.05210420844,1
41,0.0,0,2,2879.004374882192,0.0,-2499.0,0.0,1,24860.971943887776,2
41,0.0,0,2,2851.9132858712737,0.0,-499.0,0.0,1,24860.971943887776,2
41,0.0,0,2,2859.6606386225894,0.0,-499.0,0.0,1,24860.971943887776,2
41,0.0,0,2,2889.9730589566775,0.0,-1499.0,0.0,1,24860.971943887776,2
41,0.0,0,2,2859.489224441522,0.0,-499.0,0.0,1,24860.971943887776,2
40,0.0,0,2,4022.365120669908,0.0,89320.0,0.0,1,54045.59118236473,1
40,0.0,0,2,4114.059533478696,0.0,89430.0,0.0,1,54045.59118236473,1
40,0.0,0,2,3992.734624482324,0.0,89330.0,0.0,1,54045.59118236473,1
40,0.0,0,2,4088.8732846570565,0.0,89430.0,0.0,1,54045.59118236473,1
40,0.0,0,2,4010.7882189800234,0.0,89430.0,0.0,1,54045.59118236473,1
67,0.0,0,1,1612.6754984727477,0.0,3361000.0,0.0,0,50802.855711422846,2
67,0.0,0,1,1759.927875580351,0.0,3354900.0,0.0,0,50802.855711422846,2
67,0.0,0,1,1920.8467533804155,0.0,3354100.0,0.0,0,50802.855711422846,2
67,0.0,0,1,1703.3730278590822,0.0,3352800.0,0.0,0,50802.855711422846,2
67,0.0,0,1,1661.8066180612473,0.0,3358000.0,0.0,0,50802.855711422846,2
63,172000.0,0,2,6989.63830395556,155000.0,145130.0,172000.0,1,41074.64929859719,2
63,172000.0,0,2,6666.072303015664,155000.0,-24970.0,172000.0,1,45700.95190380762,2
63,172000.0,0,2,6769.281841193729,155000.0,101130.0,172000.0,1,39993.7374749499,2
63,172000.0,0,2,6665.183928433151,155000.0,129280.0,172000.0,1,39993.7374749499,2
63,172000.0,0,2,6685.594755615724,155000.0,153420.0,172000.0,1,41074.64929859719,2
33,113000.0,0,1,10195.07933820777,87000.0,220910.0,83000.0,1,103767.53507014028,1
33,113000.0,0,1,10286.043049302769,87000.0,221920.0,83000.0,1,103767.53507014028,1
33,113000.0,0,1,10021.980523556776,87000.0,222820.0,83000.0,1,103767.53507014028,1
33,113000.0,0,1,10187.270594568728,87000.0,222820.0,83000.0,1,103767.53507014028,1
33,113000.0,0,1,10034.464944235968,87000.0,221920.0,83000.0,1,103767.53507014028,1
68,0.0,0,2,17906.169507418927,0.0,3530.0,0.0,0,21618.236472945893,2
68,0.0,0,2,17735.68451076628,0.0,4680.0,0.0,0,22699.148296593186,2
68,0.0,0,2,17240.32626345628,0.0,1000.0,0.0,0,21618.236472945893,2
68,0.0,0,2,18265.33477395165,0.0,4470.0,0.0,0,21618.236472945893,2
68,0.0,0,2,17479.880546774704,0.0,3770.0,0.0,0,21618.236472945893,2
58,0.0,0,1,1733.7695084775696,950000.0,5664000.0,0.0,1,346972.69539078156,1
58,0.0,0,1,1843.7855469654176,950000.0,6365000.0,0.0,1,346972.69539078156,1
58,0.0,0,1,1918.9866952601428,950000.0,6367000.0,0.0,1,346972.69539078156,1
58,0.0,0,1,1843.6382090157263,950000.0,6365000.0,0.0,1,346972.69539078156,1
58,0.0,0,1,1745.1022245387976,950000.0,6367000.0,0.0,1,348053.60721442883,1
50,200000.0,0,1,1008.5443643870458,600000.0,640300.0,200000.0,1,54045.59118236473,2
50,200000.0,0,1,1005.5734726221004,600000.0,661300.0,200000.0,1,54045.59118236473,2
50,200000.0,0,1,1084.627913036834,600000.0,654300.0,200000.0,1,54045.59118236473,2
50,200000.0,0,1,1024.2121507242414,600000.0,648300.0,200000.0,1,54045.59118236473,2
50,200000.0,0,1,1098.6931864124522,600000.0,644400.0,200000.0,1,54045.59118236473,2
54,0.0,0,1,8133.178795075182,490000.0,1262010.0,0.0,1,134033.06613226453,1
54,0.0,0,1,8159.811779477391,496000.0,1328960.0,0.0,1,250771.54308617234,1
54,0.0,0,1,8791.99881553085,448000.0,1402550.0,0.0,1,136194.8897795591,1
54,0.0,0,1,8123.101953301169,302000.0,1634850.0,0.0,1,134033.06613226453,1
54,0.0,0,1,8926.34998172956,298000.0,965110.0,0.0,1,124304.85971943887,1
49,793000.0,0,1,12489.281749926886,507000.0,1421100.0,793000.0,1,310221.6933867735,1
49,793000.0,0,1,15222.86299863659,507000.0,1431400.0,793000.0,1,310221.6933867735,1
49,794000.0,0,1,10296.941343485509,506000.0,1416000.0,794000.0,1,309140.78156312625,1
49,794000.0,0,1,13056.377149239639,506000.0,1429100.0,794000.0,1,310221.6933867735,1
49,793000.0,0,1,11356.17180202316,507000.0,1445000.0,793000.0,1,310221.6933867735,1
44,293000.0,0,1,973.8642110791859,607000.0,1473100.0,293000.0,1,220506.0120240481,1
44,293000.0,0,1,1139.1436440613734,607000.0,1476100.0,293000.0,1,220506.0120240481,1
44,293000.0,0,1,817.388159753162,607000.0,1465000.0,293000.0,1,220506.0120240481,1
44,293000.0,0,1,969.2068957514464,607000.0,1508100.0,293000.0,1,220506.0120240481,1
44,293000.0,0,1,879.1386849706444,607000.0,1488100.0,293000.0,1,220506.0120240481,1
41,724000.0,0,1,11609.278479326866,151000.0,1488600.0,724000.0,1,336163.5771543086,1
41,724000.0,0,1,13578.261199065397,151000.0,1246600.0,724000.0,1,337244.4889779559,1
41,724000.0,0,1,9739.579103011802,151000.0,1017600.0,724000.0,1,337244.4889779559,1
41,724000.0,0,1,11550.454966283196,151000.0,937600.0,724000.0,1,336163.5771543086,1
41,724000.0,0,1,10477.672474150615,151000.0,939600.0,724000.0,1,337244.4889779559,1
57,0.0,0,2,12489.281749926886,700000.0,1877000.0,0.0,1,214020.54108216433,2
57,0.0,0,2,15222.86299863659,700000.0,1864000.0,0.0,1,212939.62925851703,2
57,0.0,0,2,10296.941343485509,700000.0,1850200.0,0.0,1,214020.54108216433,2
57,0.0,0,2,13056.377149239639,700000.0,1863000.0,0.0,1,214020.54108216433,2
57,0.0,0,2,11356.17180202316,700000.0,1860000.0,0.0,1,212939.62925851703,2
53,1200000.0,0,1,6208.208520524679,600000.0,5873600.0,1200000.0,1,1044160.8216432867,1
53,1200000.0,0,1,6666.006180659648,600000.0,5873600.0,1200000.0,1,1044160.8216432867,1
53,1200000.0,0,1,6868.68128330684,600000.0,5874600.0,1200000.0,1,1044160.8216432867,1
53,1200000.0,0,1,6617.839061684479,600000.0,5873600.0,1200000.0,1,1044160.8216432867,1
53,1200000.0,0,1,6345.841939080908,600000.0,5872600.0,1200000.0,1,1044160.8216432867,1
21,0.0,0,1,6369.969726541176,0.0,5000.0,0.0,1,44317.38476953908,1
21,0.0,0,1,6279.90125748676,0.0,5930.0,0.0,1,44317.38476953908,1
21,0.0,0,1,6335.043005866565,0.0,6750.0,0.0,1,45398.29659318637,1
21,0.0,0,1,6329.461658896948,0.0,6250.0,0.0,1,45398.29659318637,1
21,0.0,0,1,6266.767456240825,0.0,6000.0,0.0,1,45398.29659318637,1
37,0.0,0,1,3388.8279432148183,0.0,0.0,0.0,0,16213.677354709418,2
37,0.0,0,1,3387.821554343648,0.0,0.0,0.0,0,16213.677354709418,2
37,0.0,0,1,3395.5929274294976,0.0,0.0,0.0,0,16213.677354709418,2
37,0.0,0,1,3383.908727510449,0.0,0.0,0.0,0,16213.677354709418,2
37,0.0,0,1,3395.0426912539724,0.0,0.0,0.0,0,16213.677354709418,2
68,0.0,0,1,6728.157837755512,80000.0,173700.0,0.0,0,48641.03206412826,1
68,0.0,0,1,6288.3922583547155,80000.0,173800.0,0.0,0,48641.03206412826,1
68,0.0,0,1,6299.723852586895,80000.0,172800.0,0.0,0,48641.03206412826,1
68,0.0,0,1,6558.27757649763,80000.0,172700.0,0.0,0,48641.03206412826,1
68,0.0,0,1,6322.076644362906,80000.0,172700.0,0.0,0,48641.03206412826,1
65,1960000.0,0,1,53.3814605472101,4800000.0,201756000.0,1960000.0,1,7620428.356713427,1
65,2230000.0,0,1,53.689838079631876,4530000.0,216753000.0,2230000.0,1,7890656.312625251,1
65,1940000.0,0,1,54.11158594177287,4820000.0,219025000.0,1940000.0,1,6744889.779559119,1
65,2070000.0,0,1,55.32013014387621,4690000.0,228509000.0,2070000.0,1,7977129.258517035,1
65,1850000.0,0,1,53.88013591029276,4900000.0,220510000.0,1850000.0,1,7004308.617234469,1
78,0.0,0,1,52.670978968938094,3110000.0,311948000.0,0.0,1,583692.3847695391,1
78,0.0,0,1,52.872817774006094,3060000.0,330715000.0,0.0,1,603148.7975951903,1
78,0.0,0,1,53.16614419852183,3260000.0,289620000.0,0.0,1,562074.1482965932,1
78,0.0,0,1,54.322606418908705,3130000.0,357613000.0,0.0,1,597744.2384769539,1
78,0.0,0,1,53.1322133955882,3100000.0,311884000.0,0.0,1,674488.9779559118,1
40,200000.0,0,1,8683.833233967034,200000.0,291800.0,200000.0,1,152408.56713426852,1
40,200000.0,0,1,8373.1912288016,200000.0,291800.0,200000.0,1,152408.56713426852,1
40,200000.0,0,1,8291.184299537399,200000.0,291900.0,200000.0,1,152408.56713426852,1
40,200000.0,0,1,8413.682388665551,200000.0,292900.0,200000.0,1,152408.56713426852,1
40,200000.0,0,1,8237.813721645918,200000.0,291500.0,200000.0,1,152408.56713426852,1
42,1680000.0,0,1,2845.4532043390764,1260000.0,9246900.0,1680000.0,1,1740268.0360721443,1
42,1510000.0,0,1,3021.3654245884377,1640000.0,9913000.0,1510000.0,1,2053732.4649298596,1
42,1480000.0,0,1,3122.3201635336386,1270000.0,9258900.0,1480000.0,1,1934832.1643286573,1
42,1690000.0,0,1,3003.872743824539,1190000.0,10167000.0,1690000.0,1,1880786.5731462925,1
42,1630000.0,0,1,2868.24917336859,1440000.0,9011400.0,1630000.0,1,1999686.8737474948,1
61,120000.0,0,1,238.56190110706316,180000.0,457000.0,120000.0,0,299412.5751503006,1
61,120000.0,0,1,247.85058070660557,180000.0,461500.0,120000.0,0,299412.5751503006,1
61,120000.0,0,1,255.1647448681265,180000.0,456500.0,120000.0,0,299412.5751503006,1
61,120000.0,0,1,254.96779480629075,180000.0,459500.0,120000.0,0,299412.5751503006,1
61,120000.0,0,1,255.87834394758033,180000.0,457700.0,120000.0,0,299412.5751503006,1
42,0.0,0,1,7297.294815226358,63000.0,82330.0,0.0,1,56207.41482965932,2
42,0.0,0,1,7404.155121551749,63000.0,82460.0,0.0,1,56207.41482965932,2
42,0.0,0,1,7327.345631807034,63000.0,81790.0,0.0,1,56207.41482965932,2
42,0.0,0,1,7325.831083749552,62000.0,82100.0,0.0,1,56207.41482965932,2
42,0.0,0,1,7332.734944506951,62000.0,82790.0,0.0,1,56207.41482965932,2
54,295000.0,0,1,7150.56662440763,205000.0,872500.0,295000.0,0,191321.39278557114,1
54,295000.0,0,1,7128.654350400486,205000.0,873500.0,295000.0,0,216182.36472945893,1
54,295000.0,0,1,7830.062943240528,205000.0,872500.0,295000.0,0,199968.6873747495,1
54,295000.0,0,1,7312.38776543638,205000.0,872500.0,295000.0,0,192402.30460921844,1
54,295000.0,0,1,7925.003879938173,205000.0,873500.0,295000.0,0,216182.36472945893,1
37,955000.0,0,1,3723.7170512761304,245000.0,4520000.0,955000.0,1,248609.71943887774,1
37,955000.0,0,1,3755.87613910273,245000.0,4655400.0,955000.0,1,269147.04408817634,1
37,955000.0,0,1,3903.912567307153,245000.0,4765900.0,955000.0,1,250771.54308617234,1
37,955000.0,0,1,3749.519903854557,245000.0,4485300.0,955000.0,1,248609.71943887774,1
37,955000.0,0,1,3748.3030869139557,245000.0,4852100.0,955000.0,1,254014.27855711424,1
29,0.0,0,2,2396.2625775031584,0.0,19000.0,0.0,1,30265.53106212425,2
29,0.0,0,2,2435.2365076392607,0.0,19000.0,0.0,1,30265.53106212425,2
29,0.0,0,2,2387.495195073369,0.0,19000.0,0.0,1,30265.53106212425,2
29,0.0,0,2,2434.9727214828586,0.0,18900.0,0.0,1,31346.442885771543,2
29,0.0,0,2,2398.7814130780107,0.0,19000.0,0.0,1,30265.53106212425,2
47,158000.0,0,1,5277.425203444865,192000.0,1380600.0,158000.0,1,206454.15831663326,1
47,158000.0,0,1,6211.4435688273425,192000.0,1423600.0,158000.0,1,206454.15831663326,1
47,158000.0,0,1,4452.205775885407,192000.0,1426500.0,158000.0,1,206454.15831663326,1
47,158000.0,0,1,5333.076596910591,192000.0,1291600.0,158000.0,1,206454.15831663326,1
47,158000.0,0,1,5860.434653789973,192000.0,1120600.0,158000.0,1,205373.24649298599,1
74,0.0,0,1,2322.212190075238,320000.0,326000.0,0.0,0,27022.795591182366,1
74,0.0,0,1,2183.1892323289508,320000.0,327500.0,0.0,0,27022.795591182366,1
74,0.0,0,1,2227.1410185449254,320000.0,326000.0,0.0,0,27022.795591182366,1
74,0.0,0,1,2186.4762228502013,320000.0,325000.0,0.0,0,27022.795591182366,1
74,0.0,0,1,2182.355674097567,320000.0,326000.0,0.0,0,27022.795591182366,1
58,82000.0,0,1,9998.603868731338,98000.0,450700.0,82000.0,1,110253.00601202405,2
58,82000.0,0,1,10029.862057585746,98000.0,450700.0,82000.0,1,110253.00601202405,2
58,82000.0,0,1,10804.940666394468,98000.0,450700.0,82000.0,1,110253.00601202405,2
58,82000.0,0,1,10297.57237225489,98000.0,449600.0,82000.0,1,110253.00601202405,2
58,82000.0,0,1,10967.928442027047,98000.0,449800.0,82000.0,1,110253.00601202405,2
75,0.0,0,1,55.73139865668575,1700000.0,72226000.0,0.0,0,3772382.2645290582,1
75,0.0,0,1,56.053351466144065,1700000.0,69717000.0,0.0,0,4334456.4128256515,1
75,0.0,0,1,56.493665350339825,1700000.0,69683000.0,0.0,0,4302029.058116232,1
75,0.0,0,1,57.75541162013474,1700000.0,69546000.0,0.0,0,3772382.2645290582,1
75,0.0,0,1,56.25202651465993,1700000.0,69715000.0,0.0,0,3772382.2645290582,1
67,0.0,0,1,2177.6594484881552,0.0,400.0,0.0,0,31346.442885771543,1
67,0.0,0,1,2188.5187930110783,0.0,400.0,0.0,0,41074.64929859719,1
67,0.0,0,1,2156.56256916635,0.0,400.0,0.0,0,31346.442885771543,1
67,0.0,0,1,2190.6333772995813,0.0,400.0,0.0,0,30265.53106212425,1
67,0.0,0,1,2161.5784193279774,0.0,400.0,0.0,0,37831.91382765531,1
43,214000.0,0,1,9394.285476473467,106000.0,549800.0,214000.0,1,148084.91983967935,1
43,214000.0,0,1,9431.951024530545,106000.0,548800.0,214000.0,1,149165.83166332665,1
43,214000.0,0,1,10152.503263924618,106000.0,548900.0,214000.0,1,148084.91983967935,1
43,214000.0,0,1,9686.80581004824,106000.0,548800.0,214000.0,1,149165.83166332665,1
43,214000.0,0,1,10309.192439944467,106000.0,549800.0,214000.0,1,148084.91983967935,1
94,0.0,0,1,4016.132876821745,900000.0,4026600.0,0.0,0,195645.0400801603,2
94,0.0,0,1,4400.735311202765,900000.0,6109100.0,0.0,0,188078.65731462926,2
94,0.0,0,1,4773.299662848657,900000.0,3325100.0,0.0,0,199968.6873747495,2
94,0.0,0,1,4273.478128126326,900000.0,3584800.0,0.0,0,193483.21643286574,2
94,0.0,0,1,4136.917608259904,900000.0,6403180.0,0.0,0,163217.68537074147,2
73,0.0,0,1,8189.942643454851,850000.0,1403050.0,0.0,0,44317.38476953908,2
73,0.0,0,1,8219.10382074816,850000.0,1388250.0,0.0,0,44317.38476953908,2
73,0.0,0,1,8852.24668595637,850000.0,1382550.0,0.0,0,44317.38476953908,2
73,0.0,0,1,8440.367853663829,850000.0,1381550.0,0.0,0,46479.208416833666,2
73,0.0,0,1,8986.36599309646,850000.0,1378020.0,0.0,0,45398.29659318637,2
20,0.0,0,1,11457.325263785578,0.0,9700.0,0.0,1,104848.44689378758,1
20,0.0,0,1,11746.65777875973,0.0,9700.0,0.0,1,104848.44689378758,1
20,0.0,0,1,11614.46374817615,0.0,9700.0,0.0,1,104848.44689378758,1
20,0.0,0,1,11672.170246151738,0.0,9700.0,0.0,1,104848.44689378758,1
20,0.0,0,1,11652.60196704499,0.0,9700.0,0.0,1,104848.44689378758,1
46,0.0,0,1,537.4370828854198,0.0,27557530.0,0.0,1,1686222.4448897797,1
46,0.0,0,1,515.5302693123674,0.0,29481500.0,0.0,1,2183441.883767535,1
46,0.0,0,1,530.8159090915707,0.0,25397510.0,0.0,1,1534894.7895791584,1
46,0.0,0,1,524.3931040455367,0.0,25624440.0,0.0,1,3610245.490981964,1
46,0.0,0,1,535.4945527178184,0.0,27065480.0,0.0,1,1805122.745490982,1
35,0.0,0,1,7019.027937631033,0.0,1580.0,0.0,1,72421.09218436874,1
35,0.0,0,1,6848.17674347023,0.0,13580.0,0.0,1,73502.00400801603,1
35,0.0,0,1,6914.456285386516,0.0,2580.0,0.0,1,74582.91583166333,1
35,0.0,0,1,6872.789040961907,0.0,9280.0,0.0,1,72421.09218436874,1
35,0.0,0,1,6822.563825408966,0.0,10670.0,0.0,1,72421.09218436874,1
46,600000.0,0,1,800.4837061539793,1000000.0,10556200.0,600000.0,1,383723.6973947896,1
46,600000.0,0,1,841.5669157596667,1000000.0,10564200.0,600000.0,1,383723.6973947896,1
46,600000.0,0,1,878.2170012848394,1000000.0,11182200.0,600000.0,1,396694.6392785571,1
46,600000.0,0,1,848.1428601908365,1000000.0,10549900.0,600000.0,1,383723.6973947896,1
46,600000.0,0,1,819.6966800679586,1000000.0,10557200.0,600000.0,1,384804.6092184369,1
27,0.0,0,1,21387.49370898281,185000.0,188850.0,0.0,1,75663.82765531063,1
27,0.0,0,1,21274.332838286195,185000.0,193340.0,0.0,1,75663.82765531063,1
27,0.0,0,1,20655.225386402588,185000.0,188470.0,0.0,1,75663.82765531063,1
27,0.0,0,1,21195.17812474555,185000.0,192690.0,0.0,1,75663.82765531063,1
27,0.0,0,1,20663.61847930878,185000.0,186660.0,0.0,1,75663.82765531063,1
55,310000.0,0,1,5081.8108136894525,1200000.0,2763450.0,283000.0,1,312383.5170340681,1
55,308000.0,0,1,5985.1245928194185,1202000.0,2703000.0,279000.0,1,298331.6633266533,1
55,337000.0,0,1,4286.334808193378,993000.0,2548950.0,310000.0,1,312383.5170340681,1
55,317000.0,0,1,5138.70419111574,1053000.0,2605280.0,290000.0,1,312383.5170340681,1
55,306000.0,0,1,4622.6713702764955,1004000.0,2527790.0,278000.0,1,289684.36873747496,1
56,80000.0,0,1,14574.884461319885,80000.0,98700.0,80000.0,1,32427.354709418836,2
56,80000.0,0,1,13810.099599945188,80000.0,97000.0,80000.0,1,32427.354709418836,2
56,80000.0,0,1,14072.226465184965,80000.0,96580.0,80000.0,1,32427.354709418836,2
56,80000.0,0,1,13885.326912720227,80000.0,96750.0,80000.0,1,32427.354709418836,2
56,80000.0,0,1,13943.736511720886,80000.0,97200.0,80000.0,1,32427.354709418836,2
70,0.0,0,1,52.270068614195,2110000.0,78510300.0,0.0,1,3113026.0521042086,1
70,0.0,0,1,52.47037110327786,1950000.0,279048000.0,0.0,1,2853607.214428858,1
70,0.0,0,1,52.76146484476381,1930000.0,84172000.0,0.0,1,1567322.1442885771,1
70,0.0,0,1,53.909124538824074,2160000.0,71262700.0,0.0,1,3134644.2885771543,1
70,0.0,0,1,52.72779230948547,2210000.0,655776400.0,0.0,1,1448421.8436873748,1
55,96000.0,0,1,4547.062574995853,293000.0,337500.0,96000.0,1,70259.26853707415,1
55,84000.0,0,1,4305.869888511693,305000.0,354500.0,84000.0,1,71340.18036072144,1
55,127000.0,0,1,4382.358409677942,262000.0,335500.0,127000.0,1,72421.09218436874,1
55,26000.0,0,1,4326.968310295328,363000.0,442500.0,26000.0,1,70259.26853707415,1
55,31000.0,0,1,4339.765388091911,358000.0,437500.0,31000.0,1,70259.26853707415,1
48,59000.0,0,1,2648.0680135590287,69000.0,86700.0,59000.0,1,156732.21442885773,1
48,59000.0,0,1,2530.599426056619,69000.0,103500.0,59000.0,1,156732.21442885773,1
48,59000.0,0,1,2584.337940766484,69000.0,99700.0,59000.0,1,156732.21442885773,1
48,59000.0,0,1,2581.5859627596956,69000.0,84000.0,59000.0,1,157813.126252505,1
48,59000.0,0,1,2545.98859815127,69000.0,93500.0,59000.0,1,157813.126252505,1
30,0.0,0,1,2982.7703700778584,0.0,2601.0,0.0,0,72421.09218436874,1
30,0.0,0,1,2899.443350177507,0.0,2501.0,0.0,0,72421.09218436874,1
30,0.0,0,1,2950.5379779110513,0.0,2501.0,0.0,0,72421.09218436874,1
30,0.0,0,1,2937.579542721013,0.0,2501.0,0.0,0,72421.09218436874,1
30,0.0,0,1,2916.8162479493703,0.0,2501.0,0.0,0,72421.09218436874,1
62,699000.0,0,1,3773.461377044773,1701000.0,8469600.0,594000.0,0,1794313.6272545091,1
62,699000.0,0,1,4057.9488064848897,1701000.0,6004300.0,594000.0,0,1794313.6272545091,1
62,699000.0,0,1,4211.158575059186,1701000.0,7708300.0,594000.0,0,1783504.509018036,1
62,699000.0,0,1,4051.7633513550295,1701000.0,6681400.0,594000.0,0,1783504.509018036,1
62,699000.0,0,1,3851.473784562923,1701000.0,6389000.0,594000.0,0,1783504.509018036,1
43,0.0,0,1,7419.69319530129,0.0,-26350.0,0.0,1,42155.561122244486,2
43,0.0,0,1,7329.946073459297,0.0,-26250.0,0.0,1,42155.561122244486,2
43,0.0,0,1,7366.767116100044,0.0,-26350.0,0.0,1,42155.561122244486,2
43,0.0,0,1,7402.206179534796,0.0,-26250.0,0.0,1,42155.561122244486,2
43,0.0,0,1,7353.964043890778,0.0,-26350.0,0.0,1,42155.561122244486,2
27,0.0,0,2,7681.674500555184,0.0,40600.0,0.0,1,87553.85771543086,2
27,0.0,0,2,7806.612830821505,0.0,40600.0,0.0,1,88634.76953907816,2
27,0.0,0,2,7653.568992135607,0.0,40600.0,0.0,1,87553.85771543086,2
27,0.0,0,2,7805.767214230793,0.0,40600.0,0.0,1,88634.76953907816,2
27,0.0,0,2,7689.749106062979,0.0,40600.0,0.0,1,88634.76953907816,2
56,0.0,0,2,3454.3093588418606,0.0,7950.0,0.0,0,12970.941883767535,2
56,0.0,0,2,3445.3209419697073,0.0,62360.0,0.0,0,14051.85370741483,2
56,0.0,0,2,3359.0207051953344,0.0,20160.0,0.0,0,12970.941883767535,2
56,0.0,0,2,3319.144728353095,0.0,32970.0,0.0,0,12970.941883767535,2
56,0.0,0,2,3289.7449283804117,0.0,27170.0,0.0,0,12970.941883767535,2
29,165000.0,0,1,21077.803894703422,45000.0,64561.0,165000.0,1,98362.9759519038,1
29,166000.0,0,1,20696.80362652064,44000.0,64340.0,166000.0,1,98362.9759519038,1
29,165000.0,0,1,20182.520894458336,45000.0,65700.0,165000.0,1,97282.06412825652,1
29,165000.0,0,1,20548.652718393416,45000.0,61500.0,165000.0,1,97282.06412825652,1
29,165000.0,0,1,20212.012151764862,45000.0,66340.0,165000.0,1,97282.06412825652,1
35,0.0,0,1,2929.7662817754035,0.0,-85420.0,0.0,1,103767.53507014028,1
35,0.0,0,1,3004.723884631873,0.0,-67710.0,0.0,1,115657.56513026053,1
35,0.0,0,1,2958.6282390644724,0.0,-79210.0,0.0,1,112414.82965931864,1
35,0.0,0,1,3015.1831337864364,0.0,-58270.0,0.0,1,117819.38877755511,1
35,0.0,0,1,2973.2919981579557,0.0,-52420.0,0.0,1,104848.44689378758,1
43,0.0,0,1,2984.413740245894,0.0,850.0,0.0,1,19456.412825651303,1
43,0.0,0,1,2983.5274512912833,0.0,860.0,0.0,1,18375.501002004006,1
43,0.0,0,1,2990.371408260069,0.0,860.0,0.0,1,18375.501002004006,1
43,0.0,0,1,2980.0815713705906,0.0,860.0,0.0,1,18375.501002004006,1
43,0.0,0,1,2989.886835885746,0.0,850.0,0.0,1,18375.501002004006,1
58,32000.0,0,1,121.11856044324456,1768000.0,5069524.0,0.0,1,1588940.380761523,1
58,32000.0,0,1,129.61737429641437,1768000.0,6983524.0,0.0,1,1588940.380761523,1
58,32000.0,0,1,136.149940699048,1768000.0,5144782.0,0.0,1,1588940.380761523,1
58,32000.0,0,1,130.17204716510568,1768000.0,5497524.0,0.0,1,1588940.380761523,1
58,32000.0,0,1,123.34560406169092,1768000.0,7552382.0,0.0,1,1588940.380761523,1
59,120000.0,0,1,3159.110359776815,330000.0,405550.0,120000.0,1,68097.44488977955,2
59,120000.0,0,1,2915.7632573378683,330000.0,417150.0,120000.0,1,68097.44488977955,2
59,120000.0,0,1,3012.0938728953834,330000.0,405950.0,120000.0,1,68097.44488977955,2
59,120000.0,0,1,2982.408985251444,330000.0,404850.0,120000.0,1,68097.44488977955,2
59,120000.0,0,1,2938.9306289104234,330000.0,412050.0,120000.0,1,68097.44488977955,2
27,0.0,0,1,2844.2321848189235,0.0,13000.0,0.0,1,113495.74148296592,1
27,0.0,0,1,2898.3731499475957,0.0,14000.0,0.0,1,111333.91783567134,1
27,0.0,0,1,2882.9798907923123,0.0,14000.0,0.0,1,114576.65330661323,1
27,0.0,0,1,2926.060478295216,0.0,13000.0,0.0,1,113495.74148296592,1
27,0.0,0,1,2897.861741741618,0.0,14000.0,0.0,1,114576.65330661323,1
69,220000.0,0,1,810.0755987044865,230000.0,4249120.0,220000.0,1,557750.501002004,1
69,220000.0,0,1,829.3067358031856,230000.0,3621110.0,220000.0,1,557750.501002004,1
69,220000.0,0,1,861.0493333035732,230000.0,6503110.0,220000.0,1,557750.501002004,1
69,221000.0,0,1,829.7678026575353,229000.0,5700110.0,221000.0,1,558831.4128256514,1
69,220000.0,0,1,824.2354987619447,230000.0,3359110.0,220000.0,1,557750.501002004,1
32,0.0,0,1,5627.414960544111,0.0,39490.0,0.0,1,54045.59118236473,2
32,0.0,0,1,5455.374744211914,0.0,39490.0,0.0,1,54045.59118236473,2
32,0.0,0,1,5564.282229839332,0.0,39480.0,0.0,1,54045.59118236473,2
32,0.0,0,1,5508.108879352583,0.0,39490.0,0.0,1,54045.59118236473,2
32,0.0,0,1,5491.45723853195,0.0,39380.0,0.0,1,54045.59118236473,2
61,0.0,0,2,1749.8282846173315,60000.0,64100.0,0.0,0,18375.501002004006,2
61,0.0,0,2,1751.356204788163,62000.0,66100.0,0.0,0,18375.501002004006,2
61,0.0,0,2,1745.3978895449236,68000.0,72100.0,0.0,0,18375.501002004006,2
61,0.0,0,2,1750.1208505072584,61000.0,65100.0,0.0,0,18375.501002004006,2
61,0.0,0,2,1745.033742857981,64000.0,68100.0,0.0,0,18375.501002004006,2
53,625000.0,0,1,1846.3956491520755,775000.0,7312000.0,625000.0,1,1264666.8336673346,1
53,625000.0,0,1,1929.2008303878029,775000.0,6271000.0,625000.0,1,1253857.7154308618,1
53,625000.0,0,1,2007.827382376834,775000.0,6169600.0,625000.0,1,1243048.5971943887,1
53,625000.0,0,1,1929.1096903754308,775000.0,5701000.0,625000.0,1,1232239.478957916,1
53,625000.0,0,1,1858.9680896070706,775000.0,7227900.0,625000.0,1,1221430.3607214428,1
76,300000.0,0,1,3798.39229730624,250000.0,419170.0,300000.0,1,151327.65531062125,1
76,300000.0,0,1,3808.5709368650787,250000.0,419210.0,300000.0,1,151327.65531062125,1
76,300000.0,0,1,4097.940585052268,250000.0,419400.0,300000.0,1,151327.65531062125,1
76,300000.0,0,1,3908.039170611548,250000.0,419460.0,300000.0,1,151327.65531062125,1
76,300000.0,0,1,4158.452902721116,250000.0,419460.0,300000.0,1,151327.65531062125,1
31,0.0,0,1,2445.8342614730796,0.0,273000.0,0.0,1,51883.76753507014,1
31,0.0,0,1,2397.1580854282734,0.0,176800.0,0.0,1,50802.855711422846,1
31,0.0,0,1,2436.5547674250915,0.0,85040.0,0.0,1,49721.94388777555,1
31,0.0,0,1,1686.6315843867226,0.0,696140.0,0.0,1,49721.94388777555,1
31,0.0,0,1,2416.630078992537,0.0,151620.0,0.0,1,52964.67935871743,1
67,0.0,0,2,9809.085995505266,145000.0,449800.0,0.0,0,15132.765531062125,2
67,0.0,0,2,9044.79813434425,145000.0,449800.0,0.0,0,16213.677354709418,2
67,0.0,0,2,9108.008345129387,145000.0,449800.0,0.0,0,16213.677354709418,2
67,0.0,0,2,9400.123976087118,145000.0,449800.0,0.0,0,15132.765531062125,2
67,0.0,0,2,9146.805679168941,145000.0,449800.0,0.0,0,15132.765531062125,2
61,0.0,0,1,414.91101757963736,2300000.0,4901300.0,0.0,1,651789.8296593187,1
61,0.0,0,1,451.7976044916633,2300000.0,4901400.0,0.0,1,651789.8296593187,1
61,0.0,0,1,490.74455444169905,2300000.0,4900300.0,0.0,1,651789.8296593187,1
61,0.0,0,1,435.10005814980076,2300000.0,4901300.0,0.0,1,651789.8296593187,1
61,0.0,0,1,424.1363976029499,2300000.0,4900300.0,0.0,1,651789.8296593187,1
73,0.0,0,1,6936.918738542632,213000.0,1031000.0,0.0,0,91877.50501002005,1
73,0.0,0,1,6956.034766113899,196000.0,989600.0,0.0,0,86472.94589178357,1
73,0.0,0,1,7496.879342699656,137000.0,627200.0,0.0,0,86472.94589178357,1
73,0.0,0,1,7139.481044144188,123000.0,654500.0,0.0,0,78906.5631262525,1
73,0.0,0,1,7608.352752947842,127000.0,952000.0,0.0,0,83230.21042084169,1
24,0.0,0,2,2862.9290150327106,0.0,19600.0,0.0,1,46479.208416833666,2
24,0.0,0,2,2880.8346680407944,0.0,19600.0,0.0,1,46479.208416833666,2
24,0.0,0,2,2836.8533039275776,0.0,19600.0,0.0,1,46479.208416833666,2
24,0.0,0,2,2934.8528169630545,0.0,19600.0,0.0,1,46479.208416833666,2
24,0.0,0,2,2849.8752881370247,0.0,19600.0,0.0,1,46479.208416833666,2
55,171000.0,0,2,450.92932581458706,435000.0,4961320.0,171000.0,1,1091720.9418837675,2
55,172000.0,0,2,481.7093391358979,435000.0,4805860.0,172000.0,1,1102530.0601202406,2
55,198000.0,0,2,500.4334919662134,408000.0,4934850.0,198000.0,1,1199812.124248497,2
55,165000.0,0,2,482.1777809922302,441000.0,4938960.0,165000.0,1,1210621.24248497,2
55,172000.0,0,2,459.47424019557786,435000.0,4966860.0,172000.0,1,1156575.6513026052,2
39,295000.0,0,1,982.9251563890115,525000.0,13714000.0,295000.0,1,501543.0861723447,1
39,295000.0,0,1,1077.935098549647,522000.0,13266000.0,295000.0,1,386966.4328657315,1
39,312000.0,0,1,1168.661841422753,537000.0,13872000.0,312000.0,1,409665.58116232464,1
39,328000.0,0,1,1047.3157471786024,485000.0,12925000.0,328000.0,1,336163.5771543086,1
39,325000.0,0,1,1012.6954069727763,491000.0,13931000.0,325000.0,1,370752.75551102206,1
57,22000.0,0,1,3867.8241641165746,128000.0,329990.0,0.0,1,72421.09218436874,1
57,22000.0,0,1,3712.528622673446,128000.0,329990.0,0.0,1,77825.65130260521,1
57,22000.0,0,1,3759.01577598109,128000.0,328990.0,0.0,1,69178.35671342685,1
57,22000.0,0,1,3743.7607730009067,128000.0,328000.0,0.0,1,70259.26853707415,1
57,22000.0,0,1,3719.84392110677,128000.0,328000.0,0.0,1,97282.06412825652,1
49,80000.0,0,1,13838.401065103146,70000.0,206101.0,80000.0,1,97282.06412825652,1
49,80000.0,0,1,13138.806743635965,70000.0,206301.0,80000.0,1,97282.06412825652,1
49,80000.0,0,1,13224.631235235167,70000.0,206401.0,80000.0,1,97282.06412825652,1
49,80000.0,0,1,13379.079465019604,70000.0,206301.0,80000.0,1,97282.06412825652,1
49,80000.0,0,1,13079.914449880502,70000.0,206301.0,80000.0,1,97282.06412825652,1
64,0.0,0,1,91.84721603713896,2500000.0,38544300.0,0.0,1,6236861.22244489,1
64,0.0,0,1,91.5282905661536,2240000.0,35808500.0,0.0,1,6139579.158316634,1
64,0.0,0,1,91.71832657174448,2470000.0,34614600.0,0.0,1,6204433.867735471,1
64,0.0,0,1,92.94779856322332,2520000.0,38091400.0,0.0,1,6150388.2765531065,1
64,0.0,0,1,93.73525522434932,2270000.0,38006200.0,0.0,1,6139579.158316634,1
61,160000.0,0,1,1293.8908020829667,240000.0,247800.0,160000.0,1,71340.18036072144,2
61,160000.0,0,1,1230.670743681152,240000.0,247800.0,160000.0,1,71340.18036072144,2
61,160000.0,0,1,1273.9841808480805,240000.0,247900.0,160000.0,1,71340.18036072144,2
61,160000.0,0,1,1299.6408094349317,240000.0,247800.0,160000.0,1,71340.18036072144,2
61,160000.0,0,1,1250.1873132655387,240000.0,247800.0,160000.0,1,71340.18036072144,2
64,0.0,0,1,2317.992978238544,1200000.0,3903000.0,0.0,0,112414.82965931864,1
64,0.0,0,1,2541.8537685183082,1200000.0,4328000.0,0.0,0,112414.82965931864,1
64,0.0,0,1,2756.213799081372,1200000.0,4541000.0,0.0,0,112414.82965931864,1
64,0.0,0,1,2470.1790054654566,1200000.0,4512000.0,0.0,0,112414.82965931864,1
64,0.0,0,1,2388.218553230053,1200000.0,4199000.0,0.0,0,112414.82965931864,1
74,0.0,0,1,1840.47497104289,500000.0,2353380.0,0.0,0,242124.248496994,1
74,0.0,0,1,1911.5446149891031,500000.0,2493580.0,0.0,0,242124.248496994,1
74,0.0,0,1,1741.0572624619824,500000.0,2455600.0,0.0,0,242124.248496994,1
74,0.0,0,1,1799.2525920350931,500000.0,2840310.0,0.0,0,243205.16032064127,1
74,0.0,0,1,1795.5123539385338,500000.0,2807160.0,0.0,0,242124.248496994,1
70,0.0,0,2,9449.4063935774,180000.0,390700.0,0.0,0,15132.765531062125,2
70,0.0,0,2,9515.4598786309,245000.0,455300.0,0.0,0,15132.765531062125,2
70,0.0,0,2,9506.675013702417,256000.0,465100.0,0.0,0,14051.85370741483,2
70,0.0,0,2,9529.838460567007,146000.0,360700.0,0.0,0,14051.85370741483,2
70,0.0,0,2,9508.632778135458,183000.0,393700.0,0.0,0,14051.85370741483,2
26,0.0,0,1,10075.626169246385,0.0,2360.0,0.0,1,47560.12024048096,1
26,0.0,0,1,10157.885679319352,0.0,2410.0,0.0,1,48641.03206412826,1
26,0.0,0,1,10154.907599251883,0.0,560.0,0.0,1,45398.29659318637,1
26,0.0,0,1,10111.24391559576,0.0,720.0,0.0,1,47560.12024048096,1
26,0.0,0,1,10164.456682160346,0.0,660.0,0.0,1,51883.76753507014,1
73,0.0,0,2,7809.173545030831,0.0,18900.0,0.0,0,12970.941883767535,2
73,0.0,0,2,7808.825459324088,0.0,18190.0,0.0,0,14051.85370741483,2
73,0.0,0,2,7826.302380754632,0.0,17710.0,0.0,0,14051.85370741483,2
73,0.0,0,2,7811.103702300624,0.0,18730.0,0.0,0,12970.941883767535,2
73,0.0,0,2,7827.264170458131,0.0,18210.0,0.0,0,14051.85370741483,2
25,0.0,0,1,9618.547399912679,0.0,-2900.0,0.0,1,34589.178356713426,1
25,0.0,0,1,9697.07522373622,0.0,-3900.0,0.0,1,34589.178356713426,1
25,0.0,0,1,9694.232243676364,0.0,200.0,0.0,1,34589.178356713426,1
25,0.0,0,1,9652.549354310828,0.0,-11900.0,0.0,1,34589.178356713426,1
25,0.0,0,1,9703.348134345384,0.0,1000.0,0.0,1,34589.178356713426,1
53,0.0,0,1,15459.260794117223,150000.0,157300.0,0.0,1,36751.00200400801,1
53,0.0,0,1,14773.464820558289,150000.0,158400.0,0.0,1,31346.442885771543,1
53,0.0,0,1,14818.920905351706,150000.0,158300.0,0.0,1,31346.442885771543,1
53,0.0,0,1,14960.1342571971,150000.0,155400.0,0.0,1,30265.53106212425,1
53,0.0,0,1,14608.950344476767,150000.0,157700.0,0.0,1,30265.53106212425,1
64,0.0,142000,2,7888.79706442653,435000.0,2964000.0,0.0,0,96201.15230460922,2
64,0.0,523000,2,3683.3453209813097,435000.0,3436000.0,0.0,0,96201.15230460922,2
64,0.0,97000,2,6651.6611929684905,435000.0,2759000.0,0.0,0,96201.15230460922,2
64,0.0,150000,2,7971.404236814344,435000.0,2821000.0,0.0,0,96201.15230460922,2
64,0.0,2080000,2,3460.5139708521565,435000.0,4790000.0,0.0,0,96201.15230460922,2
44,0.0,0,1,5003.090328708932,0.0,1000.0,0.0,1,51883.76753507014,2
44,0.0,0,1,4956.011843310569,0.0,1000.0,0.0,1,51883.76753507014,2
44,0.0,0,1,4969.475075934102,0.0,1000.0,0.0,1,51883.76753507014,2
44,0.0,0,1,5022.151542262652,0.0,1000.0,0.0,1,51883.76753507014,2
44,0.0,0,1,4969.177194958655,0.0,1000.0,0.0,1,51883.76753507014,2
33,0.0,0,1,8251.328165262672,0.0,44000.0,0.0,1,99443.8877755511,1
33,0.0,0,1,8532.395307726529,0.0,44000.0,0.0,1,105929.35871743486,1
33,0.0,0,1,8437.794119189963,0.0,41000.0,0.0,1,107010.27054108217,1
33,0.0,0,1,8174.749153532795,0.0,44900.0,0.0,1,99443.8877755511,1
33,0.0,0,1,8558.801097385334,0.0,42000.0,0.0,1,107010.27054108217,1
85,0.0,0,1,59.18400183129747,1550000.0,62042000.0,0.0,1,26806613.226452906,1
85,0.0,0,1,59.84587937692267,1380000.0,63071000.0,0.0,1,26860658.81763527,1
85,0.0,0,1,60.134722229507545,1550000.0,60416000.0,0.0,1,26947131.763527054,1
85,0.0,0,1,61.411266918180516,1550000.0,55222000.0,0.0,1,27941570.641282566,1
85,0.0,0,1,59.776244826359076,1540000.0,62316000.0,0.0,1,26666094.689378757,1
66,0.0,0,2,11108.841871423776,10000.0,12410.0,0.0,0,17294.589178356713,2
66,0.0,0,2,11120.541947904476,10000.0,12410.0,0.0,0,16213.677354709418,2
66,0.0,0,2,11105.170815573498,10000.0,12410.0,0.0,0,17294.589178356713,2
66,0.0,0,2,11116.721173791595,10000.0,12410.0,0.0,0,17294.589178356713,2
66,0.0,0,2,11107.493599559311,10000.0,12410.0,0.0,0,17294.589178356713,2
61,0.0,0,1,1756.0814549801496,0.0,-2280.0,0.0,1,18375.501002004006,1
61,0.0,0,1,1763.3485166275445,0.0,-2840.0,0.0,1,20537.324649298596,1
61,0.0,0,1,1743.491357755574,0.0,-2870.0,0.0,1,21618.236472945893,1
61,0.0,0,1,1750.7614174320483,0.0,-2080.0,0.0,1,12970.941883767535,1
61,0.0,0,1,1745.3835842039546,0.0,-2960.0,0.0,1,23780.06012024048,1
60,0.0,0,1,100.0365151231645,1380000.0,27144000.0,0.0,1,6647607.715430861,1
60,0.0,0,1,97.94483412766155,1410000.0,27100000.0,0.0,1,7533955.410821644,1
60,0.0,0,1,98.14533941527137,1380000.0,25970000.0,0.0,1,7047545.090180361,1
60,0.0,0,1,99.46710556503496,1380000.0,25523000.0,0.0,1,6431425.350701403,1
60,0.0,0,1,102.12055793305281,1380000.0,26228000.0,0.0,1,6896217.434869739,1
38,400000.0,0,1,11225.731179308552,585000.0,2287000.0,400000.0,1,282117.9859719439,1
38,400000.0,0,1,13222.179761816486,585000.0,2288000.0,400000.0,1,282117.9859719439,1
38,400000.0,0,1,9467.817173805623,585000.0,2288000.0,400000.0,1,283198.89779559115,1
38,400000.0,0,1,11349.863443785564,585000.0,2287000.0,400000.0,1,282117.9859719439,1
38,400000.0,0,1,10211.407397390842,585000.0,2287000.0,400000.0,1,282117.9859719439,1
53,0.0,0,1,82.12558634355084,1700000.0,15086000.0,0.0,1,7144827.154308617,1
53,0.0,0,1,86.20837513732951,1820000.0,14558200.0,0.0,1,7144827.154308617,1
53,0.0,0,1,89.4286168987785,1680000.0,15342000.0,0.0,1,7144827.154308617,1
53,0.0,0,1,86.39714533469618,1990000.0,14530900.0,0.0,1,7155636.27254509,1
53,0.0,0,1,84.11296591045851,1960000.0,16679000.0,0.0,1,7155636.27254509,1
26,0.0,0,1,7309.4725787781545,0.0,-28300.0,0.0,1,46479.208416833666,2
26,0.0,0,1,7174.9442636857175,0.0,-26200.0,0.0,1,45398.29659318637,2
26,0.0,0,1,7284.44015014107,0.0,-37000.0,0.0,1,39993.7374749499,2
26,0.0,0,1,7289.517861063769,0.0,-33000.0,0.0,1,36751.00200400801,2
26,0.0,0,1,7273.2685774134325,0.0,-21500.0,0.0,1,36751.00200400801,2
29,0.0,0,2,3346.5803051415523,0.0,11620.0,0.0,1,27022.795591182366,2
29,0.0,0,2,3401.010645218617,0.0,10530.0,0.0,1,22699.148296593186,2
29,0.0,0,2,3334.3359252298346,0.0,10880.0,0.0,1,20537.324649298596,2
29,0.0,0,2,3400.6422458770458,0.0,13960.0,0.0,1,30265.53106212425,2
29,0.0,0,2,3350.0980688481804,0.0,12130.0,0.0,1,24860.971943887776,2
31,0.0,0,2,7731.42478696374,0.0,10190.0,0.0,1,70259.26853707415,2
31,0.0,0,2,7815.73759520205,0.0,9090.0,0.0,1,69178.35671342685,2
31,0.0,0,2,7795.512014293459,0.0,10280.0,0.0,1,69178.35671342685,2
31,0.0,0,2,7806.714839462606,0.0,9190.0,0.0,1,69178.35671342685,2
31,0.0,0,2,7815.958484407965,0.0,9190.0,0.0,1,69178.35671342685,2
24,0.0,0,1,22938.666879054494,0.0,12800.0,0.0,1,21618.236472945893,2
24,0.0,0,1,22614.324582836467,0.0,19000.0,0.0,1,21618.236472945893,2
24,0.0,0,1,22812.893532378363,0.0,14800.0,0.0,1,21618.236472945893,2
24,0.0,0,1,22792.794746297965,0.0,21800.0,0.0,1,21618.236472945893,2
24,0.0,0,1,22567.028927665473,0.0,18000.0,0.0,1,21618.236472945893,2
54,360000.0,0,1,5408.36398693801,90000.0,449990.0,360000.0,1,194564.12825651304,1
54,360000.0,0,1,5426.074266932446,90000.0,452390.0,360000.0,1,194564.12825651304,1
54,360000.0,0,1,5846.463106886505,90000.0,452500.0,360000.0,1,194564.12825651304,1
54,360000.0,0,1,5573.942554834505,90000.0,450800.0,360000.0,1,194564.12825651304,1
54,360000.0,0,1,5935.803330085853,90000.0,450490.0,360000.0,1,194564.12825651304,1
31,0.0,0,2,2098.5701896793207,0.0,0.0,0.0,1,3242.7354709418837,2
31,0.0,0,2,2132.702312229718,0.0,0.0,0.0,1,3242.7354709418837,2
31,0.0,0,2,2090.8919963204585,0.0,0.0,0.0,1,3242.7354709418837,2
31,0.0,0,2,2132.4712967435707,0.0,0.0,0.0,1,3242.7354709418837,2
31,0.0,0,2,2100.7761053830977,0.0,0.0,0.0,1,3242.7354709418837,2
85,0.0,0,1,8019.379052895664,350000.0,1909000.0,0.0,0,81933.11623246493,1
85,0.0,53000,1,9437.873954100014,350000.0,2119000.0,0.0,0,74582.91583166333,1
85,0.0,473000,1,4059.177685082874,350000.0,3477000.0,0.0,0,127547.59519038076,1
85,0.0,0,1,8097.164624879054,350000.0,1979000.0,0.0,0,81068.3867735471,1
85,0.0,21000,1,7293.267037374928,350000.0,3103000.0,0.0,0,97282.06412825652,1
44,0.0,0,1,1515.650127439595,232000.0,2135420.0,0.0,1,192402.30460921844,1
44,0.0,0,1,1784.1265709798513,231000.0,2152320.0,0.0,1,192402.30460921844,1
44,0.0,0,1,1276.008163364758,232000.0,2246320.0,0.0,1,192402.30460921844,1
44,0.0,0,1,1530.653024277522,232000.0,2269420.0,0.0,1,192402.30460921844,1
44,0.0,0,1,1375.4069030494531,232000.0,2133420.0,0.0,1,192402.30460921844,1
60,0.0,0,1,7344.516079719014,350000.0,2578000.0,0.0,0,144842.18436873748,1
60,0.0,0,1,8643.09764301075,350000.0,2579000.0,0.0,0,144842.18436873748,1
60,0.0,0,1,6194.012115462968,350000.0,2577000.0,0.0,0,144842.18436873748,1
60,0.0,0,1,7416.821629139379,350000.0,2577000.0,0.0,0,144842.18436873748,1
60,0.0,0,1,6678.185894361473,350000.0,2578000.0,0.0,0,144842.18436873748,1
27,0.0,0,1,13169.257886934778,0.0,16410.0,0.0,1,75663.82765531063,2
27,0.0,0,1,13276.774450531622,0.0,15110.0,0.0,1,75663.82765531063,2
27,0.0,0,1,13272.88197737336,0.0,21010.0,0.0,1,75663.82765531063,2
27,0.0,0,1,13215.811746630172,0.0,14540.0,0.0,1,75663.82765531063,2
27,0.0,0,1,13285.363021557903,0.0,14470.0,0.0,1,75663.82765531063,2
50,170000.0,0,1,10454.383579508061,255000.0,870700.0,170000.0,1,234557.86573146292,1
50,170000.0,0,1,10494.77745093922,255000.0,875300.0,170000.0,1,178350.45090180362,1
50,170000.0,0,1,11298.900994709993,255000.0,931300.0,170000.0,1,224829.65931863728,1
50,170000.0,0,1,10781.133090211128,255000.0,662800.0,170000.0,1,201049.59919839678,1
50,170000.0,0,1,11475.52087761649,255000.0,637800.0,170000.0,1,228072.39478957915,1
67,90000.0,0,1,11864.858101170305,160000.0,1104400.0,90000.0,0,100524.79959919839,1
67,90000.0,0,1,11902.77895339699,160000.0,1104300.0,90000.0,0,100524.79959919839,1
67,90000.0,0,1,12818.51686276481,160000.0,1100300.0,90000.0,0,100524.79959919839,1
67,90000.0,0,1,12216.317990182655,160000.0,1104300.0,90000.0,0,100524.79959919839,1
67,90000.0,0,1,13016.941380342574,160000.0,1103400.0,90000.0,0,101605.71142284569,1
74,148000.0,0,1,8367.273198772233,337000.0,1645200.0,148000.0,0,138356.7134268537,1
74,148000.0,0,1,9848.831410780469,337000.0,1646200.0,148000.0,0,138356.7134268537,1
74,148000.0,0,1,7055.603638197179,337000.0,1646000.0,148000.0,0,138356.7134268537,1
74,148000.0,0,1,8449.140766566634,337000.0,1645700.0,148000.0,0,138356.7134268537,1
74,148000.0,0,1,7608.139031716341,337000.0,1646000.0,148000.0,0,138356.7134268537,1
77,489000.0,0,1,501.34778821690924,4511000.0,23239500.0,475000.0,0,569640.5310621243,1
77,489000.0,0,1,490.4249922067578,4511000.0,23239500.0,475000.0,0,531808.6172344689,1
77,489000.0,0,1,506.1397417004852,4511000.0,23239500.0,475000.0,0,569640.5310621243,1
77,489000.0,0,1,500.2696577651509,4511000.0,23239500.0,475000.0,0,569640.5310621243,1
77,489000.0,0,1,499.68991981580695,4511000.0,23239500.0,475000.0,0,569640.5310621243,1
61,0.0,0,2,12321.012741414022,0.0,-21050.0,0.0,1,108091.18236472947,2
61,0.0,0,2,12440.49205665314,0.0,-22050.0,0.0,1,108091.18236472947,2
61,0.0,0,2,12478.082199825541,0.0,-21050.0,0.0,1,108091.18236472947,2
61,0.0,0,2,12339.289321344266,0.0,-21950.0,0.0,1,108091.18236472947,2
61,0.0,0,2,12435.726609489644,0.0,-22050.0,0.0,1,108091.18236472947,2
31,0.0,0,1,13590.727314247637,0.0,37290.0,0.0,1,71340.18036072144,1
31,0.0,0,1,13517.639410575468,0.0,37590.0,0.0,1,71340.18036072144,1
31,0.0,0,1,13583.640074569208,0.0,36880.0,0.0,1,71340.18036072144,1
31,0.0,0,1,13408.69946181765,0.0,38180.0,0.0,1,71340.18036072144,1
31,0.0,0,1,13606.05266901424,0.0,37690.0,0.0,1,71340.18036072144,1
55,247000.0,0,2,7276.935411417891,308000.0,395340.0,247000.0,1,42155.561122244486,2
55,247000.0,0,2,7305.544440847334,308000.0,395340.0,247000.0,1,43236.47294589179,2
55,247000.0,0,2,7864.846983581252,308000.0,395340.0,247000.0,1,43236.47294589179,2
55,247000.0,0,2,7504.547092711681,308000.0,395340.0,247000.0,1,43236.47294589179,2
55,247000.0,0,2,7985.699709817614,308000.0,395340.0,247000.0,1,43236.47294589179,2
27,0.0,0,1,14723.468143221286,288000.0,337500.0,0.0,1,94039.32865731463,1
27,0.0,0,1,14863.790218167935,288000.0,341400.0,0.0,1,81068.3867735471,1
27,0.0,0,1,14499.52576748746,288000.0,340500.0,0.0,1,94039.32865731463,1
27,0.0,0,1,14729.077862888047,288000.0,343990.0,0.0,1,102686.62324649299,1
27,0.0,0,1,14526.21464534832,288000.0,343900.0,0.0,1,86472.94589178357,1
56,0.0,0,2,2487.277643096213,0.0,3800.0,0.0,1,70259.26853707415,2
56,0.0,0,2,2434.306484842858,0.0,3800.0,0.0,1,70259.26853707415,2
56,0.0,0,2,2443.0150988975533,0.0,3800.0,0.0,1,70259.26853707415,2
56,0.0,0,2,2460.119449843331,0.0,3800.0,0.0,1,70259.26853707415,2
56,0.0,0,2,2409.681886066079,0.0,3800.0,0.0,1,70259.26853707415,2
38,0.0,0,1,8232.313805283111,0.0,6501.0,0.0,1,41074.64929859719,1
38,0.0,0,1,8375.576176831843,0.0,3201.0,0.0,1,43236.47294589179,1
38,0.0,0,1,8269.664331198514,0.0,6201.0,0.0,1,43236.47294589179,1
38,0.0,0,1,8315.591838356848,0.0,8701.0,0.0,1,43236.47294589179,1
38,0.0,0,1,8289.657669512559,0.0,6801.0,0.0,1,41074.64929859719,1
54,0.0,0,1,1760.6742495642252,450000.0,1537100.0,0.0,0,97282.06412825652,1
54,0.0,0,1,2073.5019646875035,450000.0,1606000.0,0.0,0,103767.53507014028,1
54,0.0,0,1,1485.0552991729623,450000.0,1525500.0,0.0,0,105929.35871743486,1
54,0.0,0,1,1780.3449109509845,450000.0,1518300.0,0.0,0,100524.79959919839,1
54,0.0,0,1,1602.0020279652456,450000.0,1557600.0,0.0,0,84311.12224448897,1
76,0.0,0,1,47.327263762188934,10000000.0,53815000.0,0.0,1,2069946.1422845689,1
76,0.0,0,1,56.20600193753686,10000000.0,54305000.0,0.0,1,2015900.5511022045,1
76,0.0,0,1,56.516177182805414,10000000.0,57605000.0,0.0,1,1940236.7234468937,1
76,0.0,0,1,57.749074147214095,10000000.0,57605000.0,0.0,1,2123991.733466934,1
76,0.0,0,1,57.503221402036516,10000000.0,55205000.0,0.0,1,2113182.615230461,1
61,0.0,0,1,2766.2308221941394,1800000.0,6386000.0,0.0,0,237800.6012024048,1
61,0.0,0,1,2931.565802796038,1800000.0,6235700.0,0.0,0,239962.4248496994,1
61,0.0,0,1,3022.583907949559,1800000.0,6132500.0,0.0,0,231315.13026052105,1
61,0.0,0,1,2906.2633592794905,1800000.0,6342800.0,0.0,0,221586.9238476954,1
61,0.0,0,1,2786.7764567057666,1800000.0,6298500.0,0.0,0,241043.3366733467,1
69,380000.0,0,1,2989.459441698084,820000.0,11128000.0,380000.0,1,558831.4128256514,1
69,380000.0,0,1,3112.7018452601583,820000.0,7587000.0,380000.0,1,498300.3507014028,1
69,380000.0,0,1,3209.2504980029726,820000.0,7248000.0,380000.0,1,588016.0320641282,1
69,380000.0,0,1,3085.9368272079273,820000.0,13098000.0,380000.0,1,570721.4428857715,1
69,380000.0,0,1,3012.479068208971,820000.0,11978000.0,380000.0,1,593420.5911823647,1
75,339000.0,0,1,3674.4105859900164,1861000.0,5828800.0,339000.0,1,903966.5581162325,1
75,339000.0,0,1,3959.0858088452123,1861000.0,5803700.0,339000.0,1,903966.5581162325,1
75,339000.0,0,1,4117.991123246351,1861000.0,5832800.0,339000.0,1,905047.4699398797,1
75,338000.0,0,1,3964.3809300704515,1862000.0,5843800.0,338000.0,1,903966.5581162325,1
75,338000.0,0,1,3752.5495296622184,1862000.0,5850800.0,338000.0,1,905047.4699398797,1
46,121000.0,0,1,10041.60328212844,139000.0,284000.0,121000.0,1,129709.41883767534,1
46,122000.0,0,1,9533.954414202604,138000.0,283000.0,122000.0,1,129709.41883767534,1
46,122000.0,0,1,9596.231514893292,138000.0,252800.0,122000.0,1,129709.41883767534,1
46,122000.0,0,1,9708.304278489752,138000.0,160000.0,122000.0,1,129709.41883767534,1
46,122000.0,0,1,9491.220210483198,138000.0,164800.0,122000.0,1,129709.41883767534,1
34,0.0,0,1,13111.059419378382,0.0,79800.0,0.0,1,8539.203406813627,2
34,0.0,0,1,12869.754904756248,0.0,79600.0,0.0,1,8431.112224448898,2
34,0.0,0,1,13302.202446156687,0.0,98900.0,0.0,1,8431.112224448898,2
34,0.0,0,1,13075.26648263356,0.0,72150.0,0.0,1,8431.112224448898,2
34,0.0,0,1,13325.488417096447,0.0,111400.0,0.0,1,8431.112224448898,2
56,2240000.0,0,1,52.43803852391211,2230000.0,154082550.0,2240000.0,1,4215556.1122244485,1
56,2230000.0,0,1,52.638984685213146,2280000.0,152661340.0,2230000.0,1,6993499.498997996,1
56,2230000.0,0,1,52.93101385668361,2220000.0,157327500.0,2230000.0,1,3664291.0821643285,1
56,2240000.0,0,1,54.08236155614178,2280000.0,153156280.0,2240000.0,1,3999373.7474949895,1
56,2240000.0,0,1,52.897233114684674,2260000.0,157173903.0,2240000.0,1,3880473.4468937875,1
47,258000.0,0,1,8042.57462265194,51000.0,179500.0,258000.0,1,237800.6012024048,1
47,258000.0,0,1,8068.910913772011,51000.0,179500.0,258000.0,1,237800.6012024048,1
47,258000.0,0,1,8694.055342665153,51000.0,178500.0,258000.0,1,237800.6012024048,1
47,258000.0,0,1,8288.800281915188,51000.0,178500.0,258000.0,1,237800.6012024048,1
47,258000.0,0,1,8826.90982761115,51000.0,179500.0,258000.0,1,237800.6012024048,1
67,130000.0,0,1,2351.52822384441,370000.0,408000.0,130000.0,0,10592.935871743486,1
67,130000.0,0,1,1182.0451053003849,370000.0,440200.0,130000.0,0,14484.218436873747,1
67,130000.0,0,1,1275.3443391034407,370000.0,439000.0,130000.0,0,16213.677354709418,1
67,130000.0,0,1,2200.000181604543,370000.0,407700.0,130000.0,0,11133.391783567135,1
67,130000.0,0,1,1291.6893504592622,370000.0,416000.0,130000.0,0,12376.440380761524,1
55,422000.0,0,1,9655.492268586037,778000.0,2411200.0,390000.0,1,64854.70941883767,2
55,422000.0,0,1,11371.797642843838,778000.0,2410200.0,390000.0,1,64854.70941883767,2
55,422000.0,0,1,8144.079761803487,778000.0,2410200.0,390000.0,1,64854.70941883767,2
55,422000.0,0,1,9763.590264755721,778000.0,2411200.0,390000.0,1,64854.70941883767,2
55,422000.0,0,1,8783.122652988692,778000.0,2410200.0,390000.0,1,64854.70941883767,2
72,0.0,0,1,1647.505409718609,900000.0,9111000.0,0.0,1,180188.00100200402,1
72,0.0,0,1,1738.7336547460527,900000.0,9109000.0,0.0,1,180188.00100200402,1
72,0.0,0,1,1816.8842517239664,900000.0,9110000.0,0.0,1,179107.08917835672,1
72,0.0,0,1,1745.826604775407,900000.0,9110000.0,0.0,1,180188.00100200402,1
72,0.0,0,1,1662.275198775245,900000.0,9108000.0,0.0,1,183430.7364729459,1
84,0.0,0,1,3164.4601631538367,0.0,7780.0,0.0,1,64854.70941883767,1
84,0.0,0,1,3190.6044597347973,0.0,7700.0,0.0,1,70259.26853707415,1
84,0.0,0,1,3117.561003826081,0.0,7870.0,0.0,1,68097.44488977955,1
84,0.0,0,1,3210.1975792229678,0.0,7830.0,0.0,1,67016.53306613227,1
84,0.0,0,1,3118.0812437630025,0.0,7790.0,0.0,1,62692.885771543086,1
63,82000.0,0,2,4483.134752925326,193000.0,207910.0,82000.0,1,41074.64929859719,2
63,82000.0,0,2,4303.134109339435,193000.0,207610.0,82000.0,1,42155.561122244486,2
63,82000.0,0,2,4357.016644768925,193000.0,208010.0,82000.0,1,41074.64929859719,2
63,82000.0,0,2,4339.3348083889505,193000.0,208310.0,82000.0,1,41074.64929859719,2
63,82000.0,0,2,4311.613157828431,193000.0,207810.0,82000.0,1,42155.561122244486,2
56,295000.0,0,1,4264.730192485606,155000.0,138500.0,295000.0,1,97282.06412825652,1
56,295000.0,0,1,3985.619771212753,155000.0,138500.0,295000.0,1,97282.06412825652,1
56,295000.0,0,1,4098.313670977662,155000.0,138500.0,295000.0,1,96201.15230460922,1
56,295000.0,0,1,4102.165235442137,155000.0,138500.0,295000.0,1,96201.15230460922,1
56,295000.0,0,1,4045.5820759308504,155000.0,138500.0,295000.0,1,97282.06412825652,1
67,0.0,0,2,2124.0721806406227,88000.0,90400.0,0.0,0,14051.85370741483,2
67,0.0,0,2,2124.826943792482,88000.0,90400.0,0.0,0,14051.85370741483,2
67,0.0,0,2,2118.605134444598,88000.0,90400.0,0.0,0,14051.85370741483,2
67,0.0,0,2,2122.5345442356065,88000.0,90400.0,0.0,0,14051.85370741483,2
67,0.0,0,2,2118.2559577263255,88000.0,90400.0,0.0,0,14051.85370741483,2
63,0.0,0,1,3699.0370878458198,2220000.0,17656000.0,0.0,1,4723584.669338677,1
63,0.0,0,1,3824.099755582635,2430000.0,17865000.0,0.0,1,4712775.551102204,1
63,0.0,0,1,3985.8680573360907,2360000.0,17795000.0,0.0,1,4680348.196392786,1
63,0.0,0,1,3834.3312512069556,2410000.0,17845000.0,0.0,1,4680348.196392786,1
63,0.0,0,1,3745.1560260461215,2190000.0,17627000.0,0.0,1,4723584.669338677,1
57,170000.0,0,1,260.00057120430995,530000.0,1122100.0,110000.0,1,129709.41883767534,2
57,170000.0,0,1,271.57603246243485,530000.0,1118100.0,110000.0,1,129709.41883767534,2
57,170000.0,0,1,278.7501153109606,530000.0,1117400.0,110000.0,1,129709.41883767534,2
57,170000.0,0,1,278.2335720954709,530000.0,1121200.0,110000.0,1,129709.41883767534,2
57,170000.0,0,1,279.05693348159167,530000.0,1117700.0,110000.0,1,129709.41883767534,2
82,48000.0,0,2,8436.921032102127,552000.0,837610.0,48000.0,0,57828.78256513026,2
82,48000.0,0,2,8464.629138006778,552000.0,985510.0,48000.0,0,55666.95891783567,2
82,48000.0,0,2,9118.650230197562,552000.0,958610.0,48000.0,0,58801.60320641282,2
82,48000.0,0,2,8690.430293788473,552000.0,865610.0,48000.0,0,56747.87074148296,2
82,48000.0,0,2,9258.799525620014,552000.0,872610.0,48000.0,0,56747.87074148296,2
61,0.0,0,1,7611.589133273216,0.0,8182000.0,0.0,0,354539.07815631264,1
61,0.0,0,1,7981.237599557108,0.0,8023000.0,0.0,0,321030.81162324647,1
61,0.0,0,1,1614.0266800481695,0.0,10768000.0,0.0,0,344810.87174348696,1
61,0.0,0,1,7876.736830901221,0.0,7646200.0,0.0,0,364267.28456913825,1
61,0.0,0,1,7842.057050537207,0.0,6678100.0,0.0,0,276713.4268537074,1
45,200000.0,0,1,2825.1307284672816,250000.0,343500.0,200000.0,1,111333.91783567134,1
45,200000.0,0,1,2834.337960307265,250000.0,363800.0,200000.0,1,125385.77154308617,1
45,200000.0,0,1,3047.864032998882,250000.0,358300.0,200000.0,1,158894.0380761523,1
45,200000.0,0,1,2910.089331668369,250000.0,344600.0,200000.0,1,158894.0380761523,1
45,200000.0,0,1,3093.6686741510603,250000.0,351400.0,200000.0,1,158894.0380761523,1
77,0.0,0,1,12782.895879220952,125000.0,204100.0,0.0,0,75231.46292585171,1
77,0.0,0,1,12094.923479831048,125000.0,170100.0,0.0,0,74539.67935871743,1
77,0.0,0,1,12006.069097998468,125000.0,345100.0,0.0,0,77393.2865731463,1
77,0.0,0,1,12335.837205059825,125000.0,172100.0,0.0,0,73945.17785571142,1
77,0.0,0,1,11938.95549346256,125000.0,167300.0,0.0,0,73826.27755511022,1
35,143000.0,0,2,8677.075611030868,103000.0,123050.0,143000.0,1,32427.354709418836,2
35,143000.0,0,2,8361.634860841183,103000.0,124060.0,143000.0,1,32427.354709418836,2
35,143000.0,0,2,8269.85212091735,103000.0,123050.0,143000.0,1,32427.354709418836,2
35,143000.0,0,2,8397.496203394034,103000.0,123060.0,143000.0,1,32427.354709418836,2
35,143000.0,0,2,8211.739211098084,103000.0,124060.0,143000.0,1,32427.354709418836,2
40,0.0,0,1,15346.582323310527,0.0,33300.0,0.0,1,27022.795591182366,2
40,0.0,0,1,15527.807895997219,0.0,33300.0,0.0,1,27022.795591182366,2
40,0.0,0,1,15368.753020890998,0.0,33300.0,0.0,1,27022.795591182366,2
40,0.0,0,1,15527.58118468947,0.0,33300.0,0.0,1,27022.795591182366,2
40,0.0,0,1,15455.87455830042,0.0,33200.0,0.0,1,27022.795591182366,2
58,0.0,0,1,2507.745317097549,450000.0,1424500.0,0.0,1,166460.42084168337,1
58,0.0,0,1,2553.531662946798,450000.0,1382100.0,0.0,1,167541.33266533067,1
58,0.0,0,1,2659.6331922695967,450000.0,1409500.0,0.0,1,166460.42084168337,1
58,0.0,0,1,2625.522002676706,450000.0,1396500.0,0.0,1,165379.50901803607,1
58,0.0,0,1,2681.936918975334,450000.0,1376200.0,0.0,1,166460.42084168337,1
30,279000.0,0,1,3222.0830373355157,54000.0,90000.0,279000.0,1,77825.65130260521,1
30,279000.0,0,1,3274.0132526781576,54000.0,87750.0,279000.0,1,78906.5631262525,1
30,279000.0,0,1,3240.432029570919,54000.0,90110.0,279000.0,1,81068.3867735471,1
30,279000.0,0,1,3250.268965036582,54000.0,88390.0,279000.0,1,79987.4749498998,1
30,279000.0,0,1,3233.60816990553,54000.0,89881.0,279000.0,1,78906.5631262525,1
57,0.0,0,1,1820.5819285991172,0.0,6050.0,0.0,1,32427.354709418836,2
57,0.0,0,1,1843.2342799449586,0.0,7050.0,0.0,1,32427.354709418836,2
57,0.0,0,1,1844.5602381185267,0.0,7050.0,0.0,1,32427.354709418836,2
57,0.0,0,1,1834.5527651845612,0.0,6050.0,0.0,1,32427.354709418836,2
57,0.0,0,1,1841.3891150587456,0.0,7050.0,0.0,1,32427.354709418836,2
68,0.0,0,1,2145.5576380826446,0.0,8630.0,0.0,0,15132.765531062125,2
68,0.0,0,1,2144.6826623595944,0.0,7860.0,0.0,0,16213.677354709418,2
68,0.0,0,1,2149.286534527017,0.0,11160.0,0.0,0,14051.85370741483,2
68,0.0,0,1,2144.0987368410388,0.0,7990.0,0.0,0,14051.85370741483,2
68,0.0,0,1,2150.2465593169377,0.0,7930.0,0.0,0,20537.324649298596,2
46,140000.0,0,1,13270.593404548024,340000.0,783300.0,140000.0,1,209696.89378757516,1
46,140000.0,0,1,13916.530515290444,340000.0,688300.0,140000.0,1,215101.45290581163,1
46,140000.0,0,1,15087.66631696092,340000.0,638300.0,140000.0,1,210777.80561122246,1
46,140000.0,0,1,13731.080098863324,340000.0,782300.0,140000.0,1,221586.9238476954,1
46,140000.0,0,1,15323.510657882365,340000.0,811300.0,140000.0,1,203211.42284569138,1
39,85000.0,0,1,10331.188318882825,0.0,15670.0,85000.0,1,44317.38476953908,2
39,84000.0,0,1,9961.616383465389,1000.0,15870.0,84000.0,1,43236.47294589179,2
39,84000.0,0,1,9864.052438274939,1000.0,15970.0,84000.0,1,44317.38476953908,2
39,84000.0,0,1,10009.788865194787,1000.0,15770.0,84000.0,1,44317.38476953908,2
39,84000.0,0,1,9800.557265575424,1000.0,15770.0,84000.0,1,44317.38476953908,2
63,540000.0,0,1,687.8622942674549,2260000.0,9697500.0,540000.0,1,266985.2204408818,1
63,540000.0,0,1,735.3316124524574,2260000.0,9680500.0,540000.0,1,254014.27855711424,1
63,540000.0,0,1,766.5283326206403,2260000.0,9695500.0,540000.0,1,281037.0741482966,1
63,540000.0,0,1,739.6735867817445,2260000.0,9695500.0,540000.0,1,283198.89779559115,1
63,540000.0,0,1,692.7213834766337,2260000.0,9726500.0,540000.0,1,265904.30861723446,1
63,251100.0,0,1,1628.4158083916466,48900.0,486320.0,248000.0,0,92958.41683366733,1
63,254000.0,0,1,1622.0791760841835,46000.0,382800.0,170000.0,0,76744.73947895791,1
63,219800.0,0,1,1782.1341013974168,80200.0,576300.0,215000.0,0,82149.29859719439,1
63,206500.0,0,1,1662.6060333546113,93500.0,548970.0,198000.0,0,83230.21042084169,1
63,239900.0,0,1,1803.1680747674054,60100.0,482900.0,234000.0,0,94039.32865731463,1
31,0.0,0,2,8233.207078707888,0.0,5000.0,0.0,1,54045.59118236473,2
31,0.0,0,2,8067.56852532445,0.0,6300.0,0.0,1,54045.59118236473,2
31,0.0,0,2,8187.322247408582,0.0,6200.0,0.0,1,54045.59118236473,2
31,0.0,0,2,8261.298694214305,0.0,6200.0,0.0,1,54045.59118236473,2
31,0.0,0,2,8114.24646851533,0.0,5370.0,0.0,1,54045.59118236473,2
82,300000.0,0,1,1516.2489293182439,900000.0,3315000.0,300000.0,0,129709.41883767534,1
82,300000.0,0,1,1660.4506154852934,900000.0,3318500.0,300000.0,0,139437.625250501,1
82,300000.0,0,1,1798.8725767390285,900000.0,3316000.0,300000.0,0,158894.0380761523,1
82,300000.0,0,1,1611.557162401119,900000.0,3315000.0,300000.0,0,141599.44889779558,1
82,300000.0,0,1,1558.1188419970815,900000.0,3317300.0,300000.0,0,191321.39278557114,1
66,0.0,0,1,1763.4653285082338,2840000.0,5701500.0,0.0,0,107010.27054108217,2
66,0.0,0,1,1878.9989929496219,2840000.0,5701500.0,0.0,0,108091.18236472947,2
66,0.0,0,1,1960.1240822128589,2840000.0,5701400.0,0.0,0,107010.27054108217,2
66,0.0,0,1,1884.2338295728339,2840000.0,5701400.0,0.0,0,107010.27054108217,2
66,0.0,0,1,1776.0212154009919,2840000.0,5701500.0,0.0,0,107010.27054108217,2
41,0.0,0,1,9099.053290401494,0.0,53930.0,0.0,1,68097.44488977955,1
41,0.0,0,1,8988.99296542504,0.0,56930.0,0.0,1,68097.44488977955,1
41,0.0,0,1,9034.148017039368,0.0,51430.0,0.0,1,68097.44488977955,1
41,0.0,0,1,9077.608294744507,0.0,51330.0,0.0,1,68097.44488977955,1
41,0.0,0,1,9018.447120351791,0.0,59030.0,0.0,1,68097.44488977955,1
80,0.0,0,1,844.4717990861849,0.0,12774000.0,0.0,1,2142367.234468938,1
80,0.0,0,1,870.5913719712623,0.0,18358000.0,0.0,1,2222354.7094188374,1
80,0.0,0,1,906.3990895554047,0.0,15141000.0,0.0,1,2025628.75751503,1
80,0.0,0,1,874.9151730167811,0.0,21222000.0,0.0,1,2095888.0260521045,1
80,0.0,0,1,1001.2591127020256,0.0,22918000.0,0.0,1,2125072.645290581,1
64,0.0,0,1,2884.6486889756734,0.0,1.0,0.0,0,10809.118236472947,2
64,0.0,0,1,2877.142579286959,0.0,1.0,0.0,0,11890.03006012024,2
64,0.0,0,1,2888.578315135139,0.0,1.0,0.0,0,10809.118236472947,2
64,0.0,0,1,2771.7744690864556,0.0,1.0,0.0,0,10809.118236472947,2
64,0.0,0,1,2571.0239178803545,0.0,1.0,0.0,0,10809.118236472947,2
44,190000.0,0,2,9732.289637662205,690000.0,1444300.0,190000.0,1,108091.18236472947,2
44,190000.0,0,2,10064.912192293576,690000.0,1440700.0,190000.0,1,108091.18236472947,2
44,190000.0,0,2,9174.328375281288,690000.0,1434700.0,190000.0,1,108091.18236472947,2
44,190000.0,0,2,9534.709085034086,690000.0,1438400.0,190000.0,1,108091.18236472947,2
44,190000.0,0,2,9537.816407738394,690000.0,1439200.0,190000.0,1,108091.18236472947,2
70,486000.0,0,1,55.80002832000319,1504000.0,112077000.0,486000.0,1,13306024.549098196,1
70,544000.0,0,1,55.033750622012505,1296000.0,106225000.0,544000.0,1,13046605.711422846,1
70,528000.0,0,1,55.33745674784946,1672000.0,118762000.0,528000.0,1,13327642.785571143,1
70,489000.0,0,1,56.54463999773277,1561000.0,107132000.0,489000.0,1,13381688.376753507,1
70,506000.0,0,1,56.3039148402509,1684000.0,112371000.0,506000.0,1,12592622.745490981,1
27,0.0,0,1,6428.304955032569,0.0,1850.0,0.0,1,10809.118236472947,1
27,0.0,0,1,6532.857899506647,0.0,2050.0,0.0,1,10809.118236472947,1
27,0.0,0,1,6404.7852421074485,0.0,2050.0,0.0,1,10809.118236472947,1
27,0.0,0,1,6532.150256749888,0.0,1950.0,0.0,1,10809.118236472947,1
27,0.0,0,1,6435.062078963291,0.0,1850.0,0.0,1,10809.118236472947,1
38,0.0,0,2,9172.37476401499,0.0,30001.0,0.0,1,21618.236472945893,2
38,0.0,0,2,9244.52222685069,0.0,30001.0,0.0,1,21618.236472945893,2
38,0.0,0,2,9215.987783652927,0.0,30001.0,0.0,1,21618.236472945893,2
38,0.0,0,2,8994.034378535856,0.0,30001.0,0.0,1,21618.236472945893,2
38,0.0,0,2,9224.35233997479,0.0,30001.0,0.0,1,21618.236472945893,2
68,0.0,0,1,11462.44556414503,150000.0,597550.0,0.0,1,97282.06412825652,1
68,0.0,0,1,11492.330962468392,150000.0,708900.0,0.0,1,97282.06412825652,1
68,0.0,0,1,12386.312855887782,150000.0,634100.0,0.0,1,97282.06412825652,1
68,0.0,0,1,11794.66651560147,150000.0,871500.0,0.0,1,97282.06412825652,1
68,0.0,0,1,12573.705981124835,150000.0,710500.0,0.0,1,97282.06412825652,1
49,0.0,0,2,2268.805858144909,0.0,-33480.0,0.0,1,43236.47294589179,2
49,0.0,0,2,2272.9013535627814,0.0,-32380.0,0.0,1,43236.47294589179,2
49,0.0,0,2,2281.160605734206,0.0,-32480.0,0.0,1,43236.47294589179,2
49,0.0,0,2,2286.8320138075387,0.0,-33380.0,0.0,1,43236.47294589179,2
49,0.0,0,2,2276.305312489726,0.0,-32380.0,0.0,1,43236.47294589179,2
31,0.0,0,2,2760.7134853559915,0.0,66000.0,0.0,1,39993.7374749499,2
31,0.0,0,2,2783.252525108218,0.0,70000.0,0.0,1,39993.7374749499,2
31,0.0,0,2,2782.4365335594416,0.0,75000.0,0.0,1,39993.7374749499,2
31,0.0,0,2,2770.472719274857,0.0,69000.0,0.0,1,41074.64929859719,2
31,0.0,0,2,2785.0529746138586,0.0,61000.0,0.0,1,39993.7374749499,2
79,265000.0,0,1,512.1598574870618,535000.0,3253650.0,0.0,0,203427.60521042085,1
79,265000.0,0,1,557.3996720733871,535000.0,3343640.0,0.0,0,182890.28056112226,1
79,265000.0,0,1,605.7091855559426,535000.0,3533650.0,0.0,0,214128.63226452906,1
79,265000.0,0,1,536.6707038142539,535000.0,3825650.0,0.0,0,211210.17034068136,1
79,265000.0,0,1,1085.4446008312245,535000.0,2930650.0,0.0,0,147112.09919839678,1
72,0.0,0,2,9466.20506446739,0.0,91100.0,0.0,0,25941.88376753507,2
72,0.0,0,2,9361.672664326346,0.0,91100.0,0.0,0,25941.88376753507,2
72,0.0,0,2,9460.535809252231,0.0,91100.0,0.0,0,25941.88376753507,2
72,0.0,0,2,9221.915536166181,0.0,91100.0,0.0,0,25941.88376753507,2
72,0.0,0,2,9336.117381543494,0.0,91100.0,0.0,0,25941.88376753507,2
57,2060000.0,0,1,55.375300897305365,3380000.0,132639000.0,2060000.0,1,0.0,1
57,2110000.0,0,1,54.61485579764013,3370000.0,132355000.0,2110000.0,1,0.0,1
57,2110000.0,0,1,54.91625023432622,3380000.0,132941000.0,2110000.0,1,0.0,1
57,2110000.0,0,1,56.11424488976105,3350000.0,132850000.0,2110000.0,1,59450.1503006012,1
57,2080000.0,0,1,55.87535203557353,3400000.0,138094000.0,2080000.0,1,0.0,1
51,56000.0,0,1,11181.39442355614,444000.0,1936200.0,56000.0,1,115657.56513026053,1
51,56000.0,0,1,13169.296073380718,444000.0,1936500.0,56000.0,1,115657.56513026053,1
51,56000.0,0,1,9435.27487694837,444000.0,1935300.0,56000.0,1,116738.47695390781,1
51,56000.0,0,1,11309.550119654135,444000.0,1851400.0,56000.0,1,116738.47695390781,1
51,56000.0,0,1,10176.054205243845,444000.0,1935300.0,56000.0,1,115657.56513026053,1
48,0.0,0,2,3260.6598595679147,0.0,180390.0,0.0,1,35670.09018036072,2
48,0.0,0,2,3223.7482116284964,0.0,170170.0,0.0,1,35670.09018036072,2
48,0.0,0,2,3225.9749341309894,0.0,177510.0,0.0,1,35670.09018036072,2
48,0.0,0,2,3307.5284171291496,0.0,177810.0,0.0,1,35670.09018036072,2
48,0.0,0,2,3228.476261453239,0.0,185220.0,0.0,1,35670.09018036072,2
48,0.0,0,1,2385.086665487724,0.0,8220.0,0.0,1,57288.32665330661,2
48,0.0,0,1,2369.794056097513,0.0,-4960.0,0.0,1,57288.32665330661,2
48,0.0,0,1,2349.9315915731595,0.0,-9940.0,0.0,1,57288.32665330661,2
48,0.0,0,1,2378.5014672325374,0.0,-14790.0,0.0,1,57288.32665330661,2
48,0.0,0,1,2351.517568778172,0.0,22930.0,0.0,1,57288.32665330661,2
68,94000.0,0,2,12060.557660134535,91000.0,274700.0,94000.0,1,44317.38476953908,2
68,94000.0,0,2,11120.843417370521,91000.0,250600.0,94000.0,1,44317.38476953908,2
68,94000.0,0,2,11198.562217290593,91000.0,216000.0,94000.0,1,44317.38476953908,2
68,94000.0,0,2,11557.726915429297,91000.0,164500.0,94000.0,1,44317.38476953908,2
68,94000.0,0,2,11246.264672387624,91000.0,392000.0,94000.0,1,44317.38476953908,2
40,0.0,0,1,12809.731734225054,0.0,26000.0,0.0,1,24860.971943887776,2
40,0.0,0,1,13137.466676771412,0.0,27000.0,0.0,1,24860.971943887776,2
40,0.0,0,1,12935.924028981617,0.0,27000.0,0.0,1,24860.971943887776,2
40,0.0,0,1,13183.19734704529,0.0,26000.0,0.0,1,24860.971943887776,2
40,0.0,0,1,13000.037955533115,0.0,26000.0,0.0,1,24860.971943887776,2
52,205000.0,0,1,10840.625244068375,95000.0,2526000.0,205000.0,1,294008.0160320641,1
52,205000.0,0,1,11004.44902009411,95000.0,801000.0,205000.0,1,297250.75150300603,1
52,205000.0,0,1,11857.02628503934,95000.0,802000.0,205000.0,1,223748.74749498998,1
52,205000.0,0,1,4916.747944776101,95000.0,2124000.0,205000.0,1,281037.0741482966,1
52,205000.0,0,1,9862.295121636567,95000.0,1717000.0,205000.0,1,237800.6012024048,1
44,0.0,0,1,1062.559032226359,0.0,39800.0,0.0,1,48641.03206412826,1
44,0.0,0,1,1047.8739234318627,0.0,38800.0,0.0,1,48641.03206412826,1
44,0.0,0,1,1052.7051991802796,0.0,39300.0,0.0,1,48641.03206412826,1
44,0.0,0,1,1066.58340010189,0.0,40100.0,0.0,1,48641.03206412826,1
44,0.0,0,1,1043.095794898444,0.0,38100.0,0.0,1,48641.03206412826,1
59,0.0,0,2,11712.503699655186,190000.0,257720.0,0.0,0,35670.09018036072,2
59,0.0,0,2,11249.016345255774,190000.0,257720.0,0.0,0,37831.91382765531,2
59,0.0,0,2,11403.492982305906,190000.0,257720.0,0.0,0,38912.825651302606,2
59,0.0,0,2,11349.828858943914,190000.0,257720.0,0.0,0,35670.09018036072,2
59,0.0,0,2,11291.365420117869,190000.0,257720.0,0.0,0,36751.00200400801,2
87,0.0,0,2,18001.558840231326,50000.0,137280.0,0.0,0,30265.53106212425,2
87,0.0,0,2,17264.623212191545,50000.0,104900.0,0.0,0,28103.70741482966,2
87,0.0,0,2,17049.520326173,50000.0,114800.0,0.0,0,28103.70741482966,2
87,0.0,0,2,17670.062096929014,50000.0,114650.0,0.0,0,27022.795591182366,2
87,0.0,0,2,16942.202597701427,50000.0,127000.0,0.0,0,30265.53106212425,2
70,0.0,0,1,1718.9179659593942,75000.0,81900.0,0.0,0,22699.148296593186,1
70,0.0,0,1,1708.7817740682083,75000.0,82100.0,0.0,0,22699.148296593186,1
70,0.0,0,1,1739.6337907843554,75000.0,84200.0,0.0,0,22699.148296593186,1
70,0.0,0,1,1705.1361494059379,75000.0,85500.0,0.0,0,22699.148296593186,1
70,0.0,0,1,1734.3099459772143,75000.0,82900.0,0.0,0,22699.148296593186,1
46,236000.0,0,1,1052.53748158288,578000.0,1200900.0,236000.0,1,205373.24649298599,1
46,175000.0,0,1,1049.3105494038182,437000.0,1108500.0,175000.0,1,183755.0100200401,1
46,141000.0,0,1,1132.0615872210374,411000.0,1038100.0,141000.0,1,241043.3366733467,1
46,180000.0,0,1,1068.4289276712666,429000.0,1177700.0,180000.0,1,220506.0120240481,1
46,239000.0,0,1,1146.5673396837065,507000.0,937200.0,239000.0,1,175107.71543086172,1
57,0.0,0,2,3021.0413629868444,0.0,-171600.0,0.0,0,27022.795591182366,1
57,0.0,0,2,3011.4117790966375,0.0,-172950.0,0.0,0,23780.06012024048,1
57,0.0,0,2,3025.780483187861,0.0,-173620.0,0.0,0,27022.795591182366,1
57,0.0,0,2,3001.253900334549,0.0,-172690.0,0.0,0,27022.795591182366,1
57,0.0,0,2,3020.8767551877713,0.0,-174960.0,0.0,0,27022.795591182366,1
64,0.0,0,2,6722.155134339885,0.0,9800.0,0.0,0,16213.677354709418,2
64,0.0,0,2,6758.533191385209,0.0,9700.0,0.0,0,15132.765531062125,2
64,0.0,0,2,6654.323625653546,0.0,9800.0,0.0,0,14051.85370741483,2
64,0.0,0,2,6766.298463265108,0.0,9700.0,0.0,0,15132.765531062125,2
64,0.0,0,2,6670.976315352562,0.0,9700.0,0.0,0,15132.765531062125,2
42,126000.0,0,1,678.8450214088324,199000.0,7117600.0,126000.0,1,504785.82164328656,1
42,126000.0,0,1,725.6920583639225,199000.0,7142500.0,126000.0,1,631252.50501002,1
42,126000.0,0,1,756.4798168250966,199000.0,7132500.0,126000.0,1,456144.7895791583,1
42,126000.0,0,1,729.9771132085997,199000.0,7128600.0,126000.0,1,482086.6733466934,1
42,126000.0,0,1,683.6404122097558,199000.0,7128500.0,126000.0,1,525323.1462925852,1
58,0.0,0,1,10147.370513702765,325000.0,692830.0,0.0,1,226991.48296593185,1
58,0.0,0,1,10179.093785077177,325000.0,692940.0,0.0,1,226991.48296593185,1
58,0.0,0,1,10965.704588353787,325000.0,694030.0,0.0,1,226991.48296593185,1
58,0.0,0,1,10450.78729238606,325000.0,692930.0,0.0,1,226991.48296593185,1
58,0.0,0,1,11131.117417010822,325000.0,691830.0,0.0,1,226991.48296593185,1
56,140000.0,0,1,12489.281749926886,560000.0,1518000.0,140000.0,1,46479.208416833666,1
56,140000.0,0,1,15222.86299863659,560000.0,1500000.0,140000.0,1,32427.354709418836,1
56,140000.0,0,1,10296.941343485509,560000.0,1472000.0,140000.0,1,29184.619238476953,1
56,140000.0,0,1,13056.377149239639,560000.0,1462580.0,140000.0,1,25941.88376753507,1
56,140000.0,0,1,11356.17180202316,560000.0,1488000.0,140000.0,1,27022.795591182366,1
41,684000.0,0,1,4553.330942906736,1036000.0,2875000.0,684000.0,1,618281.5631262525,1
41,684000.0,0,1,4994.532773695012,1036000.0,2681000.0,684000.0,1,626928.8577154309,1
41,684000.0,0,1,5415.5914311863435,1036000.0,2744000.0,684000.0,1,622605.2104208417,1
41,684000.0,0,1,4855.09213781786,1036000.0,2872000.0,684000.0,1,622605.2104208417,1
41,684000.0,0,1,4692.523215184678,1036000.0,2764000.0,684000.0,1,617200.6513026052,1
40,250000.0,0,1,8900.263985751431,270000.0,382800.0,250000.0,1,216182.36472945893,1
40,250000.0,0,1,8868.227625467913,270000.0,382800.0,250000.0,1,216182.36472945893,1
40,250000.0,0,1,9743.025699609829,270000.0,382800.0,250000.0,1,216182.36472945893,1
40,250000.0,0,1,9092.407256977069,270000.0,381800.0,250000.0,1,216182.36472945893,1
40,250000.0,0,1,9858.005346431015,270000.0,382800.0,250000.0,1,216182.36472945893,1
